body_id,graph_index,type,instance,cell_class,superclass,soma_side,root_side,transmitter,base_model_sign,reward_fast_output_zeroed,roles,kc_family,home_support_edges,away_support_edges,encoder_feature,encoder_center
10013,9,MBON01,MBON01(y5B'2a)_R,MBON,cb_intrinsic,R,,glutamate,-1,0,MBON,,0,0,,
10039,30,VL2a_adPN,VL2a_adPN_R,ALPN,cb_intrinsic,R,,acetylcholine,1,0,ALPN,,0,0,11,0.5
10049,40,VA7m_lPN,VA7m_lPN_L,ALPN,cb_intrinsic,L,,acetylcholine,1,0,ALPN,,0,0,4,0.5
10075,62,DA1_lPN,DA1_lPN_L,ALPN,cb_intrinsic,L,,acetylcholine,1,0,ALPN,,0,0,0,-1.5
10079,66,MBON06,MBON06(B1>a)_R,MBON,cb_intrinsic,R,,glutamate,-1,0,MBON,,0,0,,
10084,71,DP1m_adPN,DP1m_adPN_R,ALPN,cb_intrinsic,R,,acetylcholine,1,0,ALPN,,0,0,6,-0.5
10111,97,DM3_adPN,DM3_adPN_L,ALPN,cb_intrinsic,L,,acetylcholine,1,0,ALPN,,0,0,1,-0.5
10126,112,DP1m_adPN,DP1m_adPN_L,ALPN,cb_intrinsic,L,,acetylcholine,1,0,ALPN,,0,0,6,-0.5
10134,120,VL2a_adPN,VL2a_adPN_L,ALPN,cb_intrinsic,L,,acetylcholine,1,0,ALPN,,0,0,11,0.5
10176,159,DM1_lPN,DM1_lPN_R,ALPN,cb_intrinsic,R,,acetylcholine,1,0,ALPN,,0,0,15,-1.5
10198,179,VA7l_adPN,VA7l_adPN_R,ALPN,cb_intrinsic,R,,acetylcholine,1,0,ALPN,,0,0,3,0.5
10208,189,DM1_lPN,DM1_lPN_L,ALPN,cb_intrinsic,L,,acetylcholine,1,0,ALPN,,0,0,15,-1.5
10262,241,V_ilPN,V_ilPN_L,ALPN,cb_intrinsic,L,,acetylcholine,1,0,ALPN,,0,0,15,1.5
10267,246,MBON14,MBON14(a3)_R,MBON,cb_intrinsic,R,,acetylcholine,1,0,MBON,,0,0,,
10321,296,VL2p_adPN,VL2p_adPN_L,ALPN,cb_intrinsic,L,,acetylcholine,1,0,ALPN,,0,0,12,0.5
10359,331,DL1_adPN,DL1_adPN_L,ALPN,cb_intrinsic,L,,acetylcholine,1,0,ALPN,,0,0,9,-1.5
10390,360,VA2_adPN,VA2_adPN_R,ALPN,cb_intrinsic,R,,acetylcholine,1,0,ALPN,,0,0,14,-0.5
10399,368,PPL202,PPL202_R,DAN,cb_intrinsic,R,,dopamine,1,1,DAN,,0,0,,
10402,370,MZ_lv2PN,MZ_lv2PN_R,ALPN,cb_intrinsic,R,,gaba,-1,0,ALPN,,0,0,,
10408,376,VP1d+VP4_l2PN2,VP1d+VP4_l2PN2_R,ALPN,cb_intrinsic,R,,acetylcholine,1,0,ALPN,,0,0,,
10423,390,DP1l_adPN,DP1l_adPN_R,ALPN,cb_intrinsic,R,,acetylcholine,1,0,ALPN,,0,0,5,-0.5
10429,394,VM6_adPN,VM6_adPN_L,ALPN,cb_intrinsic,L,,acetylcholine,1,0,ALPN,,0,0,4,1.5
10470,434,DC1_adPN,DC1_adPN_L,ALPN,cb_intrinsic,L,,acetylcholine,1,0,ALPN,,0,0,5,-1.5
10472,436,MZ_lv2PN,MZ_lv2PN_L,ALPN,cb_intrinsic,L,,gaba,-1,0,ALPN,,0,0,,
10495,459,MBON05,MBON05(y4>y1y2)_R,MBON,cb_intrinsic,R,,glutamate,-1,0,MBON,,0,0,,
10522,484,VL2p_adPN,VL2p_adPN_R,ALPN,cb_intrinsic,R,,acetylcholine,1,0,ALPN,,0,0,12,0.5
10524,486,DP1l_adPN,DP1l_adPN_L,ALPN,cb_intrinsic,L,,acetylcholine,1,0,ALPN,,0,0,5,-0.5
10530,492,VL1_ilPN,VL1_ilPN_L,ALPN,cb_intrinsic,L,,acetylcholine,1,0,ALPN,,0,0,10,0.5
10540,502,APL,APL_R,,cb_intrinsic,R,,gaba,-1,0,APL,,0,0,,
10561,522,VA2_adPN,VA2_adPN_L,ALPN,cb_intrinsic,L,,acetylcholine,1,0,ALPN,,0,0,14,-0.5
10567,528,M_l2PNl20,M_l2PNl20_R,ALPN,cb_intrinsic,R,,acetylcholine,1,0,ALPN,,0,0,,
10568,529,FB4L,FB4L_R,CX,cb_intrinsic,R,,dopamine,1,1,,,0,0,,
10569,530,DC1_adPN,DC1_adPN_R,ALPN,cb_intrinsic,R,,acetylcholine,1,0,ALPN,,0,0,5,-1.5
10599,558,MBON35,MBON35(y2)_L,MBON,cb_intrinsic,L,,acetylcholine,1,0,MBON,,0,0,,
10613,571,DM4_adPN,DM4_adPN_R,ALPN,cb_intrinsic,R,,acetylcholine,1,0,ALPN,,0,0,2,-0.5
10639,593,LoVC22,LoVC22_R,,visual_centrifugal,R,,dopamine,1,1,,,0,0,,
10653,607,VA5_lPN,VA5_lPN_L,ALPN,cb_intrinsic,L,,acetylcholine,1,0,ALPN,,0,0,1,0.5
10670,622,DM4_adPN,DM4_adPN_L,ALPN,cb_intrinsic,L,,acetylcholine,1,0,ALPN,,0,0,2,-0.5
10702,653,M_l2PNl20,M_l2PNl20_L,ALPN,cb_intrinsic,L,,acetylcholine,1,0,ALPN,,0,0,,
10704,655,MBON11,MBON11(y1pedc>a/B)_L,MBON,cb_intrinsic,L,,gaba,-1,0,MBON;home_readout,,0,0,,
10716,666,DC3_adPN,DC3_adPN_L,ALPN,cb_intrinsic,L,,acetylcholine,1,0,ALPN,,0,0,7,-1.5
10735,682,LoVC18,"LoVC18(PLP030,PLP031)_L",,visual_centrifugal,L,,dopamine,1,1,,,0,0,,
10736,683,VP2_adPN,VP2_adPN_L,ALPN,cb_intrinsic,L,,acetylcholine,1,0,ALPN,,0,0,12,1.5
10753,697,PPL201,PPL201_L,DAN,cb_intrinsic,L,,dopamine,1,1,DAN,,0,0,,
10756,700,VC2_lPN,VC2_lPN_R,ALPN,cb_intrinsic,R,,acetylcholine,1,0,ALPN,,0,0,6,0.5
10767,710,DL5_adPN,DL5_adPN_L,ALPN,cb_intrinsic,L,,acetylcholine,1,0,ALPN,,0,0,14,-1.5
10786,728,VC5_lvPN,VC5_lvPN_R,ALPN,cb_intrinsic,R,,acetylcholine,1,0,ALPN,,0,0,9,0.5
10804,745,MBON20,MBON20(y1y2)_R,MBON,cb_intrinsic,R,,gaba,-1,0,MBON,,0,0,,
10808,749,VC1_lPN,VC1_lPN_L,ALPN,cb_intrinsic,L,,acetylcholine,1,0,ALPN,,0,0,5,0.5
10816,757,MBON31,MBON31(a'1a)_L,MBON,cb_intrinsic,L,,gaba,-1,0,MBON,,0,0,,
10826,765,MBON21,MBON21(y4y5)_L,MBON,cb_intrinsic,L,,acetylcholine,1,0,MBON,,0,0,,
10852,790,LoVC18,"LoVC18(PLP030,PLP031)_L",,visual_centrifugal,L,,dopamine,1,1,,,0,0,,
10877,813,VA6_adPN,VA6_adPN_L,ALPN,cb_intrinsic,L,,acetylcholine,1,0,ALPN,,0,0,2,0.5
10898,831,AVLP476,AVLP476_R,,cb_intrinsic,R,,dopamine,1,1,,,0,0,,
10904,835,VC1_lPN,VC1_lPN_R,ALPN,cb_intrinsic,R,,acetylcholine,1,0,ALPN,,0,0,5,0.5
10906,837,VM3_adPN,VM3_adPN_R,ALPN,cb_intrinsic,R,,acetylcholine,1,0,ALPN,,0,0,15,0.5
10910,841,PPM1203,PPM1203_L,,cb_intrinsic,L,,dopamine,1,1,,,0,0,,
10914,844,LoVC18,LoVC18_R,,visual_centrifugal,R,,dopamine,1,1,,,0,0,,
10973,900,VP1m+VP5_ilPN,VP1m+VP5_ilPN_L,ALPN,cb_intrinsic,L,,acetylcholine,1,0,ALPN,,0,0,10,1.5
10977,904,APL,APL_L,,cb_intrinsic,L,,gaba,-1,0,APL,,0,0,,
10996,921,VA4_lPN,VA4_lPN_R,ALPN,cb_intrinsic,R,,acetylcholine,1,0,ALPN,,0,0,0,0.5
11050,972,VP1d+VP4_l2PN1,VP1d+VP4_l2PN1_L,ALPN,cb_intrinsic,L,,acetylcholine,1,0,ALPN,,0,0,7,1.5
11058,980,M_smPN6t2,M_smPN6t2_L,ALPN,cb_intrinsic,L,,gaba,-1,0,ALPN,,0,0,,
11079,998,LoVC22,LoVC22_R,,visual_centrifugal,R,,dopamine,1,1,,,0,0,,
11080,999,DM2_lPN,DM2_lPN_L,ALPN,cb_intrinsic,L,,acetylcholine,1,0,ALPN,,0,0,0,-0.5
11092,1011,DM2_lPN,DM2_lPN_L,ALPN,cb_intrinsic,L,,acetylcholine,1,0,ALPN,,0,0,0,-0.5
11105,1022,VC2_lPN,VC2_lPN_L,ALPN,cb_intrinsic,L,,acetylcholine,1,0,ALPN,,0,0,6,0.5
11125,1041,AVLP610,AVLP610_R,,cb_intrinsic,R,,dopamine,1,1,,,0,0,,
11135,1050,DA4m_adPN,DA4m_adPN_L,ALPN,cb_intrinsic,L,,acetylcholine,1,0,ALPN,,0,0,4,-1.5
11141,1054,M_spPN4t9,M_spPN4t9_R,ALPN,cb_intrinsic,R,,acetylcholine,1,0,ALPN,,0,0,,
11143,1056,VP1m_l2PN,VP1m_l2PN_L,ALPN,cb_intrinsic,L,,acetylcholine,1,0,ALPN,,0,0,11,1.5
11145,1058,MBON20,MBON20(y1y2)_L,MBON,cb_intrinsic,L,,gaba,-1,0,MBON,,0,0,,
11176,1086,MBON26,MBON26(b'2d)_R,MBON,cb_intrinsic,R,,acetylcholine,1,0,MBON,,0,0,,
11195,1105,M_spPN5t10,M_spPN5t10_L,ALPN,cb_intrinsic,L,,acetylcholine,1,0,ALPN,,0,0,,
11214,1123,LoVC22,LoVC22_L,,visual_centrifugal,L,,dopamine,1,1,,,0,0,,
11229,1138,V_ilPN,V_ilPN_R,ALPN,cb_intrinsic,R,,acetylcholine,1,0,ALPN,,0,0,15,1.5
11255,1164,FB1C,FB1C_L,CX,cb_intrinsic,L,,dopamine,1,1,,,0,0,,
11283,1191,VA1v_adPN,VA1v_adPN_L,ALPN,cb_intrinsic,L,,acetylcholine,1,0,ALPN,,0,0,13,-0.5
11327,1235,PPL101,PPL101(y1ped)_R,DAN,cb_intrinsic,R,,dopamine,1,1,DAN;home_teaching,,0,0,,
11355,1262,VA1d_adPN,VA1d_adPN_R,ALPN,cb_intrinsic,R,,acetylcholine,1,0,ALPN,,0,0,12,-0.5
11390,1294,VL1_ilPN,VL1_ilPN_R,ALPN,cb_intrinsic,R,,acetylcholine,1,0,ALPN,,0,0,10,0.5
11402,1306,MBON11,MBON11(y1pedc>a/B)_R,MBON,cb_intrinsic,R,,gaba,-1,0,MBON;home_readout,,0,0,,
11409,1313,VP4+VL1_l2PN,VP4+VL1_l2PN_L,ALPN,cb_intrinsic,L,,acetylcholine,1,0,ALPN,,0,0,,
11449,1353,M_spPN5t10,M_spPN5t10_R,ALPN,cb_intrinsic,R,,acetylcholine,1,0,ALPN,,0,0,,
11455,1358,MBON32,MBON32(y2)_L,MBON,cb_intrinsic,L,,gaba,-1,0,MBON,,0,0,,
11467,1370,VA4_lPN,VA4_lPN_L,ALPN,cb_intrinsic,L,,acetylcholine,1,0,ALPN,,0,0,0,0.5
11469,1372,DM3_adPN,DM3_adPN_R,ALPN,cb_intrinsic,R,,acetylcholine,1,0,ALPN,,0,0,1,-0.5
11471,1374,VA1d_adPN,VA1d_adPN_L,ALPN,cb_intrinsic,L,,acetylcholine,1,0,ALPN,,0,0,12,-0.5
11514,1413,DL4_adPN,DL4_adPN_R,ALPN,cb_intrinsic,R,,acetylcholine,1,0,ALPN,,0,0,13,-1.5
11521,1420,VP1m_l2PN,VP1m_l2PN_R,ALPN,cb_intrinsic,R,,acetylcholine,1,0,ALPN,,0,0,11,1.5
11532,1431,PPM1203,PPM1203_R,,cb_intrinsic,R,,dopamine,1,1,,,0,0,,
11560,1454,PPL201,PPL201_R,DAN,cb_intrinsic,R,,dopamine,1,1,DAN,,0,0,,
11564,1458,DA1_lPN,DA1_lPN_L,ALPN,cb_intrinsic,L,,acetylcholine,1,0,ALPN,,0,0,0,-1.5
11583,1475,VP1d+VP4_l2PN2,VP1d+VP4_l2PN2_L,ALPN,cb_intrinsic,L,,acetylcholine,1,0,ALPN,,0,0,,
11618,1509,PPL102,PPL102(y1)_L,DAN,cb_intrinsic,L,,dopamine,1,1,DAN,,0,0,,
11624,1514,DC2_adPN,DC2_adPN_R,ALPN,cb_intrinsic,R,,acetylcholine,1,0,ALPN,,0,0,6,-1.5
11703,1590,VM1_lPN,VM1_lPN_L,ALPN,cb_intrinsic,L,,acetylcholine,1,0,ALPN,,0,0,13,0.5
11721,1607,DA1_lPN,DA1_lPN_L,ALPN,cb_intrinsic,L,,acetylcholine,1,0,ALPN,,0,0,0,-1.5
11734,1618,DPM,DPM_L,,cb_intrinsic,L,,dopamine,1,1,,,0,0,,
11749,1633,M_l2PNl21,M_l2PNl21_L,ALPN,cb_intrinsic,L,,acetylcholine,1,0,ALPN,,0,0,,
11752,1636,PPL103,PPL103(y2a'1)_L,DAN,cb_intrinsic,L,,dopamine,1,1,DAN,,0,0,,
11761,1644,VP1d+VP4_l2PN1,VP1d+VP4_l2PN1_R,ALPN,cb_intrinsic,R,,acetylcholine,1,0,ALPN,,0,0,7,1.5
11777,1659,MBON15,MBON15(a'1)_R,MBON,cb_intrinsic,R,,acetylcholine,1,0,MBON,,0,0,,
11780,1661,DA1_lPN,DA1_lPN_R,ALPN,cb_intrinsic,R,,acetylcholine,1,0,ALPN,,0,0,0,-1.5
11785,1665,MBON33,MBON33(y2y3)_L,MBON,cb_intrinsic,L,,acetylcholine,1,0,MBON,,0,0,,
11805,1684,MBON31,MBON31(a'1a)_R,MBON,cb_intrinsic,R,,gaba,-1,0,MBON,,0,0,,
11816,1694,DA1_lPN,DA1_lPN_R,ALPN,cb_intrinsic,R,,acetylcholine,1,0,ALPN,,0,0,0,-1.5
11817,1695,VA5_lPN,VA5_lPN_L,ALPN,cb_intrinsic,L,,acetylcholine,1,0,ALPN,,0,0,1,0.5
11829,1707,DL4_adPN,DL4_adPN_L,ALPN,cb_intrinsic,L,,acetylcholine,1,0,ALPN,,0,0,13,-1.5
11862,1740,KCab-s,KCab-s_L,Kenyon_Cell,cb_intrinsic,L,,acetylcholine,1,0,KC,ab,1,0,,
11873,1749,MBON14,MBON14(a3)_L,MBON,cb_intrinsic,L,,acetylcholine,1,0,MBON,,0,0,,
11900,1774,PPL101,PPL101(y1ped)_L,DAN,cb_intrinsic,L,,dopamine,1,1,DAN;home_teaching,,0,0,,
11930,1803,M_imPNl92,M_imPNl92_L,ALPN,cb_intrinsic,L,,acetylcholine,1,0,ALPN,,0,0,,
11964,1836,SIP106m,SIP106m_R,,cb_intrinsic,R,,dopamine,1,1,,,0,0,,
11990,1861,MBON22,MBON22(calyx)_R,MBON,cb_intrinsic,R,,acetylcholine,1,0,MBON,,0,0,,
11996,1866,DA1_lPN,DA1_lPN_R,ALPN,cb_intrinsic,R,,acetylcholine,1,0,ALPN,,0,0,0,-1.5
12012,1881,VP4+VL1_l2PN,VP4+VL1_l2PN_R,ALPN,cb_intrinsic,R,,acetylcholine,1,0,ALPN,,0,0,,
12023,1890,VA3_adPN,VA3_adPN_L,ALPN,cb_intrinsic,L,,acetylcholine,1,0,ALPN,,0,0,15,-0.5
12031,1898,DC4_adPN,DC4_adPN_L,ALPN,cb_intrinsic,L,,acetylcholine,1,0,ALPN,,0,0,8,-1.5
12050,1916,VA1d_adPN,VA1d_adPN_L,ALPN,cb_intrinsic,L,,acetylcholine,1,0,ALPN,,0,0,12,-0.5
12057,1923,VM3_adPN,VM3_adPN_L,ALPN,cb_intrinsic,L,,acetylcholine,1,0,ALPN,,0,0,15,0.5
12061,1927,DL1_adPN,DL1_adPN_L,ALPN,cb_intrinsic,L,,acetylcholine,1,0,ALPN,,0,0,9,-1.5
12121,1982,VC5_lvPN,VC5_lvPN_R,ALPN,cb_intrinsic,R,,acetylcholine,1,0,ALPN,,0,0,9,0.5
12122,1983,DA1_lPN,DA1_lPN_R,ALPN,cb_intrinsic,R,,acetylcholine,1,0,ALPN,,0,0,0,-1.5
12152,2010,DC2_adPN,DC2_adPN_L,ALPN,cb_intrinsic,L,,acetylcholine,1,0,ALPN,,0,0,6,-1.5
12160,2018,DC4_adPN,DC4_adPN_R,ALPN,cb_intrinsic,R,,acetylcholine,1,0,ALPN,,0,0,8,-1.5
12163,2021,VA5_lPN,VA5_lPN_R,ALPN,cb_intrinsic,R,,acetylcholine,1,0,ALPN,,0,0,1,0.5
12164,2022,VM3_adPN,VM3_adPN_R,ALPN,cb_intrinsic,R,,acetylcholine,1,0,ALPN,,0,0,15,0.5
12171,2029,DM2_lPN,DM2_lPN_R,ALPN,cb_intrinsic,R,,acetylcholine,1,0,ALPN,,0,0,0,-0.5
12241,2096,M_l2PNm16,M_l2PNm16_L,ALPN,cb_intrinsic,L,,acetylcholine,1,0,ALPN,,0,0,10,-0.5
12279,2131,M_lvPNm40,M_lvPNm40_L,ALPN,cb_intrinsic,L,,acetylcholine,1,0,ALPN,,0,0,,
12309,2157,DC3_adPN,DC3_adPN_R,ALPN,cb_intrinsic,R,,acetylcholine,1,0,ALPN,,0,0,7,-1.5
12312,2160,DC3_adPN,DC3_adPN_L,ALPN,cb_intrinsic,L,,acetylcholine,1,0,ALPN,,0,0,7,-1.5
12314,2162,DA1_lPN,DA1_lPN_L,ALPN,cb_intrinsic,L,,acetylcholine,1,0,ALPN,,0,0,0,-1.5
12333,2180,FB4M,FB4M(PPM3-FB3/4-NO-DAN)_R,CX,cb_intrinsic,R,,dopamine,1,1,,,0,0,,
12340,2186,DA1_lPN,DA1_lPN_R,ALPN,cb_intrinsic,R,,acetylcholine,1,0,ALPN,,0,0,0,-1.5
12351,2197,M_spPN4t9,M_spPN4t9_L,ALPN,cb_intrinsic,L,,acetylcholine,1,0,ALPN,,0,0,,
12367,2212,VM3_adPN,VM3_adPN_L,ALPN,cb_intrinsic,L,,acetylcholine,1,0,ALPN,,0,0,15,0.5
12387,2231,D_adPN,D_adPN_R,ALPN,cb_intrinsic,R,,acetylcholine,1,0,ALPN,,0,0,7,-0.5
12460,2302,VA1d_adPN,VA1d_adPN_L,ALPN,cb_intrinsic,L,,acetylcholine,1,0,ALPN,,0,0,12,-0.5
12471,2312,M_lvPNm24,M_lvPNm24_L,ALPN,cb_intrinsic,L,,acetylcholine,1,0,ALPN,,0,0,,
12491,2330,M_l2PNm14,M_l2PNm14_R,ALPN,cb_intrinsic,R,,acetylcholine,1,0,ALPN,,0,0,,
12509,2347,VA3_adPN,VA3_adPN_L,ALPN,cb_intrinsic,L,,acetylcholine,1,0,ALPN,,0,0,15,-0.5
12545,2382,VP4+_vPN,VP4+_vPN_L,ALPN,cb_intrinsic,L,,gaba,-1,0,ALPN,,0,0,,
12569,2403,DPM,DPM_R,,cb_intrinsic,R,,dopamine,1,1,,,0,0,,
12588,2421,PPM1201,PPM1201_R,,cb_intrinsic,R,,dopamine,1,1,,,0,0,,
12603,2435,DA1_vPN,DA1_vPN_L,ALPN,cb_intrinsic,L,,gaba,-1,0,ALPN,,0,0,,
12644,2472,PPM1201,PPM1201_L,,cb_intrinsic,L,,dopamine,1,1,,,0,0,,
12653,2481,DA1_lPN,DA1_lPN_L,ALPN,cb_intrinsic,L,,acetylcholine,1,0,ALPN,,0,0,0,-1.5
12667,2493,VA1v_adPN,VA1v_adPN_R,ALPN,cb_intrinsic,R,,acetylcholine,1,0,ALPN,,0,0,13,-0.5
12690,2515,MBON06,MBON06(B1>a)_L,MBON,cb_intrinsic,L,,glutamate,-1,0,MBON,,0,0,,
12711,2535,VA1v_vPN,VA1v_vPN_L,ALPN,cb_intrinsic,L,,gaba,-1,0,ALPN,,0,0,,
12715,2539,VP5+Z_adPN,VP5+Z_adPN_L,ALPN,cb_intrinsic,L,,acetylcholine,1,0,ALPN,,0,0,14,1.5
12726,2550,MBON13,MBON13(a'2)_L,MBON,cb_intrinsic,L,,acetylcholine,1,0,MBON,,0,0,,
12728,2552,DC3_adPN,DC3_adPN_R,ALPN,cb_intrinsic,R,,acetylcholine,1,0,ALPN,,0,0,7,-1.5
12756,2577,VA5_lPN,VA5_lPN_L,ALPN,cb_intrinsic,L,,acetylcholine,1,0,ALPN,,0,0,1,0.5
12765,2586,VA1v_vPN,VA1v_vPN_R,ALPN,cb_intrinsic,R,,gaba,-1,0,ALPN,,0,0,,
12782,2601,DL1_adPN,DL1_adPN_R,ALPN,cb_intrinsic,R,,acetylcholine,1,0,ALPN,,0,0,9,-1.5
12815,2633,M_lv2PN9t49_a,M_lv2PN9t49_a_R,ALPN,cb_intrinsic,R,,gaba,-1,0,ALPN,,0,0,,
12837,2654,M_smPN6t2,M_smPN6t2_R,ALPN,cb_intrinsic,R,,gaba,-1,0,ALPN,,0,0,,
12840,2656,DA4l_adPN,DA4l_adPN_L,ALPN,cb_intrinsic,L,,acetylcholine,1,0,ALPN,,0,0,3,-1.5
12858,2674,PPM1205,PPM1205_R,,cb_intrinsic,R,,dopamine,1,1,,,0,0,,
12859,2675,MBON07,MBON07(a1)_R,MBON,cb_intrinsic,R,,glutamate,-1,0,MBON,,0,0,,
12890,2703,VP1l+VP3_ilPN,VP1l+VP3_ilPN_R,ALPN,cb_intrinsic,R,,acetylcholine,1,0,ALPN,,0,0,,
12902,2714,PPL108,PPL108_R,DAN,cb_intrinsic,R,,dopamine,1,1,DAN,,0,0,,
12918,2730,MBON22,MBON22(calyx)_L,MBON,cb_intrinsic,L,,acetylcholine,1,0,MBON,,0,0,,
12934,2746,M_l2PNl21,M_l2PNl21_R,ALPN,cb_intrinsic,R,,acetylcholine,1,0,ALPN,,0,0,,
12958,2769,DL2d_adPN,DL2d_adPN_L,ALPN,cb_intrinsic,L,,acetylcholine,1,0,ALPN,,0,0,10,-1.5
12965,2776,M_l2PN10t19,M_l2PN10t19_L,ALPN,cb_intrinsic,L,,acetylcholine,1,0,ALPN,,0,0,,
13027,2834,VC5_lvPN,VC5_lvPN_L,ALPN,cb_intrinsic,L,,acetylcholine,1,0,ALPN,,0,0,9,0.5
13028,2835,M_l2PNl22,M_l2PNl22_R,ALPN,cb_intrinsic,R,,acetylcholine,1,0,ALPN,,0,0,,
13046,2852,M_vPNml65,M_vPNml65_L,ALPN,cb_intrinsic,L,,gaba,-1,0,ALPN,,0,0,,
13064,2867,DA1_lPN,DA1_lPN_R,ALPN,cb_intrinsic,R,,acetylcholine,1,0,ALPN,,0,0,0,-1.5
13068,2871,PPM1201,PPM1201_R,,cb_intrinsic,R,,dopamine,1,1,,,0,0,,
13116,2917,V_l2PN,V_l2PN_R,ALPN,cb_intrinsic,R,,acetylcholine,1,0,ALPN,,0,0,,
13127,2927,VA1v_vPN,VA1v_vPN_L,ALPN,cb_intrinsic,L,,gaba,-1,0,ALPN,,0,0,,
13143,2943,VA1v_adPN,VA1v_adPN_L,ALPN,cb_intrinsic,L,,acetylcholine,1,0,ALPN,,0,0,13,-0.5
13172,2970,VA1v_vPN,VA1v_vPN_R,ALPN,cb_intrinsic,R,,gaba,-1,0,ALPN,,0,0,,
13173,2971,KCab-c,KCab-c_R,Kenyon_Cell,cb_intrinsic,R,,acetylcholine,1,0,KC,ab,1,0,,
13194,2991,M_l2PNl23,M_l2PNl23_L,ALPN,cb_intrinsic,L,,acetylcholine,1,0,ALPN,,0,0,,
13198,2994,VA1v_adPN,VA1v_adPN_R,ALPN,cb_intrinsic,R,,acetylcholine,1,0,ALPN,,0,0,13,-0.5
13209,3000,DA1_vPN,DA1_vPN_R,ALPN,cb_intrinsic,R,,gaba,-1,0,ALPN,,0,0,,
13225,3016,VM7d_adPN,VM7d_adPN_R,ALPN,cb_intrinsic,R,,acetylcholine,1,0,ALPN,,0,0,5,1.5
13230,3021,VC5_lvPN,VC5_lvPN_L,ALPN,cb_intrinsic,L,,acetylcholine,1,0,ALPN,,0,0,9,0.5
13259,3050,PPL202,PPL202_L,DAN,cb_intrinsic,L,,dopamine,1,1,DAN,,0,0,,
13283,3073,VM1_lPN,VM1_lPN_R,ALPN,cb_intrinsic,R,,acetylcholine,1,0,ALPN,,0,0,13,0.5
13294,3083,M_l2PNm14,M_l2PNm14_L,ALPN,cb_intrinsic,L,,acetylcholine,1,0,ALPN,,0,0,,
13312,3101,PPL203,PPL203_L,DAN,cb_intrinsic,L,,unclear,1,0,DAN,,0,0,,
13314,3103,M_vPNml50,M_vPNml50_L,ALPN,cb_intrinsic,L,,gaba,-1,0,ALPN,,0,0,,
13334,3120,VP1m+VP5_ilPN,VP1m+VP5_ilPN_R,ALPN,cb_intrinsic,R,,acetylcholine,1,0,ALPN,,0,0,10,1.5
13356,3139,VM4_adPN,VM4_adPN_L,ALPN,cb_intrinsic,L,,acetylcholine,1,0,ALPN,,0,0,0,1.5
13379,3161,VA1v_adPN,VA1v_adPN_R,ALPN,cb_intrinsic,R,,acetylcholine,1,0,ALPN,,0,0,13,-0.5
13386,3168,VM7v_adPN,VM7v_adPN_R,ALPN,cb_intrinsic,R,,acetylcholine,1,0,ALPN,,0,0,6,1.5
13389,3171,M_vPNml50,M_vPNml50_R,ALPN,cb_intrinsic,R,,gaba,-1,0,ALPN,,0,0,,
13423,3202,D_adPN,D_adPN_L,ALPN,cb_intrinsic,L,,acetylcholine,1,0,ALPN,,0,0,7,-0.5
13428,3207,PPL102,PPL102(y1)_R,DAN,cb_intrinsic,R,,dopamine,1,1,DAN,,0,0,,
13470,3244,DC3_adPN,DC3_adPN_L,ALPN,cb_intrinsic,L,,acetylcholine,1,0,ALPN,,0,0,7,-1.5
13479,3252,DC2_adPN,DC2_adPN_L,ALPN,cb_intrinsic,L,,acetylcholine,1,0,ALPN,,0,0,6,-1.5
13480,3253,VC3_adPN,VC3_adPN_R,ALPN,cb_intrinsic,R,,acetylcholine,1,0,ALPN,,0,0,7,0.5
13483,3256,DA1_lPN,DA1_lPN_L,ALPN,cb_intrinsic,L,,acetylcholine,1,0,ALPN,,0,0,0,-1.5
13529,3297,M_l2PNl22,M_l2PNl22_L,ALPN,cb_intrinsic,L,,acetylcholine,1,0,ALPN,,0,0,,
13560,3325,M_lvPNm25,M_lvPNm25_R,ALPN,cb_intrinsic,R,,acetylcholine,1,0,ALPN,,0,0,,
13571,3334,VP3+_l2PN,VP3+_l2PN_L,ALPN,cb_intrinsic,L,,acetylcholine,1,0,ALPN,,0,0,,
13582,3345,VA1v_adPN,VA1v_adPN_L,ALPN,cb_intrinsic,L,,acetylcholine,1,0,ALPN,,0,0,13,-0.5
13583,3346,DA1_lPN,DA1_lPN_L,ALPN,cb_intrinsic,L,,acetylcholine,1,0,ALPN,,0,0,0,-1.5
13596,3357,M_lvPNm24,M_lvPNm24_R,ALPN,cb_intrinsic,R,,acetylcholine,1,0,ALPN,,0,0,,
13610,3369,M_l2PNm16,M_l2PNm16_R,ALPN,cb_intrinsic,R,,acetylcholine,1,0,ALPN,,0,0,10,-0.5
13666,3420,M_l2PNm16,M_l2PNm16_R,ALPN,cb_intrinsic,R,,acetylcholine,1,0,ALPN,,0,0,10,-0.5
13683,3435,M_vPNml55,M_vPNml55_L,ALPN,cb_intrinsic,L,,gaba,-1,0,ALPN,,0,0,,
13684,3436,VC3_adPN,VC3_adPN_L,ALPN,cb_intrinsic,L,,acetylcholine,1,0,ALPN,,0,0,7,0.5
13725,3474,VA1d_adPN,VA1d_adPN_R,ALPN,cb_intrinsic,R,,acetylcholine,1,0,ALPN,,0,0,12,-0.5
13728,3477,MBON12,MBON12(y2a'1)_L,MBON,cb_intrinsic,L,,acetylcholine,1,0,MBON,,0,0,,
13767,3512,VP1l+VP3_ilPN,VP1l+VP3_ilPN_L,ALPN,cb_intrinsic,L,,acetylcholine,1,0,ALPN,,0,0,,
13768,3513,MBON12,MBON12(y2a'1)_L,MBON,cb_intrinsic,L,,acetylcholine,1,0,MBON,,0,0,,
13832,3574,M_vPNml50,M_vPNml50_R,ALPN,cb_intrinsic,R,,gaba,-1,0,ALPN,,0,0,,
13906,3641,M_vPNml63,M_vPNml63_R,ALPN,cb_intrinsic,R,,gaba,-1,0,ALPN,,0,0,,
13940,3672,M_l2PN3t18,M_l2PN3t18_L,ALPN,cb_intrinsic,L,,acetylcholine,1,0,ALPN,,0,0,,
13951,3682,M_vPNml50,M_vPNml50_L,ALPN,cb_intrinsic,L,,gaba,-1,0,ALPN,,0,0,,
13972,3702,VM7v_adPN,VM7v_adPN_L,ALPN,cb_intrinsic,L,,acetylcholine,1,0,ALPN,,0,0,6,1.5
13981,3709,M_l2PN10t19,M_l2PN10t19_R,ALPN,cb_intrinsic,R,,acetylcholine,1,0,ALPN,,0,0,,
14158,3869,M_l2PN3t18,M_l2PN3t18_R,ALPN,cb_intrinsic,R,,acetylcholine,1,0,ALPN,,0,0,,
14182,3888,PPL103,PPL103(y2a'1)_R,DAN,cb_intrinsic,R,,dopamine,1,1,DAN,,0,0,,
14221,3922,MBON18,MBON18(a2sc)_R,MBON,cb_intrinsic,R,,acetylcholine,1,0,MBON,,0,0,,
14225,3926,PPL105,PPL105(a'2a2)_R,DAN,cb_intrinsic,R,,dopamine,1,1,DAN,,0,0,,
14292,3986,KCg-m,KCg-m_R,Kenyon_Cell,cb_intrinsic,R,,acetylcholine,1,0,KC,gamma,1,2,,
14319,4008,M_l2PN3t18,M_l2PN3t18_R,ALPN,cb_intrinsic,R,,acetylcholine,1,0,ALPN,,0,0,,
14339,4026,VA1v_adPN,VA1v_adPN_L,ALPN,cb_intrinsic,L,,acetylcholine,1,0,ALPN,,0,0,13,-0.5
14340,4027,V_l2PN,V_l2PN_L,ALPN,cb_intrinsic,L,,acetylcholine,1,0,ALPN,,0,0,,
14360,4044,M_smPNm1,M_smPNm1_R,ALPN,cb_intrinsic,R,,gaba,-1,0,ALPN,,0,0,,
14391,4072,M_ilPNm90,M_ilPNm90(M_ilPN8t91)_L,ALPN,cb_intrinsic,L,,acetylcholine,1,0,ALPN,,0,0,,
14419,4096,VP2_l2PN,VP2_l2PN_R,ALPN,cb_intrinsic,R,,acetylcholine,1,0,ALPN,,0,0,,
14427,4104,VM5v_adPN,VM5v_adPN_L,ALPN,cb_intrinsic,L,,acetylcholine,1,0,ALPN,,0,0,3,1.5
14430,4107,VM7d_adPN,VM7d_adPN_L,ALPN,cb_intrinsic,L,,acetylcholine,1,0,ALPN,,0,0,5,1.5
14437,4113,VP3+VP1l_ivPN,VP3+VP1l_ivPN_R,ALPN,cb_intrinsic,R,,acetylcholine,1,0,ALPN,,0,0,13,1.5
14442,4117,VC3_adPN,VC3_adPN_L,ALPN,cb_intrinsic,L,,acetylcholine,1,0,ALPN,,0,0,7,0.5
14506,4169,M_lvPNm24,M_lvPNm24_L,ALPN,cb_intrinsic,L,,acetylcholine,1,0,ALPN,,0,0,,
14510,4173,VA1v_adPN,VA1v_adPN_R,ALPN,cb_intrinsic,R,,acetylcholine,1,0,ALPN,,0,0,13,-0.5
14526,4188,M_lvPNm37,M_lvPNm37_L,ALPN,cb_intrinsic,L,,acetylcholine,1,0,ALPN,,0,0,,
14530,4192,DA4l_adPN,DA4l_adPN_R,ALPN,cb_intrinsic,R,,acetylcholine,1,0,ALPN,,0,0,3,-1.5
14573,4232,M_l2PNl23,M_l2PNl23_R,ALPN,cb_intrinsic,R,,acetylcholine,1,0,ALPN,,0,0,,
14607,4260,VM5v_adPN,VM5v_adPN_L,ALPN,cb_intrinsic,L,,acetylcholine,1,0,ALPN,,0,0,3,1.5
14661,4311,D_adPN,D_adPN_L,ALPN,cb_intrinsic,L,,acetylcholine,1,0,ALPN,,0,0,7,-0.5
14665,4315,VM2_adPN,VM2_adPN_L,ALPN,cb_intrinsic,L,,acetylcholine,1,0,ALPN,,0,0,14,0.5
14666,4316,VP3+_l2PN,VP3+_l2PN_L,ALPN,cb_intrinsic,L,,acetylcholine,1,0,ALPN,,0,0,,
14685,4334,VC3_adPN,VC3_adPN_L,ALPN,cb_intrinsic,L,,acetylcholine,1,0,ALPN,,0,0,7,0.5
14705,4352,PPL107,PPL107_R,DAN,cb_intrinsic,R,,dopamine,1,1,DAN,,0,0,,
14722,4368,M_l2PN10t19,M_l2PN10t19_R,ALPN,cb_intrinsic,R,,acetylcholine,1,0,ALPN,,0,0,,
14802,4441,VA7m_lPN,VA7m_lPN_R,ALPN,cb_intrinsic,R,,acetylcholine,1,0,ALPN,,0,0,4,0.5
14849,4482,DM5_lPN,DM5_lPN_R,ALPN,cb_intrinsic,R,,acetylcholine,1,0,ALPN,,0,0,3,-0.5
14874,4505,D_adPN,D_adPN_L,ALPN,cb_intrinsic,L,,acetylcholine,1,0,ALPN,,0,0,7,-0.5
14895,4523,VM7d_adPN,VM7d_adPN_L,ALPN,cb_intrinsic,L,,acetylcholine,1,0,ALPN,,0,0,5,1.5
14962,4584,VC5_lvPN,VC5_lvPN_R,ALPN,cb_intrinsic,R,,acetylcholine,1,0,ALPN,,0,0,9,0.5
14985,4605,VA5_lPN,VA5_lPN_R,ALPN,cb_intrinsic,R,,acetylcholine,1,0,ALPN,,0,0,1,0.5
15005,4624,DM6_adPN,DM6_adPN_R,ALPN,cb_intrinsic,R,,acetylcholine,1,0,ALPN,,0,0,4,-0.5
15042,4658,LoVC22,LoVC22_L,,visual_centrifugal,L,,dopamine,1,1,,,0,0,,
15103,4714,KCg-m,KCg-m_R,Kenyon_Cell,cb_intrinsic,R,,acetylcholine,1,0,KC,gamma,1,2,,
15125,4733,,,ALPN,cb_intrinsic,L,,acetylcholine,1,0,ALPN,,0,0,,
15133,4739,VP4_vPN,VP4_vPN_L,ALPN,cb_intrinsic,L,,gaba,-1,0,ALPN,,0,0,,
15142,4747,VA1d_vPN,VA1d_vPN_R,ALPN,cb_intrinsic,R,,gaba,-1,0,ALPN,,0,0,,
15164,4768,DC3_adPN,DC3_adPN_R,ALPN,cb_intrinsic,R,,acetylcholine,1,0,ALPN,,0,0,7,-1.5
15184,4786,DM6_adPN,DM6_adPN_L,ALPN,cb_intrinsic,L,,acetylcholine,1,0,ALPN,,0,0,4,-0.5
15276,4871,VA1d_vPN,VA1d_vPN_L,ALPN,cb_intrinsic,L,,gaba,-1,0,ALPN,,0,0,,
15294,4887,M_vPNml63,M_vPNml63_L,ALPN,cb_intrinsic,L,,gaba,-1,0,ALPN,,0,0,,
15310,4902,PPL108,PPL108_L,DAN,cb_intrinsic,L,,dopamine,1,1,DAN,,0,0,,
15313,4905,VA1d_adPN,VA1d_adPN_R,ALPN,cb_intrinsic,R,,acetylcholine,1,0,ALPN,,0,0,12,-0.5
15353,4939,M_adPNm3,M_adPNm3_R,ALPN,cb_intrinsic,R,,acetylcholine,1,0,ALPN,,0,0,,
15431,5004,VM5d_adPN,VM5d_adPN_R,ALPN,cb_intrinsic,R,,acetylcholine,1,0,ALPN,,0,0,2,1.5
15517,5080,M_vPNml63,M_vPNml63_R,ALPN,cb_intrinsic,R,,gaba,-1,0,ALPN,,0,0,,
15626,5174,MBON07,MBON07(a1)_L,MBON,cb_intrinsic,L,,glutamate,-1,0,MBON,,0,0,,
15693,5235,PPL203,PPL203_R,DAN,cb_intrinsic,R,,unclear,1,0,DAN,,0,0,,
15708,5250,MBON24,MBON24(B2y5)_R,MBON,cb_intrinsic,R,,acetylcholine,1,0,MBON,,0,0,,
15746,5287,M_lvPNm33,M_lvPNm33_R,ALPN,cb_intrinsic,R,,acetylcholine,1,0,ALPN,,0,0,,
15823,5359,DM5_lPN,DM5_lPN_L,ALPN,cb_intrinsic,L,,acetylcholine,1,0,ALPN,,0,0,3,-0.5
15888,5414,FB4M,FB4M(PPM3-FB3/4-NO-DAN)_R,CX,cb_intrinsic,R,,dopamine,1,1,,,0,0,,
15928,5450,M_l2PNm17,M_l2PNm17_L,ALPN,cb_intrinsic,L,,acetylcholine,1,0,ALPN,,0,0,,
15970,5487,,,ALPN,cb_intrinsic,R,,acetylcholine,1,0,ALPN,,0,0,,
15992,5507,VM2_adPN,VM2_adPN_L,ALPN,cb_intrinsic,L,,acetylcholine,1,0,ALPN,,0,0,14,0.5
16005,5519,D_adPN,D_adPN_R,ALPN,cb_intrinsic,R,,acetylcholine,1,0,ALPN,,0,0,7,-0.5
16013,5525,VP5+VP3_l2PN,VP5+VP3_l2PN_L,ALPN,cb_intrinsic,L,,acetylcholine,1,0,ALPN,,0,0,,
16083,5584,VM2_adPN,VM2_adPN_R,ALPN,cb_intrinsic,R,,acetylcholine,1,0,ALPN,,0,0,14,0.5
16085,5586,VP2+VC5_l2PN,VP2+VC5_l2PN_L,ALPN,cb_intrinsic,L,,acetylcholine,1,0,ALPN,,0,0,,
16136,5629,VP5+VP3_l2PN,VP5+VP3_l2PN_R,ALPN,cb_intrinsic,R,,acetylcholine,1,0,ALPN,,0,0,,
16141,5634,VM4_adPN,VM4_adPN_R,ALPN,cb_intrinsic,R,,acetylcholine,1,0,ALPN,,0,0,0,1.5
16167,5657,M_l2PN10t19,M_l2PN10t19_L,ALPN,cb_intrinsic,L,,acetylcholine,1,0,ALPN,,0,0,,
16206,5692,VA7m_lPN,VA7m_lPN_L,ALPN,cb_intrinsic,L,,acetylcholine,1,0,ALPN,,0,0,4,0.5
16207,5693,VC5_lvPN,VC5_lvPN_L,ALPN,cb_intrinsic,L,,acetylcholine,1,0,ALPN,,0,0,9,0.5
16228,5712,DL3_lPN,DL3_lPN_L,ALPN,cb_intrinsic,L,,acetylcholine,1,0,ALPN,,0,0,12,-1.5
16236,5720,VP1m+VP2_lvPN1,VP1m+VP2_lvPN1_R,ALPN,cb_intrinsic,R,,acetylcholine,1,0,ALPN,,0,0,,
16426,5890,VM5v_adPN,VM5v_adPN_R,ALPN,cb_intrinsic,R,,acetylcholine,1,0,ALPN,,0,0,3,1.5
16430,5894,FB5H,FB5H_L,CX,cb_intrinsic,L,,dopamine,1,1,,,0,0,,
16433,5897,VC4_adPN,VC4_adPN_L,ALPN,cb_intrinsic,L,,acetylcholine,1,0,ALPN,,0,0,8,0.5
16437,5901,M_vPNml63,M_vPNml63_R,ALPN,cb_intrinsic,R,,gaba,-1,0,ALPN,,0,0,,
16508,5968,M_lvPNm24,M_lvPNm24_R,ALPN,cb_intrinsic,R,,acetylcholine,1,0,ALPN,,0,0,,
16524,5984,VM7v_adPN,VM7v_adPN_L,ALPN,cb_intrinsic,L,,acetylcholine,1,0,ALPN,,0,0,6,1.5
16610,6065,VA7m_lPN,VA7m_lPN_R,ALPN,cb_intrinsic,R,,acetylcholine,1,0,ALPN,,0,0,4,0.5
16629,6081,M_lvPNm39,M_lvPNm39_L,ALPN,cb_intrinsic,L,,acetylcholine,1,0,ALPN,,0,0,,
16648,6099,VP1d_il2PN,VP1d_il2PN_L,ALPN,cb_intrinsic,L,,acetylcholine,1,0,ALPN,,0,0,8,1.5
16651,6102,M_vPNml63,M_vPNml63_L,ALPN,cb_intrinsic,L,,gaba,-1,0,ALPN,,0,0,,
16921,6340,M_l2PNm15,M_l2PNm15_R,ALPN,cb_intrinsic,R,,acetylcholine,1,0,ALPN,,0,0,,
17027,6435,DL2v_adPN,DL2v_adPN_L,ALPN,cb_intrinsic,L,,acetylcholine,1,0,ALPN,,0,0,11,-1.5
17052,6455,DM5_lPN,DM5_lPN_L,ALPN,cb_intrinsic,L,,acetylcholine,1,0,ALPN,,0,0,3,-0.5
17061,6464,FB4L,FB4L_L,CX,cb_intrinsic,L,,dopamine,1,1,,,0,0,,
17225,6612,VP3+_vPN,VP3+_vPN_L,ALPN,cb_intrinsic,L,,gaba,-1,0,ALPN,,0,0,,
17319,6693,VP3+_l2PN,VP3+_l2PN_R,ALPN,cb_intrinsic,R,,acetylcholine,1,0,ALPN,,0,0,,
17350,6721,DM6_adPN,DM6_adPN_L,ALPN,cb_intrinsic,L,,acetylcholine,1,0,ALPN,,0,0,4,-0.5
17371,6742,M_vPNml65,M_vPNml65_R,ALPN,cb_intrinsic,R,,gaba,-1,0,ALPN,,0,0,,
17421,6787,LAL128,LAL128_R,,cb_intrinsic,R,,dopamine,1,1,,,0,0,,
17484,6842,DC2_adPN,DC2_adPN_R,ALPN,cb_intrinsic,R,,acetylcholine,1,0,ALPN,,0,0,6,-1.5
17488,6846,KCa'b'-ap2,KCa'b'-ap2_R,Kenyon_Cell,cb_intrinsic,R,,acetylcholine,1,0,KC,apbp,0,2,,
17540,6892,DL2v_adPN,DL2v_adPN_L,ALPN,cb_intrinsic,L,,acetylcholine,1,0,ALPN,,0,0,11,-1.5
17569,6919,VC3_adPN,VC3_adPN_L,ALPN,cb_intrinsic,L,,acetylcholine,1,0,ALPN,,0,0,7,0.5
17570,6920,VM5d_adPN,VM5d_adPN_L,ALPN,cb_intrinsic,L,,acetylcholine,1,0,ALPN,,0,0,2,1.5
17650,6994,VC3_adPN,VC3_adPN_R,ALPN,cb_intrinsic,R,,acetylcholine,1,0,ALPN,,0,0,7,0.5
17705,7043,M_vPNml65,M_vPNml65_L,ALPN,cb_intrinsic,L,,gaba,-1,0,ALPN,,0,0,,
17722,7060,VP3+_vPN,VP3+_vPN_R,ALPN,cb_intrinsic,R,,gaba,-1,0,ALPN,,0,0,,
17800,7131,,,ALPN,cb_intrinsic,R,,acetylcholine,1,0,ALPN,,0,0,,
17817,7147,M_vPNml79,M_vPNml79_R,ALPN,cb_intrinsic,R,,gaba,-1,0,ALPN,,0,0,,
17924,7243,DA3_adPN,DA3_adPN_L,ALPN,cb_intrinsic,L,,acetylcholine,1,0,ALPN,,0,0,2,-1.5
17946,7264,MBON14,MBON14(a3)_R,MBON,cb_intrinsic,R,,acetylcholine,1,0,MBON,,0,0,,
18015,7322,DM6_adPN,DM6_adPN_L,ALPN,cb_intrinsic,L,,acetylcholine,1,0,ALPN,,0,0,4,-0.5
18031,7337,KCa'b'-ap2,KCa'b'-ap2_R,Kenyon_Cell,cb_intrinsic,R,,acetylcholine,1,0,KC,apbp,0,2,,
18049,7354,VP1d_il2PN,VP1d_il2PN_R,ALPN,cb_intrinsic,R,,acetylcholine,1,0,ALPN,,0,0,8,1.5
18084,7385,VM7d_adPN,VM7d_adPN_R,ALPN,cb_intrinsic,R,,acetylcholine,1,0,ALPN,,0,0,5,1.5
18156,7446,ExR2,ExR2_L,CX,cb_intrinsic,L,,dopamine,1,1,,,0,0,,
18351,7621,VP2+Z_lvPN,VP2+Z_lvPN_L,ALPN,cb_intrinsic,L,,acetylcholine,1,0,ALPN,,0,0,,
18406,7669,MBON24,MBON24(B2y5)_L,MBON,cb_intrinsic,L,,acetylcholine,1,0,MBON,,0,0,,
18416,7679,DA2_lPN,DA2_lPN_R,ALPN,cb_intrinsic,R,,acetylcholine,1,0,ALPN,,0,0,1,-1.5
18417,7680,DM6_adPN,DM6_adPN_R,ALPN,cb_intrinsic,R,,acetylcholine,1,0,ALPN,,0,0,4,-0.5
18466,7724,M_vPNml51,M_vPNml51_L,ALPN,cb_intrinsic,L,,gaba,-1,0,ALPN,,0,0,,
18493,7746,DM5_lPN,DM5_lPN_R,ALPN,cb_intrinsic,R,,acetylcholine,1,0,ALPN,,0,0,3,-0.5
18536,7781,D_adPN,D_adPN_R,ALPN,cb_intrinsic,R,,acetylcholine,1,0,ALPN,,0,0,7,-0.5
18540,7784,KCg-s1,KCg-s1_R,Kenyon_Cell,cb_intrinsic,R,,acetylcholine,1,0,KC,gamma,2,2,,
18603,7840,MBON07,MBON07(a1)_L,MBON,cb_intrinsic,L,,glutamate,-1,0,MBON,,0,0,,
18713,7944,MBON09,MBON09(y3B'1)_L,MBON,cb_intrinsic,L,,gaba,-1,0,MBON;away_readout,,0,0,,
18776,8001,DA2_lPN,DA2_lPN_L,ALPN,cb_intrinsic,L,,acetylcholine,1,0,ALPN,,0,0,1,-1.5
18814,8038,VP2+Z_lvPN,VP2+Z_lvPN_L,ALPN,cb_intrinsic,L,,acetylcholine,1,0,ALPN,,0,0,,
18834,8055,VM7d_adPN,VM7d_adPN_L,ALPN,cb_intrinsic,L,,acetylcholine,1,0,ALPN,,0,0,5,1.5
18840,8060,DL3_lPN,DL3_lPN_L,ALPN,cb_intrinsic,L,,acetylcholine,1,0,ALPN,,0,0,12,-1.5
18867,8083,VM5d_adPN,VM5d_adPN_L,ALPN,cb_intrinsic,L,,acetylcholine,1,0,ALPN,,0,0,2,1.5
18959,8172,VP2+VC5_l2PN,VP2+VC5_l2PN_R,ALPN,cb_intrinsic,R,,acetylcholine,1,0,ALPN,,0,0,,
18983,8192,CB0650,CB0650_L,ALPN,cb_intrinsic,L,,glutamate,-1,0,ALPN,,0,0,,
19083,8285,KCg-m,KCg-m_L,Kenyon_Cell,cb_intrinsic,L,,acetylcholine,1,0,KC,gamma,1,2,,
19102,8303,KCg-d,KCg-d_R,Kenyon_Cell,cb_intrinsic,R,,acetylcholine,1,0,KC,gamma,1,2,,
19267,8443,MBON09,MBON09(y3B'1)_L,MBON,cb_intrinsic,L,,gaba,-1,0,MBON;away_readout,,0,0,,
19339,8504,DA2_lPN,DA2_lPN_L,ALPN,cb_intrinsic,L,,acetylcholine,1,0,ALPN,,0,0,1,-1.5
19366,8528,MBON14,MBON14(a3)_L,MBON,cb_intrinsic,L,,acetylcholine,1,0,MBON,,0,0,,
19579,8717,VC4_adPN,VC4_adPN_L,ALPN,cb_intrinsic,L,,acetylcholine,1,0,ALPN,,0,0,8,0.5
19647,8779,VP1m+_lvPN,VP1m+_lvPN_R,ALPN,cb_intrinsic,R,,glutamate,-1,0,ALPN,,0,0,,
19743,8866,VA7m_lPN,VA7m_lPN_L,ALPN,cb_intrinsic,L,,acetylcholine,1,0,ALPN,,0,0,4,0.5
19788,8904,KCg-d,KCg-d_L,Kenyon_Cell,cb_intrinsic,L,,acetylcholine,1,0,KC,gamma,1,2,,
19845,8955,VP3+VP1l_ivPN,VP3+VP1l_ivPN_L,ALPN,cb_intrinsic,L,,acetylcholine,1,0,ALPN,,0,0,13,1.5
19953,9052,DM6_adPN,DM6_adPN_R,ALPN,cb_intrinsic,R,,acetylcholine,1,0,ALPN,,0,0,4,-0.5
20001,9096,VM5v_adPN,VM5v_adPN_R,ALPN,cb_intrinsic,R,,acetylcholine,1,0,ALPN,,0,0,3,1.5
20029,9118,CB2004,CB2004_R,ALPN,cb_intrinsic,R,,gaba,-1,0,ALPN,,0,0,,
20105,9188,DA2_lPN,DA2_lPN_L,ALPN,cb_intrinsic,L,,acetylcholine,1,0,ALPN,,0,0,1,-1.5
20278,9340,M_vPNml65,M_vPNml65_L,ALPN,cb_intrinsic,L,,gaba,-1,0,ALPN,,0,0,,
20311,9370,DA2_lPN,DA2_lPN_R,ALPN,cb_intrinsic,R,,acetylcholine,1,0,ALPN,,0,0,1,-1.5
20322,9377,KCa'b'-ap2,KCa'b'-ap2_R,Kenyon_Cell,cb_intrinsic,R,,acetylcholine,1,0,KC,apbp,0,2,,
20324,9379,M_lvPNm26,M_lvPNm26_L,ALPN,cb_intrinsic,L,,acetylcholine,1,0,ALPN,,0,0,,
20445,9484,VM5v_adPN,VM5v_adPN_R,ALPN,cb_intrinsic,R,,acetylcholine,1,0,ALPN,,0,0,3,1.5
20496,9529,DL3_lPN,DL3_lPN_R,ALPN,cb_intrinsic,R,,acetylcholine,1,0,ALPN,,0,0,12,-1.5
20688,9705,M_lv2PN9t49_b,M_lv2PN9t49_b_L,ALPN,cb_intrinsic,L,,gaba,-1,0,ALPN,,0,0,,
20707,9724,M_vPNml55,M_vPNml55_R,ALPN,cb_intrinsic,R,,gaba,-1,0,ALPN,,0,0,,
20739,9752,DL2v_adPN,DL2v_adPN_R,ALPN,cb_intrinsic,R,,acetylcholine,1,0,ALPN,,0,0,11,-1.5
20773,9782,KCg-m,KCg-m_R,Kenyon_Cell,cb_intrinsic,R,,acetylcholine,1,0,KC,gamma,2,2,,
20835,9839,MBON23,MBON23(a2sp)_R,MBON,cb_intrinsic,R,,acetylcholine,1,0,MBON,,0,0,,
20910,9904,M_lPNm11D,M_lPNm11D_L,ALPN,cb_intrinsic,L,,acetylcholine,1,0,ALPN,,0,0,11,-0.5
20915,9909,M_lvPNm25,M_lvPNm25_L,ALPN,cb_intrinsic,L,,acetylcholine,1,0,ALPN,,0,0,,
20926,9918,VP1m+VP2_lvPN1,VP1m+VP2_lvPN1_L,ALPN,cb_intrinsic,L,,acetylcholine,1,0,ALPN,,0,0,,
20960,9947,VL1_vPN,VL1_vPN_R,ALPN,cb_intrinsic,R,,gaba,-1,0,ALPN,,0,0,,
20995,9975,DA2_lPN,DA2_lPN_L,ALPN,cb_intrinsic,L,,acetylcholine,1,0,ALPN,,0,0,1,-1.5
21100,10071,M_lPNm11A,M_lPNm11A_L,ALPN,cb_intrinsic,L,,acetylcholine,1,0,ALPN,,0,0,,
21132,10097,VC4_adPN,VC4_adPN_L,ALPN,cb_intrinsic,L,,acetylcholine,1,0,ALPN,,0,0,8,0.5
21145,10110,PPL104,PPL104(a'3)_R,DAN,cb_intrinsic,R,,dopamine,1,1,DAN,,0,0,,
21242,10200,MBON09,MBON09(y3B'1)_R,MBON,cb_intrinsic,R,,gaba,-1,0,MBON;away_readout,,0,0,,
21519,10447,FB2A,FB2A_R,CX,cb_intrinsic,R,,dopamine,1,1,,,0,0,,
21557,10481,DL3_lPN,DL3_lPN_R,ALPN,cb_intrinsic,R,,acetylcholine,1,0,ALPN,,0,0,12,-1.5
21584,10503,DL3_lPN,DL3_lPN_R,ALPN,cb_intrinsic,R,,acetylcholine,1,0,ALPN,,0,0,12,-1.5
21671,10578,PPM1202,PPM1202_R,,cb_intrinsic,R,,dopamine,1,1,,,0,0,,
21725,10629,VP1l+_lvPN,VP1l+_lvPN_R,ALPN,cb_intrinsic,R,,acetylcholine,1,0,ALPN,,0,0,,
21756,10658,,,ALPN,cb_intrinsic,L,,acetylcholine,1,0,ALPN,,0,0,,
21778,10679,KCg-s1,KCg-s1_L,Kenyon_Cell,cb_intrinsic,L,,acetylcholine,1,0,KC,gamma,1,2,,
21876,10769,DA2_lPN,DA2_lPN_R,ALPN,cb_intrinsic,R,,acetylcholine,1,0,ALPN,,0,0,1,-1.5
21879,10772,KCg-m,KCg-m_R,Kenyon_Cell,cb_intrinsic,R,,acetylcholine,1,0,KC,gamma,1,2,,
22026,10905,M_vPNml52,M_vPNml52_L,ALPN,cb_intrinsic,L,,gaba,-1,0,ALPN,,0,0,,
22031,10909,KCg-m,KCg-m_R,Kenyon_Cell,cb_intrinsic,R,,acetylcholine,1,0,KC,gamma,1,2,,
22224,11089,VL2a_vPN,VL2a_vPN_L,ALPN,cb_intrinsic,L,,gaba,-1,0,ALPN,,0,0,,
22473,11316,VM4_lvPN,VM4_lvPN_R,ALPN,cb_intrinsic,R,,acetylcholine,1,0,ALPN,,0,0,1,1.5
22494,11334,VM5d_adPN,VM5d_adPN_L,ALPN,cb_intrinsic,L,,acetylcholine,1,0,ALPN,,0,0,2,1.5
22533,11368,KCg-m,KCg-m_R,Kenyon_Cell,cb_intrinsic,R,,acetylcholine,1,0,KC,gamma,1,2,,
22569,11398,VM5d_adPN,VM5d_adPN_L,ALPN,cb_intrinsic,L,,acetylcholine,1,0,ALPN,,0,0,2,1.5
22665,11483,M_vPNml63,M_vPNml63_R,ALPN,cb_intrinsic,R,,gaba,-1,0,ALPN,,0,0,,
22717,11533,M_lPNm11D,M_lPNm11D_L,ALPN,cb_intrinsic,L,,acetylcholine,1,0,ALPN,,0,0,11,-0.5
22787,11598,DL2d_adPN,DL2d_adPN_R,ALPN,cb_intrinsic,R,,acetylcholine,1,0,ALPN,,0,0,10,-1.5
22977,11770,VL2a_vPN,VL2a_vPN_R,ALPN,cb_intrinsic,R,,gaba,-1,0,ALPN,,0,0,,
22982,11774,PPM1202,PPM1202_L,,cb_intrinsic,L,,dopamine,1,1,,,0,0,,
22995,11784,KCa'b'-ap2,KCa'b'-ap2_R,Kenyon_Cell,cb_intrinsic,R,,acetylcholine,1,0,KC,apbp,1,2,,
23010,11798,M_lvPNm39,M_lvPNm39_R,ALPN,cb_intrinsic,R,,acetylcholine,1,0,ALPN,,0,0,,
23037,11822,KCab-s,KCab-s_R,Kenyon_Cell,cb_intrinsic,R,,acetylcholine,1,0,KC,ab,1,0,,
23045,11829,DL3_lPN,DL3_lPN_L,ALPN,cb_intrinsic,L,,acetylcholine,1,0,ALPN,,0,0,12,-1.5
23132,11899,VM4_lvPN,VM4_lvPN_L,ALPN,cb_intrinsic,L,,acetylcholine,1,0,ALPN,,0,0,1,1.5
23162,11927,VP2+Z_lvPN,VP2+Z_lvPN_R,ALPN,cb_intrinsic,R,,acetylcholine,1,0,ALPN,,0,0,,
23166,11931,KCg-m,KCg-m_R,Kenyon_Cell,cb_intrinsic,R,,acetylcholine,1,0,KC,gamma,1,2,,
23200,11961,DL2d_adPN,DL2d_adPN_R,ALPN,cb_intrinsic,R,,acetylcholine,1,0,ALPN,,0,0,10,-1.5
23339,12088,VM5d_adPN,VM5d_adPN_L,ALPN,cb_intrinsic,L,,acetylcholine,1,0,ALPN,,0,0,2,1.5
23494,12221,DA3_adPN,DA3_adPN_L,ALPN,cb_intrinsic,L,,acetylcholine,1,0,ALPN,,0,0,2,-1.5
23517,12241,VM4_lvPN,VM4_lvPN_L,ALPN,cb_intrinsic,L,,acetylcholine,1,0,ALPN,,0,0,1,1.5
23700,12406,CB0650,CB0650_R,ALPN,cb_intrinsic,R,,glutamate,-1,0,ALPN,,0,0,,
23718,12423,DM5_lPN,DM5_lPN_L,ALPN,cb_intrinsic,L,,acetylcholine,1,0,ALPN,,0,0,3,-0.5
23732,12437,M_lvPNm27,M_lvPNm27_L,ALPN,cb_intrinsic,L,,acetylcholine,1,0,ALPN,,0,0,,
23958,12644,DA2_lPN,DA2_lPN_R,ALPN,cb_intrinsic,R,,acetylcholine,1,0,ALPN,,0,0,1,-1.5
24146,12810,KCg-s2,KCg-s2_L,Kenyon_Cell,cb_intrinsic,L,,acetylcholine,1,0,KC,gamma,1,3,,
24204,12862,KCg-m,KCg-m_R,Kenyon_Cell,cb_intrinsic,R,,acetylcholine,1,0,KC,gamma,2,2,,
24352,12997,DM5_lPN,DM5_lPN_L,ALPN,cb_intrinsic,L,,acetylcholine,1,0,ALPN,,0,0,3,-0.5
24407,13051,VP2+Z_lvPN,VP2+Z_lvPN_R,ALPN,cb_intrinsic,R,,acetylcholine,1,0,ALPN,,0,0,,
24502,13128,M_lPNm11D,M_lPNm11D_L,ALPN,cb_intrinsic,L,,acetylcholine,1,0,ALPN,,0,0,11,-0.5
24660,13262,DL3_lPN,DL3_lPN_R,ALPN,cb_intrinsic,R,,acetylcholine,1,0,ALPN,,0,0,12,-1.5
24695,13293,KCab-m,KCab-m_R,Kenyon_Cell,cb_intrinsic,R,,acetylcholine,1,0,KC,ab,1,0,,
24841,13423,DL2v_adPN,DL2v_adPN_L,ALPN,cb_intrinsic,L,,acetylcholine,1,0,ALPN,,0,0,11,-1.5
24941,13517,M_lPNm13,M_lPNm13_L,ALPN,cb_intrinsic,L,,acetylcholine,1,0,ALPN,,0,0,,
24959,13533,KCg-m,KCg-m_R,Kenyon_Cell,cb_intrinsic,R,,acetylcholine,1,0,KC,gamma,1,2,,
25017,13583,KCg-m,KCg-m_R,Kenyon_Cell,cb_intrinsic,R,,acetylcholine,1,0,KC,gamma,1,2,,
25030,13593,KCg-s2,KCg-s2_R,Kenyon_Cell,cb_intrinsic,R,,acetylcholine,1,0,KC,gamma,1,2,,
25039,13600,M_vPNml65,M_vPNml65_R,ALPN,cb_intrinsic,R,,gaba,-1,0,ALPN,,0,0,,
25087,13644,M_vPNml60,M_vPNml60_L,ALPN,cb_intrinsic,L,,gaba,-1,0,ALPN,,0,0,,
25166,13715,VC4_adPN,VC4_adPN_R,ALPN,cb_intrinsic,R,,acetylcholine,1,0,ALPN,,0,0,8,0.5
25332,13861,M_lPNm11B,M_lPNm11B_L,ALPN,cb_intrinsic,L,,acetylcholine,1,0,ALPN,,0,0,,
25433,13955,CB2004,CB2004_R,ALPN,cb_intrinsic,R,,gaba,-1,0,ALPN,,0,0,,
25529,14043,FB2A,FB2A_L,CX,cb_intrinsic,L,,dopamine,1,1,,,0,0,,
25631,14133,KCa'b'-ap1,KCa'b'-ap1_R,Kenyon_Cell,cb_intrinsic,R,,acetylcholine,1,0,KC,apbp,0,3,,
25853,14334,M_lvPNm47,M_lvPNm47_R,ALPN,cb_intrinsic,R,,acetylcholine,1,0,ALPN,,0,0,,
25879,14360,KCab-m,KCab-m_R,Kenyon_Cell,cb_intrinsic,R,,acetylcholine,1,0,KC,ab,1,0,,
25927,14395,VL2a_vPN,VL2a_vPN_L,ALPN,cb_intrinsic,L,,gaba,-1,0,ALPN,,0,0,,
25931,14398,VP1m+VP2_lvPN2,VP1m+VP2_lvPN2_R,ALPN,cb_intrinsic,R,,acetylcholine,1,0,ALPN,,0,0,9,1.5
26047,14498,M_VPNml66,M_VPNml66_L,ALPN,cb_intrinsic,L,,gaba,-1,0,ALPN,,0,0,,
26071,14519,M_lPNm11D,M_lPNm11D_R,ALPN,cb_intrinsic,R,,acetylcholine,1,0,ALPN,,0,0,11,-0.5
26102,14547,DL2v_adPN,DL2v_adPN_R,ALPN,cb_intrinsic,R,,acetylcholine,1,0,ALPN,,0,0,11,-1.5
26129,14570,VP1m+VP2_lvPN2,VP1m+VP2_lvPN2_L,ALPN,cb_intrinsic,L,,acetylcholine,1,0,ALPN,,0,0,9,1.5
26223,14655,M_lPNm11D,M_lPNm11D_R,ALPN,cb_intrinsic,R,,acetylcholine,1,0,ALPN,,0,0,11,-0.5
26387,14805,VC4_adPN,VC4_adPN_R,ALPN,cb_intrinsic,R,,acetylcholine,1,0,ALPN,,0,0,8,0.5
26423,14839,DA2_lPN,DA2_lPN_L,ALPN,cb_intrinsic,L,,acetylcholine,1,0,ALPN,,0,0,1,-1.5
26485,14891,MBON28,MBON28(a'3a)_R,MBON,cb_intrinsic,R,,acetylcholine,1,0,MBON,,0,0,,
26551,14951,M_vPNml51,M_vPNml51_R,ALPN,cb_intrinsic,R,,gaba,-1,0,ALPN,,0,0,,
26625,15014,M_lvPNm42,M_lvPNm42_L,ALPN,cb_intrinsic,L,,acetylcholine,1,0,ALPN,,0,0,,
26628,15016,DL3_lPN,DL3_lPN_R,ALPN,cb_intrinsic,R,,acetylcholine,1,0,ALPN,,0,0,12,-1.5
26657,15043,M_lvPNm45,M_lvPNm45_R,ALPN,cb_intrinsic,R,,acetylcholine,1,0,ALPN,,0,0,,
26762,15142,DL3_lPN,DL3_lPN_R,ALPN,cb_intrinsic,R,,acetylcholine,1,0,ALPN,,0,0,12,-1.5
26766,15146,M_vPNml65,M_vPNml65_R,ALPN,cb_intrinsic,R,,gaba,-1,0,ALPN,,0,0,,
26792,15167,KCg-m,KCg-m_R,Kenyon_Cell,cb_intrinsic,R,,acetylcholine,1,0,KC,gamma,1,2,,
26845,15212,DL2v_adPN,DL2v_adPN_L,ALPN,cb_intrinsic,L,,acetylcholine,1,0,ALPN,,0,0,11,-1.5
26853,15218,MBON19,MBON19(a2p3p)_R,MBON,cb_intrinsic,R,,acetylcholine,1,0,MBON,,0,0,,
26860,15225,M_lvPNm29,M_lvPNm29_L,ALPN,cb_intrinsic,L,,acetylcholine,1,0,ALPN,,0,0,,
26977,15325,M_adPNm7,M_adPNm7_L,ALPN,cb_intrinsic,L,,acetylcholine,1,0,ALPN,,0,0,,
27024,15369,VM5d_adPN,VM5d_adPN_R,ALPN,cb_intrinsic,R,,acetylcholine,1,0,ALPN,,0,0,2,1.5
27074,15415,CB2004,CB2004_L,ALPN,cb_intrinsic,L,,gaba,-1,0,ALPN,,0,0,,
27183,15507,M_lvPNm44,M_lvPNm44_L,ALPN,cb_intrinsic,L,,acetylcholine,1,0,ALPN,,0,0,,
27333,15642,DL3_lPN,DL3_lPN_L,ALPN,cb_intrinsic,L,,acetylcholine,1,0,ALPN,,0,0,12,-1.5
27379,15687,M_lPNm11D,M_lPNm11D_R,ALPN,cb_intrinsic,R,,acetylcholine,1,0,ALPN,,0,0,11,-0.5
27583,15866,KCg-m,KCg-m_R,Kenyon_Cell,cb_intrinsic,R,,acetylcholine,1,0,KC,gamma,1,2,,
27775,16042,VM5d_adPN,VM5d_adPN_R,ALPN,cb_intrinsic,R,,acetylcholine,1,0,ALPN,,0,0,2,1.5
28037,16276,M_vPNml72,M_vPNml72_L,ALPN,cb_intrinsic,L,,gaba,-1,0,ALPN,,0,0,,
28196,16421,KCa'b'-ap1,KCa'b'-ap1_L,Kenyon_Cell,cb_intrinsic,L,,acetylcholine,1,0,KC,apbp,1,2,,
28434,16636,PAM10,PAM10(B1)_R,DAN,cb_intrinsic,R,,dopamine,1,1,DAN,,0,0,,
28516,16706,KCa'b'-ap1,KCa'b'-ap1_L,Kenyon_Cell,cb_intrinsic,L,,acetylcholine,1,0,KC,apbp,1,2,,
28607,16788,M_lvPNm41,M_lvPNm41_L,ALPN,cb_intrinsic,L,,acetylcholine,1,0,ALPN,,0,0,,
28622,16802,MBON28,MBON28(a'3a)_L,MBON,cb_intrinsic,L,,acetylcholine,1,0,MBON,,0,0,,
28631,16811,KCg-m,KCg-m_R,Kenyon_Cell,cb_intrinsic,R,,acetylcholine,1,0,KC,gamma,1,2,,
28640,16819,M_lPNm12,M_lPNm12_R,ALPN,cb_intrinsic,R,,acetylcholine,1,0,ALPN,,0,0,,
28680,16855,VM5d_adPN,VM5d_adPN_L,ALPN,cb_intrinsic,L,,acetylcholine,1,0,ALPN,,0,0,2,1.5
28803,16960,VM4_lvPN,VM4_lvPN_R,ALPN,cb_intrinsic,R,,acetylcholine,1,0,ALPN,,0,0,1,1.5
28848,17000,KCg-d,KCg-d_L,Kenyon_Cell,cb_intrinsic,L,,acetylcholine,1,0,KC,gamma,1,2,,
29090,17216,DP1l_vPN,DP1l_vPN_L,ALPN,cb_intrinsic,L,,gaba,-1,0,ALPN,,0,0,,
29176,17293,DL2v_adPN,DL2v_adPN_R,ALPN,cb_intrinsic,R,,acetylcholine,1,0,ALPN,,0,0,11,-1.5
29217,17327,DL2d_adPN,DL2d_adPN_L,ALPN,cb_intrinsic,L,,acetylcholine,1,0,ALPN,,0,0,10,-1.5
29238,17343,M_lvPNm45,M_lvPNm45_L,ALPN,cb_intrinsic,L,,acetylcholine,1,0,ALPN,,0,0,,
29244,17348,M_lvPNm33,M_lvPNm33_L,ALPN,cb_intrinsic,L,,acetylcholine,1,0,ALPN,,0,0,,
29350,17441,CB0650,CB0650_L,ALPN,cb_intrinsic,L,,glutamate,-1,0,ALPN,,0,0,,
29471,17545,KCab-m,KCab-m_R,Kenyon_Cell,cb_intrinsic,R,,acetylcholine,1,0,KC,ab,1,0,,
29560,17631,M_lvPNm26,M_lvPNm26_R,ALPN,cb_intrinsic,R,,acetylcholine,1,0,ALPN,,0,0,,
29565,17636,PAM10,PAM10(B1)_R,DAN,cb_intrinsic,R,,dopamine,1,1,DAN,,0,0,,
29728,17789,KCg-m,KCg-m_R,Kenyon_Cell,cb_intrinsic,R,,acetylcholine,1,0,KC,gamma,1,3,,
29750,17809,VM4_lvPN,VM4_lvPN_R,ALPN,cb_intrinsic,R,,acetylcholine,1,0,ALPN,,0,0,1,1.5
29824,17874,M_adPNm4,M_adPNm4_L,ALPN,cb_intrinsic,L,,acetylcholine,1,0,ALPN,,0,0,8,-0.5
29826,17875,VL2p_vPN,VL2p_vPN_R,ALPN,cb_intrinsic,R,,gaba,-1,0,ALPN,,0,0,,
30021,18051,M_lPNm11C,M_lPNm11C_L,ALPN,cb_intrinsic,L,,acetylcholine,1,0,ALPN,,0,0,,
30397,18370,KCg-d,KCg-d_R,Kenyon_Cell,cb_intrinsic,R,,acetylcholine,1,0,KC,gamma,1,2,,
30539,18497,M_l2PNm17,M_l2PNm17_R,ALPN,cb_intrinsic,R,,acetylcholine,1,0,ALPN,,0,0,,
30611,18561,M_lvPNm47,M_lvPNm47_L,ALPN,cb_intrinsic,L,,acetylcholine,1,0,ALPN,,0,0,,
30776,18704,M_lvPNm35,M_lvPNm35_L,ALPN,cb_intrinsic,L,,acetylcholine,1,0,ALPN,,0,0,,
30885,18800,M_vPNml52,M_vPNml52_R,ALPN,cb_intrinsic,R,,gaba,-1,0,ALPN,,0,0,,
30914,18825,VP1m+VP2_lvPN2,VP1m+VP2_lvPN2_R,ALPN,cb_intrinsic,R,,acetylcholine,1,0,ALPN,,0,0,9,1.5
30967,18870,CB2004,CB2004_L,ALPN,cb_intrinsic,L,,gaba,-1,0,ALPN,,0,0,,
31016,18914,MBON17,MBON17(a'3m)_L,MBON,cb_intrinsic,L,,acetylcholine,1,0,MBON,,0,0,,
31083,18973,MBON15-like,MBON15-like(a'1a'2)_L,MBON,cb_intrinsic,L,,acetylcholine,1,0,MBON,,0,0,,
31117,19004,M_lPNm11D,M_lPNm11D_R,ALPN,cb_intrinsic,R,,acetylcholine,1,0,ALPN,,0,0,11,-0.5
31166,19043,M_lPNm13,M_lPNm13_L,ALPN,cb_intrinsic,L,,acetylcholine,1,0,ALPN,,0,0,,
31167,19044,M_lvPNm46,M_lvPNm46_L,ALPN,cb_intrinsic,L,,acetylcholine,1,0,ALPN,,0,0,,
31172,19049,M_lvPNm48,M_lvPNm48_R,ALPN,cb_intrinsic,R,,acetylcholine,1,0,ALPN,,0,0,,
31348,19196,M_lPNm11D,M_lPNm11D_L,ALPN,cb_intrinsic,L,,acetylcholine,1,0,ALPN,,0,0,11,-0.5
31397,19237,VL2p_vPN,VL2p_vPN_L,ALPN,cb_intrinsic,L,,gaba,-1,0,ALPN,,0,0,,
31720,19519,KCg-m,KCg-m_R,Kenyon_Cell,cb_intrinsic,R,,acetylcholine,1,0,KC,gamma,1,2,,
32035,19799,KCg-m,KCg-m_R,Kenyon_Cell,cb_intrinsic,R,,acetylcholine,1,0,KC,gamma,1,2,,
32386,20111,KCa'b'-ap1,KCa'b'-ap1_L,Kenyon_Cell,cb_intrinsic,L,,acetylcholine,1,0,KC,apbp,0,2,,
32683,20372,KCg-d,KCg-d_L,Kenyon_Cell,cb_intrinsic,L,,acetylcholine,1,0,KC,gamma,1,2,,
32774,20450,M_lvPNm33,M_lvPNm33_R,ALPN,cb_intrinsic,R,,acetylcholine,1,0,ALPN,,0,0,,
32795,20470,M_vPNml73,M_vPNml73_L,ALPN,cb_intrinsic,L,,gaba,-1,0,ALPN,,0,0,,
32815,20486,VL2a_vPN,VL2a_vPN_L,ALPN,cb_intrinsic,L,,gaba,-1,0,ALPN,,0,0,,
32865,20526,PAM10,PAM10(B1)_L,DAN,cb_intrinsic,L,,dopamine,1,1,DAN,,0,0,,
32880,20539,VP1m+_lvPN,VP1m+_lvPN_L,ALPN,cb_intrinsic,L,,glutamate,-1,0,ALPN,,0,0,,
33086,20721,KCa'b'-ap2,KCa'b'-ap2_L,Kenyon_Cell,cb_intrinsic,L,,acetylcholine,1,0,KC,apbp,0,2,,
33165,20792,VL2a_vPN,VL2a_vPN_R,ALPN,cb_intrinsic,R,,gaba,-1,0,ALPN,,0,0,,
33296,20908,VL2p_vPN,VL2p_vPN_L,ALPN,cb_intrinsic,L,,gaba,-1,0,ALPN,,0,0,,
33316,20927,PPL204,PPL204_L,DAN,cb_intrinsic,L,,dopamine,1,1,DAN,,0,0,,
33591,21172,VP1m+VP2_lvPN2,VP1m+VP2_lvPN2_R,ALPN,cb_intrinsic,R,,acetylcholine,1,0,ALPN,,0,0,9,1.5
33617,21194,MBON19,MBON19(a2p3p)_R,MBON,cb_intrinsic,R,,acetylcholine,1,0,MBON,,0,0,,
33673,21245,KCa'b'-ap1,KCa'b'-ap1_L,Kenyon_Cell,cb_intrinsic,L,,acetylcholine,1,0,KC,apbp,1,2,,
33808,21362,KCg-m,KCg-m_L,Kenyon_Cell,cb_intrinsic,L,,acetylcholine,1,0,KC,gamma,1,2,,
33833,21385,CB2561,CB2561_L,ALPN,cb_intrinsic,L,,gaba,-1,0,ALPN,,0,0,,
33987,21524,VP1m+_lvPN,VP1m+_lvPN_R,ALPN,cb_intrinsic,R,,glutamate,-1,0,ALPN,,0,0,,
34068,21596,DL3_lPN,DL3_lPN_L,ALPN,cb_intrinsic,L,,acetylcholine,1,0,ALPN,,0,0,12,-1.5
34084,21608,M_vPNml79,M_vPNml79_L,ALPN,cb_intrinsic,L,,gaba,-1,0,ALPN,,0,0,,
34130,21648,KCg-m,KCg-m_R,Kenyon_Cell,cb_intrinsic,R,,acetylcholine,1,0,KC,gamma,1,2,,
34301,21802,DA2_lPN,DA2_lPN_R,ALPN,cb_intrinsic,R,,acetylcholine,1,0,ALPN,,0,0,1,-1.5
34385,21875,VM5d_adPN,VM5d_adPN_R,ALPN,cb_intrinsic,R,,acetylcholine,1,0,ALPN,,0,0,2,1.5
34627,22085,M_vPNml67,M_vPNml67_L,ALPN,cb_intrinsic,L,,gaba,-1,0,ALPN,,0,0,,
34870,22298,KCab-p,KCab-p_R,Kenyon_Cell,cb_intrinsic,R,,acetylcholine,1,0,KC,ab,1,0,,
34908,22332,KCg-m,KCg-m_R,Kenyon_Cell,cb_intrinsic,R,,acetylcholine,1,0,KC,gamma,2,2,,
35073,22482,KCa'b'-ap2,KCa'b'-ap2_L,Kenyon_Cell,cb_intrinsic,L,,acetylcholine,1,0,KC,apbp,0,2,,
35180,22576,KCg-d,KCg-d_R,Kenyon_Cell,cb_intrinsic,R,,acetylcholine,1,0,KC,gamma,1,2,,
35182,22578,VP1m+_lvPN,VP1m+_lvPN_L,ALPN,cb_intrinsic,L,,glutamate,-1,0,ALPN,,0,0,,
35293,22676,FB2A,FB2A_L,CX,cb_intrinsic,L,,dopamine,1,1,,,0,0,,
35489,22852,KCa'b'-ap1,KCa'b'-ap1_L,Kenyon_Cell,cb_intrinsic,L,,acetylcholine,1,0,KC,apbp,1,2,,
35533,22892,M_lvPNm45,M_lvPNm45_L,ALPN,cb_intrinsic,L,,acetylcholine,1,0,ALPN,,0,0,,
35668,23013,KCa'b'-ap1,KCa'b'-ap1_L,Kenyon_Cell,cb_intrinsic,L,,acetylcholine,1,0,KC,apbp,1,2,,
35736,23072,KCa'b'-m,KCa'b'-m_R,Kenyon_Cell,cb_intrinsic,R,,acetylcholine,1,0,KC,apbp,0,2,,
35775,23107,KCa'b'-ap2,KCa'b'-ap2_R,Kenyon_Cell,cb_intrinsic,R,,acetylcholine,1,0,KC,apbp,1,2,,
36007,23307,KCa'b'-ap1,KCa'b'-ap1_L,Kenyon_Cell,cb_intrinsic,L,,acetylcholine,1,0,KC,apbp,0,3,,
36043,23340,KCa'b'-ap2,KCa'b'-ap2_L,Kenyon_Cell,cb_intrinsic,L,,acetylcholine,1,0,KC,apbp,1,2,,
36063,23357,M_vPNml60,M_vPNml60_L,ALPN,cb_intrinsic,L,,gaba,-1,0,ALPN,,0,0,,
36094,23386,MBON19,MBON19(a2p3p)_L,MBON,cb_intrinsic,L,,acetylcholine,1,0,MBON,,0,0,,
36119,23409,KCa'b'-ap1,KCa'b'-ap1_R,Kenyon_Cell,cb_intrinsic,R,,acetylcholine,1,0,KC,apbp,0,2,,
36146,23431,M_lvPNm28,M_lvPNm28_R,ALPN,cb_intrinsic,R,,acetylcholine,1,0,ALPN,,0,0,,
36160,23444,M_lvPNm46,M_lvPNm46_L,ALPN,cb_intrinsic,L,,acetylcholine,1,0,ALPN,,0,0,,
36251,23529,KCg-m,KCg-m_R,Kenyon_Cell,cb_intrinsic,R,,acetylcholine,1,0,KC,gamma,1,2,,
36274,23550,M_lvPNm46,M_lvPNm46_R,ALPN,cb_intrinsic,R,,acetylcholine,1,0,ALPN,,0,0,,
36279,23555,VP1l+_lvPN,VP1l+_lvPN_L,ALPN,cb_intrinsic,L,,acetylcholine,1,0,ALPN,,0,0,,
36291,23565,M_lvPNm43,M_lvPNm43_L,ALPN,cb_intrinsic,L,,acetylcholine,1,0,ALPN,,0,0,,
36376,23644,KCa'b'-ap2,KCa'b'-ap2_L,Kenyon_Cell,cb_intrinsic,L,,acetylcholine,1,0,KC,apbp,0,2,,
36378,23646,KCg-m,KCg-m_R,Kenyon_Cell,cb_intrinsic,R,,acetylcholine,1,0,KC,gamma,1,2,,
36423,23684,FB4L,FB4L_R,CX,cb_intrinsic,R,,dopamine,1,1,,,0,0,,
36482,23736,KCab-c,KCab-c_R,Kenyon_Cell,cb_intrinsic,R,,acetylcholine,1,0,KC,ab,2,0,,
36577,23816,M_lvPNm40,M_lvPNm40_L,ALPN,cb_intrinsic,L,,acetylcholine,1,0,ALPN,,0,0,,
36624,23857,PAM10,PAM10(B1)_R,DAN,cb_intrinsic,R,,dopamine,1,1,DAN,,0,0,,
36713,23935,KCa'b'-ap1,KCa'b'-ap1_R,Kenyon_Cell,cb_intrinsic,R,,acetylcholine,1,0,KC,apbp,0,2,,
36723,23943,KCg-d,KCg-d_R,Kenyon_Cell,cb_intrinsic,R,,acetylcholine,1,0,KC,gamma,1,2,,
36743,23961,M_lvPNm26,M_lvPNm26_R,ALPN,cb_intrinsic,R,,acetylcholine,1,0,ALPN,,0,0,,
36774,23991,VP1m+VP2_lvPN2,VP1m+VP2_lvPN2_L,ALPN,cb_intrinsic,L,,acetylcholine,1,0,ALPN,,0,0,9,1.5
36839,24039,KCg-m,KCg-m_R,Kenyon_Cell,cb_intrinsic,R,,acetylcholine,1,0,KC,gamma,1,2,,
36880,24075,M_lvPNm47,M_lvPNm47_L,ALPN,cb_intrinsic,L,,acetylcholine,1,0,ALPN,,0,0,,
37043,24224,KCa'b'-ap1,KCa'b'-ap1_L,Kenyon_Cell,cb_intrinsic,L,,acetylcholine,1,0,KC,apbp,0,2,,
37293,24447,KCa'b'-ap1,KCa'b'-ap1_R,Kenyon_Cell,cb_intrinsic,R,,acetylcholine,1,0,KC,apbp,1,2,,
37311,24463,KCg-m,KCg-m_R,Kenyon_Cell,cb_intrinsic,R,,acetylcholine,1,0,KC,gamma,1,3,,
37336,24484,M_lvPNm35,M_lvPNm35_R,ALPN,cb_intrinsic,R,,acetylcholine,1,0,ALPN,,0,0,,
37432,24567,KCg-m,KCg-m_R,Kenyon_Cell,cb_intrinsic,R,,acetylcholine,1,0,KC,gamma,1,2,,
37596,24713,M_lvPNm43,M_lvPNm43_R,ALPN,cb_intrinsic,R,,acetylcholine,1,0,ALPN,,0,0,,
37635,24748,VP2_l2PN,VP2_l2PN_L,ALPN,cb_intrinsic,L,,acetylcholine,1,0,ALPN,,0,0,,
37720,24822,KCab-s,KCab-s_R,Kenyon_Cell,cb_intrinsic,R,,acetylcholine,1,0,KC,ab,2,0,,
37845,24929,PAM04,PAM04(B2)_R,DAN,cb_intrinsic,R,,dopamine,1,1,DAN,,0,0,,
37860,24943,KCa'b'-ap2,KCa'b'-ap2_R,Kenyon_Cell,cb_intrinsic,R,,acetylcholine,1,0,KC,apbp,1,2,,
37904,24982,KCa'b'-ap1,KCa'b'-ap1_R,Kenyon_Cell,cb_intrinsic,R,,acetylcholine,1,0,KC,apbp,1,2,,
37916,24994,KCg-m,KCg-m_L,Kenyon_Cell,cb_intrinsic,L,,acetylcholine,1,0,KC,gamma,1,2,,
37994,25068,CB2004,CB2004_R,ALPN,cb_intrinsic,R,,gaba,-1,0,ALPN,,0,0,,
38113,25169,KCg-m,KCg-m_L,Kenyon_Cell,cb_intrinsic,L,,acetylcholine,1,0,KC,gamma,1,2,,
38121,25176,KCa'b'-ap1,KCa'b'-ap1_R,Kenyon_Cell,cb_intrinsic,R,,acetylcholine,1,0,KC,apbp,2,3,,
38262,25306,M_lvPNm29,M_lvPNm29_R,ALPN,cb_intrinsic,R,,acetylcholine,1,0,ALPN,,0,0,,
38271,25315,M_lvPNm48,M_lvPNm48_L,ALPN,cb_intrinsic,L,,acetylcholine,1,0,ALPN,,0,0,,
38510,25520,VM5d_adPN,VM5d_adPN_R,ALPN,cb_intrinsic,R,,acetylcholine,1,0,ALPN,,0,0,2,1.5
38528,25535,KCa'b'-ap1,KCa'b'-ap1_R,Kenyon_Cell,cb_intrinsic,R,,acetylcholine,1,0,KC,apbp,1,2,,
38549,25552,KCg-m,KCg-m_L,Kenyon_Cell,cb_intrinsic,L,,acetylcholine,1,0,KC,gamma,1,2,,
38652,25645,M_vPNml75,M_vPNml75_L,ALPN,cb_intrinsic,L,,gaba,-1,0,ALPN,,0,0,,
38657,25649,KCg-d,KCg-d_R,Kenyon_Cell,cb_intrinsic,R,,acetylcholine,1,0,KC,gamma,1,3,,
38684,25671,KCa'b'-ap1,KCa'b'-ap1_L,Kenyon_Cell,cb_intrinsic,L,,acetylcholine,1,0,KC,apbp,1,4,,
38706,25689,ExR2,ExR2_R,CX,cb_intrinsic,R,,dopamine,1,1,,,0,0,,
38746,25725,KCa'b'-ap2,KCa'b'-ap2_L,Kenyon_Cell,cb_intrinsic,L,,acetylcholine,1,0,KC,apbp,0,2,,
38774,25752,KCa'b'-ap1,KCa'b'-ap1_R,Kenyon_Cell,cb_intrinsic,R,,acetylcholine,1,0,KC,apbp,0,2,,
38819,25792,M_VPNml66,M_VPNml66_L,ALPN,cb_intrinsic,L,,gaba,-1,0,ALPN,,0,0,,
38853,25823,MBON15,MBON15(a'1)_L,MBON,cb_intrinsic,L,,acetylcholine,1,0,MBON,,0,0,,
38859,25829,MBON15-like,MBON15-like(a'1a'2)_L,MBON,cb_intrinsic,L,,acetylcholine,1,0,MBON,,0,0,,
38934,25897,KCa'b'-ap2,KCa'b'-ap2_R,Kenyon_Cell,cb_intrinsic,R,,acetylcholine,1,0,KC,apbp,0,2,,
38962,25920,KCg-m,KCg-m_L,Kenyon_Cell,cb_intrinsic,L,,acetylcholine,1,0,KC,gamma,1,2,,
38967,25924,KCg-m,KCg-m_R,Kenyon_Cell,cb_intrinsic,R,,acetylcholine,1,0,KC,gamma,1,2,,
39205,26127,KCa'b'-ap1,KCa'b'-ap1_R,Kenyon_Cell,cb_intrinsic,R,,acetylcholine,1,0,KC,apbp,1,2,,
39316,26229,KCg-d,KCg-d_R,Kenyon_Cell,cb_intrinsic,R,,acetylcholine,1,0,KC,gamma,1,2,,
39456,26352,KCa'b'-ap2,KCa'b'-ap2_L,Kenyon_Cell,cb_intrinsic,L,,acetylcholine,1,0,KC,apbp,1,2,,
39531,26421,KCg-m,KCg-m_L,Kenyon_Cell,cb_intrinsic,L,,acetylcholine,1,0,KC,gamma,1,2,,
39569,26458,KCg-m,KCg-m_R,Kenyon_Cell,cb_intrinsic,R,,acetylcholine,1,0,KC,gamma,1,2,,
39592,26480,M_lvPNm35,M_lvPNm35_L,ALPN,cb_intrinsic,L,,acetylcholine,1,0,ALPN,,0,0,,
39608,26493,MBON10,MBON10(B'1)_L,MBON,cb_intrinsic,L,,gaba,-1,0,MBON,,0,0,,
39617,26502,PAM07,PAM07(y4<y1y2)_L,DAN,cb_intrinsic,L,,dopamine,1,1,DAN,,0,0,,
39655,26537,KCa'b'-ap1,KCa'b'-ap1_R,Kenyon_Cell,cb_intrinsic,R,,acetylcholine,1,0,KC,apbp,1,2,,
39719,26595,M_lPNm11B,M_lPNm11B_R,ALPN,cb_intrinsic,R,,acetylcholine,1,0,ALPN,,0,0,,
39771,26643,KCg-d,KCg-d_R,Kenyon_Cell,cb_intrinsic,R,,acetylcholine,1,0,KC,gamma,1,2,,
39909,26762,KCg-m,KCg-m_R,Kenyon_Cell,cb_intrinsic,R,,acetylcholine,1,0,KC,gamma,1,2,,
39922,26772,M_lPNm11D,M_lPNm11D_L,ALPN,cb_intrinsic,L,,acetylcholine,1,0,ALPN,,0,0,11,-0.5
40027,26866,KCg-d,KCg-d_L,Kenyon_Cell,cb_intrinsic,L,,acetylcholine,1,0,KC,gamma,1,2,,
40066,26895,KCa'b'-ap2,KCa'b'-ap2_R,Kenyon_Cell,cb_intrinsic,R,,acetylcholine,1,0,KC,apbp,1,2,,
40182,27000,VP1l+_lvPN,VP1l+_lvPN_R,ALPN,cb_intrinsic,R,,acetylcholine,1,0,ALPN,,0,0,,
40187,27004,M_lvPNm32,M_lvPNm32_L,ALPN,cb_intrinsic,L,,acetylcholine,1,0,ALPN,,0,0,,
40327,27124,KCg-m,KCg-m_R,Kenyon_Cell,cb_intrinsic,R,,acetylcholine,1,0,KC,gamma,1,2,,
40376,27169,KCg-m,KCg-m_R,Kenyon_Cell,cb_intrinsic,R,,acetylcholine,1,0,KC,gamma,1,2,,
40602,27366,KCg-m,KCg-m_R,Kenyon_Cell,cb_intrinsic,R,,acetylcholine,1,0,KC,gamma,1,2,,
40615,27377,KCa'b'-ap1,KCa'b'-ap1_R,Kenyon_Cell,cb_intrinsic,R,,acetylcholine,1,0,KC,apbp,1,2,,
40685,27439,M_lvPNm31,M_lvPNm31_R,ALPN,cb_intrinsic,R,,acetylcholine,1,0,ALPN,,0,0,,
40788,27534,KCa'b'-ap2,KCa'b'-ap2_R,Kenyon_Cell,cb_intrinsic,R,,acetylcholine,1,0,KC,apbp,1,2,,
40821,27565,KCg,KCg_L,Kenyon_Cell,cb_intrinsic,L,,acetylcholine,1,0,KC,gamma,1,2,,
40838,27582,M_adPNm3,M_adPNm3_L,ALPN,cb_intrinsic,L,,acetylcholine,1,0,ALPN,,0,0,,
40921,27658,KCg-m,KCg-m_R,Kenyon_Cell,cb_intrinsic,R,,acetylcholine,1,0,KC,gamma,1,2,,
41131,27845,KCg-m,KCg-m_L,Kenyon_Cell,cb_intrinsic,L,,acetylcholine,1,0,KC,gamma,1,2,,
41134,27848,KCg-d,KCg-d_R,Kenyon_Cell,cb_intrinsic,R,,acetylcholine,1,0,KC,gamma,1,2,,
41150,27862,KCg-m,KCg-m_R,Kenyon_Cell,cb_intrinsic,R,,acetylcholine,1,0,KC,gamma,1,2,,
41232,27933,KCg-m,KCg-m_R,Kenyon_Cell,cb_intrinsic,R,,acetylcholine,1,0,KC,gamma,1,2,,
41238,27938,M_vPNml53,M_vPNml53_R,ALPN,cb_intrinsic,R,,gaba,-1,0,ALPN,,0,0,,
41295,27986,KCg-m,KCg-m_R,Kenyon_Cell,cb_intrinsic,R,,acetylcholine,1,0,KC,gamma,1,2,,
41345,28030,VP1m+VP2_lvPN2,VP1m+VP2_lvPN2_R,ALPN,cb_intrinsic,R,,acetylcholine,1,0,ALPN,,0,0,9,1.5
41378,28061,KCg-m,KCg-m_R,Kenyon_Cell,cb_intrinsic,R,,acetylcholine,1,0,KC,gamma,1,2,,
41406,28085,KCab-c,KCab-c_R,Kenyon_Cell,cb_intrinsic,R,,acetylcholine,1,0,KC,ab,1,0,,
41407,28086,M_lvPNm31,M_lvPNm31_L,ALPN,cb_intrinsic,L,,acetylcholine,1,0,ALPN,,0,0,,
41480,28152,KCa'b'-m,KCa'b'-m_L,Kenyon_Cell,cb_intrinsic,L,,acetylcholine,1,0,KC,apbp,2,2,,
41509,28176,KCa'b'-ap2,KCa'b'-ap2_L,Kenyon_Cell,cb_intrinsic,L,,acetylcholine,1,0,KC,apbp,0,2,,
41517,28183,VP1l+_lvPN,VP1l+_lvPN_R,ALPN,cb_intrinsic,R,,acetylcholine,1,0,ALPN,,0,0,,
41555,28217,KCa'b'-ap1,KCa'b'-ap1_L,Kenyon_Cell,cb_intrinsic,L,,acetylcholine,1,0,KC,apbp,1,2,,
41602,28258,KCa'b'-ap1,KCa'b'-ap1_L,Kenyon_Cell,cb_intrinsic,L,,acetylcholine,1,0,KC,apbp,0,4,,
41645,28296,KCa'b'-ap2,KCa'b'-ap2_R,Kenyon_Cell,cb_intrinsic,R,,acetylcholine,1,0,KC,apbp,0,2,,
41692,28333,MBON17,MBON17(a'3m)_R,MBON,cb_intrinsic,R,,acetylcholine,1,0,MBON,,0,0,,
41778,28409,M_lvPNm43,M_lvPNm43_L,ALPN,cb_intrinsic,L,,acetylcholine,1,0,ALPN,,0,0,,
41787,28418,KCg-m,KCg-m_R,Kenyon_Cell,cb_intrinsic,R,,acetylcholine,1,0,KC,gamma,1,3,,
41793,28423,KCa'b'-ap2,KCa'b'-ap2_L,Kenyon_Cell,cb_intrinsic,L,,acetylcholine,1,0,KC,apbp,0,2,,
41807,28436,KCg-m,KCg-m_R,Kenyon_Cell,cb_intrinsic,R,,acetylcholine,1,0,KC,gamma,1,2,,
41840,28465,VP1m+VP2_lvPN2,VP1m+VP2_lvPN2_L,ALPN,cb_intrinsic,L,,acetylcholine,1,0,ALPN,,0,0,9,1.5
41891,28511,KCg-m,KCg-m_R,Kenyon_Cell,cb_intrinsic,R,,acetylcholine,1,0,KC,gamma,1,2,,
41899,28518,KCa'b'-ap2,KCa'b'-ap2_R,Kenyon_Cell,cb_intrinsic,R,,acetylcholine,1,0,KC,apbp,1,2,,
41920,28537,KCg-m,KCg-m_L,Kenyon_Cell,cb_intrinsic,L,,acetylcholine,1,0,KC,gamma,1,2,,
41968,28576,KCa'b'-ap1,KCa'b'-ap1_R,Kenyon_Cell,cb_intrinsic,R,,acetylcholine,1,0,KC,apbp,0,2,,
42101,28694,M_vPNml83,M_vPNml83_L,ALPN,cb_intrinsic,L,,gaba,-1,0,ALPN,,0,0,,
42111,28703,KCa'b'-ap1,KCa'b'-ap1_L,Kenyon_Cell,cb_intrinsic,L,,acetylcholine,1,0,KC,apbp,1,2,,
42115,28707,KCa'b'-ap1,KCa'b'-ap1_L,Kenyon_Cell,cb_intrinsic,L,,acetylcholine,1,0,KC,apbp,0,2,,
42131,28722,KCa'b'-ap1,KCa'b'-ap1_L,Kenyon_Cell,cb_intrinsic,L,,acetylcholine,1,0,KC,apbp,1,3,,
42140,28730,KCg-m,KCg-m_L,Kenyon_Cell,cb_intrinsic,L,,acetylcholine,1,0,KC,gamma,1,2,,
42182,28770,KCa'b'-ap2,KCa'b'-ap2_R,Kenyon_Cell,cb_intrinsic,R,,acetylcholine,1,0,KC,apbp,1,2,,
42185,28773,KCab-p,KCab-p_R,Kenyon_Cell,cb_intrinsic,R,,acetylcholine,1,0,KC,ab,1,0,,
42216,28799,KCg-m,KCg-m_R,Kenyon_Cell,cb_intrinsic,R,,acetylcholine,1,0,KC,gamma,1,2,,
42260,28841,KCa'b'-ap1,KCa'b'-ap1_R,Kenyon_Cell,cb_intrinsic,R,,acetylcholine,1,0,KC,apbp,1,2,,
42370,28942,KCg-d,KCg-d_R,Kenyon_Cell,cb_intrinsic,R,,acetylcholine,1,0,KC,gamma,1,2,,
42409,28974,KCa'b'-ap1,KCa'b'-ap1_L,Kenyon_Cell,cb_intrinsic,L,,acetylcholine,1,0,KC,apbp,2,3,,
42425,28985,KCg-m,KCg-m_R,Kenyon_Cell,cb_intrinsic,R,,acetylcholine,1,0,KC,gamma,1,2,,
42494,29044,M_lvPNm33,M_lvPNm33_L,ALPN,cb_intrinsic,L,,acetylcholine,1,0,ALPN,,0,0,,
42582,29124,KCab-s,KCab-s_R,Kenyon_Cell,cb_intrinsic,R,,acetylcholine,1,0,KC,ab,2,0,,
42597,29139,KCa'b'-ap1,KCa'b'-ap1_L,Kenyon_Cell,cb_intrinsic,L,,acetylcholine,1,0,KC,apbp,0,2,,
42744,29262,KCg-m,KCg-m_L,Kenyon_Cell,cb_intrinsic,L,,acetylcholine,1,0,KC,gamma,1,2,,
42813,29321,KCa'b'-m,KCa'b'-m_R,Kenyon_Cell,cb_intrinsic,R,,acetylcholine,1,0,KC,apbp,2,2,,
42908,29406,KCg-m,KCg-m_R,Kenyon_Cell,cb_intrinsic,R,,acetylcholine,1,0,KC,gamma,1,2,,
42969,29455,KCg-d,KCg-d_R,Kenyon_Cell,cb_intrinsic,R,,acetylcholine,1,0,KC,gamma,1,2,,
42984,29469,M_lvPNm45,M_lvPNm45_R,ALPN,cb_intrinsic,R,,acetylcholine,1,0,ALPN,,0,0,,
43183,29641,VP1l+_lvPN,VP1l+_lvPN_R,ALPN,cb_intrinsic,R,,acetylcholine,1,0,ALPN,,0,0,,
43216,29672,M_lvPNm26,M_lvPNm26_L,ALPN,cb_intrinsic,L,,acetylcholine,1,0,ALPN,,0,0,,
43228,29684,KCa'b'-ap2,KCa'b'-ap2_L,Kenyon_Cell,cb_intrinsic,L,,acetylcholine,1,0,KC,apbp,1,2,,
43246,29699,KCa'b'-ap1,KCa'b'-ap1_L,Kenyon_Cell,cb_intrinsic,L,,acetylcholine,1,0,KC,apbp,0,2,,
43321,29766,KCab-m,KCab-m_R,Kenyon_Cell,cb_intrinsic,R,,acetylcholine,1,0,KC,ab,1,0,,
43351,29792,KCa'b'-ap1,KCa'b'-ap1_L,Kenyon_Cell,cb_intrinsic,L,,acetylcholine,1,0,KC,apbp,0,2,,
43354,29795,KCg-m,KCg-m_L,Kenyon_Cell,cb_intrinsic,L,,acetylcholine,1,0,KC,gamma,1,2,,
43358,29799,KCa'b'-ap1,KCa'b'-ap1_R,Kenyon_Cell,cb_intrinsic,R,,acetylcholine,1,0,KC,apbp,1,2,,
43363,29804,M_lvPNm30,M_lvPNm30_R,ALPN,cb_intrinsic,R,,acetylcholine,1,0,ALPN,,0,0,,
43379,29818,KCa'b'-m,KCa'b'-m_L,Kenyon_Cell,cb_intrinsic,L,,acetylcholine,1,0,KC,apbp,0,2,,
43380,29819,KCg-m,KCg-m_R,Kenyon_Cell,cb_intrinsic,R,,acetylcholine,1,0,KC,gamma,1,3,,
43462,29893,KCa'b'-ap1,KCa'b'-ap1_R,Kenyon_Cell,cb_intrinsic,R,,acetylcholine,1,0,KC,apbp,2,2,,
43474,29903,KCab-m,KCab-m_R,Kenyon_Cell,cb_intrinsic,R,,acetylcholine,1,0,KC,ab,2,0,,
43489,29917,M_vPNml67,M_vPNml67_R,ALPN,cb_intrinsic,R,,gaba,-1,0,ALPN,,0,0,,
43580,30001,KCa'b'-ap2,KCa'b'-ap2_L,Kenyon_Cell,cb_intrinsic,L,,acetylcholine,1,0,KC,apbp,0,2,,
43597,30012,KCg-m,KCg-m_R,Kenyon_Cell,cb_intrinsic,R,,acetylcholine,1,0,KC,gamma,1,2,,
43616,30026,KCg-m,KCg-m_R,Kenyon_Cell,cb_intrinsic,R,,acetylcholine,1,0,KC,gamma,1,2,,
43639,30047,KCg-m,KCg-m_L,Kenyon_Cell,cb_intrinsic,L,,acetylcholine,1,0,KC,gamma,1,2,,
43658,30064,KCg-m,KCg-m_R,Kenyon_Cell,cb_intrinsic,R,,acetylcholine,1,0,KC,gamma,1,2,,
43756,30147,FB4M,FB4M(PPM3-FB3/4-NO-DAN)_L,CX,cb_intrinsic,L,,dopamine,1,1,,,0,0,,
43775,30164,KCg-m,KCg-m_R,Kenyon_Cell,cb_intrinsic,R,,acetylcholine,1,0,KC,gamma,1,2,,
43811,30199,KCg-m,KCg-m_L,Kenyon_Cell,cb_intrinsic,L,,acetylcholine,1,0,KC,gamma,1,2,,
43850,30231,KCg-m,KCg-m_R,Kenyon_Cell,cb_intrinsic,R,,acetylcholine,1,0,KC,gamma,1,2,,
43856,30236,KCa'b'-ap2,KCa'b'-ap2_L,Kenyon_Cell,cb_intrinsic,L,,acetylcholine,1,0,KC,apbp,1,2,,
43867,30246,KCg-d,KCg-d_R,Kenyon_Cell,cb_intrinsic,R,,acetylcholine,1,0,KC,gamma,1,2,,
43876,30255,KCg-m,KCg-m_R,Kenyon_Cell,cb_intrinsic,R,,acetylcholine,1,0,KC,gamma,1,2,,
43889,30267,KCa'b'-ap2,KCa'b'-ap2_R,Kenyon_Cell,cb_intrinsic,R,,acetylcholine,1,0,KC,apbp,0,2,,
43899,30275,KCa'b'-ap1,KCa'b'-ap1_R,Kenyon_Cell,cb_intrinsic,R,,acetylcholine,1,0,KC,apbp,1,2,,
43980,30344,KCg-m,KCg-m_R,Kenyon_Cell,cb_intrinsic,R,,acetylcholine,1,0,KC,gamma,1,2,,
44024,30384,KCg-m,KCg-m_R,Kenyon_Cell,cb_intrinsic,R,,acetylcholine,1,0,KC,gamma,1,2,,
44035,30394,KCa'b'-ap1,KCa'b'-ap1_L,Kenyon_Cell,cb_intrinsic,L,,acetylcholine,1,0,KC,apbp,1,2,,
44054,30411,KCg-m,KCg-m_R,Kenyon_Cell,cb_intrinsic,R,,acetylcholine,1,0,KC,gamma,1,2,,
44069,30424,KCg-d,KCg-d_L,Kenyon_Cell,cb_intrinsic,L,,acetylcholine,1,0,KC,gamma,1,2,,
44082,30436,KCg-m,KCg-m_R,Kenyon_Cell,cb_intrinsic,R,,acetylcholine,1,0,KC,gamma,1,2,,
44179,30517,KCa'b'-ap2,KCa'b'-ap2_R,Kenyon_Cell,cb_intrinsic,R,,acetylcholine,1,0,KC,apbp,0,1,,
44260,30590,KCg-m,KCg-m_L,Kenyon_Cell,cb_intrinsic,L,,acetylcholine,1,0,KC,gamma,1,2,,
44302,30630,M_vPNml72,M_vPNml72_R,ALPN,cb_intrinsic,R,,gaba,-1,0,ALPN,,0,0,,
44314,30642,KCa'b'-ap2,KCa'b'-ap2_R,Kenyon_Cell,cb_intrinsic,R,,acetylcholine,1,0,KC,apbp,1,2,,
44485,30793,KCg-d,KCg-d_R,Kenyon_Cell,cb_intrinsic,R,,acetylcholine,1,0,KC,gamma,1,2,,
44551,30849,KCa'b'-ap2,KCa'b'-ap2_L,Kenyon_Cell,cb_intrinsic,L,,acetylcholine,1,0,KC,apbp,1,2,,
44557,30853,KCa'b'-m,KCa'b'-m_R,Kenyon_Cell,cb_intrinsic,R,,acetylcholine,1,0,KC,apbp,1,2,,
44587,30880,M_lvPNm48,M_lvPNm48_L,ALPN,cb_intrinsic,L,,acetylcholine,1,0,ALPN,,0,0,,
44619,30906,MBON15-like,MBON15-like(a'1a'2)_R,MBON,cb_intrinsic,R,,acetylcholine,1,0,MBON,,0,0,,
44647,30932,KCa'b'-ap1,KCa'b'-ap1_L,Kenyon_Cell,cb_intrinsic,L,,acetylcholine,1,0,KC,apbp,0,2,,
44682,30966,KCg-m,KCg-m_L,Kenyon_Cell,cb_intrinsic,L,,acetylcholine,1,0,KC,gamma,1,2,,
44748,31024,KCa'b'-ap2,KCa'b'-ap2_R,Kenyon_Cell,cb_intrinsic,R,,acetylcholine,1,0,KC,apbp,1,2,,
44766,31038,KCg-m,KCg-m_R,Kenyon_Cell,cb_intrinsic,R,,acetylcholine,1,0,KC,gamma,1,3,,
44820,31088,KCa'b'-ap1,KCa'b'-ap1_L,Kenyon_Cell,cb_intrinsic,L,,acetylcholine,1,0,KC,apbp,0,2,,
44840,31104,KCg-m,KCg-m_R,Kenyon_Cell,cb_intrinsic,R,,acetylcholine,1,0,KC,gamma,1,2,,
44848,31110,KCa'b'-ap1,KCa'b'-ap1_L,Kenyon_Cell,cb_intrinsic,L,,acetylcholine,1,0,KC,apbp,0,3,,
44850,31112,KCg-s3,KCg-s3_L,Kenyon_Cell,cb_intrinsic,L,,acetylcholine,1,0,KC,gamma,1,2,,
44903,31157,FB4M,FB4M(PPM3-FB3/4-NO-DAN)_L,CX,cb_intrinsic,L,,dopamine,1,1,,,0,0,,
44940,31189,KCg-m,KCg-m_R,Kenyon_Cell,cb_intrinsic,R,,acetylcholine,1,0,KC,gamma,1,2,,
44948,31197,KCg-d,KCg-d_R,Kenyon_Cell,cb_intrinsic,R,,acetylcholine,1,0,KC,gamma,1,2,,
44995,31238,M_lPNm11D,M_lPNm11D_R,ALPN,cb_intrinsic,R,,acetylcholine,1,0,ALPN,,0,0,11,-0.5
45016,31256,KCg-m,KCg-m_R,Kenyon_Cell,cb_intrinsic,R,,acetylcholine,1,0,KC,gamma,1,2,,
45018,31258,M_lvPNm35,M_lvPNm35_L,ALPN,cb_intrinsic,L,,acetylcholine,1,0,ALPN,,0,0,,
45024,31264,FB1C,FB1C_R,CX,cb_intrinsic,R,,dopamine,1,1,,,0,0,,
45032,31272,KCab-s,KCab-s_R,Kenyon_Cell,cb_intrinsic,R,,acetylcholine,1,0,KC,ab,1,0,,
45060,31299,KCg-m,KCg-m_R,Kenyon_Cell,cb_intrinsic,R,,acetylcholine,1,0,KC,gamma,1,2,,
45066,31304,KCa'b'-ap2,KCa'b'-ap2_L,Kenyon_Cell,cb_intrinsic,L,,acetylcholine,1,0,KC,apbp,1,2,,
45149,31371,M_vPNml80,M_vPNml80_L,ALPN,cb_intrinsic,L,,gaba,-1,0,ALPN,,0,0,,
45183,31397,KCg-m,KCg-m_R,Kenyon_Cell,cb_intrinsic,R,,acetylcholine,1,0,KC,gamma,1,2,,
45199,31411,KCg-m,KCg-m_L,Kenyon_Cell,cb_intrinsic,L,,acetylcholine,1,0,KC,gamma,1,2,,
45259,31463,KCg-m,KCg-m_L,Kenyon_Cell,cb_intrinsic,L,,acetylcholine,1,0,KC,gamma,1,2,,
45266,31469,KCa'b'-ap2,KCa'b'-ap2_L,Kenyon_Cell,cb_intrinsic,L,,acetylcholine,1,0,KC,apbp,0,2,,
45325,31520,M_lvPNm44,M_lvPNm44_R,ALPN,cb_intrinsic,R,,acetylcholine,1,0,ALPN,,0,0,,
45380,31565,KCg-m,KCg-m_L,Kenyon_Cell,cb_intrinsic,L,,acetylcholine,1,0,KC,gamma,1,2,,
45388,31572,KCa'b'-ap1,KCa'b'-ap1_R,Kenyon_Cell,cb_intrinsic,R,,acetylcholine,1,0,KC,apbp,0,2,,
45392,31576,KCg-m,KCg-m_R,Kenyon_Cell,cb_intrinsic,R,,acetylcholine,1,0,KC,gamma,2,2,,
45407,31590,VM6_lvPN,VM6_lvPN_L,ALPN,cb_intrinsic,L,,acetylcholine,1,0,ALPN,,0,0,,
45430,31611,M_lPNm11C,M_lPNm11C_R,ALPN,cb_intrinsic,R,,acetylcholine,1,0,ALPN,,0,0,,
45434,31615,KCg-m,KCg-m_L,Kenyon_Cell,cb_intrinsic,L,,acetylcholine,1,0,KC,gamma,1,2,,
45451,31632,CB3447,CB3447_L,ALPN,cb_intrinsic,L,,gaba,-1,0,ALPN,,0,0,,
45460,31640,KCg-m,KCg-m_L,Kenyon_Cell,cb_intrinsic,L,,acetylcholine,1,0,KC,gamma,1,3,,
45467,31647,KCg-m,KCg-m_L,Kenyon_Cell,cb_intrinsic,L,,acetylcholine,1,0,KC,gamma,1,2,,
45512,31686,KCg-m,KCg-m_R,Kenyon_Cell,cb_intrinsic,R,,acetylcholine,1,0,KC,gamma,1,2,,
45529,31701,KCab-s,KCab-s_R,Kenyon_Cell,cb_intrinsic,R,,acetylcholine,1,0,KC,ab,1,0,,
45553,31724,KCg-m,KCg-m_R,Kenyon_Cell,cb_intrinsic,R,,acetylcholine,1,0,KC,gamma,1,3,,
45563,31732,KCg-m,KCg-m_R,Kenyon_Cell,cb_intrinsic,R,,acetylcholine,1,0,KC,gamma,1,2,,
45612,31774,KCg-m,KCg-m_R,Kenyon_Cell,cb_intrinsic,R,,acetylcholine,1,0,KC,gamma,1,2,,
45620,31781,KCg-m,KCg-m_L,Kenyon_Cell,cb_intrinsic,L,,acetylcholine,1,0,KC,gamma,1,2,,
45663,31819,KCg-m,KCg-m_R,Kenyon_Cell,cb_intrinsic,R,,acetylcholine,1,0,KC,gamma,1,2,,
45721,31873,KCab-s,KCab-s_R,Kenyon_Cell,cb_intrinsic,R,,acetylcholine,1,0,KC,ab,1,0,,
45736,31884,KCg-m,KCg-m_R,Kenyon_Cell,cb_intrinsic,R,,acetylcholine,1,0,KC,gamma,1,2,,
45761,31906,KCg-m,KCg-m_R,Kenyon_Cell,cb_intrinsic,R,,acetylcholine,1,0,KC,gamma,1,2,,
45807,31943,KCa'b'-m,KCa'b'-m_L,Kenyon_Cell,cb_intrinsic,L,,acetylcholine,1,0,KC,apbp,0,2,,
45881,32010,KCg-m,KCg-m_R,Kenyon_Cell,cb_intrinsic,R,,acetylcholine,1,0,KC,gamma,1,2,,
45950,32071,KCg-m,KCg-m_L,Kenyon_Cell,cb_intrinsic,L,,acetylcholine,1,0,KC,gamma,1,2,,
46056,32169,KCa'b'-ap2,KCa'b'-ap2_R,Kenyon_Cell,cb_intrinsic,R,,acetylcholine,1,0,KC,apbp,1,2,,
46118,32220,KCa'b'-ap1,KCa'b'-ap1_R,Kenyon_Cell,cb_intrinsic,R,,acetylcholine,1,0,KC,apbp,2,2,,
46184,32281,M_lvPNm48,M_lvPNm48_L,ALPN,cb_intrinsic,L,,acetylcholine,1,0,ALPN,,0,0,,
46195,32292,KCg-m,KCg-m_R,Kenyon_Cell,cb_intrinsic,R,,acetylcholine,1,0,KC,gamma,1,2,,
46196,32293,KCg-d,KCg-d_R,Kenyon_Cell,cb_intrinsic,R,,acetylcholine,1,0,KC,gamma,1,2,,
46266,32356,KCg-m,KCg-m_R,Kenyon_Cell,cb_intrinsic,R,,acetylcholine,1,0,KC,gamma,1,2,,
46287,32375,KCg-m,KCg-m_R,Kenyon_Cell,cb_intrinsic,R,,acetylcholine,1,0,KC,gamma,1,2,,
46398,32469,KCab-p,KCab-p_R,Kenyon_Cell,cb_intrinsic,R,,acetylcholine,1,0,KC,ab,1,0,,
46400,32471,KCa'b'-ap2,KCa'b'-ap2_L,Kenyon_Cell,cb_intrinsic,L,,acetylcholine,1,0,KC,apbp,0,2,,
46425,32492,KCa'b'-m,KCa'b'-m_R,Kenyon_Cell,cb_intrinsic,R,,acetylcholine,1,0,KC,apbp,2,2,,
46457,32518,KCg-m,KCg-m_R,Kenyon_Cell,cb_intrinsic,R,,acetylcholine,1,0,KC,gamma,1,3,,
46463,32523,KCg-m,KCg-m_R,Kenyon_Cell,cb_intrinsic,R,,acetylcholine,1,0,KC,gamma,1,2,,
46475,32534,KCg-m,KCg-m_R,Kenyon_Cell,cb_intrinsic,R,,acetylcholine,1,0,KC,gamma,1,3,,
46497,32553,KCg-m,KCg-m_L,Kenyon_Cell,cb_intrinsic,L,,acetylcholine,1,0,KC,gamma,1,2,,
46566,32616,KCa'b'-ap2,KCa'b'-ap2_L,Kenyon_Cell,cb_intrinsic,L,,acetylcholine,1,0,KC,apbp,0,2,,
46592,32639,KCab-s,KCab-s_R,Kenyon_Cell,cb_intrinsic,R,,acetylcholine,1,0,KC,ab,2,0,,
46631,32674,KCa'b'-ap1,KCa'b'-ap1_L,Kenyon_Cell,cb_intrinsic,L,,acetylcholine,1,0,KC,apbp,0,2,,
46670,32708,KCg-m,KCg-m_R,Kenyon_Cell,cb_intrinsic,R,,acetylcholine,1,0,KC,gamma,1,2,,
46790,32808,M_lPNm11A,M_lPNm11A_R,ALPN,cb_intrinsic,R,,acetylcholine,1,0,ALPN,,0,0,,
46794,32812,PAM04,PAM04(B2)_R,DAN,cb_intrinsic,R,,dopamine,1,1,DAN,,0,0,,
46806,32823,KCa'b'-ap1,KCa'b'-ap1_L,Kenyon_Cell,cb_intrinsic,L,,acetylcholine,1,0,KC,apbp,0,2,,
46991,32978,KCg-m,KCg-m_R,Kenyon_Cell,cb_intrinsic,R,,acetylcholine,1,0,KC,gamma,1,2,,
47026,33010,KCg-m,KCg-m_R,Kenyon_Cell,cb_intrinsic,R,,acetylcholine,1,0,KC,gamma,1,2,,
47040,33023,M_lvPNm48,M_lvPNm48_R,ALPN,cb_intrinsic,R,,acetylcholine,1,0,ALPN,,0,0,,
47074,33055,KCa'b'-ap1,KCa'b'-ap1_L,Kenyon_Cell,cb_intrinsic,L,,acetylcholine,1,0,KC,apbp,0,2,,
47101,33078,KCg-m,KCg-m_L,Kenyon_Cell,cb_intrinsic,L,,acetylcholine,1,0,KC,gamma,1,2,,
47117,33090,KCg-m,KCg-m_L,Kenyon_Cell,cb_intrinsic,L,,acetylcholine,1,0,KC,gamma,1,4,,
47181,33147,KCg-d,KCg-d_L,Kenyon_Cell,cb_intrinsic,L,,acetylcholine,1,0,KC,gamma,1,2,,
47193,33158,KCab-s,KCab-s_L,Kenyon_Cell,cb_intrinsic,L,,acetylcholine,1,0,KC,ab,1,0,,
47196,33160,PAM07,PAM07(y4<y1y2)_R,DAN,cb_intrinsic,R,,dopamine,1,1,DAN,,0,0,,
47203,33166,KCa'b'-m,KCa'b'-m_L,Kenyon_Cell,cb_intrinsic,L,,acetylcholine,1,0,KC,apbp,0,2,,
47287,33237,KCg-m,KCg-m_L,Kenyon_Cell,cb_intrinsic,L,,acetylcholine,1,0,KC,gamma,1,2,,
47301,33250,KCa'b'-ap1,KCa'b'-ap1_L,Kenyon_Cell,cb_intrinsic,L,,acetylcholine,1,0,KC,apbp,0,3,,
47354,33293,KCg-d,KCg-d_R,Kenyon_Cell,cb_intrinsic,R,,acetylcholine,1,0,KC,gamma,1,2,,
47380,33316,KCg-m,KCg-m_R,Kenyon_Cell,cb_intrinsic,R,,acetylcholine,1,0,KC,gamma,1,2,,
47391,33327,KCa'b'-ap2,KCa'b'-ap2_L,Kenyon_Cell,cb_intrinsic,L,,acetylcholine,1,0,KC,apbp,0,2,,
47401,33337,KCa'b'-m,KCa'b'-m_L,Kenyon_Cell,cb_intrinsic,L,,acetylcholine,1,0,KC,apbp,0,2,,
47413,33348,M_lvPNm37,M_lvPNm37_R,ALPN,cb_intrinsic,R,,acetylcholine,1,0,ALPN,,0,0,,
47435,33368,KCa'b'-ap1,KCa'b'-ap1_R,Kenyon_Cell,cb_intrinsic,R,,acetylcholine,1,0,KC,apbp,1,2,,
47441,33374,KCg-m,KCg-m_R,Kenyon_Cell,cb_intrinsic,R,,acetylcholine,1,0,KC,gamma,1,2,,
47446,33379,KCg-m,KCg-m_R,Kenyon_Cell,cb_intrinsic,R,,acetylcholine,1,0,KC,gamma,1,2,,
47551,33469,MBON19,MBON19(a2p3p)_L,MBON,cb_intrinsic,L,,acetylcholine,1,0,MBON,,0,0,,
47567,33482,KCg-d,KCg-d_L,Kenyon_Cell,cb_intrinsic,L,,acetylcholine,1,0,KC,gamma,1,2,,
47617,33526,M_lvPNm41,M_lvPNm41_R,ALPN,cb_intrinsic,R,,acetylcholine,1,0,ALPN,,0,0,,
47630,33536,KCa'b'-ap2,KCa'b'-ap2_R,Kenyon_Cell,cb_intrinsic,R,,acetylcholine,1,0,KC,apbp,1,2,,
47694,33590,KCg-m,KCg-m_L,Kenyon_Cell,cb_intrinsic,L,,acetylcholine,1,0,KC,gamma,1,2,,
47728,33621,VP1l+_lvPN,VP1l+_lvPN_R,ALPN,cb_intrinsic,R,,acetylcholine,1,0,ALPN,,0,0,,
47732,33624,KCa'b'-ap1,KCa'b'-ap1_R,Kenyon_Cell,cb_intrinsic,R,,acetylcholine,1,0,KC,apbp,1,2,,
47737,33628,KCa'b'-ap1,KCa'b'-ap1_R,Kenyon_Cell,cb_intrinsic,R,,acetylcholine,1,0,KC,apbp,2,2,,
47758,33645,KCg-m,KCg-m_L,Kenyon_Cell,cb_intrinsic,L,,acetylcholine,1,0,KC,gamma,1,2,,
47771,33657,KCa'b'-ap2,KCa'b'-ap2_L,Kenyon_Cell,cb_intrinsic,L,,acetylcholine,1,0,KC,apbp,0,2,,
47779,33662,KCg-m,KCg-m_R,Kenyon_Cell,cb_intrinsic,R,,acetylcholine,1,0,KC,gamma,1,2,,
47793,33674,KCa'b'-m,KCa'b'-m_R,Kenyon_Cell,cb_intrinsic,R,,acetylcholine,1,0,KC,apbp,1,2,,
47834,33708,KCa'b'-ap1,KCa'b'-ap1_R,Kenyon_Cell,cb_intrinsic,R,,acetylcholine,1,0,KC,apbp,0,2,,
47839,33712,M_vPNml68,M_vPNml68_R,ALPN,cb_intrinsic,R,,gaba,-1,0,ALPN,,0,0,,
47847,33720,KCg-d,KCg-d_R,Kenyon_Cell,cb_intrinsic,R,,acetylcholine,1,0,KC,gamma,1,2,,
47858,33729,KCg-m,KCg-m_R,Kenyon_Cell,cb_intrinsic,R,,acetylcholine,1,0,KC,gamma,1,2,,
47901,33767,KCg-m,KCg-m_R,Kenyon_Cell,cb_intrinsic,R,,acetylcholine,1,0,KC,gamma,1,2,,
47984,33843,KCg-m,KCg-m_R,Kenyon_Cell,cb_intrinsic,R,,acetylcholine,1,0,KC,gamma,1,2,,
47988,33846,KCg-m,KCg-m_L,Kenyon_Cell,cb_intrinsic,L,,acetylcholine,1,0,KC,gamma,1,2,,
47997,33855,KCg-m,KCg-m_R,Kenyon_Cell,cb_intrinsic,R,,acetylcholine,1,0,KC,gamma,1,2,,
48009,33867,KCa'b'-ap2,KCa'b'-ap2_R,Kenyon_Cell,cb_intrinsic,R,,acetylcholine,1,0,KC,apbp,1,2,,
48021,33878,KCg-m,KCg-m_R,Kenyon_Cell,cb_intrinsic,R,,acetylcholine,1,0,KC,gamma,1,2,,
48030,33884,KCab-s,KCab-s_L,Kenyon_Cell,cb_intrinsic,L,,acetylcholine,1,0,KC,ab,2,0,,
48032,33885,KCa'b'-ap2,KCa'b'-ap2_L,Kenyon_Cell,cb_intrinsic,L,,acetylcholine,1,0,KC,apbp,1,2,,
48034,33887,KCa'b'-ap2,KCa'b'-ap2_L,Kenyon_Cell,cb_intrinsic,L,,acetylcholine,1,0,KC,apbp,0,2,,
48042,33894,M_lvPNm48,M_lvPNm48_L,ALPN,cb_intrinsic,L,,acetylcholine,1,0,ALPN,,0,0,,
48100,33943,KCa'b'-ap2,KCa'b'-ap2_L,Kenyon_Cell,cb_intrinsic,L,,acetylcholine,1,0,KC,apbp,0,2,,
48111,33951,KCg-m,KCg-m_R,Kenyon_Cell,cb_intrinsic,R,,acetylcholine,1,0,KC,gamma,1,2,,
48113,33953,PAM10,PAM10(B1)_L,DAN,cb_intrinsic,L,,dopamine,1,1,DAN,,0,0,,
48122,33960,KCg-d,KCg-d_L,Kenyon_Cell,cb_intrinsic,L,,acetylcholine,1,0,KC,gamma,1,2,,
48147,33982,KCg-d,KCg-d_R,Kenyon_Cell,cb_intrinsic,R,,acetylcholine,1,0,KC,gamma,1,2,,
48174,34005,KCa'b'-ap1,KCa'b'-ap1_R,Kenyon_Cell,cb_intrinsic,R,,acetylcholine,1,0,KC,apbp,1,2,,
48219,34042,KCab-p,KCab-p_R,Kenyon_Cell,cb_intrinsic,R,,acetylcholine,1,0,KC,ab,1,0,,
48309,34121,KCg-m,KCg-m_R,Kenyon_Cell,cb_intrinsic,R,,acetylcholine,1,0,KC,gamma,2,2,,
48313,34125,KCg-m,KCg-m_R,Kenyon_Cell,cb_intrinsic,R,,acetylcholine,1,0,KC,gamma,1,2,,
48337,34145,KCg-m,KCg-m_L,Kenyon_Cell,cb_intrinsic,L,,acetylcholine,1,0,KC,gamma,1,2,,
48347,34155,KCg-m,KCg-m_R,Kenyon_Cell,cb_intrinsic,R,,acetylcholine,1,0,KC,gamma,1,2,,
48438,34232,KCg-d,KCg-d_R,Kenyon_Cell,cb_intrinsic,R,,acetylcholine,1,0,KC,gamma,1,2,,
48443,34237,KCa'b'-ap1,KCa'b'-ap1_R,Kenyon_Cell,cb_intrinsic,R,,acetylcholine,1,0,KC,apbp,0,3,,
48477,34270,M_vPNml67,M_vPNml67_L,ALPN,cb_intrinsic,L,,gaba,-1,0,ALPN,,0,0,,
48502,34292,KCa'b'-ap2,KCa'b'-ap2_L,Kenyon_Cell,cb_intrinsic,L,,acetylcholine,1,0,KC,apbp,1,2,,
48515,34304,KCg-m,KCg-m_R,Kenyon_Cell,cb_intrinsic,R,,acetylcholine,1,0,KC,gamma,1,2,,
48517,34306,KCa'b'-ap1,KCa'b'-ap1_R,Kenyon_Cell,cb_intrinsic,R,,acetylcholine,1,0,KC,apbp,0,2,,
48533,34321,KCg-d,KCg-d_R,Kenyon_Cell,cb_intrinsic,R,,acetylcholine,1,0,KC,gamma,1,2,,
48596,34376,KCg-m,KCg-m_L,Kenyon_Cell,cb_intrinsic,L,,acetylcholine,1,0,KC,gamma,1,2,,
48632,34409,KCg-d,KCg-d_R,Kenyon_Cell,cb_intrinsic,R,,acetylcholine,1,0,KC,gamma,1,2,,
48641,34418,KCg-d,KCg-d_R,Kenyon_Cell,cb_intrinsic,R,,acetylcholine,1,0,KC,gamma,1,2,,
48729,34493,KCa'b'-ap1,KCa'b'-ap1_R,Kenyon_Cell,cb_intrinsic,R,,acetylcholine,1,0,KC,apbp,1,3,,
48759,34517,KCg-m,KCg-m_L,Kenyon_Cell,cb_intrinsic,L,,acetylcholine,1,0,KC,gamma,1,2,,
48779,34534,KCa'b'-ap2,KCa'b'-ap2_R,Kenyon_Cell,cb_intrinsic,R,,acetylcholine,1,0,KC,apbp,0,2,,
48817,34565,M_vPNml87,M_vPNml87_R,ALPN,cb_intrinsic,R,,gaba,-1,0,ALPN,,0,0,,
48829,34576,KCa'b'-ap1,KCa'b'-ap1_R,Kenyon_Cell,cb_intrinsic,R,,acetylcholine,1,0,KC,apbp,0,2,,
48886,34625,KCg-m,KCg-m_R,Kenyon_Cell,cb_intrinsic,R,,acetylcholine,1,0,KC,gamma,1,2,,
48904,34639,KCg-m,KCg-m_R,Kenyon_Cell,cb_intrinsic,R,,acetylcholine,1,0,KC,gamma,1,2,,
48912,34647,KCa'b'-ap2,KCa'b'-ap2_R,Kenyon_Cell,cb_intrinsic,R,,acetylcholine,1,0,KC,apbp,1,2,,
48963,34689,CB2561,CB2561_R,ALPN,cb_intrinsic,R,,gaba,-1,0,ALPN,,0,0,,
48975,34699,KCg-m,KCg-m_R,Kenyon_Cell,cb_intrinsic,R,,acetylcholine,1,0,KC,gamma,1,3,,
48978,34702,KCg-d,KCg-d_R,Kenyon_Cell,cb_intrinsic,R,,acetylcholine,1,0,KC,gamma,1,2,,
49019,34731,KCg-m,KCg-m_R,Kenyon_Cell,cb_intrinsic,R,,acetylcholine,1,0,KC,gamma,1,2,,
49022,34734,KCa'b'-ap1,KCa'b'-ap1_L,Kenyon_Cell,cb_intrinsic,L,,acetylcholine,1,0,KC,apbp,0,2,,
49043,34753,PAM07,PAM07(y4<y1y2)_R,DAN,cb_intrinsic,R,,dopamine,1,1,DAN,,0,0,,
49052,34761,KCg-d,KCg-d_R,Kenyon_Cell,cb_intrinsic,R,,acetylcholine,1,0,KC,gamma,1,2,,
49073,34779,KCg-m,KCg-m_R,Kenyon_Cell,cb_intrinsic,R,,acetylcholine,1,0,KC,gamma,1,2,,
49124,34821,KCg-m,KCg-m_L,Kenyon_Cell,cb_intrinsic,L,,acetylcholine,1,0,KC,gamma,1,2,,
49160,34852,KCg-m,KCg-m_L,Kenyon_Cell,cb_intrinsic,L,,acetylcholine,1,0,KC,gamma,1,2,,
49254,34937,KCg-m,KCg-m_R,Kenyon_Cell,cb_intrinsic,R,,acetylcholine,1,0,KC,gamma,1,2,,
49262,34944,MBON10,MBON10(B'1)_R,MBON,cb_intrinsic,R,,gaba,-1,0,MBON,,0,0,,
49279,34955,KCg-m,KCg-m_R,Kenyon_Cell,cb_intrinsic,R,,acetylcholine,1,0,KC,gamma,1,2,,
49345,35014,KCg-d,KCg-d_R,Kenyon_Cell,cb_intrinsic,R,,acetylcholine,1,0,KC,gamma,1,2,,
49354,35023,KCab-c,KCab-c_R,Kenyon_Cell,cb_intrinsic,R,,acetylcholine,1,0,KC,ab,1,0,,
49363,35032,KCa'b'-ap2,KCa'b'-ap2_L,Kenyon_Cell,cb_intrinsic,L,,acetylcholine,1,0,KC,apbp,0,2,,
49365,35034,KCab-s,KCab-s_R,Kenyon_Cell,cb_intrinsic,R,,acetylcholine,1,0,KC,ab,1,0,,
49367,35035,M_vPNml68,M_vPNml68_L,ALPN,cb_intrinsic,L,,gaba,-1,0,ALPN,,0,0,,
49394,35058,KCa'b'-ap2,KCa'b'-ap2_L,Kenyon_Cell,cb_intrinsic,L,,acetylcholine,1,0,KC,apbp,0,2,,
49420,35081,KCa'b'-m,KCa'b'-m_L,Kenyon_Cell,cb_intrinsic,L,,acetylcholine,1,0,KC,apbp,1,2,,
49450,35106,KCa'b'-ap2,KCa'b'-ap2_L,Kenyon_Cell,cb_intrinsic,L,,acetylcholine,1,0,KC,apbp,0,2,,
49480,35131,KCa'b'-ap1,KCa'b'-ap1_L,Kenyon_Cell,cb_intrinsic,L,,acetylcholine,1,0,KC,apbp,1,2,,
49526,35174,KCg-m,KCg-m_L,Kenyon_Cell,cb_intrinsic,L,,acetylcholine,1,0,KC,gamma,1,2,,
49535,35181,KCa'b'-ap2,KCa'b'-ap2_L,Kenyon_Cell,cb_intrinsic,L,,acetylcholine,1,0,KC,apbp,0,2,,
49544,35190,KCg-m,KCg-m_L,Kenyon_Cell,cb_intrinsic,L,,acetylcholine,1,0,KC,gamma,1,2,,
49545,35191,KCg-m,KCg-m_L,Kenyon_Cell,cb_intrinsic,L,,acetylcholine,1,0,KC,gamma,1,2,,
49569,35209,KCg-m,KCg-m_R,Kenyon_Cell,cb_intrinsic,R,,acetylcholine,1,0,KC,gamma,1,2,,
49594,35231,KCab-s,KCab-s_R,Kenyon_Cell,cb_intrinsic,R,,acetylcholine,1,0,KC,ab,1,0,,
49632,35264,KCg-m,KCg-m_R,Kenyon_Cell,cb_intrinsic,R,,acetylcholine,1,0,KC,gamma,1,2,,
49661,35289,KCa'b'-ap1,KCa'b'-ap1_R,Kenyon_Cell,cb_intrinsic,R,,acetylcholine,1,0,KC,apbp,1,2,,
49687,35312,KCg-m,KCg-m_R,Kenyon_Cell,cb_intrinsic,R,,acetylcholine,1,0,KC,gamma,1,3,,
49709,35330,KCg-d,KCg-d_R,Kenyon_Cell,cb_intrinsic,R,,acetylcholine,1,0,KC,gamma,1,2,,
49710,35331,KCg-d,KCg-d_R,Kenyon_Cell,cb_intrinsic,R,,acetylcholine,1,0,KC,gamma,1,2,,
49750,35367,KCa'b'-ap2,KCa'b'-ap2_R,Kenyon_Cell,cb_intrinsic,R,,acetylcholine,1,0,KC,apbp,1,2,,
49752,35368,KCg-m,KCg-m_R,Kenyon_Cell,cb_intrinsic,R,,acetylcholine,1,0,KC,gamma,1,2,,
49774,35387,KCa'b'-m,KCa'b'-m_R,Kenyon_Cell,cb_intrinsic,R,,acetylcholine,1,0,KC,apbp,0,2,,
49805,35413,KCg-m,KCg-m_R,Kenyon_Cell,cb_intrinsic,R,,acetylcholine,1,0,KC,gamma,1,3,,
49825,35426,CB2004,CB2004_L,ALPN,cb_intrinsic,L,,gaba,-1,0,ALPN,,0,0,,
49867,35461,KCg-m,KCg-m_L,Kenyon_Cell,cb_intrinsic,L,,acetylcholine,1,0,KC,gamma,1,2,,
49899,35489,KCa'b'-m,KCa'b'-m_R,Kenyon_Cell,cb_intrinsic,R,,acetylcholine,1,0,KC,apbp,1,2,,
49903,35493,KCg-m,KCg-m_R,Kenyon_Cell,cb_intrinsic,R,,acetylcholine,1,0,KC,gamma,1,3,,
49950,35535,KCa'b'-m,KCa'b'-m_L,Kenyon_Cell,cb_intrinsic,L,,acetylcholine,1,0,KC,apbp,0,2,,
49978,35559,KCa'b'-ap1,KCa'b'-ap1_R,Kenyon_Cell,cb_intrinsic,R,,acetylcholine,1,0,KC,apbp,1,2,,
49987,35567,KCg-m,KCg-m_R,Kenyon_Cell,cb_intrinsic,R,,acetylcholine,1,0,KC,gamma,2,2,,
50035,35611,KCg-m,KCg-m_R,Kenyon_Cell,cb_intrinsic,R,,acetylcholine,1,0,KC,gamma,1,2,,
50057,35629,KCa'b'-ap1,KCa'b'-ap1_R,Kenyon_Cell,cb_intrinsic,R,,acetylcholine,1,0,KC,apbp,1,2,,
50065,35637,KCa'b'-ap1,KCa'b'-ap1_R,Kenyon_Cell,cb_intrinsic,R,,acetylcholine,1,0,KC,apbp,1,2,,
50122,35690,KCa'b'-ap2,KCa'b'-ap2_L,Kenyon_Cell,cb_intrinsic,L,,acetylcholine,1,0,KC,apbp,0,2,,
50123,35691,KCab-s,KCab-s_R,Kenyon_Cell,cb_intrinsic,R,,acetylcholine,1,0,KC,ab,1,0,,
50178,35735,M_vPNml76,M_vPNml76_L,ALPN,cb_intrinsic,L,,gaba,-1,0,ALPN,,0,0,,
50185,35742,KCg-m,KCg-m_R,Kenyon_Cell,cb_intrinsic,R,,acetylcholine,1,0,KC,gamma,1,2,,
50256,35797,KCg-m,KCg-m_R,Kenyon_Cell,cb_intrinsic,R,,acetylcholine,1,0,KC,gamma,1,2,,
50291,35824,KCg-m,KCg-m_R,Kenyon_Cell,cb_intrinsic,R,,acetylcholine,1,0,KC,gamma,1,2,,
50304,35835,KCg-m,KCg-m_R,Kenyon_Cell,cb_intrinsic,R,,acetylcholine,1,0,KC,gamma,1,2,,
50411,35929,KCg-m,KCg-m_L,Kenyon_Cell,cb_intrinsic,L,,acetylcholine,1,0,KC,gamma,1,2,,
50427,35944,KCab-s,KCab-s_R,Kenyon_Cell,cb_intrinsic,R,,acetylcholine,1,0,KC,ab,1,0,,
50454,35968,KCa'b'-m,KCa'b'-m_R,Kenyon_Cell,cb_intrinsic,R,,acetylcholine,1,0,KC,apbp,0,2,,
50471,35981,KCa'b'-ap1,KCa'b'-ap1_L,Kenyon_Cell,cb_intrinsic,L,,acetylcholine,1,0,KC,apbp,1,2,,
50568,36066,KCg-m,KCg-m_L,Kenyon_Cell,cb_intrinsic,L,,acetylcholine,1,0,KC,gamma,1,3,,
50582,36079,KCg-d,KCg-d_R,Kenyon_Cell,cb_intrinsic,R,,acetylcholine,1,0,KC,gamma,1,2,,
50591,36088,KCg-m,KCg-m_L,Kenyon_Cell,cb_intrinsic,L,,acetylcholine,1,0,KC,gamma,1,3,,
50659,36146,KCab-c,KCab-c_R,Kenyon_Cell,cb_intrinsic,R,,acetylcholine,1,0,KC,ab,2,0,,
50698,36183,KCa'b'-ap2,KCa'b'-ap2_L,Kenyon_Cell,cb_intrinsic,L,,acetylcholine,1,0,KC,apbp,0,2,,
50705,36187,KCa'b'-ap2,KCa'b'-ap2_L,Kenyon_Cell,cb_intrinsic,L,,acetylcholine,1,0,KC,apbp,1,2,,
50712,36194,KCa'b'-ap1,KCa'b'-ap1_L,Kenyon_Cell,cb_intrinsic,L,,acetylcholine,1,0,KC,apbp,0,2,,
50744,36222,KCg-m,KCg-m_R,Kenyon_Cell,cb_intrinsic,R,,acetylcholine,1,0,KC,gamma,1,2,,
50746,36224,KCa'b'-ap1,KCa'b'-ap1_R,Kenyon_Cell,cb_intrinsic,R,,acetylcholine,1,0,KC,apbp,0,3,,
50775,36249,M_vPNml73,M_vPNml73_R,ALPN,cb_intrinsic,R,,gaba,-1,0,ALPN,,0,0,,
50776,36250,KCab-s,KCab-s_R,Kenyon_Cell,cb_intrinsic,R,,acetylcholine,1,0,KC,ab,2,0,,
50791,36263,KCg-m,KCg-m_L,Kenyon_Cell,cb_intrinsic,L,,acetylcholine,1,0,KC,gamma,1,2,,
50820,36289,KCg-m,KCg-m_L,Kenyon_Cell,cb_intrinsic,L,,acetylcholine,1,0,KC,gamma,1,2,,
50839,36305,KCg-m,KCg-m_R,Kenyon_Cell,cb_intrinsic,R,,acetylcholine,1,0,KC,gamma,1,2,,
50933,36387,KCg-d,KCg-d_L,Kenyon_Cell,cb_intrinsic,L,,acetylcholine,1,0,KC,gamma,1,2,,
50981,36428,VP1l+_lvPN,VP1l+_lvPN_L,ALPN,cb_intrinsic,L,,acetylcholine,1,0,ALPN,,0,0,,
51010,36453,KCa'b'-ap1,KCa'b'-ap1_R,Kenyon_Cell,cb_intrinsic,R,,acetylcholine,1,0,KC,apbp,0,2,,
51053,36488,KCg-m,KCg-m_L,Kenyon_Cell,cb_intrinsic,L,,acetylcholine,1,0,KC,gamma,1,2,,
51054,36489,KCa'b'-ap2,KCa'b'-ap2_R,Kenyon_Cell,cb_intrinsic,R,,acetylcholine,1,0,KC,apbp,0,2,,
51055,36490,KCg-m,KCg-m_L,Kenyon_Cell,cb_intrinsic,L,,acetylcholine,1,0,KC,gamma,1,2,,
51093,36524,KCg-m,KCg-m_R,Kenyon_Cell,cb_intrinsic,R,,acetylcholine,1,0,KC,gamma,1,2,,
51095,36526,KCg-m,KCg-m_R,Kenyon_Cell,cb_intrinsic,R,,acetylcholine,1,0,KC,gamma,1,2,,
51113,36540,KCg-m,KCg-m_R,Kenyon_Cell,cb_intrinsic,R,,acetylcholine,1,0,KC,gamma,1,2,,
51121,36547,KCg-m,KCg-m_R,Kenyon_Cell,cb_intrinsic,R,,acetylcholine,1,0,KC,gamma,1,2,,
51195,36610,KCg-m,KCg-m_R,Kenyon_Cell,cb_intrinsic,R,,acetylcholine,1,0,KC,gamma,1,2,,
51254,36660,KCa'b'-ap2,KCa'b'-ap2_R,Kenyon_Cell,cb_intrinsic,R,,acetylcholine,1,0,KC,apbp,1,2,,
51281,36683,M_lvPNm48,M_lvPNm48_R,ALPN,cb_intrinsic,R,,acetylcholine,1,0,ALPN,,0,0,,
51318,36715,KCa'b'-ap2,KCa'b'-ap2_R,Kenyon_Cell,cb_intrinsic,R,,acetylcholine,1,0,KC,apbp,0,2,,
51330,36724,KCg-m,KCg-m_L,Kenyon_Cell,cb_intrinsic,L,,acetylcholine,1,0,KC,gamma,1,2,,
51334,36728,KCa'b'-ap1,KCa'b'-ap1_L,Kenyon_Cell,cb_intrinsic,L,,acetylcholine,1,0,KC,apbp,0,2,,
51354,36746,KCg-m,KCg-m_R,Kenyon_Cell,cb_intrinsic,R,,acetylcholine,1,0,KC,gamma,1,2,,
51383,36771,KCa'b'-ap1,KCa'b'-ap1_R,Kenyon_Cell,cb_intrinsic,R,,acetylcholine,1,0,KC,apbp,2,2,,
51391,36779,KCg-m,KCg-m_R,Kenyon_Cell,cb_intrinsic,R,,acetylcholine,1,0,KC,gamma,1,2,,
51394,36782,KCab-p,KCab-p_R,Kenyon_Cell,cb_intrinsic,R,,acetylcholine,1,0,KC,ab,1,0,,
51408,36794,KCg-m,KCg-m_R,Kenyon_Cell,cb_intrinsic,R,,acetylcholine,1,0,KC,gamma,1,2,,
51428,36808,KCg-m,KCg-m_R,Kenyon_Cell,cb_intrinsic,R,,acetylcholine,1,0,KC,gamma,1,2,,
51430,36810,KCg-m,KCg-m_R,Kenyon_Cell,cb_intrinsic,R,,acetylcholine,1,0,KC,gamma,1,2,,
51459,36835,KCg-m,KCg-m_L,Kenyon_Cell,cb_intrinsic,L,,acetylcholine,1,0,KC,gamma,1,2,,
51479,36853,M_VPNml66,M_VPNml66_R,ALPN,cb_intrinsic,R,,gaba,-1,0,ALPN,,0,0,,
51516,36883,KCg-m,KCg-m_R,Kenyon_Cell,cb_intrinsic,R,,acetylcholine,1,0,KC,gamma,1,2,,
51535,36900,KCg-m,KCg-m_L,Kenyon_Cell,cb_intrinsic,L,,acetylcholine,1,0,KC,gamma,1,2,,
51538,36903,KCa'b'-ap1,KCa'b'-ap1_L,Kenyon_Cell,cb_intrinsic,L,,acetylcholine,1,0,KC,apbp,0,2,,
51552,36912,KCg-m,KCg-m_L,Kenyon_Cell,cb_intrinsic,L,,acetylcholine,1,0,KC,gamma,1,2,,
51553,36913,KCg-m,KCg-m_L,Kenyon_Cell,cb_intrinsic,L,,acetylcholine,1,0,KC,gamma,1,2,,
51556,36916,KCa'b'-ap1,KCa'b'-ap1_R,Kenyon_Cell,cb_intrinsic,R,,acetylcholine,1,0,KC,apbp,2,2,,
51583,36937,KCg-m,KCg-m_L,Kenyon_Cell,cb_intrinsic,L,,acetylcholine,1,0,KC,gamma,1,2,,
51600,36952,KCab-p,KCab-p_R,Kenyon_Cell,cb_intrinsic,R,,acetylcholine,1,0,KC,ab,1,0,,
51603,36955,M_lvPNm42,M_lvPNm42_L,ALPN,cb_intrinsic,L,,acetylcholine,1,0,ALPN,,0,0,,
51667,37008,KCg-m,KCg-m_R,Kenyon_Cell,cb_intrinsic,R,,acetylcholine,1,0,KC,gamma,1,2,,
51679,37017,KCg-d,KCg-d_R,Kenyon_Cell,cb_intrinsic,R,,acetylcholine,1,0,KC,gamma,1,2,,
51686,37022,KCab-p,KCab-p_R,Kenyon_Cell,cb_intrinsic,R,,acetylcholine,1,0,KC,ab,1,0,,
51688,37024,KCa'b'-ap2,KCa'b'-ap2_R,Kenyon_Cell,cb_intrinsic,R,,acetylcholine,1,0,KC,apbp,1,2,,
51715,37047,KCa'b'-ap1,KCa'b'-ap1_L,Kenyon_Cell,cb_intrinsic,L,,acetylcholine,1,0,KC,apbp,0,2,,
51742,37069,KCg-m,KCg-m_L,Kenyon_Cell,cb_intrinsic,L,,acetylcholine,1,0,KC,gamma,1,2,,
51745,37072,KCa'b'-m,KCa'b'-m_R,Kenyon_Cell,cb_intrinsic,R,,acetylcholine,1,0,KC,apbp,0,2,,
51751,37078,KCg-m,KCg-m_L,Kenyon_Cell,cb_intrinsic,L,,acetylcholine,1,0,KC,gamma,1,2,,
51753,37080,KCa'b'-m,KCa'b'-m_R,Kenyon_Cell,cb_intrinsic,R,,acetylcholine,1,0,KC,apbp,0,2,,
51795,37114,KCa'b'-m,KCa'b'-m_L,Kenyon_Cell,cb_intrinsic,L,,acetylcholine,1,0,KC,apbp,0,2,,
51855,37169,KCg-m,KCg-m_R,Kenyon_Cell,cb_intrinsic,R,,acetylcholine,1,0,KC,gamma,1,2,,
51865,37176,KCg-m,KCg-m_L,Kenyon_Cell,cb_intrinsic,L,,acetylcholine,1,0,KC,gamma,1,2,,
51866,37177,KCg-m,KCg-m_R,Kenyon_Cell,cb_intrinsic,R,,acetylcholine,1,0,KC,gamma,1,2,,
51883,37193,KCg-m,KCg-m_R,Kenyon_Cell,cb_intrinsic,R,,acetylcholine,1,0,KC,gamma,1,2,,
51894,37202,KCa'b'-ap2,KCa'b'-ap2_R,Kenyon_Cell,cb_intrinsic,R,,acetylcholine,1,0,KC,apbp,1,2,,
51912,37215,M_lvPNm37,M_lvPNm37_L,ALPN,cb_intrinsic,L,,acetylcholine,1,0,ALPN,,0,0,,
51937,37237,KCg-m,KCg-m_L,Kenyon_Cell,cb_intrinsic,L,,acetylcholine,1,0,KC,gamma,1,2,,
51998,37285,KCg-d,KCg-d_R,Kenyon_Cell,cb_intrinsic,R,,acetylcholine,1,0,KC,gamma,1,2,,
52022,37307,KCg-m,KCg-m_R,Kenyon_Cell,cb_intrinsic,R,,acetylcholine,1,0,KC,gamma,1,2,,
52099,37369,M_lPNm11D,M_lPNm11D_R,ALPN,cb_intrinsic,R,,acetylcholine,1,0,ALPN,,0,0,11,-0.5
52140,37405,KCa'b'-ap1,KCa'b'-ap1_R,Kenyon_Cell,cb_intrinsic,R,,acetylcholine,1,0,KC,apbp,2,3,,
52141,37406,KCa'b'-ap1,KCa'b'-ap1_L,Kenyon_Cell,cb_intrinsic,L,,acetylcholine,1,0,KC,apbp,1,2,,
52156,37419,KCg-m,KCg-m_R,Kenyon_Cell,cb_intrinsic,R,,acetylcholine,1,0,KC,gamma,1,2,,
52189,37444,KCa'b'-ap2,KCa'b'-ap2_L,Kenyon_Cell,cb_intrinsic,L,,acetylcholine,1,0,KC,apbp,2,2,,
52220,37465,KCg-m,KCg-m_R,Kenyon_Cell,cb_intrinsic,R,,acetylcholine,1,0,KC,gamma,1,3,,
52223,37468,M_adPNm4,M_adPNm4_R,ALPN,cb_intrinsic,R,,acetylcholine,1,0,ALPN,,0,0,8,-0.5
52267,37505,KCa'b'-m,KCa'b'-m_R,Kenyon_Cell,cb_intrinsic,R,,acetylcholine,1,0,KC,apbp,0,2,,
52318,37551,KCg-m,KCg-m_L,Kenyon_Cell,cb_intrinsic,L,,acetylcholine,1,0,KC,gamma,1,2,,
52337,37568,KCa'b'-ap2,KCa'b'-ap2_R,Kenyon_Cell,cb_intrinsic,R,,acetylcholine,1,0,KC,apbp,0,2,,
52402,37624,KCg-m,KCg-m_R,Kenyon_Cell,cb_intrinsic,R,,acetylcholine,1,0,KC,gamma,1,2,,
52513,37727,KCa'b'-ap1,KCa'b'-ap1_L,Kenyon_Cell,cb_intrinsic,L,,acetylcholine,1,0,KC,apbp,0,2,,
52518,37732,KCg-m,KCg-m_R,Kenyon_Cell,cb_intrinsic,R,,acetylcholine,1,0,KC,gamma,1,2,,
52536,37747,M_vPNml76,M_vPNml76_R,ALPN,cb_intrinsic,R,,gaba,-1,0,ALPN,,0,0,,
52544,37755,M_vPNml76,M_vPNml76_R,ALPN,cb_intrinsic,R,,gaba,-1,0,ALPN,,0,0,,
52564,37774,KCg-m,KCg-m_L,Kenyon_Cell,cb_intrinsic,L,,acetylcholine,1,0,KC,gamma,1,2,,
52575,37783,KCg-m,KCg-m_R,Kenyon_Cell,cb_intrinsic,R,,acetylcholine,1,0,KC,gamma,1,2,,
52581,37787,KCa'b'-ap1,KCa'b'-ap1_R,Kenyon_Cell,cb_intrinsic,R,,acetylcholine,1,0,KC,apbp,2,2,,
52594,37797,KCg-d,KCg-d_R,Kenyon_Cell,cb_intrinsic,R,,acetylcholine,1,0,KC,gamma,1,2,,
52613,37814,KCa'b'-m,KCa'b'-m_R,Kenyon_Cell,cb_intrinsic,R,,acetylcholine,1,0,KC,apbp,1,2,,
52616,37817,VL2a_vPN,VL2a_vPN_R,ALPN,cb_intrinsic,R,,gaba,-1,0,ALPN,,0,0,,
52704,37894,KCab-s,KCab-s_L,Kenyon_Cell,cb_intrinsic,L,,acetylcholine,1,0,KC,ab,1,0,,
52706,37896,KCa'b'-m,KCa'b'-m_R,Kenyon_Cell,cb_intrinsic,R,,acetylcholine,1,0,KC,apbp,0,2,,
52751,37936,KCg-d,KCg-d_R,Kenyon_Cell,cb_intrinsic,R,,acetylcholine,1,0,KC,gamma,1,2,,
52773,37952,KCg-m,KCg-m_R,Kenyon_Cell,cb_intrinsic,R,,acetylcholine,1,0,KC,gamma,1,2,,
52789,37963,KCa'b'-ap2,KCa'b'-ap2_R,Kenyon_Cell,cb_intrinsic,R,,acetylcholine,1,0,KC,apbp,0,2,,
52824,37995,KCab-s,KCab-s_L,Kenyon_Cell,cb_intrinsic,L,,acetylcholine,1,0,KC,ab,1,0,,
52856,38022,KCg-m,KCg-m_L,Kenyon_Cell,cb_intrinsic,L,,acetylcholine,1,0,KC,gamma,1,2,,
52877,38042,KCa'b'-ap2,KCa'b'-ap2_R,Kenyon_Cell,cb_intrinsic,R,,acetylcholine,1,0,KC,apbp,0,2,,
52907,38067,KCg-d,KCg-d_R,Kenyon_Cell,cb_intrinsic,R,,acetylcholine,1,0,KC,gamma,1,2,,
52923,38081,KCa'b'-ap1,KCa'b'-ap1_L,Kenyon_Cell,cb_intrinsic,L,,acetylcholine,1,0,KC,apbp,1,2,,
52933,38089,KCa'b'-ap2,KCa'b'-ap2_R,Kenyon_Cell,cb_intrinsic,R,,acetylcholine,1,0,KC,apbp,0,2,,
52938,38094,KCg-m,KCg-m_L,Kenyon_Cell,cb_intrinsic,L,,acetylcholine,1,0,KC,gamma,1,2,,
52972,38119,KCa'b'-m,KCa'b'-m_R,Kenyon_Cell,cb_intrinsic,R,,acetylcholine,1,0,KC,apbp,1,2,,
53014,38158,KCab-s,KCab-s_R,Kenyon_Cell,cb_intrinsic,R,,acetylcholine,1,0,KC,ab,1,0,,
53050,38188,KCg-m,KCg-m_R,Kenyon_Cell,cb_intrinsic,R,,acetylcholine,1,0,KC,gamma,1,2,,
53099,38229,KCg-m,KCg-m_R,Kenyon_Cell,cb_intrinsic,R,,acetylcholine,1,0,KC,gamma,1,2,,
53144,38270,KCg-m,KCg-m_R,Kenyon_Cell,cb_intrinsic,R,,acetylcholine,1,0,KC,gamma,1,2,,
53154,38278,KCg-m,KCg-m_R,Kenyon_Cell,cb_intrinsic,R,,acetylcholine,1,0,KC,gamma,1,3,,
53173,38296,KCg-m,KCg-m_R,Kenyon_Cell,cb_intrinsic,R,,acetylcholine,1,0,KC,gamma,1,2,,
53178,38300,KCg-m,KCg-m_R,Kenyon_Cell,cb_intrinsic,R,,acetylcholine,1,0,KC,gamma,1,2,,
53217,38334,KCg-d,KCg-d_R,Kenyon_Cell,cb_intrinsic,R,,acetylcholine,1,0,KC,gamma,1,2,,
53221,38337,KCa'b'-ap2,KCa'b'-ap2_R,Kenyon_Cell,cb_intrinsic,R,,acetylcholine,1,0,KC,apbp,1,2,,
53241,38354,KCa'b'-ap2,KCa'b'-ap2_L,Kenyon_Cell,cb_intrinsic,L,,acetylcholine,1,0,KC,apbp,1,2,,
53250,38362,KCa'b'-ap2,KCa'b'-ap2_R,Kenyon_Cell,cb_intrinsic,R,,acetylcholine,1,0,KC,apbp,2,2,,
53267,38375,KCg-m,KCg-m_R,Kenyon_Cell,cb_intrinsic,R,,acetylcholine,1,0,KC,gamma,1,3,,
53271,38379,KCg-d,KCg-d_L,Kenyon_Cell,cb_intrinsic,L,,acetylcholine,1,0,KC,gamma,1,2,,
53278,38386,KCa'b'-ap1,KCa'b'-ap1_L,Kenyon_Cell,cb_intrinsic,L,,acetylcholine,1,0,KC,apbp,1,2,,
53285,38393,PAM01,PAM01(y5)_L,DAN,cb_intrinsic,L,,dopamine,1,1,DAN,,0,0,,
53331,38434,KCa'b'-ap1,KCa'b'-ap1_L,Kenyon_Cell,cb_intrinsic,L,,acetylcholine,1,0,KC,apbp,0,3,,
53334,38437,M_vPNml68,M_vPNml68_L,ALPN,cb_intrinsic,L,,gaba,-1,0,ALPN,,0,0,,
53354,38453,KCa'b'-ap2,KCa'b'-ap2_L,Kenyon_Cell,cb_intrinsic,L,,acetylcholine,1,0,KC,apbp,0,2,,
53382,38479,KCa'b'-ap2,KCa'b'-ap2_R,Kenyon_Cell,cb_intrinsic,R,,acetylcholine,1,0,KC,apbp,1,2,,
53383,38480,KCg-m,KCg-m_R,Kenyon_Cell,cb_intrinsic,R,,acetylcholine,1,0,KC,gamma,1,2,,
53397,38494,KCa'b'-ap2,KCa'b'-ap2_L,Kenyon_Cell,cb_intrinsic,L,,acetylcholine,1,0,KC,apbp,0,2,,
53429,38522,M_adPNm5,M_adPNm5_L,ALPN,cb_intrinsic,L,,acetylcholine,1,0,ALPN,,0,0,,
53430,38523,KCab-p,KCab-p_L,Kenyon_Cell,cb_intrinsic,L,,acetylcholine,1,0,KC,ab,1,0,,
53448,38540,KCa'b'-m,KCa'b'-m_R,Kenyon_Cell,cb_intrinsic,R,,acetylcholine,1,0,KC,apbp,1,4,,
53472,38557,KCg-m,KCg-m_R,Kenyon_Cell,cb_intrinsic,R,,acetylcholine,1,0,KC,gamma,1,2,,
53505,38584,KCg-d,KCg-d_R,Kenyon_Cell,cb_intrinsic,R,,acetylcholine,1,0,KC,gamma,1,2,,
53535,38608,KCa'b'-ap1,KCa'b'-ap1_R,Kenyon_Cell,cb_intrinsic,R,,acetylcholine,1,0,KC,apbp,0,2,,
53592,38653,KCa'b'-ap1,KCa'b'-ap1_R,Kenyon_Cell,cb_intrinsic,R,,acetylcholine,1,0,KC,apbp,1,2,,
53633,38687,KCg-m,KCg-m_R,Kenyon_Cell,cb_intrinsic,R,,acetylcholine,1,0,KC,gamma,1,2,,
53645,38697,KCa'b'-ap2,KCa'b'-ap2_R,Kenyon_Cell,cb_intrinsic,R,,acetylcholine,1,0,KC,apbp,1,2,,
53655,38706,KCg-m,KCg-m_R,Kenyon_Cell,cb_intrinsic,R,,acetylcholine,1,0,KC,gamma,1,2,,
53680,38728,KCg-d,KCg-d_L,Kenyon_Cell,cb_intrinsic,L,,acetylcholine,1,0,KC,gamma,1,2,,
53686,38733,KCa'b'-ap2,KCa'b'-ap2_R,Kenyon_Cell,cb_intrinsic,R,,acetylcholine,1,0,KC,apbp,0,2,,
53688,38735,KCg-m,KCg-m_R,Kenyon_Cell,cb_intrinsic,R,,acetylcholine,1,0,KC,gamma,1,2,,
53756,38797,KCg-m,KCg-m_L,Kenyon_Cell,cb_intrinsic,L,,acetylcholine,1,0,KC,gamma,1,2,,
53766,38807,KCa'b'-ap2,KCa'b'-ap2_R,Kenyon_Cell,cb_intrinsic,R,,acetylcholine,1,0,KC,apbp,1,2,,
53788,38824,M_lvPNm38,M_lvPNm38_R,ALPN,cb_intrinsic,R,,acetylcholine,1,0,ALPN,,0,0,,
53833,38862,KCa'b'-m,KCa'b'-m_R,Kenyon_Cell,cb_intrinsic,R,,acetylcholine,1,0,KC,apbp,1,2,,
53836,38865,KCg-m,KCg-m_R,Kenyon_Cell,cb_intrinsic,R,,acetylcholine,1,0,KC,gamma,1,2,,
53851,38880,KCa'b'-ap2,KCa'b'-ap2_R,Kenyon_Cell,cb_intrinsic,R,,acetylcholine,1,0,KC,apbp,0,2,,
53863,38891,KCab-c,KCab-c_R,Kenyon_Cell,cb_intrinsic,R,,acetylcholine,1,0,KC,ab,1,0,,
53881,38907,KCa'b'-m,KCa'b'-m_L,Kenyon_Cell,cb_intrinsic,L,,acetylcholine,1,0,KC,apbp,1,2,,
53914,38937,KCa'b'-m,KCa'b'-m_R,Kenyon_Cell,cb_intrinsic,R,,acetylcholine,1,0,KC,apbp,0,2,,
53947,38965,KCg-m,KCg-m_R,Kenyon_Cell,cb_intrinsic,R,,acetylcholine,1,0,KC,gamma,1,2,,
53957,38975,KCa'b'-m,KCa'b'-m_R,Kenyon_Cell,cb_intrinsic,R,,acetylcholine,1,0,KC,apbp,1,2,,
53987,38998,KCg-m,KCg-m_L,Kenyon_Cell,cb_intrinsic,L,,acetylcholine,1,0,KC,gamma,1,2,,
53994,39004,KCg-m,KCg-m_R,Kenyon_Cell,cb_intrinsic,R,,acetylcholine,1,0,KC,gamma,1,2,,
54067,39074,KCa'b'-ap1,KCa'b'-ap1_L,Kenyon_Cell,cb_intrinsic,L,,acetylcholine,1,0,KC,apbp,0,3,,
54192,39185,KCa'b'-ap1,KCa'b'-ap1_R,Kenyon_Cell,cb_intrinsic,R,,acetylcholine,1,0,KC,apbp,0,2,,
54202,39193,KCg-m,KCg-m_L,Kenyon_Cell,cb_intrinsic,L,,acetylcholine,1,0,KC,gamma,2,2,,
54255,39240,KCg-m,KCg-m_L,Kenyon_Cell,cb_intrinsic,L,,acetylcholine,1,0,KC,gamma,1,2,,
54307,39281,M_vPNml68,M_vPNml68_R,ALPN,cb_intrinsic,R,,gaba,-1,0,ALPN,,0,0,,
54345,39316,KCg-m,KCg-m_R,Kenyon_Cell,cb_intrinsic,R,,acetylcholine,1,0,KC,gamma,1,2,,
54383,39352,M_lvPNm30,M_lvPNm30_L,ALPN,cb_intrinsic,L,,acetylcholine,1,0,ALPN,,0,0,,
54398,39365,KCab-s,KCab-s_L,Kenyon_Cell,cb_intrinsic,L,,acetylcholine,1,0,KC,ab,1,0,,
54429,39390,KCa'b'-m,KCa'b'-m_L,Kenyon_Cell,cb_intrinsic,L,,acetylcholine,1,0,KC,apbp,0,2,,
54455,39412,KCg-m,KCg-m_R,Kenyon_Cell,cb_intrinsic,R,,acetylcholine,1,0,KC,gamma,1,3,,
54549,39494,KCa'b'-ap1,KCa'b'-ap1_L,Kenyon_Cell,cb_intrinsic,L,,acetylcholine,1,0,KC,apbp,0,2,,
54641,39572,KCa'b'-ap1,KCa'b'-ap1_L,Kenyon_Cell,cb_intrinsic,L,,acetylcholine,1,0,KC,apbp,0,2,,
54647,39577,KCa'b'-ap1,KCa'b'-ap1_L,Kenyon_Cell,cb_intrinsic,L,,acetylcholine,1,0,KC,apbp,0,2,,
54661,39586,KCab-s,KCab-s_R,Kenyon_Cell,cb_intrinsic,R,,acetylcholine,1,0,KC,ab,1,0,,
54702,39617,KCa'b'-ap1,KCa'b'-ap1_R,Kenyon_Cell,cb_intrinsic,R,,acetylcholine,1,0,KC,apbp,0,3,,
54717,39631,KCa'b'-m,KCa'b'-m_L,Kenyon_Cell,cb_intrinsic,L,,acetylcholine,1,0,KC,apbp,1,2,,
54729,39642,KCa'b'-ap1,KCa'b'-ap1_L,Kenyon_Cell,cb_intrinsic,L,,acetylcholine,1,0,KC,apbp,0,2,,
54746,39656,KCg-m,KCg-m_R,Kenyon_Cell,cb_intrinsic,R,,acetylcholine,1,0,KC,gamma,1,2,,
54892,39781,DP1m_vPN,DP1m_vPN_R,ALPN,cb_intrinsic,R,,gaba,-1,0,ALPN,,0,0,,
54936,39818,KCg-m,KCg-m_R,Kenyon_Cell,cb_intrinsic,R,,acetylcholine,1,0,KC,gamma,1,2,,
54957,39838,KCa'b'-m,KCa'b'-m_R,Kenyon_Cell,cb_intrinsic,R,,acetylcholine,1,0,KC,apbp,1,2,,
54996,39871,KCa'b'-ap2,KCa'b'-ap2_R,Kenyon_Cell,cb_intrinsic,R,,acetylcholine,1,0,KC,apbp,0,2,,
55003,39878,KCa'b'-ap1,KCa'b'-ap1_L,Kenyon_Cell,cb_intrinsic,L,,acetylcholine,1,0,KC,apbp,0,2,,
55062,39931,KCg-m,KCg-m_R,Kenyon_Cell,cb_intrinsic,R,,acetylcholine,1,0,KC,gamma,1,3,,
55083,39951,KCa'b'-ap1,KCa'b'-ap1_R,Kenyon_Cell,cb_intrinsic,R,,acetylcholine,1,0,KC,apbp,0,2,,
55123,39986,KCa'b'-ap2,KCa'b'-ap2_L,Kenyon_Cell,cb_intrinsic,L,,acetylcholine,1,0,KC,apbp,0,2,,
55141,40003,KCa'b'-ap2,KCa'b'-ap2_R,Kenyon_Cell,cb_intrinsic,R,,acetylcholine,1,0,KC,apbp,0,2,,
55210,40055,PAM08,PAM08(y4)_L,DAN,cb_intrinsic,L,,dopamine,1,1,DAN,,0,0,,
55216,40061,KCa'b'-m,KCa'b'-m_R,Kenyon_Cell,cb_intrinsic,R,,acetylcholine,1,0,KC,apbp,1,2,,
55227,40069,KCab-c,KCab-c_R,Kenyon_Cell,cb_intrinsic,R,,acetylcholine,1,0,KC,ab,1,0,,
55278,40112,KCg-m,KCg-m_R,Kenyon_Cell,cb_intrinsic,R,,acetylcholine,1,0,KC,gamma,1,2,,
55316,40144,KCab-p,KCab-p_L,Kenyon_Cell,cb_intrinsic,L,,acetylcholine,1,0,KC,ab,1,0,,
55460,40263,KCa'b'-ap2,KCa'b'-ap2_R,Kenyon_Cell,cb_intrinsic,R,,acetylcholine,1,0,KC,apbp,1,2,,
55480,40280,KCa'b'-m,KCa'b'-m_L,Kenyon_Cell,cb_intrinsic,L,,acetylcholine,1,0,KC,apbp,0,2,,
55485,40284,KCa'b'-ap1,KCa'b'-ap1_L,Kenyon_Cell,cb_intrinsic,L,,acetylcholine,1,0,KC,apbp,1,2,,
55528,40320,KCab-s,KCab-s_R,Kenyon_Cell,cb_intrinsic,R,,acetylcholine,1,0,KC,ab,2,0,,
55542,40334,KCg-m,KCg-m_L,Kenyon_Cell,cb_intrinsic,L,,acetylcholine,1,0,KC,gamma,1,2,,
55586,40374,KCa'b'-ap1,KCa'b'-ap1_L,Kenyon_Cell,cb_intrinsic,L,,acetylcholine,1,0,KC,apbp,0,2,,
55670,40447,KCg-m,KCg-m_R,Kenyon_Cell,cb_intrinsic,R,,acetylcholine,1,0,KC,gamma,1,2,,
55755,40517,KCab-c,KCab-c_R,Kenyon_Cell,cb_intrinsic,R,,acetylcholine,1,0,KC,ab,1,0,,
55765,40526,KCa'b'-m,KCa'b'-m_L,Kenyon_Cell,cb_intrinsic,L,,acetylcholine,1,0,KC,apbp,0,2,,
55850,40595,KCg-m,KCg-m_R,Kenyon_Cell,cb_intrinsic,R,,acetylcholine,1,0,KC,gamma,1,2,,
55853,40598,KCg-m,KCg-m_L,Kenyon_Cell,cb_intrinsic,L,,acetylcholine,1,0,KC,gamma,1,2,,
55857,40601,KCg-m,KCg-m_R,Kenyon_Cell,cb_intrinsic,R,,acetylcholine,1,0,KC,gamma,1,3,,
55884,40621,KCa'b'-m,KCa'b'-m_L,Kenyon_Cell,cb_intrinsic,L,,acetylcholine,1,0,KC,apbp,1,2,,
55919,40650,KCa'b'-ap1,KCa'b'-ap1_R,Kenyon_Cell,cb_intrinsic,R,,acetylcholine,1,0,KC,apbp,0,2,,
55935,40665,KCa'b'-ap2,KCa'b'-ap2_L,Kenyon_Cell,cb_intrinsic,L,,acetylcholine,1,0,KC,apbp,1,2,,
55946,40673,KCab-p,KCab-p_R,Kenyon_Cell,cb_intrinsic,R,,acetylcholine,1,0,KC,ab,1,0,,
55955,40681,KCab-s,KCab-s_L,Kenyon_Cell,cb_intrinsic,L,,acetylcholine,1,0,KC,ab,1,0,,
55998,40721,KCg-m,KCg-m_R,Kenyon_Cell,cb_intrinsic,R,,acetylcholine,1,0,KC,gamma,1,2,,
56000,40723,KCa'b'-ap1,KCa'b'-ap1_R,Kenyon_Cell,cb_intrinsic,R,,acetylcholine,1,0,KC,apbp,1,3,,
56130,40833,KCa'b'-ap2,KCa'b'-ap2_R,Kenyon_Cell,cb_intrinsic,R,,acetylcholine,1,0,KC,apbp,0,2,,
56145,40847,KCg-d,KCg-d_L,Kenyon_Cell,cb_intrinsic,L,,acetylcholine,1,0,KC,gamma,1,2,,
56223,40913,KCg-m,KCg-m_R,Kenyon_Cell,cb_intrinsic,R,,acetylcholine,1,0,KC,gamma,1,2,,
56234,40924,VM6_lvPN,VM6_lvPN_L,ALPN,cb_intrinsic,L,,acetylcholine,1,0,ALPN,,0,0,,
56251,40939,KCg-m,KCg-m_L,Kenyon_Cell,cb_intrinsic,L,,acetylcholine,1,0,KC,gamma,1,2,,
56274,40959,KCab-s,KCab-s_R,Kenyon_Cell,cb_intrinsic,R,,acetylcholine,1,0,KC,ab,2,0,,
56284,40968,KCg-d,KCg-d_R,Kenyon_Cell,cb_intrinsic,R,,acetylcholine,1,0,KC,gamma,1,2,,
56297,40978,KCg-m,KCg-m_R,Kenyon_Cell,cb_intrinsic,R,,acetylcholine,1,0,KC,gamma,1,2,,
56315,40991,KCg-m,KCg-m_R,Kenyon_Cell,cb_intrinsic,R,,acetylcholine,1,0,KC,gamma,1,2,,
56352,41022,KCab-p,KCab-p_L,Kenyon_Cell,cb_intrinsic,L,,acetylcholine,1,0,KC,ab,1,0,,
56364,41032,CB3447,CB3447_L,ALPN,cb_intrinsic,L,,gaba,-1,0,ALPN,,0,0,,
56390,41052,VM4_lvPN,VM4_lvPN_L,ALPN,cb_intrinsic,L,,acetylcholine,1,0,ALPN,,0,0,1,1.5
56424,41077,KCg-m,KCg-m_R,Kenyon_Cell,cb_intrinsic,R,,acetylcholine,1,0,KC,gamma,1,2,,
56430,41083,KCg-m,KCg-m_R,Kenyon_Cell,cb_intrinsic,R,,acetylcholine,1,0,KC,gamma,1,2,,
56461,41108,KCa'b'-ap2,KCa'b'-ap2_R,Kenyon_Cell,cb_intrinsic,R,,acetylcholine,1,0,KC,apbp,1,2,,
56510,41148,DP1m_vPN,DP1m_vPN_L,ALPN,cb_intrinsic,L,,gaba,-1,0,ALPN,,0,0,,
56650,41266,KCg-m,KCg-m_L,Kenyon_Cell,cb_intrinsic,L,,acetylcholine,1,0,KC,gamma,1,2,,
56666,41279,KCg-m,KCg-m_R,Kenyon_Cell,cb_intrinsic,R,,acetylcholine,1,0,KC,gamma,1,2,,
56692,41298,KCa'b'-ap1,KCa'b'-ap1_L,Kenyon_Cell,cb_intrinsic,L,,acetylcholine,1,0,KC,apbp,0,3,,
56749,41341,KCa'b'-m,KCa'b'-m_R,Kenyon_Cell,cb_intrinsic,R,,acetylcholine,1,0,KC,apbp,1,2,,
56866,41440,KCg-m,KCg-m_L,Kenyon_Cell,cb_intrinsic,L,,acetylcholine,1,0,KC,gamma,1,2,,
56888,41459,M_vPNml60,M_vPNml60_L,ALPN,cb_intrinsic,L,,gaba,-1,0,ALPN,,0,0,,
56936,41503,KCa'b'-ap2,KCa'b'-ap2_R,Kenyon_Cell,cb_intrinsic,R,,acetylcholine,1,0,KC,apbp,0,2,,
56943,41508,KCa'b'-ap2,KCa'b'-ap2_R,Kenyon_Cell,cb_intrinsic,R,,acetylcholine,1,0,KC,apbp,0,2,,
57015,41565,KCa'b'-ap2,KCa'b'-ap2_R,Kenyon_Cell,cb_intrinsic,R,,acetylcholine,1,0,KC,apbp,1,2,,
57075,41618,KCg-m,KCg-m_R,Kenyon_Cell,cb_intrinsic,R,,acetylcholine,1,0,KC,gamma,1,2,,
57106,41643,KCa'b'-ap2,KCa'b'-ap2_R,Kenyon_Cell,cb_intrinsic,R,,acetylcholine,1,0,KC,apbp,0,2,,
57152,41681,KCg-m,KCg-m_L,Kenyon_Cell,cb_intrinsic,L,,acetylcholine,1,0,KC,gamma,1,2,,
57171,41696,KCg-m,KCg-m_R,Kenyon_Cell,cb_intrinsic,R,,acetylcholine,1,0,KC,gamma,1,2,,
57179,41703,KCg-m,KCg-m_R,Kenyon_Cell,cb_intrinsic,R,,acetylcholine,1,0,KC,gamma,1,2,,
57219,41737,KCab-s,KCab-s_R,Kenyon_Cell,cb_intrinsic,R,,acetylcholine,1,0,KC,ab,1,0,,
57244,41759,KCab-p,KCab-p_L,Kenyon_Cell,cb_intrinsic,L,,acetylcholine,1,0,KC,ab,0,0,,
57260,41773,VM6_lvPN,VM6_lvPN_R,ALPN,cb_intrinsic,R,,acetylcholine,1,0,ALPN,,0,0,,
57302,41810,KCg-d,KCg-d_R,Kenyon_Cell,cb_intrinsic,R,,acetylcholine,1,0,KC,gamma,1,2,,
57314,41817,KCg-m,KCg-m_R,Kenyon_Cell,cb_intrinsic,R,,acetylcholine,1,0,KC,gamma,1,3,,
57341,41840,KCa'b'-m,KCa'b'-m_R,Kenyon_Cell,cb_intrinsic,R,,acetylcholine,1,0,KC,apbp,1,2,,
57355,41850,KCg-m,KCg-m_R,Kenyon_Cell,cb_intrinsic,R,,acetylcholine,1,0,KC,gamma,1,2,,
57356,41851,KCg-m,KCg-m_R,Kenyon_Cell,cb_intrinsic,R,,acetylcholine,1,0,KC,gamma,1,2,,
57387,41878,KCa'b'-m,KCa'b'-m_L,Kenyon_Cell,cb_intrinsic,L,,acetylcholine,1,0,KC,apbp,0,2,,
57394,41885,M_vPNml53,M_vPNml53_R,ALPN,cb_intrinsic,R,,gaba,-1,0,ALPN,,0,0,,
57403,41894,KCa'b'-ap1,KCa'b'-ap1_R,Kenyon_Cell,cb_intrinsic,R,,acetylcholine,1,0,KC,apbp,0,2,,
57413,41902,KCg-d,KCg-d_R,Kenyon_Cell,cb_intrinsic,R,,acetylcholine,1,0,KC,gamma,1,2,,
57425,41911,KCab-s,KCab-s_R,Kenyon_Cell,cb_intrinsic,R,,acetylcholine,1,0,KC,ab,1,0,,
57460,41936,KCg-d,KCg-d_R,Kenyon_Cell,cb_intrinsic,R,,acetylcholine,1,0,KC,gamma,1,2,,
57498,41969,KCg-d,KCg-d_R,Kenyon_Cell,cb_intrinsic,R,,acetylcholine,1,0,KC,gamma,1,2,,
57532,42000,KCg-m,KCg-m_R,Kenyon_Cell,cb_intrinsic,R,,acetylcholine,1,0,KC,gamma,1,2,,
57545,42013,KCg-d,KCg-d_R,Kenyon_Cell,cb_intrinsic,R,,acetylcholine,1,0,KC,gamma,1,2,,
57550,42017,KCg-d,KCg-d_R,Kenyon_Cell,cb_intrinsic,R,,acetylcholine,1,0,KC,gamma,1,2,,
57568,42033,KCg-m,KCg-m_R,Kenyon_Cell,cb_intrinsic,R,,acetylcholine,1,0,KC,gamma,1,2,,
57661,42115,KCa'b'-ap1,KCa'b'-ap1_L,Kenyon_Cell,cb_intrinsic,L,,acetylcholine,1,0,KC,apbp,0,2,,
57669,42123,KCg-m,KCg-m_R,Kenyon_Cell,cb_intrinsic,R,,acetylcholine,1,0,KC,gamma,1,2,,
57673,42127,KCa'b'-ap2,KCa'b'-ap2_L,Kenyon_Cell,cb_intrinsic,L,,acetylcholine,1,0,KC,apbp,0,2,,
57684,42137,KCg-m,KCg-m_R,Kenyon_Cell,cb_intrinsic,R,,acetylcholine,1,0,KC,gamma,1,2,,
57729,42176,KCab-s,KCab-s_R,Kenyon_Cell,cb_intrinsic,R,,acetylcholine,1,0,KC,ab,2,0,,
57770,42212,KCg-m,KCg-m_L,Kenyon_Cell,cb_intrinsic,L,,acetylcholine,1,0,KC,gamma,1,2,,
57796,42234,KCa'b'-ap2,KCa'b'-ap2_L,Kenyon_Cell,cb_intrinsic,L,,acetylcholine,1,0,KC,apbp,1,2,,
57806,42244,KCg-m,KCg-m_L,Kenyon_Cell,cb_intrinsic,L,,acetylcholine,1,0,KC,gamma,1,2,,
57865,42294,KCab-p,KCab-p_R,Kenyon_Cell,cb_intrinsic,R,,acetylcholine,1,0,KC,ab,1,0,,
57879,42306,KCab-s,KCab-s_R,Kenyon_Cell,cb_intrinsic,R,,acetylcholine,1,0,KC,ab,2,0,,
57902,42324,KCab-s,KCab-s_L,Kenyon_Cell,cb_intrinsic,L,,acetylcholine,1,0,KC,ab,1,0,,
57977,42391,KCa'b'-ap1,KCa'b'-ap1_R,Kenyon_Cell,cb_intrinsic,R,,acetylcholine,1,0,KC,apbp,1,3,,
57978,42392,KCg-m,KCg-m_R,Kenyon_Cell,cb_intrinsic,R,,acetylcholine,1,0,KC,gamma,1,4,,
58009,42419,M_adPNm8,M_adPNm8_L,ALPN,cb_intrinsic,L,,acetylcholine,1,0,ALPN,,0,0,9,-0.5
58013,42422,KCg-m,KCg-m_R,Kenyon_Cell,cb_intrinsic,R,,acetylcholine,1,0,KC,gamma,1,2,,
58014,42423,KCg-m,KCg-m_R,Kenyon_Cell,cb_intrinsic,R,,acetylcholine,1,0,KC,gamma,1,2,,
58058,42462,KCg-m,KCg-m_L,Kenyon_Cell,cb_intrinsic,L,,acetylcholine,1,0,KC,gamma,1,2,,
58097,42494,KCa'b'-ap1,KCa'b'-ap1_L,Kenyon_Cell,cb_intrinsic,L,,acetylcholine,1,0,KC,apbp,1,2,,
58111,42506,KCa'b'-ap1,KCa'b'-ap1_R,Kenyon_Cell,cb_intrinsic,R,,acetylcholine,1,0,KC,apbp,1,2,,
58130,42521,KCa'b'-ap1,KCa'b'-ap1_R,Kenyon_Cell,cb_intrinsic,R,,acetylcholine,1,0,KC,apbp,1,2,,
58163,42550,M_vPNml77,M_vPNml77_L,ALPN,cb_intrinsic,L,,gaba,-1,0,ALPN,,0,0,,
58169,42556,KCab-p,KCab-p_R,Kenyon_Cell,cb_intrinsic,R,,acetylcholine,1,0,KC,ab,1,0,,
58183,42570,KCg-m,KCg-m_R,Kenyon_Cell,cb_intrinsic,R,,acetylcholine,1,0,KC,gamma,1,2,,
58226,42605,M_vPNml60,M_vPNml60_R,ALPN,cb_intrinsic,R,,gaba,-1,0,ALPN,,0,0,,
58275,42652,KCab-s,KCab-s_L,Kenyon_Cell,cb_intrinsic,L,,acetylcholine,1,0,KC,ab,2,0,,
58295,42671,KCab-p,KCab-p_R,Kenyon_Cell,cb_intrinsic,R,,acetylcholine,1,0,KC,ab,1,0,,
58387,42747,KCab-s,KCab-s_L,Kenyon_Cell,cb_intrinsic,L,,acetylcholine,1,0,KC,ab,1,0,,
58401,42758,MBON15,MBON15(a'1)_R,MBON,cb_intrinsic,R,,acetylcholine,1,0,MBON,,0,0,,
58434,42787,M_lvPNm37,M_lvPNm37_R,ALPN,cb_intrinsic,R,,acetylcholine,1,0,ALPN,,0,0,,
58471,42819,KCg-m,KCg-m_L,Kenyon_Cell,cb_intrinsic,L,,acetylcholine,1,0,KC,gamma,1,2,,
58487,42835,KCg-m,KCg-m_R,Kenyon_Cell,cb_intrinsic,R,,acetylcholine,1,0,KC,gamma,1,2,,
58496,42841,M_lvPNm40,M_lvPNm40_R,ALPN,cb_intrinsic,R,,acetylcholine,1,0,ALPN,,0,0,,
58500,42843,DC4_vPN,DC4_vPN_R,ALPN,cb_intrinsic,R,,gaba,-1,0,ALPN,,0,0,,
58501,42844,KCg-d,KCg-d_R,Kenyon_Cell,cb_intrinsic,R,,acetylcholine,1,0,KC,gamma,1,3,,
58524,42863,KCg-d,KCg-d_R,Kenyon_Cell,cb_intrinsic,R,,acetylcholine,1,0,KC,gamma,1,2,,
58570,42904,KCa'b'-ap2,KCa'b'-ap2_R,Kenyon_Cell,cb_intrinsic,R,,acetylcholine,1,0,KC,apbp,0,2,,
58586,42918,KCg-m,KCg-m_R,Kenyon_Cell,cb_intrinsic,R,,acetylcholine,1,0,KC,gamma,1,2,,
58622,42950,DP1l_vPN,DP1l_vPN_R,ALPN,cb_intrinsic,R,,gaba,-1,0,ALPN,,0,0,,
58662,42982,KCab-s,KCab-s_L,Kenyon_Cell,cb_intrinsic,L,,acetylcholine,1,0,KC,ab,1,0,,
58782,43078,KCg-d,KCg-d_R,Kenyon_Cell,cb_intrinsic,R,,acetylcholine,1,0,KC,gamma,1,2,,
58802,43096,KCg-d,KCg-d_L,Kenyon_Cell,cb_intrinsic,L,,acetylcholine,1,0,KC,gamma,1,2,,
58805,43099,KCa'b'-m,KCa'b'-m_R,Kenyon_Cell,cb_intrinsic,R,,acetylcholine,1,0,KC,apbp,2,2,,
58884,43161,KCa'b'-m,KCa'b'-m_L,Kenyon_Cell,cb_intrinsic,L,,acetylcholine,1,0,KC,apbp,0,2,,
58941,43210,PAM08,PAM08(y4)_L,DAN,cb_intrinsic,L,,dopamine,1,1,DAN,,0,0,,
58950,43218,KCg-m,KCg-m_R,Kenyon_Cell,cb_intrinsic,R,,acetylcholine,1,0,KC,gamma,1,2,,
58961,43228,KCg-m,KCg-m_R,Kenyon_Cell,cb_intrinsic,R,,acetylcholine,1,0,KC,gamma,1,2,,
58980,43245,KCa'b'-ap2,KCa'b'-ap2_L,Kenyon_Cell,cb_intrinsic,L,,acetylcholine,1,0,KC,apbp,0,2,,
59001,43264,KCa'b'-ap2,KCa'b'-ap2_L,Kenyon_Cell,cb_intrinsic,L,,acetylcholine,1,0,KC,apbp,0,2,,
59078,43332,KCa'b'-m,KCa'b'-m_L,Kenyon_Cell,cb_intrinsic,L,,acetylcholine,1,0,KC,apbp,0,2,,
59090,43342,KCa'b'-ap2,KCa'b'-ap2_R,Kenyon_Cell,cb_intrinsic,R,,acetylcholine,1,0,KC,apbp,0,2,,
59174,43413,KCg-m,KCg-m_R,Kenyon_Cell,cb_intrinsic,R,,acetylcholine,1,0,KC,gamma,1,2,,
59261,43485,KCg-m,KCg-m_R,Kenyon_Cell,cb_intrinsic,R,,acetylcholine,1,0,KC,gamma,1,2,,
59286,43506,KCg-m,KCg-m_R,Kenyon_Cell,cb_intrinsic,R,,acetylcholine,1,0,KC,gamma,1,2,,
59320,43534,KCa'b'-ap2,KCa'b'-ap2_R,Kenyon_Cell,cb_intrinsic,R,,acetylcholine,1,0,KC,apbp,1,2,,
59384,43590,KCg-m,KCg-m_R,Kenyon_Cell,cb_intrinsic,R,,acetylcholine,1,0,KC,gamma,1,2,,
59442,43638,KCg-m,KCg-m_R,Kenyon_Cell,cb_intrinsic,R,,acetylcholine,1,0,KC,gamma,1,2,,
59463,43656,KCa'b'-ap2,KCa'b'-ap2_L,Kenyon_Cell,cb_intrinsic,L,,acetylcholine,1,0,KC,apbp,0,3,,
59494,43682,KCg-m,KCg-m_R,Kenyon_Cell,cb_intrinsic,R,,acetylcholine,1,0,KC,gamma,1,4,,
59518,43701,M_vPNml75,M_vPNml75_L,ALPN,cb_intrinsic,L,,gaba,-1,0,ALPN,,0,0,,
59616,43780,KCa'b'-ap2,KCa'b'-ap2_L,Kenyon_Cell,cb_intrinsic,L,,acetylcholine,1,0,KC,apbp,1,2,,
59658,43815,M_lPNm13,M_lPNm13_R,ALPN,cb_intrinsic,R,,acetylcholine,1,0,ALPN,,0,0,,
59715,43858,KCa'b'-ap2,KCa'b'-ap2_R,Kenyon_Cell,cb_intrinsic,R,,acetylcholine,1,0,KC,apbp,0,2,,
59765,43898,KCa'b'-m,KCa'b'-m_R,Kenyon_Cell,cb_intrinsic,R,,acetylcholine,1,0,KC,apbp,0,2,,
59787,43916,KCab-p,KCab-p_R,Kenyon_Cell,cb_intrinsic,R,,acetylcholine,1,0,KC,ab,1,0,,
59796,43921,M_lPNm13,M_lPNm13_R,ALPN,cb_intrinsic,R,,acetylcholine,1,0,ALPN,,0,0,,
59818,43941,KCab-s,KCab-s_R,Kenyon_Cell,cb_intrinsic,R,,acetylcholine,1,0,KC,ab,1,0,,
59901,44009,KCa'b'-ap2,KCa'b'-ap2_R,Kenyon_Cell,cb_intrinsic,R,,acetylcholine,1,0,KC,apbp,0,2,,
59923,44023,KCg-m,KCg-m_R,Kenyon_Cell,cb_intrinsic,R,,acetylcholine,1,0,KC,gamma,1,2,,
59932,44029,KCg-m,KCg-m_R,Kenyon_Cell,cb_intrinsic,R,,acetylcholine,1,0,KC,gamma,1,2,,
59978,44069,KCg-m,KCg-m_R,Kenyon_Cell,cb_intrinsic,R,,acetylcholine,1,0,KC,gamma,1,2,,
60011,44098,KCg-m,KCg-m_L,Kenyon_Cell,cb_intrinsic,L,,acetylcholine,1,0,KC,gamma,1,2,,
60017,44103,DL2d_vPN,DL2d_vPN_L,ALPN,cb_intrinsic,L,,gaba,-1,0,ALPN,,0,0,,
60083,44157,KCa'b'-m,KCa'b'-m_L,Kenyon_Cell,cb_intrinsic,L,,acetylcholine,1,0,KC,apbp,1,2,,
60098,44171,KCa'b'-m,KCa'b'-m_R,Kenyon_Cell,cb_intrinsic,R,,acetylcholine,1,0,KC,apbp,0,3,,
60166,44225,KCab-p,KCab-p_L,Kenyon_Cell,cb_intrinsic,L,,acetylcholine,1,0,KC,ab,1,0,,
60172,44231,KCg-m,KCg-m_R,Kenyon_Cell,cb_intrinsic,R,,acetylcholine,1,0,KC,gamma,1,2,,
60200,44256,KCg-m,KCg-m_R,Kenyon_Cell,cb_intrinsic,R,,acetylcholine,1,0,KC,gamma,1,3,,
60227,44278,KCg-m,KCg-m_R,Kenyon_Cell,cb_intrinsic,R,,acetylcholine,1,0,KC,gamma,1,2,,
60236,44286,CB2772,CB2772_L,ALPN,cb_intrinsic,L,,gaba,-1,0,ALPN,,0,0,,
60273,44317,PAM07,PAM07(y4<y1y2)_L,DAN,cb_intrinsic,L,,dopamine,1,1,DAN,,0,0,,
60314,44347,KCa'b'-m,KCa'b'-m_R,Kenyon_Cell,cb_intrinsic,R,,acetylcholine,1,0,KC,apbp,0,2,,
60329,44356,KCg-m,KCg-m_R,Kenyon_Cell,cb_intrinsic,R,,acetylcholine,1,0,KC,gamma,1,2,,
60344,44370,KCg-d,KCg-d_R,Kenyon_Cell,cb_intrinsic,R,,acetylcholine,1,0,KC,gamma,1,2,,
60349,44374,KCa'b'-ap1,KCa'b'-ap1_L,Kenyon_Cell,cb_intrinsic,L,,acetylcholine,1,0,KC,apbp,0,2,,
60354,44377,KCa'b'-ap1,KCa'b'-ap1_R,Kenyon_Cell,cb_intrinsic,R,,acetylcholine,1,0,KC,apbp,0,2,,
60388,44409,KCg-m,KCg-m_L,Kenyon_Cell,cb_intrinsic,L,,acetylcholine,1,0,KC,gamma,1,2,,
60391,44412,KCa'b'-ap2,KCa'b'-ap2_L,Kenyon_Cell,cb_intrinsic,L,,acetylcholine,1,0,KC,apbp,0,2,,
60443,44453,KCa'b'-ap2,KCa'b'-ap2_R,Kenyon_Cell,cb_intrinsic,R,,acetylcholine,1,0,KC,apbp,0,2,,
60471,44479,KCg-m,KCg-m_L,Kenyon_Cell,cb_intrinsic,L,,acetylcholine,1,0,KC,gamma,1,2,,
60494,44498,KCa'b'-ap2,KCa'b'-ap2_L,Kenyon_Cell,cb_intrinsic,L,,acetylcholine,1,0,KC,apbp,0,2,,
60505,44508,KCa'b'-m,KCa'b'-m_R,Kenyon_Cell,cb_intrinsic,R,,acetylcholine,1,0,KC,apbp,0,2,,
60516,44516,KCg-m,KCg-m_R,Kenyon_Cell,cb_intrinsic,R,,acetylcholine,1,0,KC,gamma,1,2,,
60539,44536,KCa'b'-ap1,KCa'b'-ap1_L,Kenyon_Cell,cb_intrinsic,L,,acetylcholine,1,0,KC,apbp,0,2,,
60545,44539,KCg-m,KCg-m_L,Kenyon_Cell,cb_intrinsic,L,,acetylcholine,1,0,KC,gamma,1,2,,
60697,44663,KCa'b'-ap1,KCa'b'-ap1_L,Kenyon_Cell,cb_intrinsic,L,,acetylcholine,1,0,KC,apbp,1,2,,
60708,44673,KCg-d,KCg-d_R,Kenyon_Cell,cb_intrinsic,R,,acetylcholine,1,0,KC,gamma,1,2,,
60729,44689,KCa'b'-ap2,KCa'b'-ap2_R,Kenyon_Cell,cb_intrinsic,R,,acetylcholine,1,0,KC,apbp,1,2,,
60732,44692,KCab-s,KCab-s_L,Kenyon_Cell,cb_intrinsic,L,,acetylcholine,1,0,KC,ab,2,0,,
60739,44698,KCg-m,KCg-m_R,Kenyon_Cell,cb_intrinsic,R,,acetylcholine,1,0,KC,gamma,1,2,,
60763,44719,KCg-m,KCg-m_R,Kenyon_Cell,cb_intrinsic,R,,acetylcholine,1,0,KC,gamma,1,2,,
60768,44724,KCg-m,KCg-m_R,Kenyon_Cell,cb_intrinsic,R,,acetylcholine,1,0,KC,gamma,1,2,,
60787,44740,KCab-s,KCab-s_L,Kenyon_Cell,cb_intrinsic,L,,acetylcholine,1,0,KC,ab,1,0,,
60829,44776,KCg-d,KCg-d_R,Kenyon_Cell,cb_intrinsic,R,,acetylcholine,1,0,KC,gamma,1,2,,
60834,44779,KCg-m,KCg-m_L,Kenyon_Cell,cb_intrinsic,L,,acetylcholine,1,0,KC,gamma,1,2,,
60890,44825,KCab-s,KCab-s_R,Kenyon_Cell,cb_intrinsic,R,,acetylcholine,1,0,KC,ab,1,0,,
60930,44857,PAM10,PAM10(B1)_L,DAN,cb_intrinsic,L,,dopamine,1,1,DAN,,0,0,,
60948,44874,KCab-s,KCab-s_L,Kenyon_Cell,cb_intrinsic,L,,acetylcholine,1,0,KC,ab,2,0,,
60957,44881,KCg-m,KCg-m_R,Kenyon_Cell,cb_intrinsic,R,,acetylcholine,1,0,KC,gamma,2,2,,
60960,44883,KCa'b'-ap2,KCa'b'-ap2_R,Kenyon_Cell,cb_intrinsic,R,,acetylcholine,1,0,KC,apbp,1,2,,
60983,44904,KCa'b'-m,KCa'b'-m_R,Kenyon_Cell,cb_intrinsic,R,,acetylcholine,1,0,KC,apbp,1,2,,
60986,44907,KCab-s,KCab-s_L,Kenyon_Cell,cb_intrinsic,L,,acetylcholine,1,0,KC,ab,1,0,,
61033,44943,KCa'b'-m,KCa'b'-m_R,Kenyon_Cell,cb_intrinsic,R,,acetylcholine,1,0,KC,apbp,1,2,,
61056,44962,KCg-d,KCg-d_R,Kenyon_Cell,cb_intrinsic,R,,acetylcholine,1,0,KC,gamma,1,2,,
61071,44973,KCa'b'-ap1,KCa'b'-ap1_L,Kenyon_Cell,cb_intrinsic,L,,acetylcholine,1,0,KC,apbp,0,2,,
61113,45007,KCg-m,KCg-m_R,Kenyon_Cell,cb_intrinsic,R,,acetylcholine,1,0,KC,gamma,1,3,,
61115,45009,KCa'b'-ap2,KCa'b'-ap2_R,Kenyon_Cell,cb_intrinsic,R,,acetylcholine,1,0,KC,apbp,1,2,,
61116,45010,KCab-s,KCab-s_L,Kenyon_Cell,cb_intrinsic,L,,acetylcholine,1,0,KC,ab,1,1,,
61120,45013,KCab-s,KCab-s_L,Kenyon_Cell,cb_intrinsic,L,,acetylcholine,1,0,KC,ab,2,0,,
61126,45018,KCg-m,KCg-m_R,Kenyon_Cell,cb_intrinsic,R,,acetylcholine,1,0,KC,gamma,1,2,,
61178,45067,KCg-m,KCg-m_R,Kenyon_Cell,cb_intrinsic,R,,acetylcholine,1,0,KC,gamma,1,2,,
61237,45111,KCg-m,KCg-m_R,Kenyon_Cell,cb_intrinsic,R,,acetylcholine,1,0,KC,gamma,1,2,,
61253,45126,KCa'b'-ap1,KCa'b'-ap1_L,Kenyon_Cell,cb_intrinsic,L,,acetylcholine,1,0,KC,apbp,0,2,,
61259,45132,KCab-s,KCab-s_L,Kenyon_Cell,cb_intrinsic,L,,acetylcholine,1,0,KC,ab,1,0,,
61279,45150,KCg-m,KCg-m_R,Kenyon_Cell,cb_intrinsic,R,,acetylcholine,1,0,KC,gamma,1,2,,
61312,45176,KCg-m,KCg-m_L,Kenyon_Cell,cb_intrinsic,L,,acetylcholine,1,0,KC,gamma,1,2,,
61333,45193,KCab-s,KCab-s_L,Kenyon_Cell,cb_intrinsic,L,,acetylcholine,1,0,KC,ab,1,0,,
61334,45194,KCa'b'-m,KCa'b'-m_L,Kenyon_Cell,cb_intrinsic,L,,acetylcholine,1,0,KC,apbp,0,2,,
61339,45199,KCa'b'-ap2,KCa'b'-ap2_R,Kenyon_Cell,cb_intrinsic,R,,acetylcholine,1,0,KC,apbp,1,2,,
61360,45217,PAM12,PAM12(y3)_L,DAN,cb_intrinsic,L,,dopamine,1,1,DAN;away_teaching,,0,0,,
61382,45235,KCg-m,KCg-m_R,Kenyon_Cell,cb_intrinsic,R,,acetylcholine,1,0,KC,gamma,1,2,,
61456,45300,KCg-m,KCg-m_R,Kenyon_Cell,cb_intrinsic,R,,acetylcholine,1,0,KC,gamma,1,2,,
61464,45306,KCab-s,KCab-s_R,Kenyon_Cell,cb_intrinsic,R,,acetylcholine,1,0,KC,ab,1,0,,
61475,45314,KCa'b'-ap1,KCa'b'-ap1_R,Kenyon_Cell,cb_intrinsic,R,,acetylcholine,1,0,KC,apbp,1,3,,
61517,45346,KCab-s,KCab-s_L,Kenyon_Cell,cb_intrinsic,L,,acetylcholine,1,0,KC,ab,2,0,,
61555,45374,KCa'b'-ap1,KCa'b'-ap1_R,Kenyon_Cell,cb_intrinsic,R,,acetylcholine,1,0,KC,apbp,0,2,,
61570,45386,KCa'b'-ap2,KCa'b'-ap2_L,Kenyon_Cell,cb_intrinsic,L,,acetylcholine,1,0,KC,apbp,0,2,,
61579,45394,KCg-m,KCg-m_L,Kenyon_Cell,cb_intrinsic,L,,acetylcholine,1,0,KC,gamma,1,2,,
61605,45416,KCg-m,KCg-m_R,Kenyon_Cell,cb_intrinsic,R,,acetylcholine,1,0,KC,gamma,1,2,,
61639,45446,KCa'b'-m,KCa'b'-m_L,Kenyon_Cell,cb_intrinsic,L,,acetylcholine,1,0,KC,apbp,1,2,,
61802,45579,KCg-m,KCg-m_L,Kenyon_Cell,cb_intrinsic,L,,acetylcholine,1,0,KC,gamma,1,2,,
61806,45582,KCab-s,KCab-s_R,Kenyon_Cell,cb_intrinsic,R,,acetylcholine,1,0,KC,ab,1,0,,
61936,45695,KCa'b'-ap2,KCa'b'-ap2_R,Kenyon_Cell,cb_intrinsic,R,,acetylcholine,1,0,KC,apbp,1,2,,
61938,45697,KCa'b'-m,KCa'b'-m_R,Kenyon_Cell,cb_intrinsic,R,,acetylcholine,1,0,KC,apbp,1,2,,
61941,45698,DP1l_vPN,DP1l_vPN_R,ALPN,cb_intrinsic,R,,gaba,-1,0,ALPN,,0,0,,
61947,45703,KCab-p,KCab-p_R,Kenyon_Cell,cb_intrinsic,R,,acetylcholine,1,0,KC,ab,2,0,,
61962,45717,KCg-m,KCg-m_R,Kenyon_Cell,cb_intrinsic,R,,acetylcholine,1,0,KC,gamma,1,3,,
61967,45721,KCg-m,KCg-m_R,Kenyon_Cell,cb_intrinsic,R,,acetylcholine,1,0,KC,gamma,1,2,,
61981,45733,KCg-m,KCg-m_R,Kenyon_Cell,cb_intrinsic,R,,acetylcholine,1,0,KC,gamma,1,2,,
62003,45751,KCg-m,KCg-m_R,Kenyon_Cell,cb_intrinsic,R,,acetylcholine,1,0,KC,gamma,1,2,,
62057,45795,KCa'b'-m,KCa'b'-m_R,Kenyon_Cell,cb_intrinsic,R,,acetylcholine,1,0,KC,apbp,0,2,,
62062,45800,KCg-m,KCg-m_R,Kenyon_Cell,cb_intrinsic,R,,acetylcholine,1,0,KC,gamma,1,2,,
62076,45810,KCg-d,KCg-d_R,Kenyon_Cell,cb_intrinsic,R,,acetylcholine,1,0,KC,gamma,1,3,,
62087,45817,KCab-p,KCab-p_R,Kenyon_Cell,cb_intrinsic,R,,acetylcholine,1,0,KC,ab,1,0,,
62159,45877,KCg-m,KCg-m_R,Kenyon_Cell,cb_intrinsic,R,,acetylcholine,1,0,KC,gamma,1,2,,
62174,45889,KCg-m,KCg-m_R,Kenyon_Cell,cb_intrinsic,R,,acetylcholine,1,0,KC,gamma,1,2,,
62188,45902,KCa'b'-m,KCa'b'-m_L,Kenyon_Cell,cb_intrinsic,L,,acetylcholine,1,0,KC,apbp,0,2,,
62241,45949,KCg-m,KCg-m_R,Kenyon_Cell,cb_intrinsic,R,,acetylcholine,1,0,KC,gamma,1,2,,
62274,45976,KCg-d,KCg-d_R,Kenyon_Cell,cb_intrinsic,R,,acetylcholine,1,0,KC,gamma,1,2,,
62286,45986,M_lPNm11A,M_lPNm11A_L,ALPN,cb_intrinsic,L,,acetylcholine,1,0,ALPN,,0,0,,
62344,46039,KCg-m,KCg-m_R,Kenyon_Cell,cb_intrinsic,R,,acetylcholine,1,0,KC,gamma,1,3,,
62417,46096,KCa'b'-m,KCa'b'-m_L,Kenyon_Cell,cb_intrinsic,L,,acetylcholine,1,0,KC,apbp,1,2,,
62436,46111,KCab-s,KCab-s_L,Kenyon_Cell,cb_intrinsic,L,,acetylcholine,1,0,KC,ab,1,0,,
62457,46127,KCab-p,KCab-p_R,Kenyon_Cell,cb_intrinsic,R,,acetylcholine,1,0,KC,ab,1,0,,
62471,46139,KCab-c,KCab-c_R,Kenyon_Cell,cb_intrinsic,R,,acetylcholine,1,0,KC,ab,1,0,,
62517,46175,KCab-m,KCab-m_R,Kenyon_Cell,cb_intrinsic,R,,acetylcholine,1,0,KC,ab,1,0,,
62559,46211,KCg-m,KCg-m_R,Kenyon_Cell,cb_intrinsic,R,,acetylcholine,1,0,KC,gamma,1,2,,
62624,46266,KCab-s,KCab-s_R,Kenyon_Cell,cb_intrinsic,R,,acetylcholine,1,0,KC,ab,2,0,,
62638,46278,KCa'b'-ap1,KCa'b'-ap1_L,Kenyon_Cell,cb_intrinsic,L,,acetylcholine,1,0,KC,apbp,1,2,,
62641,46281,KCab-p,KCab-p_L,Kenyon_Cell,cb_intrinsic,L,,acetylcholine,1,0,KC,ab,1,0,,
62643,46282,KCg-m,KCg-m_R,Kenyon_Cell,cb_intrinsic,R,,acetylcholine,1,0,KC,gamma,1,2,,
62645,46284,KCg-m,KCg-m_R,Kenyon_Cell,cb_intrinsic,R,,acetylcholine,1,0,KC,gamma,1,2,,
62660,46295,KCg-m,KCg-m_R,Kenyon_Cell,cb_intrinsic,R,,acetylcholine,1,0,KC,gamma,1,3,,
62703,46329,KCa'b'-ap1,KCa'b'-ap1_L,Kenyon_Cell,cb_intrinsic,L,,acetylcholine,1,0,KC,apbp,1,2,,
62731,46349,PAM01,PAM01(y5)_R,DAN,cb_intrinsic,R,,dopamine,1,1,DAN,,0,0,,
62733,46351,KCa'b'-ap2,KCa'b'-ap2_R,Kenyon_Cell,cb_intrinsic,R,,acetylcholine,1,0,KC,apbp,0,2,,
62753,46369,KCab-s,KCab-s_L,Kenyon_Cell,cb_intrinsic,L,,acetylcholine,1,0,KC,ab,1,0,,
62837,46442,M_vPNml76,M_vPNml76_L,ALPN,cb_intrinsic,L,,gaba,-1,0,ALPN,,0,0,,
62840,46445,KCab-s,KCab-s_R,Kenyon_Cell,cb_intrinsic,R,,acetylcholine,1,0,KC,ab,2,0,,
62891,46490,KCg-m,KCg-m_R,Kenyon_Cell,cb_intrinsic,R,,acetylcholine,1,0,KC,gamma,2,2,,
62905,46499,KCa'b'-m,KCa'b'-m_R,Kenyon_Cell,cb_intrinsic,R,,acetylcholine,1,0,KC,apbp,1,2,,
62917,46510,KCg-m,KCg-m_R,Kenyon_Cell,cb_intrinsic,R,,acetylcholine,1,0,KC,gamma,1,2,,
63035,46610,KCa'b'-ap2,KCa'b'-ap2_L,Kenyon_Cell,cb_intrinsic,L,,acetylcholine,1,0,KC,apbp,0,2,,
63046,46617,VL2p_vPN,VL2p_vPN_R,ALPN,cb_intrinsic,R,,gaba,-1,0,ALPN,,0,0,,
63097,46660,KCg-m,KCg-m_R,Kenyon_Cell,cb_intrinsic,R,,acetylcholine,1,0,KC,gamma,1,2,,
63100,46663,KCg-m,KCg-m_R,Kenyon_Cell,cb_intrinsic,R,,acetylcholine,1,0,KC,gamma,1,2,,
63153,46706,KCg-m,KCg-m_R,Kenyon_Cell,cb_intrinsic,R,,acetylcholine,1,0,KC,gamma,1,2,,
63156,46709,KCab-s,KCab-s_R,Kenyon_Cell,cb_intrinsic,R,,acetylcholine,1,0,KC,ab,1,0,,
63189,46736,KCg-m,KCg-m_R,Kenyon_Cell,cb_intrinsic,R,,acetylcholine,1,0,KC,gamma,1,2,,
63199,46741,KCg-m,KCg-m_L,Kenyon_Cell,cb_intrinsic,L,,acetylcholine,1,0,KC,gamma,1,2,,
63209,46749,KCa'b'-ap1,KCa'b'-ap1_L,Kenyon_Cell,cb_intrinsic,L,,acetylcholine,1,0,KC,apbp,1,2,,
63212,46752,KCa'b'-ap2,KCa'b'-ap2_L,Kenyon_Cell,cb_intrinsic,L,,acetylcholine,1,0,KC,apbp,0,2,,
63218,46758,KCa'b'-ap1,KCa'b'-ap1_L,Kenyon_Cell,cb_intrinsic,L,,acetylcholine,1,0,KC,apbp,0,2,,
63253,46781,KCab-s,KCab-s_L,Kenyon_Cell,cb_intrinsic,L,,acetylcholine,1,0,KC,ab,1,0,,
63269,46796,KCg-m,KCg-m_R,Kenyon_Cell,cb_intrinsic,R,,acetylcholine,1,0,KC,gamma,1,2,,
63283,46810,KCa'b'-m,KCa'b'-m_L,Kenyon_Cell,cb_intrinsic,L,,acetylcholine,1,0,KC,apbp,0,2,,
63327,46848,KCg-m,KCg-m_L,Kenyon_Cell,cb_intrinsic,L,,acetylcholine,1,0,KC,gamma,1,2,,
63336,46854,M_VPNml66,M_VPNml66_L,ALPN,cb_intrinsic,L,,gaba,-1,0,ALPN,,0,0,,
63345,46860,KCab-m,KCab-m_L,Kenyon_Cell,cb_intrinsic,L,,acetylcholine,1,0,KC,ab,2,0,,
63370,46879,KCa'b'-ap2,KCa'b'-ap2_R,Kenyon_Cell,cb_intrinsic,R,,acetylcholine,1,0,KC,apbp,1,2,,
63380,46887,KCa'b'-ap2,KCa'b'-ap2_R,Kenyon_Cell,cb_intrinsic,R,,acetylcholine,1,0,KC,apbp,0,2,,
63391,46896,PAM01,PAM01(y5)_R,DAN,cb_intrinsic,R,,dopamine,1,1,DAN,,0,0,,
63394,46898,KCg-m,KCg-m_R,Kenyon_Cell,cb_intrinsic,R,,acetylcholine,1,0,KC,gamma,1,2,,
63398,46902,KCg-m,KCg-m_R,Kenyon_Cell,cb_intrinsic,R,,acetylcholine,1,0,KC,gamma,1,2,,
63482,46971,KCg-m,KCg-m_R,Kenyon_Cell,cb_intrinsic,R,,acetylcholine,1,0,KC,gamma,1,2,,
63483,46972,KCab-s,KCab-s_L,Kenyon_Cell,cb_intrinsic,L,,acetylcholine,1,0,KC,ab,1,0,,
63499,46988,KCa'b'-m,KCa'b'-m_R,Kenyon_Cell,cb_intrinsic,R,,acetylcholine,1,0,KC,apbp,0,2,,
63506,46995,KCg-m,KCg-m_R,Kenyon_Cell,cb_intrinsic,R,,acetylcholine,1,0,KC,gamma,1,4,,
63508,46997,KCg-m,KCg-m_R,Kenyon_Cell,cb_intrinsic,R,,acetylcholine,1,0,KC,gamma,1,2,,
63543,47024,KCg-d,KCg-d_R,Kenyon_Cell,cb_intrinsic,R,,acetylcholine,1,0,KC,gamma,1,2,,
63578,47054,KCg-m,KCg-m_R,Kenyon_Cell,cb_intrinsic,R,,acetylcholine,1,0,KC,gamma,1,3,,
63590,47062,KCa'b'-ap1,KCa'b'-ap1_L,Kenyon_Cell,cb_intrinsic,L,,acetylcholine,1,0,KC,apbp,0,2,,
63629,47095,KCg-m,KCg-m_R,Kenyon_Cell,cb_intrinsic,R,,acetylcholine,1,0,KC,gamma,1,2,,
63634,47100,KCg-m,KCg-m_L,Kenyon_Cell,cb_intrinsic,L,,acetylcholine,1,0,KC,gamma,1,2,,
63740,47194,KCg-m,KCg-m_L,Kenyon_Cell,cb_intrinsic,L,,acetylcholine,1,0,KC,gamma,1,2,,
63794,47243,KCab-p,KCab-p_R,Kenyon_Cell,cb_intrinsic,R,,acetylcholine,1,0,KC,ab,1,0,,
63814,47261,KCab-s,KCab-s_L,Kenyon_Cell,cb_intrinsic,L,,acetylcholine,1,0,KC,ab,1,0,,
63823,47268,KCa'b'-m,KCa'b'-m_R,Kenyon_Cell,cb_intrinsic,R,,acetylcholine,1,0,KC,apbp,1,2,,
63883,47315,M_adPNm8,M_adPNm8_L,ALPN,cb_intrinsic,L,,acetylcholine,1,0,ALPN,,0,0,9,-0.5
63930,47351,KCg-m,KCg-m_R,Kenyon_Cell,cb_intrinsic,R,,acetylcholine,1,0,KC,gamma,1,2,,
63942,47361,KCg-m,KCg-m_L,Kenyon_Cell,cb_intrinsic,L,,acetylcholine,1,0,KC,gamma,1,2,,
64005,47415,KCa'b'-ap1,KCa'b'-ap1_R,Kenyon_Cell,cb_intrinsic,R,,acetylcholine,1,0,KC,apbp,1,2,,
64023,47428,KCa'b'-ap2,KCa'b'-ap2_L,Kenyon_Cell,cb_intrinsic,L,,acetylcholine,1,0,KC,apbp,0,2,,
64115,47502,KCg-m,KCg-m_R,Kenyon_Cell,cb_intrinsic,R,,acetylcholine,1,0,KC,gamma,1,2,,
64133,47515,KCg-m,KCg-m_R,Kenyon_Cell,cb_intrinsic,R,,acetylcholine,1,0,KC,gamma,1,2,,
64141,47521,KCa'b'-m,KCa'b'-m_R,Kenyon_Cell,cb_intrinsic,R,,acetylcholine,1,0,KC,apbp,1,2,,
64196,47562,KCab-c,KCab-c_R,Kenyon_Cell,cb_intrinsic,R,,acetylcholine,1,0,KC,ab,2,0,,
64253,47615,KCab-s,KCab-s_R,Kenyon_Cell,cb_intrinsic,R,,acetylcholine,1,0,KC,ab,1,0,,
64302,47654,KCg-d,KCg-d_R,Kenyon_Cell,cb_intrinsic,R,,acetylcholine,1,0,KC,gamma,1,2,,
64310,47659,KCg-d,KCg-d_R,Kenyon_Cell,cb_intrinsic,R,,acetylcholine,1,0,KC,gamma,1,3,,
64376,47717,KCg-m,KCg-m_R,Kenyon_Cell,cb_intrinsic,R,,acetylcholine,1,0,KC,gamma,2,2,,
64378,47719,KCab-s,KCab-s_L,Kenyon_Cell,cb_intrinsic,L,,acetylcholine,1,0,KC,ab,1,0,,
64404,47742,KCg-m,KCg-m_R,Kenyon_Cell,cb_intrinsic,R,,acetylcholine,1,0,KC,gamma,1,2,,
64434,47767,KCg-m,KCg-m_L,Kenyon_Cell,cb_intrinsic,L,,acetylcholine,1,0,KC,gamma,1,3,,
64437,47770,KCg-m,KCg-m_R,Kenyon_Cell,cb_intrinsic,R,,acetylcholine,1,0,KC,gamma,1,2,,
64440,47773,KCg-m,KCg-m_R,Kenyon_Cell,cb_intrinsic,R,,acetylcholine,1,0,KC,gamma,1,3,,
64471,47799,KCg-m,KCg-m_R,Kenyon_Cell,cb_intrinsic,R,,acetylcholine,1,0,KC,gamma,1,2,,
64472,47800,KCa'b'-ap2,KCa'b'-ap2_L,Kenyon_Cell,cb_intrinsic,L,,acetylcholine,1,0,KC,apbp,0,2,,
64525,47843,KCg-m,KCg-m_R,Kenyon_Cell,cb_intrinsic,R,,acetylcholine,1,0,KC,gamma,1,2,,
64569,47876,CB1296_a,CB1296_a_L,ALPN,cb_intrinsic,L,,gaba,-1,0,ALPN,,0,0,,
64596,47897,KCg-m,KCg-m_R,Kenyon_Cell,cb_intrinsic,R,,acetylcholine,1,0,KC,gamma,1,2,,
64645,47940,KCa'b'-m,KCa'b'-m_R,Kenyon_Cell,cb_intrinsic,R,,acetylcholine,1,0,KC,apbp,0,2,,
64653,47948,KCa'b'-ap2,KCa'b'-ap2_R,Kenyon_Cell,cb_intrinsic,R,,acetylcholine,1,0,KC,apbp,0,2,,
64674,47966,KCa'b'-ap2,KCa'b'-ap2_L,Kenyon_Cell,cb_intrinsic,L,,acetylcholine,1,0,KC,apbp,0,2,,
64697,47986,KCg-m,KCg-m_L,Kenyon_Cell,cb_intrinsic,L,,acetylcholine,1,0,KC,gamma,1,2,,
64701,47990,KCg-m,KCg-m_R,Kenyon_Cell,cb_intrinsic,R,,acetylcholine,1,0,KC,gamma,1,2,,
64782,48058,KCa'b'-ap2,KCa'b'-ap2_R,Kenyon_Cell,cb_intrinsic,R,,acetylcholine,1,0,KC,apbp,0,2,,
64794,48067,KCab-s,KCab-s_R,Kenyon_Cell,cb_intrinsic,R,,acetylcholine,1,0,KC,ab,2,0,,
64799,48071,KCa'b'-m,KCa'b'-m_L,Kenyon_Cell,cb_intrinsic,L,,acetylcholine,1,0,KC,apbp,0,2,,
64809,48077,KCg-m,KCg-m_R,Kenyon_Cell,cb_intrinsic,R,,acetylcholine,1,0,KC,gamma,1,2,,
64860,48123,KCg-m,KCg-m_L,Kenyon_Cell,cb_intrinsic,L,,acetylcholine,1,0,KC,gamma,1,2,,
64868,48128,KCa'b'-m,KCa'b'-m_L,Kenyon_Cell,cb_intrinsic,L,,acetylcholine,1,0,KC,apbp,0,2,,
65109,48325,KCa'b'-m,KCa'b'-m_L,Kenyon_Cell,cb_intrinsic,L,,acetylcholine,1,0,KC,apbp,1,2,,
65121,48333,KCg-m,KCg-m_R,Kenyon_Cell,cb_intrinsic,R,,acetylcholine,1,0,KC,gamma,1,2,,
65122,48334,KCg-m,KCg-m_R,Kenyon_Cell,cb_intrinsic,R,,acetylcholine,1,0,KC,gamma,1,2,,
65161,48363,KCg-m,KCg-m_R,Kenyon_Cell,cb_intrinsic,R,,acetylcholine,1,0,KC,gamma,1,2,,
65179,48377,M_vPNml57,M_vPNml57_L,ALPN,cb_intrinsic,L,,gaba,-1,0,ALPN,,0,0,,
65205,48399,KCab-s,KCab-s_R,Kenyon_Cell,cb_intrinsic,R,,acetylcholine,1,0,KC,ab,1,0,,
65206,48400,KCab-s,KCab-s_R,Kenyon_Cell,cb_intrinsic,R,,acetylcholine,1,0,KC,ab,1,0,,
65273,48459,VM6_lvPN,VM6_lvPN_R,ALPN,cb_intrinsic,R,,acetylcholine,1,0,ALPN,,0,0,,
65347,48528,KCab-m,KCab-m_L,Kenyon_Cell,cb_intrinsic,L,,acetylcholine,1,0,KC,ab,1,0,,
65370,48550,KCg-m,KCg-m_L,Kenyon_Cell,cb_intrinsic,L,,acetylcholine,1,0,KC,gamma,1,2,,
65379,48557,KCg-m,KCg-m_R,Kenyon_Cell,cb_intrinsic,R,,acetylcholine,1,0,KC,gamma,1,2,,
65404,48579,KCab-p,KCab-p_R,Kenyon_Cell,cb_intrinsic,R,,acetylcholine,1,0,KC,ab,1,0,,
65420,48590,KCab-c,KCab-c_R,Kenyon_Cell,cb_intrinsic,R,,acetylcholine,1,0,KC,ab,1,0,,
65427,48596,KCg-m,KCg-m_R,Kenyon_Cell,cb_intrinsic,R,,acetylcholine,1,0,KC,gamma,1,2,,
65446,48613,KCa'b'-ap2,KCa'b'-ap2_R,Kenyon_Cell,cb_intrinsic,R,,acetylcholine,1,0,KC,apbp,1,2,,
65483,48646,KCab-c,KCab-c_R,Kenyon_Cell,cb_intrinsic,R,,acetylcholine,1,0,KC,ab,1,0,,
65500,48660,KCa'b'-ap1,KCa'b'-ap1_R,Kenyon_Cell,cb_intrinsic,R,,acetylcholine,1,0,KC,apbp,0,4,,
65524,48680,PAM08,PAM08(y4)_L,DAN,cb_intrinsic,L,,dopamine,1,1,DAN,,0,0,,
65559,48712,PAM07,PAM07(y4<y1y2)_R,DAN,cb_intrinsic,R,,dopamine,1,1,DAN,,0,0,,
65606,48748,KCg-m,KCg-m_R,Kenyon_Cell,cb_intrinsic,R,,acetylcholine,1,0,KC,gamma,1,2,,
65633,48768,KCab-p,KCab-p_L,Kenyon_Cell,cb_intrinsic,L,,acetylcholine,1,0,KC,ab,1,0,,
65708,48829,KCab-s,KCab-s_L,Kenyon_Cell,cb_intrinsic,L,,acetylcholine,1,0,KC,ab,1,0,,
65712,48831,KCab-s,KCab-s_R,Kenyon_Cell,cb_intrinsic,R,,acetylcholine,1,0,KC,ab,1,0,,
65714,48833,KCa'b'-m,KCa'b'-m_L,Kenyon_Cell,cb_intrinsic,L,,acetylcholine,1,0,KC,apbp,0,2,,
65729,48847,KCa'b'-ap2,KCa'b'-ap2_R,Kenyon_Cell,cb_intrinsic,R,,acetylcholine,1,0,KC,apbp,0,3,,
65737,48854,KCg-m,KCg-m_R,Kenyon_Cell,cb_intrinsic,R,,acetylcholine,1,0,KC,gamma,1,2,,
65750,48863,KCa'b'-ap1,KCa'b'-ap1_L,Kenyon_Cell,cb_intrinsic,L,,acetylcholine,1,0,KC,apbp,0,2,,
65752,48865,KCa'b'-m,KCa'b'-m_L,Kenyon_Cell,cb_intrinsic,L,,acetylcholine,1,0,KC,apbp,0,2,,
65768,48877,KCa'b'-ap1,KCa'b'-ap1_R,Kenyon_Cell,cb_intrinsic,R,,acetylcholine,1,0,KC,apbp,0,2,,
65814,48917,KCa'b'-m,KCa'b'-m_L,Kenyon_Cell,cb_intrinsic,L,,acetylcholine,1,0,KC,apbp,1,2,,
65854,48949,KCa'b'-m,KCa'b'-m_R,Kenyon_Cell,cb_intrinsic,R,,acetylcholine,1,0,KC,apbp,1,2,,
65864,48958,KCg-m,KCg-m_R,Kenyon_Cell,cb_intrinsic,R,,acetylcholine,1,0,KC,gamma,1,2,,
65886,48975,PAM08,PAM08(y4)_L,DAN,cb_intrinsic,L,,dopamine,1,1,DAN,,0,0,,
65940,49017,KCab-s,KCab-s_R,Kenyon_Cell,cb_intrinsic,R,,acetylcholine,1,0,KC,ab,2,0,,
65965,49037,KCg-m,KCg-m_R,Kenyon_Cell,cb_intrinsic,R,,acetylcholine,1,0,KC,gamma,1,2,,
65974,49046,KCa'b'-ap1,KCa'b'-ap1_L,Kenyon_Cell,cb_intrinsic,L,,acetylcholine,1,0,KC,apbp,0,3,,
65977,49048,KCab-s,KCab-s_R,Kenyon_Cell,cb_intrinsic,R,,acetylcholine,1,0,KC,ab,2,0,,
65997,49065,KCg-m,KCg-m_R,Kenyon_Cell,cb_intrinsic,R,,acetylcholine,1,0,KC,gamma,1,2,,
66007,49073,M_lvPNm41,M_lvPNm41_L,ALPN,cb_intrinsic,L,,acetylcholine,1,0,ALPN,,0,0,,
66015,49079,KCab-s,KCab-s_R,Kenyon_Cell,cb_intrinsic,R,,acetylcholine,1,0,KC,ab,2,0,,
66028,49088,KCab-s,KCab-s_L,Kenyon_Cell,cb_intrinsic,L,,acetylcholine,1,0,KC,ab,1,0,,
66038,49096,KCg-m,KCg-m_R,Kenyon_Cell,cb_intrinsic,R,,acetylcholine,1,0,KC,gamma,1,2,,
66047,49104,KCg-m,KCg-m_L,Kenyon_Cell,cb_intrinsic,L,,acetylcholine,1,0,KC,gamma,2,2,,
66073,49125,KCab-c,KCab-c_R,Kenyon_Cell,cb_intrinsic,R,,acetylcholine,1,0,KC,ab,1,0,,
66087,49135,CB2589,CB2589_R,ALPN,cb_intrinsic,R,,gaba,-1,0,ALPN,,0,0,,
66099,49142,KCg-m,KCg-m_R,Kenyon_Cell,cb_intrinsic,R,,acetylcholine,1,0,KC,gamma,1,2,,
66105,49146,KCg-m,KCg-m_L,Kenyon_Cell,cb_intrinsic,L,,acetylcholine,1,0,KC,gamma,1,2,,
66113,49153,KCg-m,KCg-m_L,Kenyon_Cell,cb_intrinsic,L,,acetylcholine,1,0,KC,gamma,1,2,,
66137,49172,KCab-c,KCab-c_R,Kenyon_Cell,cb_intrinsic,R,,acetylcholine,1,0,KC,ab,1,0,,
66171,49202,KCa'b'-ap2,KCa'b'-ap2_R,Kenyon_Cell,cb_intrinsic,R,,acetylcholine,1,0,KC,apbp,1,2,,
66179,49210,KCab-m,KCab-m_L,Kenyon_Cell,cb_intrinsic,L,,acetylcholine,1,0,KC,ab,1,0,,
66219,49245,KCg-m,KCg-m_R,Kenyon_Cell,cb_intrinsic,R,,acetylcholine,1,0,KC,gamma,1,2,,
66238,49260,KCab-s,KCab-s_L,Kenyon_Cell,cb_intrinsic,L,,acetylcholine,1,0,KC,ab,1,0,,
66244,49264,M_vPNml87,M_vPNml87_L,ALPN,cb_intrinsic,L,,gaba,-1,0,ALPN,,0,0,,
66371,49373,M_vPNml53,M_vPNml53_L,ALPN,cb_intrinsic,L,,gaba,-1,0,ALPN,,0,0,,
66387,49387,KCab-s,KCab-s_R,Kenyon_Cell,cb_intrinsic,R,,acetylcholine,1,0,KC,ab,1,0,,
66440,49430,KCab-s,KCab-s_L,Kenyon_Cell,cb_intrinsic,L,,acetylcholine,1,0,KC,ab,1,0,,
66458,49444,KCab-s,KCab-s_L,Kenyon_Cell,cb_intrinsic,L,,acetylcholine,1,0,KC,ab,2,0,,
66519,49493,KCg-m,KCg-m_R,Kenyon_Cell,cb_intrinsic,R,,acetylcholine,1,0,KC,gamma,1,2,,
66531,49505,KCab-s,KCab-s_L,Kenyon_Cell,cb_intrinsic,L,,acetylcholine,1,0,KC,ab,1,0,,
66583,49549,KCg-m,KCg-m_R,Kenyon_Cell,cb_intrinsic,R,,acetylcholine,1,0,KC,gamma,1,2,,
66594,49557,KCg-m,KCg-m_R,Kenyon_Cell,cb_intrinsic,R,,acetylcholine,1,0,KC,gamma,1,2,,
66595,49558,KCg-m,KCg-m_R,Kenyon_Cell,cb_intrinsic,R,,acetylcholine,1,0,KC,gamma,1,2,,
66599,49561,KCab-s,KCab-s_L,Kenyon_Cell,cb_intrinsic,L,,acetylcholine,1,0,KC,ab,1,0,,
66601,49563,KCg-m,KCg-m_R,Kenyon_Cell,cb_intrinsic,R,,acetylcholine,1,0,KC,gamma,1,2,,
66611,49572,KCg-m,KCg-m_R,Kenyon_Cell,cb_intrinsic,R,,acetylcholine,1,0,KC,gamma,1,2,,
66617,49577,KCg-m,KCg-m_L,Kenyon_Cell,cb_intrinsic,L,,acetylcholine,1,0,KC,gamma,1,2,,
66659,49607,KCg-d,KCg-d_L,Kenyon_Cell,cb_intrinsic,L,,acetylcholine,1,0,KC,gamma,1,2,,
66711,49653,KCab-s,KCab-s_L,Kenyon_Cell,cb_intrinsic,L,,acetylcholine,1,0,KC,ab,1,0,,
66720,49660,KCa'b'-m,KCa'b'-m_L,Kenyon_Cell,cb_intrinsic,L,,acetylcholine,1,0,KC,apbp,0,2,,
66812,49734,KCg-m,KCg-m_R,Kenyon_Cell,cb_intrinsic,R,,acetylcholine,1,0,KC,gamma,1,2,,
66865,49774,KCab-m,KCab-m_L,Kenyon_Cell,cb_intrinsic,L,,acetylcholine,1,0,KC,ab,1,0,,
66891,49798,KCab-s,KCab-s_R,Kenyon_Cell,cb_intrinsic,R,,acetylcholine,1,0,KC,ab,2,0,,
66911,49816,KCg-m,KCg-m_R,Kenyon_Cell,cb_intrinsic,R,,acetylcholine,1,0,KC,gamma,1,2,,
66934,49836,PAM10,PAM10(B1)_L,DAN,cb_intrinsic,L,,dopamine,1,1,DAN,,0,0,,
66945,49845,KCg-m,KCg-m_R,Kenyon_Cell,cb_intrinsic,R,,acetylcholine,1,0,KC,gamma,1,2,,
66970,49864,VP1m+VP2_lvPN2,VP1m+VP2_lvPN2_L,ALPN,cb_intrinsic,L,,acetylcholine,1,0,ALPN,,0,0,9,1.5
66973,49867,KCg-d,KCg-d_R,Kenyon_Cell,cb_intrinsic,R,,acetylcholine,1,0,KC,gamma,1,2,,
67000,49889,KCg-m,KCg-m_L,Kenyon_Cell,cb_intrinsic,L,,acetylcholine,1,0,KC,gamma,1,2,,
67011,49899,KCa'b'-ap2,KCa'b'-ap2_L,Kenyon_Cell,cb_intrinsic,L,,acetylcholine,1,0,KC,apbp,0,2,,
67022,49907,KCa'b'-ap1,KCa'b'-ap1_L,Kenyon_Cell,cb_intrinsic,L,,acetylcholine,1,0,KC,apbp,2,2,,
67058,49936,KCg-m,KCg-m_L,Kenyon_Cell,cb_intrinsic,L,,acetylcholine,1,0,KC,gamma,1,2,,
67102,49971,KCa'b'-ap1,KCa'b'-ap1_L,Kenyon_Cell,cb_intrinsic,L,,acetylcholine,1,0,KC,apbp,1,2,,
67106,49974,KCg-m,KCg-m_L,Kenyon_Cell,cb_intrinsic,L,,acetylcholine,1,0,KC,gamma,1,2,,
67120,49984,KCg-m,KCg-m_R,Kenyon_Cell,cb_intrinsic,R,,acetylcholine,1,0,KC,gamma,1,2,,
67249,50094,KCg-m,KCg-m_R,Kenyon_Cell,cb_intrinsic,R,,acetylcholine,1,0,KC,gamma,1,2,,
67257,50101,KCg-m,KCg-m_L,Kenyon_Cell,cb_intrinsic,L,,acetylcholine,1,0,KC,gamma,1,2,,
67274,50117,KCab-s,KCab-s_R,Kenyon_Cell,cb_intrinsic,R,,acetylcholine,1,0,KC,ab,2,0,,
67282,50121,KCab-m,KCab-m_L,Kenyon_Cell,cb_intrinsic,L,,acetylcholine,1,0,KC,ab,2,0,,
67287,50125,KCab-s,KCab-s_L,Kenyon_Cell,cb_intrinsic,L,,acetylcholine,1,0,KC,ab,1,0,,
67320,50153,KCg-m,KCg-m_R,Kenyon_Cell,cb_intrinsic,R,,acetylcholine,1,0,KC,gamma,1,3,,
67337,50167,KCg-m,KCg-m_R,Kenyon_Cell,cb_intrinsic,R,,acetylcholine,1,0,KC,gamma,1,2,,
67344,50174,KCab-c,KCab-c_R,Kenyon_Cell,cb_intrinsic,R,,acetylcholine,1,0,KC,ab,2,0,,
67355,50179,KCg-d,KCg-d_R,Kenyon_Cell,cb_intrinsic,R,,acetylcholine,1,0,KC,gamma,1,2,,
67356,50180,KCg-m,KCg-m_L,Kenyon_Cell,cb_intrinsic,L,,acetylcholine,1,0,KC,gamma,1,2,,
67359,50183,KCa'b'-m,KCa'b'-m_R,Kenyon_Cell,cb_intrinsic,R,,acetylcholine,1,0,KC,apbp,0,2,,
67378,50198,KCa'b'-m,KCa'b'-m_L,Kenyon_Cell,cb_intrinsic,L,,acetylcholine,1,0,KC,apbp,2,2,,
67406,50217,KCab-s,KCab-s_L,Kenyon_Cell,cb_intrinsic,L,,acetylcholine,1,0,KC,ab,1,0,,
67425,50232,KCg-m,KCg-m_R,Kenyon_Cell,cb_intrinsic,R,,acetylcholine,1,0,KC,gamma,1,2,,
67432,50239,KCg-m,KCg-m_R,Kenyon_Cell,cb_intrinsic,R,,acetylcholine,1,0,KC,gamma,1,2,,
67439,50244,KCa'b'-ap2,KCa'b'-ap2_L,Kenyon_Cell,cb_intrinsic,L,,acetylcholine,1,0,KC,apbp,0,2,,
67451,50254,KCg-m,KCg-m_R,Kenyon_Cell,cb_intrinsic,R,,acetylcholine,1,0,KC,gamma,1,2,,
67468,50269,KCg-m,KCg-m_L,Kenyon_Cell,cb_intrinsic,L,,acetylcholine,1,0,KC,gamma,1,2,,
67474,50274,KCa'b'-ap1,KCa'b'-ap1_R,Kenyon_Cell,cb_intrinsic,R,,acetylcholine,1,0,KC,apbp,1,4,,
67479,50276,KCg-m,KCg-m_L,Kenyon_Cell,cb_intrinsic,L,,acetylcholine,1,0,KC,gamma,1,2,,
67535,50315,KCab-s,KCab-s_R,Kenyon_Cell,cb_intrinsic,R,,acetylcholine,1,0,KC,ab,1,0,,
67543,50321,KCa'b'-ap2,KCa'b'-ap2_R,Kenyon_Cell,cb_intrinsic,R,,acetylcholine,1,0,KC,apbp,1,2,,
67544,50322,KCa'b'-ap1,KCa'b'-ap1_R,Kenyon_Cell,cb_intrinsic,R,,acetylcholine,1,0,KC,apbp,1,2,,
67581,50357,KCab-c,KCab-c_R,Kenyon_Cell,cb_intrinsic,R,,acetylcholine,1,0,KC,ab,1,0,,
67654,50414,KCab-s,KCab-s_R,Kenyon_Cell,cb_intrinsic,R,,acetylcholine,1,0,KC,ab,1,0,,
67665,50422,KCab-s,KCab-s_R,Kenyon_Cell,cb_intrinsic,R,,acetylcholine,1,0,KC,ab,1,0,,
67671,50428,KCa'b'-ap2,KCa'b'-ap2_R,Kenyon_Cell,cb_intrinsic,R,,acetylcholine,1,0,KC,apbp,1,2,,
67686,50438,KCab-s,KCab-s_R,Kenyon_Cell,cb_intrinsic,R,,acetylcholine,1,0,KC,ab,2,0,,
67696,50447,KCab-s,KCab-s_R,Kenyon_Cell,cb_intrinsic,R,,acetylcholine,1,0,KC,ab,1,0,,
67712,50458,KCg-m,KCg-m_R,Kenyon_Cell,cb_intrinsic,R,,acetylcholine,1,0,KC,gamma,1,2,,
67721,50465,KCg-m,KCg-m_R,Kenyon_Cell,cb_intrinsic,R,,acetylcholine,1,0,KC,gamma,1,2,,
67722,50466,KCg-m,KCg-m_R,Kenyon_Cell,cb_intrinsic,R,,acetylcholine,1,0,KC,gamma,1,2,,
67747,50489,DL2d_vPN,DL2d_vPN_L,ALPN,cb_intrinsic,L,,gaba,-1,0,ALPN,,0,0,,
67774,50510,KCg-m,KCg-m_R,Kenyon_Cell,cb_intrinsic,R,,acetylcholine,1,0,KC,gamma,1,2,,
67809,50535,KCa'b'-m,KCa'b'-m_L,Kenyon_Cell,cb_intrinsic,L,,acetylcholine,1,0,KC,apbp,0,2,,
67828,50549,KCg-m,KCg-m_R,Kenyon_Cell,cb_intrinsic,R,,acetylcholine,1,0,KC,gamma,1,2,,
67853,50568,KCg-d,KCg-d_R,Kenyon_Cell,cb_intrinsic,R,,acetylcholine,1,0,KC,gamma,1,2,,
67900,50608,DL2d_vPN,DL2d_vPN_R,ALPN,cb_intrinsic,R,,gaba,-1,0,ALPN,,0,0,,
67912,50616,KCa'b'-m,KCa'b'-m_L,Kenyon_Cell,cb_intrinsic,L,,acetylcholine,1,0,KC,apbp,0,2,,
67919,50623,KCab-s,KCab-s_R,Kenyon_Cell,cb_intrinsic,R,,acetylcholine,1,0,KC,ab,2,0,,
67977,50668,KCab-s,KCab-s_R,Kenyon_Cell,cb_intrinsic,R,,acetylcholine,1,0,KC,ab,2,0,,
67984,50673,KCg-d,KCg-d_R,Kenyon_Cell,cb_intrinsic,R,,acetylcholine,1,0,KC,gamma,1,2,,
68010,50697,KCab-c,KCab-c_R,Kenyon_Cell,cb_intrinsic,R,,acetylcholine,1,0,KC,ab,1,0,,
68086,50760,M_lvPNm25,M_lvPNm25_L,ALPN,cb_intrinsic,L,,acetylcholine,1,0,ALPN,,0,0,,
68098,50767,KCab-c,KCab-c_R,Kenyon_Cell,cb_intrinsic,R,,acetylcholine,1,0,KC,ab,1,0,,
68137,50800,KCg-m,KCg-m_R,Kenyon_Cell,cb_intrinsic,R,,acetylcholine,1,0,KC,gamma,1,2,,
68162,50821,KCab-s,KCab-s_L,Kenyon_Cell,cb_intrinsic,L,,acetylcholine,1,0,KC,ab,2,0,,
68176,50834,KCg-m,KCg-m_R,Kenyon_Cell,cb_intrinsic,R,,acetylcholine,1,0,KC,gamma,1,2,,
68226,50872,KCg-m,KCg-m_R,Kenyon_Cell,cb_intrinsic,R,,acetylcholine,1,0,KC,gamma,1,2,,
68227,50873,DP1m_vPN,DP1m_vPN_R,ALPN,cb_intrinsic,R,,gaba,-1,0,ALPN,,0,0,,
68239,50882,KCg-m,KCg-m_L,Kenyon_Cell,cb_intrinsic,L,,acetylcholine,1,0,KC,gamma,1,2,,
68254,50896,KCg-m,KCg-m_L,Kenyon_Cell,cb_intrinsic,L,,acetylcholine,1,0,KC,gamma,1,2,,
68265,50907,KCab-c,KCab-c_R,Kenyon_Cell,cb_intrinsic,R,,acetylcholine,1,0,KC,ab,1,0,,
68283,50919,KCa'b'-ap1,KCa'b'-ap1_L,Kenyon_Cell,cb_intrinsic,L,,acetylcholine,1,0,KC,apbp,0,3,,
68287,50923,KCab-s,KCab-s_R,Kenyon_Cell,cb_intrinsic,R,,acetylcholine,1,0,KC,ab,2,0,,
68334,50962,KCa'b'-ap2,KCa'b'-ap2_R,Kenyon_Cell,cb_intrinsic,R,,acetylcholine,1,0,KC,apbp,0,2,,
68339,50966,KCa'b'-ap2,KCa'b'-ap2_L,Kenyon_Cell,cb_intrinsic,L,,acetylcholine,1,0,KC,apbp,1,2,,
68428,51040,KCa'b'-ap1,KCa'b'-ap1_R,Kenyon_Cell,cb_intrinsic,R,,acetylcholine,1,0,KC,apbp,0,2,,
68484,51081,KCab-p,KCab-p_L,Kenyon_Cell,cb_intrinsic,L,,acetylcholine,1,0,KC,ab,1,0,,
68487,51084,KCg-m,KCg-m_R,Kenyon_Cell,cb_intrinsic,R,,acetylcholine,1,0,KC,gamma,1,2,,
68495,51091,KCab-s,KCab-s_R,Kenyon_Cell,cb_intrinsic,R,,acetylcholine,1,0,KC,ab,2,0,,
68501,51096,KCab-m,KCab-m_L,Kenyon_Cell,cb_intrinsic,L,,acetylcholine,1,0,KC,ab,1,0,,
68507,51101,KCa'b'-ap2,KCa'b'-ap2_L,Kenyon_Cell,cb_intrinsic,L,,acetylcholine,1,0,KC,apbp,0,2,,
68531,51122,KCg-m,KCg-m_R,Kenyon_Cell,cb_intrinsic,R,,acetylcholine,1,0,KC,gamma,1,2,,
68585,51165,KCab-s,KCab-s_R,Kenyon_Cell,cb_intrinsic,R,,acetylcholine,1,0,KC,ab,1,0,,
68606,51180,M_vPNml53,M_vPNml53_L,ALPN,cb_intrinsic,L,,gaba,-1,0,ALPN,,0,0,,
68614,51187,KCab-m,KCab-m_L,Kenyon_Cell,cb_intrinsic,L,,acetylcholine,1,0,KC,ab,2,0,,
68635,51202,KCg-m,KCg-m_R,Kenyon_Cell,cb_intrinsic,R,,acetylcholine,1,0,KC,gamma,1,2,,
68701,51257,M_lvPNm40,M_lvPNm40_R,ALPN,cb_intrinsic,R,,acetylcholine,1,0,ALPN,,0,0,,
68708,51263,KCg-m,KCg-m_L,Kenyon_Cell,cb_intrinsic,L,,acetylcholine,1,0,KC,gamma,1,2,,
68729,51282,KCa'b'-ap2,KCa'b'-ap2_L,Kenyon_Cell,cb_intrinsic,L,,acetylcholine,1,0,KC,apbp,0,2,,
68737,51290,KCab-s,KCab-s_R,Kenyon_Cell,cb_intrinsic,R,,acetylcholine,1,0,KC,ab,1,0,,
68759,51310,KCg-m,KCg-m_L,Kenyon_Cell,cb_intrinsic,L,,acetylcholine,1,0,KC,gamma,1,2,,
68790,51335,KCg-m,KCg-m_R,Kenyon_Cell,cb_intrinsic,R,,acetylcholine,1,0,KC,gamma,1,2,,
68803,51344,KCg-m,KCg-m_R,Kenyon_Cell,cb_intrinsic,R,,acetylcholine,1,0,KC,gamma,1,2,,
68869,51403,M_vPNml53,M_vPNml53_R,ALPN,cb_intrinsic,R,,gaba,-1,0,ALPN,,0,0,,
68941,51455,KCa'b'-ap1,KCa'b'-ap1_R,Kenyon_Cell,cb_intrinsic,R,,acetylcholine,1,0,KC,apbp,1,4,,
68979,51487,KCg-m,KCg-m_L,Kenyon_Cell,cb_intrinsic,L,,acetylcholine,1,0,KC,gamma,1,2,,
69002,51507,KCa'b'-ap2,KCa'b'-ap2_R,Kenyon_Cell,cb_intrinsic,R,,acetylcholine,1,0,KC,apbp,1,2,,
69022,51523,KCab-s,KCab-s_R,Kenyon_Cell,cb_intrinsic,R,,acetylcholine,1,0,KC,ab,1,0,,
69037,51535,KCa'b'-ap2,KCa'b'-ap2_R,Kenyon_Cell,cb_intrinsic,R,,acetylcholine,1,0,KC,apbp,1,2,,
69042,51537,KCg-m,KCg-m_R,Kenyon_Cell,cb_intrinsic,R,,acetylcholine,1,0,KC,gamma,1,3,,
69047,51541,KCab-p,KCab-p_R,Kenyon_Cell,cb_intrinsic,R,,acetylcholine,1,0,KC,ab,1,0,,
69077,51566,KCg-m,KCg-m_R,Kenyon_Cell,cb_intrinsic,R,,acetylcholine,1,0,KC,gamma,1,2,,
69101,51586,KCg-m,KCg-m_R,Kenyon_Cell,cb_intrinsic,R,,acetylcholine,1,0,KC,gamma,1,2,,
69114,51597,KCg-m,KCg-m_L,Kenyon_Cell,cb_intrinsic,L,,acetylcholine,1,0,KC,gamma,1,2,,
69175,51641,KCg-m,KCg-m_R,Kenyon_Cell,cb_intrinsic,R,,acetylcholine,1,0,KC,gamma,1,2,,
69210,51666,KCa'b'-ap2,KCa'b'-ap2_L,Kenyon_Cell,cb_intrinsic,L,,acetylcholine,1,0,KC,apbp,0,2,,
69223,51677,KCa'b'-m,KCa'b'-m_L,Kenyon_Cell,cb_intrinsic,L,,acetylcholine,1,0,KC,apbp,0,2,,
69224,51678,KCab-m,KCab-m_L,Kenyon_Cell,cb_intrinsic,L,,acetylcholine,1,0,KC,ab,1,0,,
69237,51689,KCg-m,KCg-m_L,Kenyon_Cell,cb_intrinsic,L,,acetylcholine,1,0,KC,gamma,1,2,,
69264,51712,KCg-m,KCg-m_L,Kenyon_Cell,cb_intrinsic,L,,acetylcholine,1,0,KC,gamma,1,2,,
69308,51747,KCab-s,KCab-s_R,Kenyon_Cell,cb_intrinsic,R,,acetylcholine,1,0,KC,ab,2,0,,
69337,51770,KCab-p,KCab-p_R,Kenyon_Cell,cb_intrinsic,R,,acetylcholine,1,0,KC,ab,1,0,,
69347,51779,KCg-m,KCg-m_R,Kenyon_Cell,cb_intrinsic,R,,acetylcholine,1,0,KC,gamma,1,2,,
69382,51805,M_vPNml88,M_vPNml88_L,ALPN,cb_intrinsic,L,,gaba,-1,0,ALPN,,0,0,,
69389,51811,KCab-s,KCab-s_L,Kenyon_Cell,cb_intrinsic,L,,acetylcholine,1,0,KC,ab,1,0,,
69417,51834,KCg-m,KCg-m_L,Kenyon_Cell,cb_intrinsic,L,,acetylcholine,1,0,KC,gamma,1,2,,
69426,51843,KCg-m,KCg-m_L,Kenyon_Cell,cb_intrinsic,L,,acetylcholine,1,0,KC,gamma,1,2,,
69431,51848,KCg-m,KCg-m_R,Kenyon_Cell,cb_intrinsic,R,,acetylcholine,1,0,KC,gamma,1,2,,
69446,51862,KCab-s,KCab-s_R,Kenyon_Cell,cb_intrinsic,R,,acetylcholine,1,0,KC,ab,2,0,,
69472,51882,KCab-s,KCab-s_R,Kenyon_Cell,cb_intrinsic,R,,acetylcholine,1,0,KC,ab,1,0,,
69501,51903,KCa'b'-m,KCa'b'-m_L,Kenyon_Cell,cb_intrinsic,L,,acetylcholine,1,0,KC,apbp,1,2,,
69507,51909,KCab-s,KCab-s_R,Kenyon_Cell,cb_intrinsic,R,,acetylcholine,1,0,KC,ab,1,0,,
69508,51910,KCa'b'-m,KCa'b'-m_R,Kenyon_Cell,cb_intrinsic,R,,acetylcholine,1,0,KC,apbp,1,2,,
69513,51914,KCab-s,KCab-s_R,Kenyon_Cell,cb_intrinsic,R,,acetylcholine,1,0,KC,ab,1,0,,
69518,51918,KCab-c,KCab-c_R,Kenyon_Cell,cb_intrinsic,R,,acetylcholine,1,0,KC,ab,1,0,,
69538,51933,KCab-m,KCab-m_L,Kenyon_Cell,cb_intrinsic,L,,acetylcholine,1,0,KC,ab,2,0,,
69539,51934,KCg-m,KCg-m_L,Kenyon_Cell,cb_intrinsic,L,,acetylcholine,1,0,KC,gamma,1,2,,
69584,51976,KCab-c,KCab-c_R,Kenyon_Cell,cb_intrinsic,R,,acetylcholine,1,0,KC,ab,1,0,,
69603,51989,KCab-s,KCab-s_L,Kenyon_Cell,cb_intrinsic,L,,acetylcholine,1,0,KC,ab,2,0,,
69611,51996,KCab-m,KCab-m_L,Kenyon_Cell,cb_intrinsic,L,,acetylcholine,1,0,KC,ab,2,0,,
69620,52004,KCg-m,KCg-m_R,Kenyon_Cell,cb_intrinsic,R,,acetylcholine,1,0,KC,gamma,1,2,,
69631,52015,M_lvPNm41,M_lvPNm41_R,ALPN,cb_intrinsic,R,,acetylcholine,1,0,ALPN,,0,0,,
69646,52026,M_lPNm13,M_lPNm13_L,ALPN,cb_intrinsic,L,,acetylcholine,1,0,ALPN,,0,0,,
69649,52028,KCab-c,KCab-c_R,Kenyon_Cell,cb_intrinsic,R,,acetylcholine,1,0,KC,ab,1,0,,
69650,52029,KCg-m,KCg-m_R,Kenyon_Cell,cb_intrinsic,R,,acetylcholine,1,0,KC,gamma,1,2,,
69651,52030,KCab-s,KCab-s_L,Kenyon_Cell,cb_intrinsic,L,,acetylcholine,1,0,KC,ab,2,0,,
69664,52041,KCab-s,KCab-s_R,Kenyon_Cell,cb_intrinsic,R,,acetylcholine,1,0,KC,ab,2,0,,
69694,52066,KCab-s,KCab-s_R,Kenyon_Cell,cb_intrinsic,R,,acetylcholine,1,0,KC,ab,2,0,,
69709,52080,KCab-m,KCab-m_L,Kenyon_Cell,cb_intrinsic,L,,acetylcholine,1,0,KC,ab,1,0,,
69713,52083,KCab-m,KCab-m_L,Kenyon_Cell,cb_intrinsic,L,,acetylcholine,1,0,KC,ab,1,0,,
69716,52085,KCg-m,KCg-m_R,Kenyon_Cell,cb_intrinsic,R,,acetylcholine,1,0,KC,gamma,1,2,,
69721,52090,KCa'b'-ap2,KCa'b'-ap2_R,Kenyon_Cell,cb_intrinsic,R,,acetylcholine,1,0,KC,apbp,0,2,,
69722,52091,PAM08,PAM08(y4)_L,DAN,cb_intrinsic,L,,dopamine,1,1,DAN,,0,0,,
69742,52108,KCa'b'-m,KCa'b'-m_L,Kenyon_Cell,cb_intrinsic,L,,acetylcholine,1,0,KC,apbp,0,2,,
69747,52112,KCa'b'-ap1,KCa'b'-ap1_L,Kenyon_Cell,cb_intrinsic,L,,acetylcholine,1,0,KC,apbp,0,2,,
69758,52120,KCab-m,KCab-m_L,Kenyon_Cell,cb_intrinsic,L,,acetylcholine,1,0,KC,ab,1,0,,
69775,52134,KCab-s,KCab-s_R,Kenyon_Cell,cb_intrinsic,R,,acetylcholine,1,0,KC,ab,2,0,,
69842,52191,KCa'b'-ap1,KCa'b'-ap1_R,Kenyon_Cell,cb_intrinsic,R,,acetylcholine,1,0,KC,apbp,1,2,,
69854,52201,KCg-m,KCg-m_L,Kenyon_Cell,cb_intrinsic,L,,acetylcholine,1,0,KC,gamma,1,2,,
69855,52202,KCg-m,KCg-m_L,Kenyon_Cell,cb_intrinsic,L,,acetylcholine,1,0,KC,gamma,1,2,,
69859,52205,KCg-m,KCg-m_R,Kenyon_Cell,cb_intrinsic,R,,acetylcholine,1,0,KC,gamma,1,4,,
69885,52226,KCg-d,KCg-d_L,Kenyon_Cell,cb_intrinsic,L,,acetylcholine,1,0,KC,gamma,1,2,,
69905,52241,KCab-s,KCab-s_L,Kenyon_Cell,cb_intrinsic,L,,acetylcholine,1,0,KC,ab,1,0,,
69956,52279,KCa'b'-ap1,KCa'b'-ap1_R,Kenyon_Cell,cb_intrinsic,R,,acetylcholine,1,0,KC,apbp,1,2,,
69967,52290,KCg-m,KCg-m_R,Kenyon_Cell,cb_intrinsic,R,,acetylcholine,1,0,KC,gamma,1,2,,
69973,52293,KCab-c,KCab-c_R,Kenyon_Cell,cb_intrinsic,R,,acetylcholine,1,0,KC,ab,2,0,,
69987,52302,KCab-s,KCab-s_R,Kenyon_Cell,cb_intrinsic,R,,acetylcholine,1,0,KC,ab,2,0,,
70008,52319,M_lvPNm38,M_lvPNm38_L,ALPN,cb_intrinsic,L,,acetylcholine,1,0,ALPN,,0,0,,
70022,52330,KCg-m,KCg-m_R,Kenyon_Cell,cb_intrinsic,R,,acetylcholine,1,0,KC,gamma,1,2,,
70029,52337,KCg-m,KCg-m_R,Kenyon_Cell,cb_intrinsic,R,,acetylcholine,1,0,KC,gamma,1,2,,
70030,52338,KCg-m,KCg-m_R,Kenyon_Cell,cb_intrinsic,R,,acetylcholine,1,0,KC,gamma,1,2,,
70052,52357,M_vPNml77,M_vPNml77_L,ALPN,cb_intrinsic,L,,gaba,-1,0,ALPN,,0,0,,
70111,52404,KCab-s,KCab-s_L,Kenyon_Cell,cb_intrinsic,L,,acetylcholine,1,0,KC,ab,1,0,,
70124,52414,KCab-s,KCab-s_R,Kenyon_Cell,cb_intrinsic,R,,acetylcholine,1,0,KC,ab,1,0,,
70143,52432,KCg-m,KCg-m_L,Kenyon_Cell,cb_intrinsic,L,,acetylcholine,1,0,KC,gamma,1,2,,
70175,52459,KCa'b'-ap1,KCa'b'-ap1_R,Kenyon_Cell,cb_intrinsic,R,,acetylcholine,1,0,KC,apbp,1,4,,
70185,52468,KCa'b'-ap2,KCa'b'-ap2_R,Kenyon_Cell,cb_intrinsic,R,,acetylcholine,1,0,KC,apbp,0,2,,
70193,52476,KCa'b'-ap2,KCa'b'-ap2_R,Kenyon_Cell,cb_intrinsic,R,,acetylcholine,1,0,KC,apbp,1,2,,
70211,52491,KCab-m,KCab-m_L,Kenyon_Cell,cb_intrinsic,L,,acetylcholine,1,0,KC,ab,1,0,,
70223,52499,KCg-m,KCg-m_L,Kenyon_Cell,cb_intrinsic,L,,acetylcholine,1,0,KC,gamma,1,2,,
70235,52508,KCg-m,KCg-m_R,Kenyon_Cell,cb_intrinsic,R,,acetylcholine,1,0,KC,gamma,1,2,,
70248,52517,CB3228,CB3228_L,ALPN,cb_intrinsic,L,,gaba,-1,0,ALPN,,0,0,,
70261,52527,KCab-c,KCab-c_L,Kenyon_Cell,cb_intrinsic,L,,acetylcholine,1,0,KC,ab,1,0,,
70271,52537,KCg-m,KCg-m_L,Kenyon_Cell,cb_intrinsic,L,,acetylcholine,1,0,KC,gamma,1,2,,
70282,52546,KCa'b'-m,KCa'b'-m_L,Kenyon_Cell,cb_intrinsic,L,,acetylcholine,1,0,KC,apbp,0,2,,
70283,52547,KCg-m,KCg-m_R,Kenyon_Cell,cb_intrinsic,R,,acetylcholine,1,0,KC,gamma,1,2,,
70312,52570,KCg-m,KCg-m_R,Kenyon_Cell,cb_intrinsic,R,,acetylcholine,1,0,KC,gamma,1,2,,
70322,52578,KCg-m,KCg-m_L,Kenyon_Cell,cb_intrinsic,L,,acetylcholine,1,0,KC,gamma,1,2,,
70324,52580,KCg-m,KCg-m_R,Kenyon_Cell,cb_intrinsic,R,,acetylcholine,1,0,KC,gamma,1,2,,
70336,52590,KCab-c,KCab-c_R,Kenyon_Cell,cb_intrinsic,R,,acetylcholine,1,0,KC,ab,1,0,,
70378,52624,KCab-s,KCab-s_R,Kenyon_Cell,cb_intrinsic,R,,acetylcholine,1,0,KC,ab,2,0,,
70380,52625,KCab-c,KCab-c_R,Kenyon_Cell,cb_intrinsic,R,,acetylcholine,1,0,KC,ab,1,0,,
70396,52637,KCab-s,KCab-s_R,Kenyon_Cell,cb_intrinsic,R,,acetylcholine,1,0,KC,ab,2,0,,
70445,52675,KCg-m,KCg-m_R,Kenyon_Cell,cb_intrinsic,R,,acetylcholine,1,0,KC,gamma,1,2,,
70457,52684,KCa'b'-ap1,KCa'b'-ap1_L,Kenyon_Cell,cb_intrinsic,L,,acetylcholine,1,0,KC,apbp,0,3,,
70477,52700,KCab-m,KCab-m_R,Kenyon_Cell,cb_intrinsic,R,,acetylcholine,1,0,KC,ab,2,0,,
70489,52710,KCg-m,KCg-m_R,Kenyon_Cell,cb_intrinsic,R,,acetylcholine,1,0,KC,gamma,1,2,,
70501,52719,KCab-c,KCab-c_R,Kenyon_Cell,cb_intrinsic,R,,acetylcholine,1,0,KC,ab,1,0,,
70509,52726,KCg-m,KCg-m_R,Kenyon_Cell,cb_intrinsic,R,,acetylcholine,1,0,KC,gamma,1,2,,
70513,52729,KCa'b'-ap2,KCa'b'-ap2_R,Kenyon_Cell,cb_intrinsic,R,,acetylcholine,1,0,KC,apbp,1,2,,
70526,52740,KCg-m,KCg-m_R,Kenyon_Cell,cb_intrinsic,R,,acetylcholine,1,0,KC,gamma,1,2,,
70553,52762,KCg-m,KCg-m_R,Kenyon_Cell,cb_intrinsic,R,,acetylcholine,1,0,KC,gamma,1,2,,
70614,52813,KCg-m,KCg-m_L,Kenyon_Cell,cb_intrinsic,L,,acetylcholine,1,0,KC,gamma,1,2,,
70684,52870,M_vPNml83,M_vPNml83_R,ALPN,cb_intrinsic,R,,gaba,-1,0,ALPN,,0,0,,
70690,52876,KCab-m,KCab-m_L,Kenyon_Cell,cb_intrinsic,L,,acetylcholine,1,0,KC,ab,2,0,,
70740,52916,KCg-m,KCg-m_L,Kenyon_Cell,cb_intrinsic,L,,acetylcholine,1,0,KC,gamma,1,3,,
70747,52921,KCab-p,KCab-p_R,Kenyon_Cell,cb_intrinsic,R,,acetylcholine,1,0,KC,ab,1,0,,
70816,52981,KCa'b'-ap2,KCa'b'-ap2_R,Kenyon_Cell,cb_intrinsic,R,,acetylcholine,1,0,KC,apbp,1,2,,
70902,53043,KCab-s,KCab-s_R,Kenyon_Cell,cb_intrinsic,R,,acetylcholine,1,0,KC,ab,1,0,,
70909,53050,KCab-m,KCab-m_R,Kenyon_Cell,cb_intrinsic,R,,acetylcholine,1,0,KC,ab,1,0,,
70924,53060,MBON10,MBON10(B'1)_L,MBON,cb_intrinsic,L,,gaba,-1,0,MBON,,0,0,,
70928,53064,KCg-m,KCg-m_R,Kenyon_Cell,cb_intrinsic,R,,acetylcholine,1,0,KC,gamma,1,2,,
70950,53081,KCab-m,KCab-m_L,Kenyon_Cell,cb_intrinsic,L,,acetylcholine,1,0,KC,ab,1,0,,
70952,53083,KCg-m,KCg-m_R,Kenyon_Cell,cb_intrinsic,R,,acetylcholine,1,0,KC,gamma,1,2,,
70993,53117,KCab-c,KCab-c_R,Kenyon_Cell,cb_intrinsic,R,,acetylcholine,1,0,KC,ab,0,0,,
71008,53129,KCab-m,KCab-m_R,Kenyon_Cell,cb_intrinsic,R,,acetylcholine,1,0,KC,ab,1,0,,
71028,53146,KCg-m,KCg-m_R,Kenyon_Cell,cb_intrinsic,R,,acetylcholine,1,0,KC,gamma,1,2,,
71030,53148,KCab-s,KCab-s_L,Kenyon_Cell,cb_intrinsic,L,,acetylcholine,1,0,KC,ab,1,0,,
71033,53151,KCg-m,KCg-m_R,Kenyon_Cell,cb_intrinsic,R,,acetylcholine,1,0,KC,gamma,1,2,,
71039,53156,KCab-m,KCab-m_R,Kenyon_Cell,cb_intrinsic,R,,acetylcholine,1,0,KC,ab,1,0,,
71053,53169,KCa'b'-ap1,KCa'b'-ap1_R,Kenyon_Cell,cb_intrinsic,R,,acetylcholine,1,0,KC,apbp,0,2,,
71088,53200,KCab-s,KCab-s_R,Kenyon_Cell,cb_intrinsic,R,,acetylcholine,1,0,KC,ab,1,0,,
71095,53207,KCa'b'-ap1,KCa'b'-ap1_L,Kenyon_Cell,cb_intrinsic,L,,acetylcholine,1,0,KC,apbp,1,2,,
71120,53224,KCab-s,KCab-s_R,Kenyon_Cell,cb_intrinsic,R,,acetylcholine,1,0,KC,ab,1,0,,
71121,53225,KCg-m,KCg-m_R,Kenyon_Cell,cb_intrinsic,R,,acetylcholine,1,0,KC,gamma,1,2,,
71127,53230,KCab-c,KCab-c_R,Kenyon_Cell,cb_intrinsic,R,,acetylcholine,1,0,KC,ab,1,0,,
71128,53231,KCab-c,KCab-c_L,Kenyon_Cell,cb_intrinsic,L,,acetylcholine,1,0,KC,ab,1,0,,
71166,53261,KCg-m,KCg-m_L,Kenyon_Cell,cb_intrinsic,L,,acetylcholine,1,0,KC,gamma,1,2,,
71189,53279,KCab-c,KCab-c_R,Kenyon_Cell,cb_intrinsic,R,,acetylcholine,1,0,KC,ab,2,0,,
71224,53308,CB0650,CB0650_R,ALPN,cb_intrinsic,R,,glutamate,-1,0,ALPN,,0,0,,
71317,53380,KCg-m,KCg-m_L,Kenyon_Cell,cb_intrinsic,L,,acetylcholine,1,0,KC,gamma,1,2,,
71326,53388,KCab-s,KCab-s_L,Kenyon_Cell,cb_intrinsic,L,,acetylcholine,1,0,KC,ab,2,0,,
71366,53421,KCab-s,KCab-s_R,Kenyon_Cell,cb_intrinsic,R,,acetylcholine,1,0,KC,ab,1,0,,
71406,53454,KCg-m,KCg-m_L,Kenyon_Cell,cb_intrinsic,L,,acetylcholine,1,0,KC,gamma,1,2,,
71418,53464,M_lPNm11A,M_lPNm11A_R,ALPN,cb_intrinsic,R,,acetylcholine,1,0,ALPN,,0,0,,
71469,53502,KCab-m,KCab-m_L,Kenyon_Cell,cb_intrinsic,L,,acetylcholine,1,0,KC,ab,2,0,,
71474,53506,KCg-m,KCg-m_L,Kenyon_Cell,cb_intrinsic,L,,acetylcholine,1,0,KC,gamma,1,2,,
71476,53508,DM4_vPN,DM4_vPN_L,ALPN,cb_intrinsic,L,,gaba,-1,0,ALPN,,0,0,,
71486,53514,KCg-d,KCg-d_R,Kenyon_Cell,cb_intrinsic,R,,acetylcholine,1,0,KC,gamma,1,3,,
71494,53521,KCab-s,KCab-s_R,Kenyon_Cell,cb_intrinsic,R,,acetylcholine,1,0,KC,ab,2,0,,
71501,53528,KCab-s,KCab-s_L,Kenyon_Cell,cb_intrinsic,L,,acetylcholine,1,0,KC,ab,2,0,,
71512,53538,KCab-c,KCab-c_R,Kenyon_Cell,cb_intrinsic,R,,acetylcholine,1,0,KC,ab,1,0,,
71530,53555,KCa'b'-ap2,KCa'b'-ap2_L,Kenyon_Cell,cb_intrinsic,L,,acetylcholine,1,0,KC,apbp,0,2,,
71610,53619,KCab-m,KCab-m_L,Kenyon_Cell,cb_intrinsic,L,,acetylcholine,1,0,KC,ab,1,0,,
71618,53626,KCg-m,KCg-m_L,Kenyon_Cell,cb_intrinsic,L,,acetylcholine,1,0,KC,gamma,1,2,,
71627,53633,KCab-s,KCab-s_R,Kenyon_Cell,cb_intrinsic,R,,acetylcholine,1,0,KC,ab,2,0,,
71676,53671,KCab-s,KCab-s_R,Kenyon_Cell,cb_intrinsic,R,,acetylcholine,1,0,KC,ab,2,0,,
71688,53683,KCg-d,KCg-d_R,Kenyon_Cell,cb_intrinsic,R,,acetylcholine,1,0,KC,gamma,1,2,,
71691,53685,KCab-c,KCab-c_R,Kenyon_Cell,cb_intrinsic,R,,acetylcholine,1,0,KC,ab,1,0,,
71719,53707,M_vPNml53,M_vPNml53_R,ALPN,cb_intrinsic,R,,gaba,-1,0,ALPN,,0,0,,
71770,53746,KCg-m,KCg-m_R,Kenyon_Cell,cb_intrinsic,R,,acetylcholine,1,0,KC,gamma,1,2,,
71800,53771,KCa'b'-ap2,KCa'b'-ap2_R,Kenyon_Cell,cb_intrinsic,R,,acetylcholine,1,0,KC,apbp,0,2,,
71814,53782,KCa'b'-ap2,KCa'b'-ap2_R,Kenyon_Cell,cb_intrinsic,R,,acetylcholine,1,0,KC,apbp,0,2,,
71840,53805,KCa'b'-ap2,KCa'b'-ap2_R,Kenyon_Cell,cb_intrinsic,R,,acetylcholine,1,0,KC,apbp,1,2,,
71862,53824,M_vPNml84,M_vPNml84_R,ALPN,cb_intrinsic,R,,gaba,-1,0,ALPN,,0,0,,
71902,53855,KCg-m,KCg-m_R,Kenyon_Cell,cb_intrinsic,R,,acetylcholine,1,0,KC,gamma,1,3,,
71907,53860,KCab-m,KCab-m_L,Kenyon_Cell,cb_intrinsic,L,,acetylcholine,1,0,KC,ab,2,0,,
71908,53861,KCa'b'-m,KCa'b'-m_R,Kenyon_Cell,cb_intrinsic,R,,acetylcholine,1,0,KC,apbp,1,2,,
71970,53914,KCab-s,KCab-s_L,Kenyon_Cell,cb_intrinsic,L,,acetylcholine,1,0,KC,ab,1,0,,
72002,53941,KCg-m,KCg-m_L,Kenyon_Cell,cb_intrinsic,L,,acetylcholine,1,0,KC,gamma,1,2,,
72032,53964,KCg-m,KCg-m_R,Kenyon_Cell,cb_intrinsic,R,,acetylcholine,1,0,KC,gamma,1,2,,
72049,53977,KCg-m,KCg-m_R,Kenyon_Cell,cb_intrinsic,R,,acetylcholine,1,0,KC,gamma,1,2,,
72097,54011,KCg-m,KCg-m_L,Kenyon_Cell,cb_intrinsic,L,,acetylcholine,1,0,KC,gamma,1,2,,
72111,54023,KCg-m,KCg-m_R,Kenyon_Cell,cb_intrinsic,R,,acetylcholine,1,0,KC,gamma,1,2,,
72116,54027,KCg-m,KCg-m_L,Kenyon_Cell,cb_intrinsic,L,,acetylcholine,1,0,KC,gamma,1,2,,
72141,54043,KCg-m,KCg-m_R,Kenyon_Cell,cb_intrinsic,R,,acetylcholine,1,0,KC,gamma,1,2,,
72166,54066,KCab-m,KCab-m_R,Kenyon_Cell,cb_intrinsic,R,,acetylcholine,1,0,KC,ab,1,0,,
72195,54088,KCa'b'-ap1,KCa'b'-ap1_R,Kenyon_Cell,cb_intrinsic,R,,acetylcholine,1,0,KC,apbp,2,2,,
72196,54089,KCa'b'-ap2,KCa'b'-ap2_L,Kenyon_Cell,cb_intrinsic,L,,acetylcholine,1,0,KC,apbp,0,2,,
72201,54092,KCab-c,KCab-c_L,Kenyon_Cell,cb_intrinsic,L,,acetylcholine,1,0,KC,ab,1,0,,
72230,54118,KCg-d,KCg-d_R,Kenyon_Cell,cb_intrinsic,R,,acetylcholine,1,0,KC,gamma,1,2,,
72234,54122,KCab-s,KCab-s_R,Kenyon_Cell,cb_intrinsic,R,,acetylcholine,1,0,KC,ab,1,0,,
72239,54127,KCab-s,KCab-s_R,Kenyon_Cell,cb_intrinsic,R,,acetylcholine,1,0,KC,ab,1,0,,
72242,54130,KCa'b'-ap2,KCa'b'-ap2_L,Kenyon_Cell,cb_intrinsic,L,,acetylcholine,1,0,KC,apbp,0,2,,
72299,54179,KCab-c,KCab-c_R,Kenyon_Cell,cb_intrinsic,R,,acetylcholine,1,0,KC,ab,1,0,,
72344,54215,KCa'b'-ap2,KCa'b'-ap2_R,Kenyon_Cell,cb_intrinsic,R,,acetylcholine,1,0,KC,apbp,0,2,,
72350,54219,KCg-m,KCg-m_L,Kenyon_Cell,cb_intrinsic,L,,acetylcholine,1,0,KC,gamma,1,2,,
72359,54227,KCab-s,KCab-s_R,Kenyon_Cell,cb_intrinsic,R,,acetylcholine,1,0,KC,ab,1,0,,
72362,54230,KCa'b'-m,KCa'b'-m_R,Kenyon_Cell,cb_intrinsic,R,,acetylcholine,1,0,KC,apbp,0,2,,
72375,54242,KCab-m,KCab-m_R,Kenyon_Cell,cb_intrinsic,R,,acetylcholine,1,0,KC,ab,1,0,,
72387,54252,KCg-m,KCg-m_R,Kenyon_Cell,cb_intrinsic,R,,acetylcholine,1,0,KC,gamma,1,2,,
72405,54264,DM3_vPN,DM3_vPN_R,ALPN,cb_intrinsic,R,,gaba,-1,0,ALPN,,0,0,,
72433,54288,KCab-c,KCab-c_R,Kenyon_Cell,cb_intrinsic,R,,acetylcholine,1,0,KC,ab,1,0,,
72438,54291,KCab-p,KCab-p_R,Kenyon_Cell,cb_intrinsic,R,,acetylcholine,1,0,KC,ab,1,0,,
72495,54336,KCab-s,KCab-s_R,Kenyon_Cell,cb_intrinsic,R,,acetylcholine,1,0,KC,ab,2,0,,
72512,54346,KCg-d,KCg-d_R,Kenyon_Cell,cb_intrinsic,R,,acetylcholine,1,0,KC,gamma,1,2,,
72516,54349,KCab-m,KCab-m_L,Kenyon_Cell,cb_intrinsic,L,,acetylcholine,1,0,KC,ab,1,0,,
72523,54355,KCg-m,KCg-m_R,Kenyon_Cell,cb_intrinsic,R,,acetylcholine,1,0,KC,gamma,1,2,,
72538,54366,KCab-s,KCab-s_R,Kenyon_Cell,cb_intrinsic,R,,acetylcholine,1,0,KC,ab,2,0,,
72559,54380,KCab-s,KCab-s_L,Kenyon_Cell,cb_intrinsic,L,,acetylcholine,1,0,KC,ab,1,0,,
72572,54391,M_lPNm13,M_lPNm13_L,ALPN,cb_intrinsic,L,,acetylcholine,1,0,ALPN,,0,0,,
72601,54417,PAM06,PAM06(B'2m)_L,DAN,cb_intrinsic,L,,dopamine,1,1,DAN,,0,0,,
72604,54420,KCg-m,KCg-m_L,Kenyon_Cell,cb_intrinsic,L,,acetylcholine,1,0,KC,gamma,1,2,,
72606,54421,KCg-m,KCg-m_L,Kenyon_Cell,cb_intrinsic,L,,acetylcholine,1,0,KC,gamma,1,2,,
72610,54425,KCab-m,KCab-m_L,Kenyon_Cell,cb_intrinsic,L,,acetylcholine,1,0,KC,ab,1,0,,
72643,54449,KCg-m,KCg-m_R,Kenyon_Cell,cb_intrinsic,R,,acetylcholine,1,0,KC,gamma,0,2,,
72645,54451,KCab-s,KCab-s_R,Kenyon_Cell,cb_intrinsic,R,,acetylcholine,1,0,KC,ab,2,0,,
72678,54478,KCg-m,KCg-m_L,Kenyon_Cell,cb_intrinsic,L,,acetylcholine,1,0,KC,gamma,1,2,,
72681,54481,KCab-m,KCab-m_L,Kenyon_Cell,cb_intrinsic,L,,acetylcholine,1,0,KC,ab,2,0,,
72684,54484,KCg-m,KCg-m_L,Kenyon_Cell,cb_intrinsic,L,,acetylcholine,1,0,KC,gamma,1,2,,
72693,54492,KCa'b'-ap2,KCa'b'-ap2_R,Kenyon_Cell,cb_intrinsic,R,,acetylcholine,1,0,KC,apbp,0,2,,
72694,54493,KCa'b'-m,KCa'b'-m_R,Kenyon_Cell,cb_intrinsic,R,,acetylcholine,1,0,KC,apbp,1,2,,
72695,54494,KCg-m,KCg-m_R,Kenyon_Cell,cb_intrinsic,R,,acetylcholine,1,0,KC,gamma,1,2,,
72723,54519,KCa'b'-ap2,KCa'b'-ap2_L,Kenyon_Cell,cb_intrinsic,L,,acetylcholine,1,0,KC,apbp,0,2,,
72755,54537,KCa'b'-ap2,KCa'b'-ap2_R,Kenyon_Cell,cb_intrinsic,R,,acetylcholine,1,0,KC,apbp,1,2,,
72854,54617,KCg-m,KCg-m_L,Kenyon_Cell,cb_intrinsic,L,,acetylcholine,1,0,KC,gamma,1,2,,
72855,54618,KCab-s,KCab-s_L,Kenyon_Cell,cb_intrinsic,L,,acetylcholine,1,0,KC,ab,1,0,,
72865,54625,KCa'b'-ap2,KCa'b'-ap2_R,Kenyon_Cell,cb_intrinsic,R,,acetylcholine,1,0,KC,apbp,0,2,,
72913,54662,KCab-s,KCab-s_R,Kenyon_Cell,cb_intrinsic,R,,acetylcholine,1,0,KC,ab,2,0,,
72916,54664,KCg-m,KCg-m_R,Kenyon_Cell,cb_intrinsic,R,,acetylcholine,1,0,KC,gamma,1,2,,
72939,54681,KCg-m,KCg-m_R,Kenyon_Cell,cb_intrinsic,R,,acetylcholine,1,0,KC,gamma,1,2,,
72978,54711,KCab-s,KCab-s_R,Kenyon_Cell,cb_intrinsic,R,,acetylcholine,1,0,KC,ab,1,0,,
73006,54733,KCab-s,KCab-s_R,Kenyon_Cell,cb_intrinsic,R,,acetylcholine,1,0,KC,ab,1,0,,
73013,54738,KCg-m,KCg-m_L,Kenyon_Cell,cb_intrinsic,L,,acetylcholine,1,0,KC,gamma,1,2,,
73039,54757,KCa'b'-ap2,KCa'b'-ap2_R,Kenyon_Cell,cb_intrinsic,R,,acetylcholine,1,0,KC,apbp,0,2,,
73125,54825,KCg-m,KCg-m_L,Kenyon_Cell,cb_intrinsic,L,,acetylcholine,1,0,KC,gamma,1,2,,
73146,54841,KCa'b'-ap2,KCa'b'-ap2_L,Kenyon_Cell,cb_intrinsic,L,,acetylcholine,1,0,KC,apbp,0,2,,
73161,54852,KCg-m,KCg-m_R,Kenyon_Cell,cb_intrinsic,R,,acetylcholine,1,0,KC,gamma,1,2,,
73191,54878,KCab-s,KCab-s_R,Kenyon_Cell,cb_intrinsic,R,,acetylcholine,1,0,KC,ab,1,0,,
73195,54881,KCg-m,KCg-m_R,Kenyon_Cell,cb_intrinsic,R,,acetylcholine,1,0,KC,gamma,1,2,,
73196,54882,KCg-m,KCg-m_L,Kenyon_Cell,cb_intrinsic,L,,acetylcholine,1,0,KC,gamma,1,2,,
73197,54883,KCg-m,KCg-m_L,Kenyon_Cell,cb_intrinsic,L,,acetylcholine,1,0,KC,gamma,1,2,,
73227,54904,KCg-d,KCg-d_R,Kenyon_Cell,cb_intrinsic,R,,acetylcholine,1,0,KC,gamma,1,2,,
73248,54921,KCab-c,KCab-c_R,Kenyon_Cell,cb_intrinsic,R,,acetylcholine,1,0,KC,ab,1,0,,
73296,54961,KCg-m,KCg-m_R,Kenyon_Cell,cb_intrinsic,R,,acetylcholine,1,0,KC,gamma,1,2,,
73306,54970,KCab-s,KCab-s_R,Kenyon_Cell,cb_intrinsic,R,,acetylcholine,1,0,KC,ab,2,0,,
73335,54993,KCg-m,KCg-m_L,Kenyon_Cell,cb_intrinsic,L,,acetylcholine,1,0,KC,gamma,1,2,,
73337,54995,KCab-m,KCab-m_L,Kenyon_Cell,cb_intrinsic,L,,acetylcholine,1,0,KC,ab,2,0,,
73354,55009,KCg-m,KCg-m_L,Kenyon_Cell,cb_intrinsic,L,,acetylcholine,1,0,KC,gamma,1,2,,
73442,55083,KCab-m,KCab-m_R,Kenyon_Cell,cb_intrinsic,R,,acetylcholine,1,0,KC,ab,1,0,,
73453,55092,KCa'b'-ap2,KCa'b'-ap2_L,Kenyon_Cell,cb_intrinsic,L,,acetylcholine,1,0,KC,apbp,0,2,,
73457,55096,KCg-m,KCg-m_R,Kenyon_Cell,cb_intrinsic,R,,acetylcholine,1,0,KC,gamma,1,2,,
73487,55117,KCab-m,KCab-m_R,Kenyon_Cell,cb_intrinsic,R,,acetylcholine,1,0,KC,ab,2,0,,
73492,55121,DM4_vPN,DM4_vPN_R,ALPN,cb_intrinsic,R,,gaba,-1,0,ALPN,,0,0,,
73508,55134,KCab-c,KCab-c_R,Kenyon_Cell,cb_intrinsic,R,,acetylcholine,1,0,KC,ab,1,0,,
73570,55179,KCab-c,KCab-c_R,Kenyon_Cell,cb_intrinsic,R,,acetylcholine,1,0,KC,ab,1,0,,
73583,55188,KCa'b'-m,KCa'b'-m_R,Kenyon_Cell,cb_intrinsic,R,,acetylcholine,1,0,KC,apbp,1,2,,
73588,55191,KCab-s,KCab-s_R,Kenyon_Cell,cb_intrinsic,R,,acetylcholine,1,0,KC,ab,2,0,,
73645,55227,KCab-m,KCab-m_R,Kenyon_Cell,cb_intrinsic,R,,acetylcholine,1,0,KC,ab,2,0,,
73650,55230,KCa'b'-m,KCa'b'-m_L,Kenyon_Cell,cb_intrinsic,L,,acetylcholine,1,0,KC,apbp,1,2,,
73721,55288,KCab-s,KCab-s_R,Kenyon_Cell,cb_intrinsic,R,,acetylcholine,1,0,KC,ab,1,0,,
73742,55302,KCab-c,KCab-c_R,Kenyon_Cell,cb_intrinsic,R,,acetylcholine,1,0,KC,ab,1,0,,
73744,55304,KCg-m,KCg-m_L,Kenyon_Cell,cb_intrinsic,L,,acetylcholine,1,0,KC,gamma,1,2,,
73750,55310,KCg-m,KCg-m_R,Kenyon_Cell,cb_intrinsic,R,,acetylcholine,1,0,KC,gamma,1,3,,
73783,55336,KCg-m,KCg-m_L,Kenyon_Cell,cb_intrinsic,L,,acetylcholine,1,0,KC,gamma,1,2,,
73814,55362,KCg-m,KCg-m_R,Kenyon_Cell,cb_intrinsic,R,,acetylcholine,1,0,KC,gamma,1,2,,
73850,55391,KCg-m,KCg-m_R,Kenyon_Cell,cb_intrinsic,R,,acetylcholine,1,0,KC,gamma,1,2,,
73863,55402,CB1296_a,CB1296_a_L,ALPN,cb_intrinsic,L,,gaba,-1,0,ALPN,,0,0,,
73970,55489,KCg-m,KCg-m_L,Kenyon_Cell,cb_intrinsic,L,,acetylcholine,1,0,KC,gamma,1,2,,
74016,55525,KCab-m,KCab-m_L,Kenyon_Cell,cb_intrinsic,L,,acetylcholine,1,0,KC,ab,2,0,,
74064,55563,KCa'b'-ap2,KCa'b'-ap2_L,Kenyon_Cell,cb_intrinsic,L,,acetylcholine,1,0,KC,apbp,1,2,,
74094,55588,KCg-d,KCg-d_R,Kenyon_Cell,cb_intrinsic,R,,acetylcholine,1,0,KC,gamma,1,2,,
74103,55596,KCab-m,KCab-m_R,Kenyon_Cell,cb_intrinsic,R,,acetylcholine,1,0,KC,ab,2,0,,
74106,55599,KCab-m,KCab-m_R,Kenyon_Cell,cb_intrinsic,R,,acetylcholine,1,0,KC,ab,2,0,,
74110,55603,KCg-m,KCg-m_L,Kenyon_Cell,cb_intrinsic,L,,acetylcholine,1,0,KC,gamma,1,2,,
74116,55608,KCa'b'-m,KCa'b'-m_L,Kenyon_Cell,cb_intrinsic,L,,acetylcholine,1,0,KC,apbp,0,2,,
74135,55626,KCab-s,KCab-s_R,Kenyon_Cell,cb_intrinsic,R,,acetylcholine,1,0,KC,ab,2,0,,
74141,55630,KCa'b'-m,KCa'b'-m_R,Kenyon_Cell,cb_intrinsic,R,,acetylcholine,1,0,KC,apbp,0,2,,
74190,55670,KCg-m,KCg-m_R,Kenyon_Cell,cb_intrinsic,R,,acetylcholine,1,0,KC,gamma,1,2,,
74203,55680,KCg-m,KCg-m_L,Kenyon_Cell,cb_intrinsic,L,,acetylcholine,1,0,KC,gamma,1,2,,
74222,55698,KCg-m,KCg-m_L,Kenyon_Cell,cb_intrinsic,L,,acetylcholine,1,0,KC,gamma,2,2,,
74239,55709,KCa'b'-ap2,KCa'b'-ap2_R,Kenyon_Cell,cb_intrinsic,R,,acetylcholine,1,0,KC,apbp,0,2,,
74260,55728,KCg-m,KCg-m_R,Kenyon_Cell,cb_intrinsic,R,,acetylcholine,1,0,KC,gamma,1,2,,
74269,55734,KCg-d,KCg-d_R,Kenyon_Cell,cb_intrinsic,R,,acetylcholine,1,0,KC,gamma,1,2,,
74289,55750,KCab-m,KCab-m_L,Kenyon_Cell,cb_intrinsic,L,,acetylcholine,1,0,KC,ab,2,0,,
74301,55758,KCab-m,KCab-m_R,Kenyon_Cell,cb_intrinsic,R,,acetylcholine,1,0,KC,ab,1,0,,
74307,55762,KCa'b'-ap2,KCa'b'-ap2_R,Kenyon_Cell,cb_intrinsic,R,,acetylcholine,1,0,KC,apbp,0,2,,
74328,55778,KCab-c,KCab-c_R,Kenyon_Cell,cb_intrinsic,R,,acetylcholine,1,0,KC,ab,1,0,,
74362,55804,KCg-d,KCg-d_L,Kenyon_Cell,cb_intrinsic,L,,acetylcholine,1,0,KC,gamma,1,2,,
74368,55809,KCg-m,KCg-m_R,Kenyon_Cell,cb_intrinsic,R,,acetylcholine,1,0,KC,gamma,1,1,,
74380,55819,KCa'b'-ap1,KCa'b'-ap1_R,Kenyon_Cell,cb_intrinsic,R,,acetylcholine,1,0,KC,apbp,1,3,,
74403,55839,KCg-m,KCg-m_R,Kenyon_Cell,cb_intrinsic,R,,acetylcholine,1,0,KC,gamma,1,2,,
74421,55855,KCab-c,KCab-c_R,Kenyon_Cell,cb_intrinsic,R,,acetylcholine,1,0,KC,ab,1,0,,
74434,55865,KCg-m,KCg-m_L,Kenyon_Cell,cb_intrinsic,L,,acetylcholine,1,0,KC,gamma,1,3,,
74461,55888,KCab-m,KCab-m_R,Kenyon_Cell,cb_intrinsic,R,,acetylcholine,1,0,KC,ab,1,0,,
74518,55936,KCab-s,KCab-s_L,Kenyon_Cell,cb_intrinsic,L,,acetylcholine,1,0,KC,ab,1,0,,
74531,55948,KCa'b'-m,KCa'b'-m_L,Kenyon_Cell,cb_intrinsic,L,,acetylcholine,1,0,KC,apbp,0,2,,
74542,55958,KCg-d,KCg-d_R,Kenyon_Cell,cb_intrinsic,R,,acetylcholine,1,0,KC,gamma,1,2,,
74548,55961,KCa'b'-ap1,KCa'b'-ap1_R,Kenyon_Cell,cb_intrinsic,R,,acetylcholine,1,0,KC,apbp,0,2,,
74549,55962,KCab-s,KCab-s_L,Kenyon_Cell,cb_intrinsic,L,,acetylcholine,1,0,KC,ab,1,0,,
74553,55966,KCab-m,KCab-m_R,Kenyon_Cell,cb_intrinsic,R,,acetylcholine,1,0,KC,ab,1,0,,
74568,55980,KCab-c,KCab-c_R,Kenyon_Cell,cb_intrinsic,R,,acetylcholine,1,0,KC,ab,1,0,,
74610,56016,KCab-c,KCab-c_L,Kenyon_Cell,cb_intrinsic,L,,acetylcholine,1,0,KC,ab,1,0,,
74620,56024,KCab-m,KCab-m_L,Kenyon_Cell,cb_intrinsic,L,,acetylcholine,1,0,KC,ab,1,0,,
74623,56027,KCa'b'-ap2,KCa'b'-ap2_R,Kenyon_Cell,cb_intrinsic,R,,acetylcholine,1,0,KC,apbp,1,2,,
74663,56050,KCa'b'-ap1,KCa'b'-ap1_L,Kenyon_Cell,cb_intrinsic,L,,acetylcholine,1,0,KC,apbp,1,2,,
74665,56051,KCa'b'-ap2,KCa'b'-ap2_R,Kenyon_Cell,cb_intrinsic,R,,acetylcholine,1,0,KC,apbp,1,2,,
74668,56053,KCa'b'-ap1,KCa'b'-ap1_R,Kenyon_Cell,cb_intrinsic,R,,acetylcholine,1,0,KC,apbp,1,3,,
74682,56064,KCab-s,KCab-s_R,Kenyon_Cell,cb_intrinsic,R,,acetylcholine,1,0,KC,ab,1,0,,
74683,56065,KCa'b'-ap2,KCa'b'-ap2_R,Kenyon_Cell,cb_intrinsic,R,,acetylcholine,1,0,KC,apbp,0,2,,
74698,56078,KCg-m,KCg-m_L,Kenyon_Cell,cb_intrinsic,L,,acetylcholine,1,0,KC,gamma,1,3,,
74708,56088,KCg-m,KCg-m_L,Kenyon_Cell,cb_intrinsic,L,,acetylcholine,1,0,KC,gamma,1,2,,
74721,56100,KCab-s,KCab-s_R,Kenyon_Cell,cb_intrinsic,R,,acetylcholine,1,0,KC,ab,2,0,,
74740,56114,KCab-s,KCab-s_R,Kenyon_Cell,cb_intrinsic,R,,acetylcholine,1,0,KC,ab,2,0,,
74743,56117,PAM08,PAM08(y4)_L,DAN,cb_intrinsic,L,,dopamine,1,1,DAN,,0,0,,
74760,56131,KCab-c,KCab-c_L,Kenyon_Cell,cb_intrinsic,L,,acetylcholine,1,0,KC,ab,1,0,,
74803,56164,KCab-s,KCab-s_R,Kenyon_Cell,cb_intrinsic,R,,acetylcholine,1,0,KC,ab,1,0,,
74812,56172,KCab-s,KCab-s_R,Kenyon_Cell,cb_intrinsic,R,,acetylcholine,1,0,KC,ab,1,0,,
74851,56202,KCab-m,KCab-m_R,Kenyon_Cell,cb_intrinsic,R,,acetylcholine,1,0,KC,ab,1,0,,
74856,56207,PAM01,PAM01(y5)_L,DAN,cb_intrinsic,L,,dopamine,1,1,DAN,,0,0,,
74869,56218,KCab-s,KCab-s_R,Kenyon_Cell,cb_intrinsic,R,,acetylcholine,1,0,KC,ab,1,0,,
74899,56243,KCab-m,KCab-m_R,Kenyon_Cell,cb_intrinsic,R,,acetylcholine,1,0,KC,ab,1,0,,
74926,56264,KCg-m,KCg-m_L,Kenyon_Cell,cb_intrinsic,L,,acetylcholine,1,0,KC,gamma,1,2,,
74977,56304,M_vPNml84,M_vPNml84_L,ALPN,cb_intrinsic,L,,gaba,-1,0,ALPN,,0,0,,
74992,56317,KCg-m,KCg-m_L,Kenyon_Cell,cb_intrinsic,L,,acetylcholine,1,0,KC,gamma,1,2,,
75029,56347,KCg-m,KCg-m_R,Kenyon_Cell,cb_intrinsic,R,,acetylcholine,1,0,KC,gamma,1,2,,
75031,56349,KCa'b'-ap1,KCa'b'-ap1_R,Kenyon_Cell,cb_intrinsic,R,,acetylcholine,1,0,KC,apbp,1,2,,
75042,56359,KCab-c,KCab-c_L,Kenyon_Cell,cb_intrinsic,L,,acetylcholine,1,0,KC,ab,1,0,,
75045,56362,KCg-m,KCg-m_R,Kenyon_Cell,cb_intrinsic,R,,acetylcholine,1,0,KC,gamma,1,3,,
75050,56367,KCab-s,KCab-s_R,Kenyon_Cell,cb_intrinsic,R,,acetylcholine,1,0,KC,ab,1,0,,
75053,56370,KCa'b'-ap2,KCa'b'-ap2_L,Kenyon_Cell,cb_intrinsic,L,,acetylcholine,1,0,KC,apbp,1,2,,
75058,56374,KCab-c,KCab-c_L,Kenyon_Cell,cb_intrinsic,L,,acetylcholine,1,0,KC,ab,1,0,,
75066,56381,KCab-c,KCab-c_R,Kenyon_Cell,cb_intrinsic,R,,acetylcholine,1,0,KC,ab,1,0,,
75070,56384,KCg-m,KCg-m_L,Kenyon_Cell,cb_intrinsic,L,,acetylcholine,1,0,KC,gamma,1,3,,
75072,56386,KCg-m,KCg-m_R,Kenyon_Cell,cb_intrinsic,R,,acetylcholine,1,0,KC,gamma,1,2,,
75075,56388,KCa'b'-ap2,KCa'b'-ap2_R,Kenyon_Cell,cb_intrinsic,R,,acetylcholine,1,0,KC,apbp,1,2,,
75106,56413,KCab-c,KCab-c_R,Kenyon_Cell,cb_intrinsic,R,,acetylcholine,1,0,KC,ab,1,0,,
75122,56426,KCa'b'-ap2,KCa'b'-ap2_R,Kenyon_Cell,cb_intrinsic,R,,acetylcholine,1,0,KC,apbp,1,2,,
75149,56452,KCab-s,KCab-s_R,Kenyon_Cell,cb_intrinsic,R,,acetylcholine,1,0,KC,ab,1,0,,
75155,56456,KCab-m,KCab-m_L,Kenyon_Cell,cb_intrinsic,L,,acetylcholine,1,0,KC,ab,2,0,,
75181,56477,KCab-s,KCab-s_L,Kenyon_Cell,cb_intrinsic,L,,acetylcholine,1,0,KC,ab,2,0,,
75185,56479,KCa'b'-ap2,KCa'b'-ap2_L,Kenyon_Cell,cb_intrinsic,L,,acetylcholine,1,0,KC,apbp,0,2,,
75216,56505,KCa'b'-m,KCa'b'-m_R,Kenyon_Cell,cb_intrinsic,R,,acetylcholine,1,0,KC,apbp,1,2,,
75225,56514,KCa'b'-ap1,KCa'b'-ap1_L,Kenyon_Cell,cb_intrinsic,L,,acetylcholine,1,0,KC,apbp,0,2,,
75260,56543,KCa'b'-ap1,KCa'b'-ap1_R,Kenyon_Cell,cb_intrinsic,R,,acetylcholine,1,0,KC,apbp,1,2,,
75265,56548,KCa'b'-ap1,KCa'b'-ap1_R,Kenyon_Cell,cb_intrinsic,R,,acetylcholine,1,0,KC,apbp,2,2,,
75288,56567,KCg-m,KCg-m_R,Kenyon_Cell,cb_intrinsic,R,,acetylcholine,1,0,KC,gamma,1,2,,
75300,56577,KCab-s,KCab-s_R,Kenyon_Cell,cb_intrinsic,R,,acetylcholine,1,0,KC,ab,1,0,,
75310,56584,KCg-m,KCg-m_L,Kenyon_Cell,cb_intrinsic,L,,acetylcholine,1,0,KC,gamma,1,2,,
75312,56586,KCg-m,KCg-m_L,Kenyon_Cell,cb_intrinsic,L,,acetylcholine,1,0,KC,gamma,1,2,,
75347,56614,KCg-m,KCg-m_L,Kenyon_Cell,cb_intrinsic,L,,acetylcholine,1,0,KC,gamma,1,2,,
75368,56627,KCg-m,KCg-m_L,Kenyon_Cell,cb_intrinsic,L,,acetylcholine,1,0,KC,gamma,1,2,,
75384,56640,KCab-s,KCab-s_R,Kenyon_Cell,cb_intrinsic,R,,acetylcholine,1,0,KC,ab,1,0,,
75428,56678,KCab-m,KCab-m_L,Kenyon_Cell,cb_intrinsic,L,,acetylcholine,1,0,KC,ab,2,0,,
75446,56692,KCab-s,KCab-s_L,Kenyon_Cell,cb_intrinsic,L,,acetylcholine,1,0,KC,ab,1,0,,
75507,56744,KCab-c,KCab-c_R,Kenyon_Cell,cb_intrinsic,R,,acetylcholine,1,0,KC,ab,2,0,,
75513,56750,KCg-m,KCg-m_L,Kenyon_Cell,cb_intrinsic,L,,acetylcholine,1,0,KC,gamma,1,2,,
75578,56805,KCa'b'-ap2,KCa'b'-ap2_R,Kenyon_Cell,cb_intrinsic,R,,acetylcholine,1,0,KC,apbp,1,2,,
75597,56822,KCg-m,KCg-m_L,Kenyon_Cell,cb_intrinsic,L,,acetylcholine,1,0,KC,gamma,1,2,,
75611,56836,KCa'b'-ap2,KCa'b'-ap2_L,Kenyon_Cell,cb_intrinsic,L,,acetylcholine,1,0,KC,apbp,1,2,,
75621,56845,M_vPNml57,M_vPNml57_R,ALPN,cb_intrinsic,R,,gaba,-1,0,ALPN,,0,0,,
75650,56868,KCa'b'-ap1,KCa'b'-ap1_L,Kenyon_Cell,cb_intrinsic,L,,acetylcholine,1,0,KC,apbp,0,2,,
75652,56870,KCg-m,KCg-m_R,Kenyon_Cell,cb_intrinsic,R,,acetylcholine,1,0,KC,gamma,1,2,,
75718,56923,KCa'b'-ap1,KCa'b'-ap1_R,Kenyon_Cell,cb_intrinsic,R,,acetylcholine,1,0,KC,apbp,2,3,,
75756,56949,KCa'b'-ap1,KCa'b'-ap1_L,Kenyon_Cell,cb_intrinsic,L,,acetylcholine,1,0,KC,apbp,0,2,,
75758,56951,KCg-m,KCg-m_L,Kenyon_Cell,cb_intrinsic,L,,acetylcholine,1,0,KC,gamma,1,2,,
75774,56964,KCg-m,KCg-m_R,Kenyon_Cell,cb_intrinsic,R,,acetylcholine,1,0,KC,gamma,1,2,,
75780,56969,KCa'b'-ap1,KCa'b'-ap1_L,Kenyon_Cell,cb_intrinsic,L,,acetylcholine,1,0,KC,apbp,1,3,,
75782,56971,KCa'b'-ap1,KCa'b'-ap1_L,Kenyon_Cell,cb_intrinsic,L,,acetylcholine,1,0,KC,apbp,0,2,,
75802,56987,KCab-c,KCab-c_R,Kenyon_Cell,cb_intrinsic,R,,acetylcholine,1,0,KC,ab,1,0,,
75830,57006,KCg-m,KCg-m_L,Kenyon_Cell,cb_intrinsic,L,,acetylcholine,1,0,KC,gamma,1,2,,
75880,57049,KCg-m,KCg-m_R,Kenyon_Cell,cb_intrinsic,R,,acetylcholine,1,0,KC,gamma,1,2,,
75882,57051,KCab-s,KCab-s_R,Kenyon_Cell,cb_intrinsic,R,,acetylcholine,1,0,KC,ab,2,0,,
75897,57065,VP2+_adPN,VP2+_adPN_L,ALPN,cb_intrinsic,L,,acetylcholine,1,0,ALPN,,0,0,,
75907,57073,KCg-m,KCg-m_L,Kenyon_Cell,cb_intrinsic,L,,acetylcholine,1,0,KC,gamma,1,2,,
75908,57074,KCab-m,KCab-m_L,Kenyon_Cell,cb_intrinsic,L,,acetylcholine,1,0,KC,ab,1,0,,
75922,57087,PAM08,PAM08(y4)_L,DAN,cb_intrinsic,L,,dopamine,1,1,DAN,,0,0,,
75942,57102,KCab-s,KCab-s_L,Kenyon_Cell,cb_intrinsic,L,,acetylcholine,1,0,KC,ab,1,0,,
75958,57116,KCab-m,KCab-m_L,Kenyon_Cell,cb_intrinsic,L,,acetylcholine,1,0,KC,ab,2,0,,
75964,57119,KCab-s,KCab-s_L,Kenyon_Cell,cb_intrinsic,L,,acetylcholine,1,0,KC,ab,1,0,,
75968,57123,KCab-m,KCab-m_L,Kenyon_Cell,cb_intrinsic,L,,acetylcholine,1,0,KC,ab,2,0,,
75997,57146,KCab-s,KCab-s_R,Kenyon_Cell,cb_intrinsic,R,,acetylcholine,1,0,KC,ab,1,0,,
76005,57154,KCab-c,KCab-c_R,Kenyon_Cell,cb_intrinsic,R,,acetylcholine,1,0,KC,ab,1,0,,
76009,57158,KCab-s,KCab-s_L,Kenyon_Cell,cb_intrinsic,L,,acetylcholine,1,0,KC,ab,2,0,,
76023,57170,KCg-d,KCg-d_R,Kenyon_Cell,cb_intrinsic,R,,acetylcholine,1,0,KC,gamma,1,2,,
76056,57198,KCa'b'-ap2,KCa'b'-ap2_L,Kenyon_Cell,cb_intrinsic,L,,acetylcholine,1,0,KC,apbp,0,2,,
76063,57205,KCg-m,KCg-m_R,Kenyon_Cell,cb_intrinsic,R,,acetylcholine,1,0,KC,gamma,1,2,,
76069,57211,KCa'b'-ap2,KCa'b'-ap2_L,Kenyon_Cell,cb_intrinsic,L,,acetylcholine,1,0,KC,apbp,0,2,,
76072,57213,KCab-s,KCab-s_L,Kenyon_Cell,cb_intrinsic,L,,acetylcholine,1,0,KC,ab,1,0,,
76076,57216,KCg-d,KCg-d_R,Kenyon_Cell,cb_intrinsic,R,,acetylcholine,1,0,KC,gamma,1,2,,
76085,57225,KCg-m,KCg-m_L,Kenyon_Cell,cb_intrinsic,L,,acetylcholine,1,0,KC,gamma,1,2,,
76091,57230,KCab-p,KCab-p_L,Kenyon_Cell,cb_intrinsic,L,,acetylcholine,1,0,KC,ab,1,0,,
76122,57255,KCg-m,KCg-m_L,Kenyon_Cell,cb_intrinsic,L,,acetylcholine,1,0,KC,gamma,1,2,,
76172,57300,M_vPNml53,M_vPNml53_R,ALPN,cb_intrinsic,R,,gaba,-1,0,ALPN,,0,0,,
76203,57323,KCa'b'-ap1,KCa'b'-ap1_L,Kenyon_Cell,cb_intrinsic,L,,acetylcholine,1,0,KC,apbp,1,2,,
76265,57372,KCab-m,KCab-m_R,Kenyon_Cell,cb_intrinsic,R,,acetylcholine,1,0,KC,ab,2,0,,
76271,57377,KCab-s,KCab-s_R,Kenyon_Cell,cb_intrinsic,R,,acetylcholine,1,0,KC,ab,1,0,,
76272,57378,KCab-c,KCab-c_R,Kenyon_Cell,cb_intrinsic,R,,acetylcholine,1,0,KC,ab,2,0,,
76287,57391,KCa'b'-m,KCa'b'-m_L,Kenyon_Cell,cb_intrinsic,L,,acetylcholine,1,0,KC,apbp,0,2,,
76299,57400,KCa'b'-ap2,KCa'b'-ap2_L,Kenyon_Cell,cb_intrinsic,L,,acetylcholine,1,0,KC,apbp,0,2,,
76309,57408,KCg-m,KCg-m_L,Kenyon_Cell,cb_intrinsic,L,,acetylcholine,1,0,KC,gamma,1,2,,
76317,57415,KCg-m,KCg-m_R,Kenyon_Cell,cb_intrinsic,R,,acetylcholine,1,0,KC,gamma,1,2,,
76352,57446,KCa'b'-ap2,KCa'b'-ap2_L,Kenyon_Cell,cb_intrinsic,L,,acetylcholine,1,0,KC,apbp,0,2,,
76354,57448,KCa'b'-ap2,KCa'b'-ap2_R,Kenyon_Cell,cb_intrinsic,R,,acetylcholine,1,0,KC,apbp,1,2,,
76362,57456,PAM08,PAM08(y4)_L,DAN,cb_intrinsic,L,,dopamine,1,1,DAN,,0,0,,
76370,57463,KCa'b'-ap2,KCa'b'-ap2_L,Kenyon_Cell,cb_intrinsic,L,,acetylcholine,1,0,KC,apbp,0,2,,
76429,57512,KCa'b'-ap1,KCa'b'-ap1_R,Kenyon_Cell,cb_intrinsic,R,,acetylcholine,1,0,KC,apbp,0,2,,
76431,57513,KCg-m,KCg-m_L,Kenyon_Cell,cb_intrinsic,L,,acetylcholine,1,0,KC,gamma,1,2,,
76436,57516,KCab-s,KCab-s_R,Kenyon_Cell,cb_intrinsic,R,,acetylcholine,1,0,KC,ab,2,0,,
76443,57520,KCg-m,KCg-m_R,Kenyon_Cell,cb_intrinsic,R,,acetylcholine,1,0,KC,gamma,1,2,,
76444,57521,KCab-c,KCab-c_R,Kenyon_Cell,cb_intrinsic,R,,acetylcholine,1,0,KC,ab,2,0,,
76455,57530,KCg-d,KCg-d_L,Kenyon_Cell,cb_intrinsic,L,,acetylcholine,1,0,KC,gamma,1,2,,
76476,57548,KCg-m,KCg-m_L,Kenyon_Cell,cb_intrinsic,L,,acetylcholine,1,0,KC,gamma,1,2,,
76488,57557,KCg-m,KCg-m_L,Kenyon_Cell,cb_intrinsic,L,,acetylcholine,1,0,KC,gamma,1,2,,
76493,57561,KCg-m,KCg-m_R,Kenyon_Cell,cb_intrinsic,R,,acetylcholine,1,0,KC,gamma,1,2,,
76508,57573,KCg-m,KCg-m_L,Kenyon_Cell,cb_intrinsic,L,,acetylcholine,1,0,KC,gamma,1,2,,
76523,57587,KCab-s,KCab-s_R,Kenyon_Cell,cb_intrinsic,R,,acetylcholine,1,0,KC,ab,2,0,,
76531,57594,KCab-c,KCab-c_R,Kenyon_Cell,cb_intrinsic,R,,acetylcholine,1,0,KC,ab,1,0,,
76564,57622,KCg-m,KCg-m_L,Kenyon_Cell,cb_intrinsic,L,,acetylcholine,1,0,KC,gamma,1,2,,
76566,57624,KCab-m,KCab-m_L,Kenyon_Cell,cb_intrinsic,L,,acetylcholine,1,0,KC,ab,2,0,,
76582,57639,KCab-s,KCab-s_R,Kenyon_Cell,cb_intrinsic,R,,acetylcholine,1,0,KC,ab,1,0,,
76585,57641,MBON25-like,MBON25-like(y2)_R,MBON,cb_intrinsic,R,,glutamate,-1,0,MBON,,0,0,,
76587,57642,KCg-m,KCg-m_R,Kenyon_Cell,cb_intrinsic,R,,acetylcholine,1,0,KC,gamma,1,2,,
76593,57647,KCab-s,KCab-s_R,Kenyon_Cell,cb_intrinsic,R,,acetylcholine,1,0,KC,ab,2,0,,
76594,57648,KCab-m,KCab-m_L,Kenyon_Cell,cb_intrinsic,L,,acetylcholine,1,0,KC,ab,2,0,,
76605,57657,KCab-m,KCab-m_L,Kenyon_Cell,cb_intrinsic,L,,acetylcholine,1,0,KC,ab,2,0,,
76608,57660,KCab-m,KCab-m_L,Kenyon_Cell,cb_intrinsic,L,,acetylcholine,1,0,KC,ab,2,0,,
76615,57667,KCab-m,KCab-m_R,Kenyon_Cell,cb_intrinsic,R,,acetylcholine,1,0,KC,ab,1,0,,
76648,57695,KCab-s,KCab-s_R,Kenyon_Cell,cb_intrinsic,R,,acetylcholine,1,0,KC,ab,1,0,,
76660,57705,KCab-s,KCab-s_R,Kenyon_Cell,cb_intrinsic,R,,acetylcholine,1,0,KC,ab,2,0,,
76665,57709,KCa'b'-m,KCa'b'-m_L,Kenyon_Cell,cb_intrinsic,L,,acetylcholine,1,0,KC,apbp,0,2,,
76676,57719,KCab-m,KCab-m_L,Kenyon_Cell,cb_intrinsic,L,,acetylcholine,1,0,KC,ab,2,0,,
76688,57725,KCab-p,KCab-p_L,Kenyon_Cell,cb_intrinsic,L,,acetylcholine,1,0,KC,ab,1,0,,
76702,57736,KCab-p,KCab-p_R,Kenyon_Cell,cb_intrinsic,R,,acetylcholine,1,0,KC,ab,1,0,,
76727,57757,KCab-m,KCab-m_L,Kenyon_Cell,cb_intrinsic,L,,acetylcholine,1,0,KC,ab,1,0,,
76738,57763,DL2d_vPN,DL2d_vPN_R,ALPN,cb_intrinsic,R,,gaba,-1,0,ALPN,,0,0,,
76750,57774,KCab-s,KCab-s_R,Kenyon_Cell,cb_intrinsic,R,,acetylcholine,1,0,KC,ab,2,0,,
76774,57790,KCab-m,KCab-m_L,Kenyon_Cell,cb_intrinsic,L,,acetylcholine,1,0,KC,ab,2,0,,
76807,57820,KCab-c,KCab-c_R,Kenyon_Cell,cb_intrinsic,R,,acetylcholine,1,0,KC,ab,1,0,,
76811,57823,KCab-s,KCab-s_R,Kenyon_Cell,cb_intrinsic,R,,acetylcholine,1,0,KC,ab,2,0,,
76837,57843,KCg-m,KCg-m_R,Kenyon_Cell,cb_intrinsic,R,,acetylcholine,1,0,KC,gamma,1,2,,
76850,57853,KCa'b'-ap1,KCa'b'-ap1_L,Kenyon_Cell,cb_intrinsic,L,,acetylcholine,1,0,KC,apbp,0,3,,
76862,57864,KCab-s,KCab-s_R,Kenyon_Cell,cb_intrinsic,R,,acetylcholine,1,0,KC,ab,1,0,,
76867,57868,KCa'b'-ap2,KCa'b'-ap2_R,Kenyon_Cell,cb_intrinsic,R,,acetylcholine,1,0,KC,apbp,1,2,,
76889,57885,KCa'b'-ap1,KCa'b'-ap1_L,Kenyon_Cell,cb_intrinsic,L,,acetylcholine,1,0,KC,apbp,1,2,,
76898,57894,KCab-s,KCab-s_R,Kenyon_Cell,cb_intrinsic,R,,acetylcholine,1,0,KC,ab,1,0,,
76933,57925,KCa'b'-ap2,KCa'b'-ap2_L,Kenyon_Cell,cb_intrinsic,L,,acetylcholine,1,0,KC,apbp,0,2,,
76949,57937,KCg-m,KCg-m_L,Kenyon_Cell,cb_intrinsic,L,,acetylcholine,1,0,KC,gamma,1,2,,
76973,57952,KCg-m,KCg-m_R,Kenyon_Cell,cb_intrinsic,R,,acetylcholine,1,0,KC,gamma,1,2,,
76984,57961,KCab-p,KCab-p_R,Kenyon_Cell,cb_intrinsic,R,,acetylcholine,1,0,KC,ab,1,0,,
77022,57992,KCab-c,KCab-c_R,Kenyon_Cell,cb_intrinsic,R,,acetylcholine,1,0,KC,ab,1,0,,
77054,58014,KCg-m,KCg-m_R,Kenyon_Cell,cb_intrinsic,R,,acetylcholine,1,0,KC,gamma,1,3,,
77060,58019,KCa'b'-ap2,KCa'b'-ap2_R,Kenyon_Cell,cb_intrinsic,R,,acetylcholine,1,0,KC,apbp,1,2,,
77068,58026,KCa'b'-m,KCa'b'-m_L,Kenyon_Cell,cb_intrinsic,L,,acetylcholine,1,0,KC,apbp,0,2,,
77076,58032,KCab-s,KCab-s_L,Kenyon_Cell,cb_intrinsic,L,,acetylcholine,1,0,KC,ab,2,0,,
77093,58044,KCg-m,KCg-m_L,Kenyon_Cell,cb_intrinsic,L,,acetylcholine,1,0,KC,gamma,1,2,,
77108,58056,KCg-m,KCg-m_L,Kenyon_Cell,cb_intrinsic,L,,acetylcholine,1,0,KC,gamma,1,2,,
77126,58068,KCg-m,KCg-m_R,Kenyon_Cell,cb_intrinsic,R,,acetylcholine,1,0,KC,gamma,1,2,,
77131,58073,KCab-c,KCab-c_R,Kenyon_Cell,cb_intrinsic,R,,acetylcholine,1,0,KC,ab,1,0,,
77132,58074,KCg-m,KCg-m_R,Kenyon_Cell,cb_intrinsic,R,,acetylcholine,1,0,KC,gamma,1,2,,
77158,58095,KCg-m,KCg-m_R,Kenyon_Cell,cb_intrinsic,R,,acetylcholine,1,0,KC,gamma,1,2,,
77164,58101,KCab-c,KCab-c_R,Kenyon_Cell,cb_intrinsic,R,,acetylcholine,1,0,KC,ab,1,0,,
77199,58129,KCa'b'-m,KCa'b'-m_R,Kenyon_Cell,cb_intrinsic,R,,acetylcholine,1,0,KC,apbp,0,2,,
77219,58144,KCab-s,KCab-s_R,Kenyon_Cell,cb_intrinsic,R,,acetylcholine,1,0,KC,ab,2,0,,
77281,58199,KCg-m,KCg-m_R,Kenyon_Cell,cb_intrinsic,R,,acetylcholine,1,0,KC,gamma,1,2,,
77324,58238,KCab-c,KCab-c_R,Kenyon_Cell,cb_intrinsic,R,,acetylcholine,1,0,KC,ab,1,0,,
77367,58273,KCg-m,KCg-m_L,Kenyon_Cell,cb_intrinsic,L,,acetylcholine,1,0,KC,gamma,1,2,,
77380,58283,M_lPNm11A,M_lPNm11A_L,ALPN,cb_intrinsic,L,,acetylcholine,1,0,ALPN,,0,0,,
77382,58285,KCab-m,KCab-m_R,Kenyon_Cell,cb_intrinsic,R,,acetylcholine,1,0,KC,ab,1,0,,
77390,58292,KCab-s,KCab-s_R,Kenyon_Cell,cb_intrinsic,R,,acetylcholine,1,0,KC,ab,2,0,,
77409,58306,KCa'b'-ap1,KCa'b'-ap1_L,Kenyon_Cell,cb_intrinsic,L,,acetylcholine,1,0,KC,apbp,0,2,,
77433,58322,KCab-s,KCab-s_R,Kenyon_Cell,cb_intrinsic,R,,acetylcholine,1,0,KC,ab,1,0,,
77438,58326,M_vPNml80,M_vPNml80_L,ALPN,cb_intrinsic,L,,gaba,-1,0,ALPN,,0,0,,
77442,58329,KCg-m,KCg-m_R,Kenyon_Cell,cb_intrinsic,R,,acetylcholine,1,0,KC,gamma,1,2,,
77449,58336,KCg-m,KCg-m_R,Kenyon_Cell,cb_intrinsic,R,,acetylcholine,1,0,KC,gamma,1,2,,
77451,58338,KCg-m,KCg-m_R,Kenyon_Cell,cb_intrinsic,R,,acetylcholine,1,0,KC,gamma,1,2,,
77454,58341,KCg-m,KCg-m_L,Kenyon_Cell,cb_intrinsic,L,,acetylcholine,1,0,KC,gamma,1,2,,
77479,58360,KCg-m,KCg-m_R,Kenyon_Cell,cb_intrinsic,R,,acetylcholine,1,0,KC,gamma,1,2,,
77505,58380,KCab-m,KCab-m_L,Kenyon_Cell,cb_intrinsic,L,,acetylcholine,1,0,KC,ab,1,0,,
77523,58393,KCg-m,KCg-m_R,Kenyon_Cell,cb_intrinsic,R,,acetylcholine,1,0,KC,gamma,1,2,,
77539,58405,KCa'b'-ap2,KCa'b'-ap2_L,Kenyon_Cell,cb_intrinsic,L,,acetylcholine,1,0,KC,apbp,0,2,,
77609,58453,CB3447,CB3447_R,ALPN,cb_intrinsic,R,,gaba,-1,0,ALPN,,0,0,,
77628,58468,KCg-m,KCg-m_L,Kenyon_Cell,cb_intrinsic,L,,acetylcholine,1,0,KC,gamma,1,2,,
77631,58470,KCg-m,KCg-m_L,Kenyon_Cell,cb_intrinsic,L,,acetylcholine,1,0,KC,gamma,1,2,,
77637,58475,KCg-m,KCg-m_R,Kenyon_Cell,cb_intrinsic,R,,acetylcholine,1,0,KC,gamma,1,2,,
77679,58507,KCa'b'-ap1,KCa'b'-ap1_R,Kenyon_Cell,cb_intrinsic,R,,acetylcholine,1,0,KC,apbp,1,2,,
77710,58532,DC4_vPN,DC4_vPN_L,ALPN,cb_intrinsic,L,,gaba,-1,0,ALPN,,0,0,,
77719,58538,KCg-m,KCg-m_L,Kenyon_Cell,cb_intrinsic,L,,acetylcholine,1,0,KC,gamma,1,2,,
77729,58548,KCab-s,KCab-s_R,Kenyon_Cell,cb_intrinsic,R,,acetylcholine,1,0,KC,ab,1,0,,
77735,58552,KCab-c,KCab-c_R,Kenyon_Cell,cb_intrinsic,R,,acetylcholine,1,0,KC,ab,1,0,,
77755,58566,KCa'b'-ap1,KCa'b'-ap1_R,Kenyon_Cell,cb_intrinsic,R,,acetylcholine,1,0,KC,apbp,0,2,,
77760,58570,KCab-s,KCab-s_R,Kenyon_Cell,cb_intrinsic,R,,acetylcholine,1,0,KC,ab,1,0,,
77790,58588,KCab-c,KCab-c_R,Kenyon_Cell,cb_intrinsic,R,,acetylcholine,1,0,KC,ab,1,0,,
77810,58603,KCab-m,KCab-m_R,Kenyon_Cell,cb_intrinsic,R,,acetylcholine,1,0,KC,ab,1,0,,
77858,58643,KCa'b'-m,KCa'b'-m_L,Kenyon_Cell,cb_intrinsic,L,,acetylcholine,1,0,KC,apbp,0,2,,
77914,58683,KCab-s,KCab-s_L,Kenyon_Cell,cb_intrinsic,L,,acetylcholine,1,0,KC,ab,1,0,,
77975,58729,KCg-m,KCg-m_R,Kenyon_Cell,cb_intrinsic,R,,acetylcholine,1,0,KC,gamma,1,2,,
78013,58762,KCab-s,KCab-s_R,Kenyon_Cell,cb_intrinsic,R,,acetylcholine,1,0,KC,ab,2,0,,
78060,58797,KCab-s,KCab-s_R,Kenyon_Cell,cb_intrinsic,R,,acetylcholine,1,0,KC,ab,1,0,,
78066,58803,KCg-m,KCg-m_L,Kenyon_Cell,cb_intrinsic,L,,acetylcholine,1,0,KC,gamma,1,2,,
78073,58809,KCa'b'-ap1,KCa'b'-ap1_L,Kenyon_Cell,cb_intrinsic,L,,acetylcholine,1,0,KC,apbp,1,2,,
78097,58827,KCab-s,KCab-s_R,Kenyon_Cell,cb_intrinsic,R,,acetylcholine,1,0,KC,ab,2,0,,
78118,58843,KCab-c,KCab-c_L,Kenyon_Cell,cb_intrinsic,L,,acetylcholine,1,0,KC,ab,1,0,,
78143,58864,M_vPNml60,M_vPNml60_R,ALPN,cb_intrinsic,R,,gaba,-1,0,ALPN,,0,0,,
78147,58868,KCa'b'-ap2,KCa'b'-ap2_R,Kenyon_Cell,cb_intrinsic,R,,acetylcholine,1,0,KC,apbp,0,2,,
78150,58871,KCa'b'-m,KCa'b'-m_L,Kenyon_Cell,cb_intrinsic,L,,acetylcholine,1,0,KC,apbp,0,2,,
78155,58876,KCab-c,KCab-c_R,Kenyon_Cell,cb_intrinsic,R,,acetylcholine,1,0,KC,ab,1,0,,
78189,58900,KCa'b'-m,KCa'b'-m_L,Kenyon_Cell,cb_intrinsic,L,,acetylcholine,1,0,KC,apbp,0,2,,
78194,58905,KCa'b'-m,KCa'b'-m_L,Kenyon_Cell,cb_intrinsic,L,,acetylcholine,1,0,KC,apbp,0,2,,
78203,58913,KCab-s,KCab-s_R,Kenyon_Cell,cb_intrinsic,R,,acetylcholine,1,0,KC,ab,2,0,,
78222,58928,KCab-m,KCab-m_L,Kenyon_Cell,cb_intrinsic,L,,acetylcholine,1,0,KC,ab,1,0,,
78234,58938,KCab-s,KCab-s_R,Kenyon_Cell,cb_intrinsic,R,,acetylcholine,1,0,KC,ab,1,0,,
78251,58953,KCg-m,KCg-m_R,Kenyon_Cell,cb_intrinsic,R,,acetylcholine,1,0,KC,gamma,1,2,,
78261,58962,KCab-m,KCab-m_L,Kenyon_Cell,cb_intrinsic,L,,acetylcholine,1,0,KC,ab,1,0,,
78356,59031,KCab-s,KCab-s_R,Kenyon_Cell,cb_intrinsic,R,,acetylcholine,1,0,KC,ab,1,0,,
78359,59033,KCa'b'-ap2,KCa'b'-ap2_R,Kenyon_Cell,cb_intrinsic,R,,acetylcholine,1,0,KC,apbp,0,2,,
78361,59035,KCg-m,KCg-m_R,Kenyon_Cell,cb_intrinsic,R,,acetylcholine,1,0,KC,gamma,1,2,,
78363,59037,KCab-m,KCab-m_L,Kenyon_Cell,cb_intrinsic,L,,acetylcholine,1,0,KC,ab,1,0,,
78379,59048,KCa'b'-ap2,KCa'b'-ap2_R,Kenyon_Cell,cb_intrinsic,R,,acetylcholine,1,0,KC,apbp,0,2,,
78458,59109,KCg-m,KCg-m_R,Kenyon_Cell,cb_intrinsic,R,,acetylcholine,1,0,KC,gamma,1,2,,
78460,59111,M_vPNml87,M_vPNml87_L,ALPN,cb_intrinsic,L,,gaba,-1,0,ALPN,,0,0,,
78476,59125,KCab-c,KCab-c_L,Kenyon_Cell,cb_intrinsic,L,,acetylcholine,1,0,KC,ab,1,0,,
78480,59129,KCa'b'-ap2,KCa'b'-ap2_R,Kenyon_Cell,cb_intrinsic,R,,acetylcholine,1,0,KC,apbp,0,2,,
78483,59132,KCg-m,KCg-m_L,Kenyon_Cell,cb_intrinsic,L,,acetylcholine,1,0,KC,gamma,1,2,,
78494,59139,KCab-c,KCab-c_R,Kenyon_Cell,cb_intrinsic,R,,acetylcholine,1,0,KC,ab,1,0,,
78512,59155,KCa'b'-ap2,KCa'b'-ap2_L,Kenyon_Cell,cb_intrinsic,L,,acetylcholine,1,0,KC,apbp,0,2,,
78514,59157,KCg-m,KCg-m_L,Kenyon_Cell,cb_intrinsic,L,,acetylcholine,1,0,KC,gamma,1,3,,
78531,59172,KCab-m,KCab-m_R,Kenyon_Cell,cb_intrinsic,R,,acetylcholine,1,0,KC,ab,1,0,,
78544,59183,KCab-s,KCab-s_R,Kenyon_Cell,cb_intrinsic,R,,acetylcholine,1,0,KC,ab,2,0,,
78589,59215,KCab-s,KCab-s_R,Kenyon_Cell,cb_intrinsic,R,,acetylcholine,1,0,KC,ab,1,0,,
78747,59341,KCab-s,KCab-s_L,Kenyon_Cell,cb_intrinsic,L,,acetylcholine,1,0,KC,ab,2,0,,
78768,59359,KCg-d,KCg-d_R,Kenyon_Cell,cb_intrinsic,R,,acetylcholine,1,0,KC,gamma,1,2,,
78772,59363,KCab-c,KCab-c_R,Kenyon_Cell,cb_intrinsic,R,,acetylcholine,1,0,KC,ab,2,0,,
78803,59391,KCab-s,KCab-s_R,Kenyon_Cell,cb_intrinsic,R,,acetylcholine,1,0,KC,ab,1,0,,
78811,59397,KCg-m,KCg-m_R,Kenyon_Cell,cb_intrinsic,R,,acetylcholine,1,0,KC,gamma,1,2,,
78858,59433,KCg-m,KCg-m_R,Kenyon_Cell,cb_intrinsic,R,,acetylcholine,1,0,KC,gamma,1,3,,
78862,59436,KCg-m,KCg-m_L,Kenyon_Cell,cb_intrinsic,L,,acetylcholine,1,0,KC,gamma,1,2,,
78872,59444,KCg-m,KCg-m_L,Kenyon_Cell,cb_intrinsic,L,,acetylcholine,1,0,KC,gamma,1,2,,
78880,59450,KCg-m,KCg-m_L,Kenyon_Cell,cb_intrinsic,L,,acetylcholine,1,0,KC,gamma,1,2,,
78909,59471,KCab-c,KCab-c_R,Kenyon_Cell,cb_intrinsic,R,,acetylcholine,1,0,KC,ab,1,0,,
78920,59479,KCg-m,KCg-m_R,Kenyon_Cell,cb_intrinsic,R,,acetylcholine,1,0,KC,gamma,1,2,,
78924,59481,KCab-s,KCab-s_R,Kenyon_Cell,cb_intrinsic,R,,acetylcholine,1,0,KC,ab,1,0,,
78928,59485,KCab-s,KCab-s_R,Kenyon_Cell,cb_intrinsic,R,,acetylcholine,1,0,KC,ab,1,0,,
78946,59501,KCab-s,KCab-s_R,Kenyon_Cell,cb_intrinsic,R,,acetylcholine,1,0,KC,ab,1,0,,
78959,59511,KCab-m,KCab-m_R,Kenyon_Cell,cb_intrinsic,R,,acetylcholine,1,0,KC,ab,1,0,,
78984,59531,KCab-s,KCab-s_R,Kenyon_Cell,cb_intrinsic,R,,acetylcholine,1,0,KC,ab,2,0,,
78992,59538,KCg-m,KCg-m_L,Kenyon_Cell,cb_intrinsic,L,,acetylcholine,1,0,KC,gamma,1,2,,
78997,59542,KCa'b'-m,KCa'b'-m_R,Kenyon_Cell,cb_intrinsic,R,,acetylcholine,1,0,KC,apbp,0,2,,
79013,59555,KCab-m,KCab-m_L,Kenyon_Cell,cb_intrinsic,L,,acetylcholine,1,0,KC,ab,2,0,,
79038,59574,KCab-c,KCab-c_R,Kenyon_Cell,cb_intrinsic,R,,acetylcholine,1,0,KC,ab,1,0,,
79052,59586,KCa'b'-ap1,KCa'b'-ap1_L,Kenyon_Cell,cb_intrinsic,L,,acetylcholine,1,0,KC,apbp,0,2,,
79092,59615,KCab-c,KCab-c_R,Kenyon_Cell,cb_intrinsic,R,,acetylcholine,1,0,KC,ab,1,0,,
79184,59684,KCab-p,KCab-p_R,Kenyon_Cell,cb_intrinsic,R,,acetylcholine,1,0,KC,ab,1,0,,
79199,59696,KCa'b'-ap2,KCa'b'-ap2_R,Kenyon_Cell,cb_intrinsic,R,,acetylcholine,1,0,KC,apbp,0,2,,
79203,59700,KCab-c,KCab-c_R,Kenyon_Cell,cb_intrinsic,R,,acetylcholine,1,0,KC,ab,2,0,,
79218,59714,KCab-c,KCab-c_L,Kenyon_Cell,cb_intrinsic,L,,acetylcholine,1,0,KC,ab,1,0,,
79224,59719,KCa'b'-m,KCa'b'-m_L,Kenyon_Cell,cb_intrinsic,L,,acetylcholine,1,0,KC,apbp,1,2,,
79275,59758,KCg-m,KCg-m_L,Kenyon_Cell,cb_intrinsic,L,,acetylcholine,1,0,KC,gamma,1,2,,
79299,59778,KCab-s,KCab-s_L,Kenyon_Cell,cb_intrinsic,L,,acetylcholine,1,0,KC,ab,1,0,,
79317,59791,CB1296_a,CB1296_a_L,ALPN,cb_intrinsic,L,,gaba,-1,0,ALPN,,0,0,,
79362,59832,KCg-s3,KCg-s3_R,Kenyon_Cell,cb_intrinsic,R,,acetylcholine,1,0,KC,gamma,1,2,,
79364,59834,KCa'b'-ap1,KCa'b'-ap1_R,Kenyon_Cell,cb_intrinsic,R,,acetylcholine,1,0,KC,apbp,0,3,,
79370,59839,M_vPNml53,M_vPNml53_L,ALPN,cb_intrinsic,L,,gaba,-1,0,ALPN,,0,0,,
79372,59841,KCg-m,KCg-m_R,Kenyon_Cell,cb_intrinsic,R,,acetylcholine,1,0,KC,gamma,1,3,,
79419,59875,KCg-d,KCg-d_L,Kenyon_Cell,cb_intrinsic,L,,acetylcholine,1,0,KC,gamma,1,2,,
79444,59893,KCg-m,KCg-m_R,Kenyon_Cell,cb_intrinsic,R,,acetylcholine,1,0,KC,gamma,1,2,,
79476,59918,KCa'b'-ap1,KCa'b'-ap1_R,Kenyon_Cell,cb_intrinsic,R,,acetylcholine,1,0,KC,apbp,1,2,,
79504,59940,KCab-c,KCab-c_R,Kenyon_Cell,cb_intrinsic,R,,acetylcholine,1,0,KC,ab,1,0,,
79508,59943,KCab-s,KCab-s_R,Kenyon_Cell,cb_intrinsic,R,,acetylcholine,1,0,KC,ab,2,0,,
79522,59953,KCab-p,KCab-p_R,Kenyon_Cell,cb_intrinsic,R,,acetylcholine,1,0,KC,ab,1,0,,
79536,59962,KCab-s,KCab-s_R,Kenyon_Cell,cb_intrinsic,R,,acetylcholine,1,0,KC,ab,1,0,,
79562,59978,KCab-c,KCab-c_R,Kenyon_Cell,cb_intrinsic,R,,acetylcholine,1,0,KC,ab,2,0,,
79590,59999,KCab-c,KCab-c_R,Kenyon_Cell,cb_intrinsic,R,,acetylcholine,1,0,KC,ab,1,0,,
79622,60027,KCg-m,KCg-m_L,Kenyon_Cell,cb_intrinsic,L,,acetylcholine,1,0,KC,gamma,1,2,,
79645,60045,M_vPNml87,M_vPNml87_R,ALPN,cb_intrinsic,R,,gaba,-1,0,ALPN,,0,0,,
79653,60053,KCg-m,KCg-m_R,Kenyon_Cell,cb_intrinsic,R,,acetylcholine,1,0,KC,gamma,1,2,,
79656,60055,KCa'b'-ap2,KCa'b'-ap2_L,Kenyon_Cell,cb_intrinsic,L,,acetylcholine,1,0,KC,apbp,0,2,,
79684,60080,KCa'b'-m,KCa'b'-m_R,Kenyon_Cell,cb_intrinsic,R,,acetylcholine,1,0,KC,apbp,1,2,,
79690,60085,KCg-m,KCg-m_L,Kenyon_Cell,cb_intrinsic,L,,acetylcholine,1,0,KC,gamma,1,2,,
79735,60120,KCab-c,KCab-c_R,Kenyon_Cell,cb_intrinsic,R,,acetylcholine,1,0,KC,ab,1,0,,
79761,60139,KCg-m,KCg-m_L,Kenyon_Cell,cb_intrinsic,L,,acetylcholine,1,0,KC,gamma,1,2,,
79776,60151,KCg-m,KCg-m_L,Kenyon_Cell,cb_intrinsic,L,,acetylcholine,1,0,KC,gamma,1,2,,
79777,60152,KCab-c,KCab-c_R,Kenyon_Cell,cb_intrinsic,R,,acetylcholine,1,0,KC,ab,1,0,,
79783,60157,KCg-m,KCg-m_L,Kenyon_Cell,cb_intrinsic,L,,acetylcholine,1,0,KC,gamma,1,3,,
79793,60165,KCa'b'-m,KCa'b'-m_L,Kenyon_Cell,cb_intrinsic,L,,acetylcholine,1,0,KC,apbp,1,2,,
79795,60167,KCab-m,KCab-m_L,Kenyon_Cell,cb_intrinsic,L,,acetylcholine,1,0,KC,ab,2,0,,
79821,60184,KCab-s,KCab-s_R,Kenyon_Cell,cb_intrinsic,R,,acetylcholine,1,0,KC,ab,2,0,,
79831,60193,KCab-c,KCab-c_L,Kenyon_Cell,cb_intrinsic,L,,acetylcholine,1,0,KC,ab,2,0,,
79832,60194,KCg-m,KCg-m_R,Kenyon_Cell,cb_intrinsic,R,,acetylcholine,1,0,KC,gamma,1,2,,
79846,60206,KCa'b'-m,KCa'b'-m_R,Kenyon_Cell,cb_intrinsic,R,,acetylcholine,1,0,KC,apbp,1,2,,
79860,60218,KCa'b'-m,KCa'b'-m_R,Kenyon_Cell,cb_intrinsic,R,,acetylcholine,1,0,KC,apbp,0,2,,
79877,60232,KCab-c,KCab-c_R,Kenyon_Cell,cb_intrinsic,R,,acetylcholine,1,0,KC,ab,1,0,,
79893,60244,KCa'b'-ap2,KCa'b'-ap2_L,Kenyon_Cell,cb_intrinsic,L,,acetylcholine,1,0,KC,apbp,0,2,,
79899,60249,KCa'b'-ap2,KCa'b'-ap2_R,Kenyon_Cell,cb_intrinsic,R,,acetylcholine,1,0,KC,apbp,0,2,,
79911,60259,KCab-m,KCab-m_L,Kenyon_Cell,cb_intrinsic,L,,acetylcholine,1,0,KC,ab,1,0,,
79920,60266,KCab-c,KCab-c_R,Kenyon_Cell,cb_intrinsic,R,,acetylcholine,1,0,KC,ab,1,0,,
79931,60275,KCg-m,KCg-m_R,Kenyon_Cell,cb_intrinsic,R,,acetylcholine,1,0,KC,gamma,1,2,,
79945,60286,KCab-c,KCab-c_R,Kenyon_Cell,cb_intrinsic,R,,acetylcholine,1,0,KC,ab,2,0,,
79950,60291,KCg-m,KCg-m_L,Kenyon_Cell,cb_intrinsic,L,,acetylcholine,1,0,KC,gamma,1,2,,
79972,60310,KCab-m,KCab-m_R,Kenyon_Cell,cb_intrinsic,R,,acetylcholine,1,0,KC,ab,1,0,,
79973,60311,CB1296_a,CB1296_a_R,ALPN,cb_intrinsic,R,,gaba,-1,0,ALPN,,0,0,,
80009,60341,KCab-c,KCab-c_R,Kenyon_Cell,cb_intrinsic,R,,acetylcholine,1,0,KC,ab,2,0,,
80013,60345,KCab-s,KCab-s_R,Kenyon_Cell,cb_intrinsic,R,,acetylcholine,1,0,KC,ab,2,0,,
80027,60355,KCg-m,KCg-m_R,Kenyon_Cell,cb_intrinsic,R,,acetylcholine,1,0,KC,gamma,1,3,,
80076,60392,KCab-m,KCab-m_L,Kenyon_Cell,cb_intrinsic,L,,acetylcholine,1,0,KC,ab,1,0,,
80079,60395,KCg-m,KCg-m_R,Kenyon_Cell,cb_intrinsic,R,,acetylcholine,1,0,KC,gamma,1,2,,
80082,60398,KCab-s,KCab-s_R,Kenyon_Cell,cb_intrinsic,R,,acetylcholine,1,0,KC,ab,2,0,,
80083,60399,KCg-m,KCg-m_R,Kenyon_Cell,cb_intrinsic,R,,acetylcholine,1,0,KC,gamma,1,2,,
80094,60410,KCg-m,KCg-m_L,Kenyon_Cell,cb_intrinsic,L,,acetylcholine,1,0,KC,gamma,1,2,,
80123,60434,KCg-m,KCg-m_R,Kenyon_Cell,cb_intrinsic,R,,acetylcholine,1,0,KC,gamma,1,2,,
80128,60438,KCg-s4,KCg-s4_R,Kenyon_Cell,cb_intrinsic,R,,acetylcholine,1,0,KC,gamma,1,2,,
80131,60441,KCab-s,KCab-s_R,Kenyon_Cell,cb_intrinsic,R,,acetylcholine,1,0,KC,ab,2,0,,
80143,60451,KCg-m,KCg-m_L,Kenyon_Cell,cb_intrinsic,L,,acetylcholine,1,0,KC,gamma,1,2,,
80155,60460,KCab-s,KCab-s_R,Kenyon_Cell,cb_intrinsic,R,,acetylcholine,1,0,KC,ab,1,0,,
80168,60466,KCab-c,KCab-c_R,Kenyon_Cell,cb_intrinsic,R,,acetylcholine,1,0,KC,ab,1,0,,
80172,60469,KCab-s,KCab-s_R,Kenyon_Cell,cb_intrinsic,R,,acetylcholine,1,0,KC,ab,1,0,,
80201,60492,KCab-s,KCab-s_R,Kenyon_Cell,cb_intrinsic,R,,acetylcholine,1,0,KC,ab,2,0,,
80274,60552,KCa'b'-m,KCa'b'-m_L,Kenyon_Cell,cb_intrinsic,L,,acetylcholine,1,0,KC,apbp,0,2,,
80309,60580,KCab-m,KCab-m_L,Kenyon_Cell,cb_intrinsic,L,,acetylcholine,1,0,KC,ab,1,0,,
80325,60590,KCg-m,KCg-m_L,Kenyon_Cell,cb_intrinsic,L,,acetylcholine,1,0,KC,gamma,1,2,,
80348,60609,KCab-m,KCab-m_L,Kenyon_Cell,cb_intrinsic,L,,acetylcholine,1,0,KC,ab,1,0,,
80380,60633,KCg-m,KCg-m_L,Kenyon_Cell,cb_intrinsic,L,,acetylcholine,1,0,KC,gamma,1,2,,
80382,60635,KCab-c,KCab-c_R,Kenyon_Cell,cb_intrinsic,R,,acetylcholine,1,0,KC,ab,1,0,,
80395,60647,KCab-c,KCab-c_L,Kenyon_Cell,cb_intrinsic,L,,acetylcholine,1,0,KC,ab,1,0,,
80397,60649,KCg-m,KCg-m_R,Kenyon_Cell,cb_intrinsic,R,,acetylcholine,1,0,KC,gamma,1,2,,
80409,60658,KCab-m,KCab-m_L,Kenyon_Cell,cb_intrinsic,L,,acetylcholine,1,0,KC,ab,2,0,,
80532,60757,KCg-m,KCg-m_L,Kenyon_Cell,cb_intrinsic,L,,acetylcholine,1,0,KC,gamma,1,2,,
80539,60761,KCab-s,KCab-s_R,Kenyon_Cell,cb_intrinsic,R,,acetylcholine,1,0,KC,ab,1,0,,
80543,60765,KCab-p,KCab-p_R,Kenyon_Cell,cb_intrinsic,R,,acetylcholine,1,0,KC,ab,1,0,,
80562,60779,KCab-s,KCab-s_R,Kenyon_Cell,cb_intrinsic,R,,acetylcholine,1,0,KC,ab,2,0,,
80566,60783,KCa'b'-ap2,KCa'b'-ap2_L,Kenyon_Cell,cb_intrinsic,L,,acetylcholine,1,0,KC,apbp,0,2,,
80611,60817,KCa'b'-ap1,KCa'b'-ap1_L,Kenyon_Cell,cb_intrinsic,L,,acetylcholine,1,0,KC,apbp,0,2,,
80612,60818,KCab-p,KCab-p_L,Kenyon_Cell,cb_intrinsic,L,,acetylcholine,1,0,KC,ab,1,0,,
80614,60819,KCg-m,KCg-m_R,Kenyon_Cell,cb_intrinsic,R,,acetylcholine,1,0,KC,gamma,1,2,,
80637,60830,KCa'b'-ap2,KCa'b'-ap2_R,Kenyon_Cell,cb_intrinsic,R,,acetylcholine,1,0,KC,apbp,0,2,,
80663,60848,KCg-m,KCg-m_L,Kenyon_Cell,cb_intrinsic,L,,acetylcholine,1,0,KC,gamma,1,2,,
80704,60882,KCg-m,KCg-m_L,Kenyon_Cell,cb_intrinsic,L,,acetylcholine,1,0,KC,gamma,1,2,,
80708,60885,KCg-m,KCg-m_L,Kenyon_Cell,cb_intrinsic,L,,acetylcholine,1,0,KC,gamma,1,3,,
80733,60906,KCab-c,KCab-c_R,Kenyon_Cell,cb_intrinsic,R,,acetylcholine,1,0,KC,ab,1,0,,
80735,60908,KCa'b'-m,KCa'b'-m_L,Kenyon_Cell,cb_intrinsic,L,,acetylcholine,1,0,KC,apbp,1,2,,
80744,60916,PAM01,PAM01(y5)_L,DAN,cb_intrinsic,L,,dopamine,1,1,DAN,,0,0,,
80747,60917,KCab-s,KCab-s_L,Kenyon_Cell,cb_intrinsic,L,,acetylcholine,1,0,KC,ab,1,0,,
80779,60941,KCg-m,KCg-m_L,Kenyon_Cell,cb_intrinsic,L,,acetylcholine,1,0,KC,gamma,1,2,,
80814,60970,KCab-m,KCab-m_L,Kenyon_Cell,cb_intrinsic,L,,acetylcholine,1,0,KC,ab,1,0,,
80832,60987,KCa'b'-ap1,KCa'b'-ap1_R,Kenyon_Cell,cb_intrinsic,R,,acetylcholine,1,0,KC,apbp,0,2,,
80905,61044,KCg-d,KCg-d_L,Kenyon_Cell,cb_intrinsic,L,,acetylcholine,1,0,KC,gamma,1,2,,
80918,61054,KCab-c,KCab-c_L,Kenyon_Cell,cb_intrinsic,L,,acetylcholine,1,0,KC,ab,1,0,,
80924,61060,KCg-d,KCg-d_L,Kenyon_Cell,cb_intrinsic,L,,acetylcholine,1,0,KC,gamma,1,2,,
80954,61088,CB2589,CB2589_L,ALPN,cb_intrinsic,L,,gaba,-1,0,ALPN,,0,0,,
80970,61102,KCg-m,KCg-m_L,Kenyon_Cell,cb_intrinsic,L,,acetylcholine,1,0,KC,gamma,1,2,,
80978,61106,KCab-m,KCab-m_R,Kenyon_Cell,cb_intrinsic,R,,acetylcholine,1,0,KC,ab,1,0,,
81000,61127,KCg-m,KCg-m_R,Kenyon_Cell,cb_intrinsic,R,,acetylcholine,1,0,KC,gamma,1,2,,
81001,61128,KCg-m,KCg-m_L,Kenyon_Cell,cb_intrinsic,L,,acetylcholine,1,0,KC,gamma,1,2,,
81004,61131,KCg-m,KCg-m_R,Kenyon_Cell,cb_intrinsic,R,,acetylcholine,1,0,KC,gamma,1,2,,
81005,61132,KCg-m,KCg-m_R,Kenyon_Cell,cb_intrinsic,R,,acetylcholine,1,0,KC,gamma,1,3,,
81049,61170,KCab-p,KCab-p_R,Kenyon_Cell,cb_intrinsic,R,,acetylcholine,1,0,KC,ab,1,0,,
81053,61173,KCab-m,KCab-m_R,Kenyon_Cell,cb_intrinsic,R,,acetylcholine,1,0,KC,ab,1,0,,
81056,61176,KCg-d,KCg-d_R,Kenyon_Cell,cb_intrinsic,R,,acetylcholine,1,0,KC,gamma,1,2,,
81093,61211,KCg-m,KCg-m_L,Kenyon_Cell,cb_intrinsic,L,,acetylcholine,1,0,KC,gamma,1,2,,
81095,61213,KCa'b'-ap2,KCa'b'-ap2_R,Kenyon_Cell,cb_intrinsic,R,,acetylcholine,1,0,KC,apbp,1,2,,
81129,61241,KCa'b'-m,KCa'b'-m_L,Kenyon_Cell,cb_intrinsic,L,,acetylcholine,1,0,KC,apbp,1,2,,
81141,61252,KCab-s,KCab-s_R,Kenyon_Cell,cb_intrinsic,R,,acetylcholine,1,0,KC,ab,2,0,,
81143,61254,KCg-m,KCg-m_L,Kenyon_Cell,cb_intrinsic,L,,acetylcholine,1,0,KC,gamma,1,2,,
81177,61286,KCg-d,KCg-d_R,Kenyon_Cell,cb_intrinsic,R,,acetylcholine,1,0,KC,gamma,1,2,,
81187,61295,KCa'b'-m,KCa'b'-m_R,Kenyon_Cell,cb_intrinsic,R,,acetylcholine,1,0,KC,apbp,0,2,,
81197,61305,KCab-m,KCab-m_R,Kenyon_Cell,cb_intrinsic,R,,acetylcholine,1,0,KC,ab,1,0,,
81202,61309,KCab-s,KCab-s_R,Kenyon_Cell,cb_intrinsic,R,,acetylcholine,1,0,KC,ab,2,0,,
81203,61310,KCab-p,KCab-p_R,Kenyon_Cell,cb_intrinsic,R,,acetylcholine,1,0,KC,ab,1,0,,
81207,61313,KCab-s,KCab-s_R,Kenyon_Cell,cb_intrinsic,R,,acetylcholine,1,0,KC,ab,2,0,,
81233,61335,KCg-m,KCg-m_R,Kenyon_Cell,cb_intrinsic,R,,acetylcholine,1,0,KC,gamma,1,2,,
81239,61340,KCa'b'-m,KCa'b'-m_R,Kenyon_Cell,cb_intrinsic,R,,acetylcholine,1,0,KC,apbp,0,2,,
81251,61351,KCg-m,KCg-m_L,Kenyon_Cell,cb_intrinsic,L,,acetylcholine,1,0,KC,gamma,1,2,,
81273,61365,KCa'b'-ap2,KCa'b'-ap2_R,Kenyon_Cell,cb_intrinsic,R,,acetylcholine,1,0,KC,apbp,1,2,,
81278,61368,KCab-c,KCab-c_L,Kenyon_Cell,cb_intrinsic,L,,acetylcholine,1,0,KC,ab,1,0,,
81338,61421,KCg-m,KCg-m_L,Kenyon_Cell,cb_intrinsic,L,,acetylcholine,1,0,KC,gamma,1,2,,
81348,61430,KCa'b'-m,KCa'b'-m_R,Kenyon_Cell,cb_intrinsic,R,,acetylcholine,1,0,KC,apbp,1,2,,
81349,61431,KCg-m,KCg-m_L,Kenyon_Cell,cb_intrinsic,L,,acetylcholine,1,0,KC,gamma,1,2,,
81369,61448,KCg-m,KCg-m_L,Kenyon_Cell,cb_intrinsic,L,,acetylcholine,1,0,KC,gamma,1,2,,
81374,61453,KCg-m,KCg-m_L,Kenyon_Cell,cb_intrinsic,L,,acetylcholine,1,0,KC,gamma,1,2,,
81377,61455,KCab-m,KCab-m_R,Kenyon_Cell,cb_intrinsic,R,,acetylcholine,1,0,KC,ab,2,0,,
81385,61460,KCg-m,KCg-m_L,Kenyon_Cell,cb_intrinsic,L,,acetylcholine,1,0,KC,gamma,1,2,,
81427,61492,KCg-m,KCg-m_R,Kenyon_Cell,cb_intrinsic,R,,acetylcholine,1,0,KC,gamma,1,2,,
81453,61508,KCab-c,KCab-c_R,Kenyon_Cell,cb_intrinsic,R,,acetylcholine,1,0,KC,ab,1,0,,
81492,61540,KCa'b'-ap2,KCa'b'-ap2_L,Kenyon_Cell,cb_intrinsic,L,,acetylcholine,1,0,KC,apbp,0,2,,
81502,61549,KCg-m,KCg-m_L,Kenyon_Cell,cb_intrinsic,L,,acetylcholine,1,0,KC,gamma,1,2,,
81506,61552,KCg-m,KCg-m_R,Kenyon_Cell,cb_intrinsic,R,,acetylcholine,1,0,KC,gamma,1,2,,
81563,61595,KCg-m,KCg-m_R,Kenyon_Cell,cb_intrinsic,R,,acetylcholine,1,0,KC,gamma,1,2,,
81577,61607,KCg-d,KCg-d_L,Kenyon_Cell,cb_intrinsic,L,,acetylcholine,1,0,KC,gamma,1,2,,
81589,61616,KCab-m,KCab-m_L,Kenyon_Cell,cb_intrinsic,L,,acetylcholine,1,0,KC,ab,1,0,,
81601,61625,KCg-m,KCg-m_R,Kenyon_Cell,cb_intrinsic,R,,acetylcholine,1,0,KC,gamma,1,3,,
81606,61628,KCg-m,KCg-m_R,Kenyon_Cell,cb_intrinsic,R,,acetylcholine,1,0,KC,gamma,1,2,,
81628,61649,KCg-m,KCg-m_R,Kenyon_Cell,cb_intrinsic,R,,acetylcholine,1,0,KC,gamma,1,2,,
81630,61651,KCg-m,KCg-m_L,Kenyon_Cell,cb_intrinsic,L,,acetylcholine,1,0,KC,gamma,1,2,,
81631,61652,KCab-p,KCab-p_L,Kenyon_Cell,cb_intrinsic,L,,acetylcholine,1,0,KC,ab,1,0,,
81645,61660,KCab-c,KCab-c_L,Kenyon_Cell,cb_intrinsic,L,,acetylcholine,1,0,KC,ab,1,0,,
81651,61663,KCg-m,KCg-m_R,Kenyon_Cell,cb_intrinsic,R,,acetylcholine,1,0,KC,gamma,1,2,,
81656,61667,KCg-d,KCg-d_R,Kenyon_Cell,cb_intrinsic,R,,acetylcholine,1,0,KC,gamma,1,2,,
81657,61668,KCab-m,KCab-m_R,Kenyon_Cell,cb_intrinsic,R,,acetylcholine,1,0,KC,ab,1,0,,
81671,61680,KCg-m,KCg-m_L,Kenyon_Cell,cb_intrinsic,L,,acetylcholine,1,0,KC,gamma,1,2,,
81700,61698,KCab-m,KCab-m_R,Kenyon_Cell,cb_intrinsic,R,,acetylcholine,1,0,KC,ab,1,0,,
81740,61726,KCg-m,KCg-m_L,Kenyon_Cell,cb_intrinsic,L,,acetylcholine,1,0,KC,gamma,1,2,,
81781,61760,KCg-d,KCg-d_L,Kenyon_Cell,cb_intrinsic,L,,acetylcholine,1,0,KC,gamma,1,2,,
81783,61761,M_vPNml53,M_vPNml53_L,ALPN,cb_intrinsic,L,,gaba,-1,0,ALPN,,0,0,,
81820,61794,KCg-m,KCg-m_R,Kenyon_Cell,cb_intrinsic,R,,acetylcholine,1,0,KC,gamma,1,3,,
81851,61817,KCab-s,KCab-s_R,Kenyon_Cell,cb_intrinsic,R,,acetylcholine,1,0,KC,ab,1,0,,
81885,61846,KCab-p,KCab-p_R,Kenyon_Cell,cb_intrinsic,R,,acetylcholine,1,0,KC,ab,1,0,,
81925,61876,KCab-s,KCab-s_L,Kenyon_Cell,cb_intrinsic,L,,acetylcholine,1,0,KC,ab,2,0,,
81934,61885,KCab-c,KCab-c_R,Kenyon_Cell,cb_intrinsic,R,,acetylcholine,1,0,KC,ab,1,0,,
81956,61901,KCa'b'-m,KCa'b'-m_L,Kenyon_Cell,cb_intrinsic,L,,acetylcholine,1,0,KC,apbp,0,2,,
81967,61910,KCg-m,KCg-m_R,Kenyon_Cell,cb_intrinsic,R,,acetylcholine,1,0,KC,gamma,1,2,,
81968,61911,KCab-c,KCab-c_L,Kenyon_Cell,cb_intrinsic,L,,acetylcholine,1,0,KC,ab,1,0,,
81976,61919,KCa'b'-ap2,KCa'b'-ap2_L,Kenyon_Cell,cb_intrinsic,L,,acetylcholine,1,0,KC,apbp,0,2,,
81979,61922,KCa'b'-ap2,KCa'b'-ap2_R,Kenyon_Cell,cb_intrinsic,R,,acetylcholine,1,0,KC,apbp,1,2,,
82025,61955,KCa'b'-m,KCa'b'-m_R,Kenyon_Cell,cb_intrinsic,R,,acetylcholine,1,0,KC,apbp,1,2,,
82028,61958,KCa'b'-ap2,KCa'b'-ap2_L,Kenyon_Cell,cb_intrinsic,L,,acetylcholine,1,0,KC,apbp,0,2,,
82062,61984,KCab-m,KCab-m_R,Kenyon_Cell,cb_intrinsic,R,,acetylcholine,1,0,KC,ab,1,0,,
82068,61989,KCab-s,KCab-s_R,Kenyon_Cell,cb_intrinsic,R,,acetylcholine,1,0,KC,ab,1,0,,
82118,62032,KCg-m,KCg-m_R,Kenyon_Cell,cb_intrinsic,R,,acetylcholine,1,0,KC,gamma,1,2,,
82132,62045,KCg-m,KCg-m_R,Kenyon_Cell,cb_intrinsic,R,,acetylcholine,1,0,KC,gamma,1,2,,
82161,62068,KCg-m,KCg-m_R,Kenyon_Cell,cb_intrinsic,R,,acetylcholine,1,0,KC,gamma,1,2,,
82188,62093,KCg-m,KCg-m_R,Kenyon_Cell,cb_intrinsic,R,,acetylcholine,1,0,KC,gamma,1,2,,
82192,62096,KCg-m,KCg-m_L,Kenyon_Cell,cb_intrinsic,L,,acetylcholine,1,0,KC,gamma,1,2,,
82210,62110,KCab-c,KCab-c_R,Kenyon_Cell,cb_intrinsic,R,,acetylcholine,1,0,KC,ab,1,0,,
82225,62119,KCa'b'-ap1,KCa'b'-ap1_R,Kenyon_Cell,cb_intrinsic,R,,acetylcholine,1,0,KC,apbp,0,2,,
82284,62164,KCg-m,KCg-m_R,Kenyon_Cell,cb_intrinsic,R,,acetylcholine,1,0,KC,gamma,1,2,,
82292,62170,KCg-m,KCg-m_L,Kenyon_Cell,cb_intrinsic,L,,acetylcholine,1,0,KC,gamma,1,2,,
82296,62174,KCa'b'-ap2,KCa'b'-ap2_R,Kenyon_Cell,cb_intrinsic,R,,acetylcholine,1,0,KC,apbp,0,2,,
82315,62189,KCab-c,KCab-c_R,Kenyon_Cell,cb_intrinsic,R,,acetylcholine,1,0,KC,ab,1,0,,
82319,62192,KCab-c,KCab-c_L,Kenyon_Cell,cb_intrinsic,L,,acetylcholine,1,0,KC,ab,1,0,,
82358,62223,KCab-s,KCab-s_R,Kenyon_Cell,cb_intrinsic,R,,acetylcholine,1,0,KC,ab,1,0,,
82386,62250,KCg-m,KCg-m_R,Kenyon_Cell,cb_intrinsic,R,,acetylcholine,1,0,KC,gamma,1,2,,
82399,62262,KCg-m,KCg-m_L,Kenyon_Cell,cb_intrinsic,L,,acetylcholine,1,0,KC,gamma,1,2,,
82440,62299,KCg-m,KCg-m_R,Kenyon_Cell,cb_intrinsic,R,,acetylcholine,1,0,KC,gamma,1,2,,
82460,62314,KCa'b'-ap1,KCa'b'-ap1_L,Kenyon_Cell,cb_intrinsic,L,,acetylcholine,1,0,KC,apbp,0,2,,
82472,62324,KCab-c,KCab-c_R,Kenyon_Cell,cb_intrinsic,R,,acetylcholine,1,0,KC,ab,1,0,,
82474,62326,KCa'b'-m,KCa'b'-m_R,Kenyon_Cell,cb_intrinsic,R,,acetylcholine,1,0,KC,apbp,1,2,,
82480,62330,KCa'b'-m,KCa'b'-m_L,Kenyon_Cell,cb_intrinsic,L,,acetylcholine,1,0,KC,apbp,0,2,,
82538,62375,KCab-m,KCab-m_R,Kenyon_Cell,cb_intrinsic,R,,acetylcholine,1,0,KC,ab,1,0,,
82543,62380,KCg-m,KCg-m_L,Kenyon_Cell,cb_intrinsic,L,,acetylcholine,1,0,KC,gamma,1,2,,
82570,62403,KCa'b'-ap2,KCa'b'-ap2_R,Kenyon_Cell,cb_intrinsic,R,,acetylcholine,1,0,KC,apbp,0,2,,
82582,62413,KCg-m,KCg-m_R,Kenyon_Cell,cb_intrinsic,R,,acetylcholine,1,0,KC,gamma,1,2,,
82594,62424,KCab-s,KCab-s_L,Kenyon_Cell,cb_intrinsic,L,,acetylcholine,1,0,KC,ab,1,0,,
82635,62454,KCab-s,KCab-s_R,Kenyon_Cell,cb_intrinsic,R,,acetylcholine,1,0,KC,ab,2,0,,
82646,62462,KCg-m,KCg-m_L,Kenyon_Cell,cb_intrinsic,L,,acetylcholine,1,0,KC,gamma,1,2,,
82648,62463,KCa'b'-m,KCa'b'-m_R,Kenyon_Cell,cb_intrinsic,R,,acetylcholine,1,0,KC,apbp,1,2,,
82652,62466,KCab-m,KCab-m_R,Kenyon_Cell,cb_intrinsic,R,,acetylcholine,1,0,KC,ab,1,0,,
82672,62485,KCg-m,KCg-m_L,Kenyon_Cell,cb_intrinsic,L,,acetylcholine,1,0,KC,gamma,1,2,,
82673,62486,KCab-s,KCab-s_R,Kenyon_Cell,cb_intrinsic,R,,acetylcholine,1,0,KC,ab,1,0,,
82693,62503,KCg-m,KCg-m_L,Kenyon_Cell,cb_intrinsic,L,,acetylcholine,1,0,KC,gamma,1,2,,
82728,62532,KCg-d,KCg-d_L,Kenyon_Cell,cb_intrinsic,L,,acetylcholine,1,0,KC,gamma,1,2,,
82744,62545,KCa'b'-m,KCa'b'-m_R,Kenyon_Cell,cb_intrinsic,R,,acetylcholine,1,0,KC,apbp,1,2,,
82761,62558,KCg-m,KCg-m_L,Kenyon_Cell,cb_intrinsic,L,,acetylcholine,1,0,KC,gamma,1,3,,
82789,62579,KCab-s,KCab-s_R,Kenyon_Cell,cb_intrinsic,R,,acetylcholine,1,0,KC,ab,1,0,,
82798,62585,KCab-s,KCab-s_R,Kenyon_Cell,cb_intrinsic,R,,acetylcholine,1,0,KC,ab,1,0,,
82804,62589,KCa'b'-m,KCa'b'-m_L,Kenyon_Cell,cb_intrinsic,L,,acetylcholine,1,0,KC,apbp,0,2,,
82895,62664,KCg-m,KCg-m_R,Kenyon_Cell,cb_intrinsic,R,,acetylcholine,1,0,KC,gamma,1,2,,
82904,62672,KCg-m,KCg-m_L,Kenyon_Cell,cb_intrinsic,L,,acetylcholine,1,0,KC,gamma,1,2,,
82906,62674,KCa'b'-m,KCa'b'-m_R,Kenyon_Cell,cb_intrinsic,R,,acetylcholine,1,0,KC,apbp,1,2,,
82911,62679,KCab-c,KCab-c_R,Kenyon_Cell,cb_intrinsic,R,,acetylcholine,1,0,KC,ab,1,0,,
82939,62701,KCg-m,KCg-m_R,Kenyon_Cell,cb_intrinsic,R,,acetylcholine,1,0,KC,gamma,1,2,,
82980,62735,M_vPNml54,M_vPNml54_L,ALPN,cb_intrinsic,L,,gaba,-1,0,ALPN,,0,0,,
82996,62750,KCg-m,KCg-m_L,Kenyon_Cell,cb_intrinsic,L,,acetylcholine,1,0,KC,gamma,1,2,,
83052,62789,KCab-p,KCab-p_R,Kenyon_Cell,cb_intrinsic,R,,acetylcholine,1,0,KC,ab,2,0,,
83058,62793,KCg-m,KCg-m_L,Kenyon_Cell,cb_intrinsic,L,,acetylcholine,1,0,KC,gamma,1,2,,
83072,62803,KCa'b'-m,KCa'b'-m_L,Kenyon_Cell,cb_intrinsic,L,,acetylcholine,1,0,KC,apbp,0,2,,
83089,62815,KCab-m,KCab-m_L,Kenyon_Cell,cb_intrinsic,L,,acetylcholine,1,0,KC,ab,2,0,,
83091,62816,KCab-m,KCab-m_L,Kenyon_Cell,cb_intrinsic,L,,acetylcholine,1,0,KC,ab,2,0,,
83094,62819,KCab-m,KCab-m_R,Kenyon_Cell,cb_intrinsic,R,,acetylcholine,1,0,KC,ab,1,0,,
83095,62820,KCab-m,KCab-m_L,Kenyon_Cell,cb_intrinsic,L,,acetylcholine,1,0,KC,ab,2,0,,
83108,62827,KCab-m,KCab-m_L,Kenyon_Cell,cb_intrinsic,L,,acetylcholine,1,0,KC,ab,1,0,,
83121,62838,KCab-c,KCab-c_L,Kenyon_Cell,cb_intrinsic,L,,acetylcholine,1,0,KC,ab,1,0,,
83162,62868,KCg-m,KCg-m_R,Kenyon_Cell,cb_intrinsic,R,,acetylcholine,1,0,KC,gamma,1,2,,
83166,62872,KCa'b'-ap2,KCa'b'-ap2_L,Kenyon_Cell,cb_intrinsic,L,,acetylcholine,1,0,KC,apbp,0,2,,
83168,62874,KCab-s,KCab-s_R,Kenyon_Cell,cb_intrinsic,R,,acetylcholine,1,0,KC,ab,1,0,,
83181,62884,KCab-s,KCab-s_R,Kenyon_Cell,cb_intrinsic,R,,acetylcholine,1,0,KC,ab,2,0,,
83192,62895,M_vPNml83,M_vPNml83_R,ALPN,cb_intrinsic,R,,gaba,-1,0,ALPN,,0,0,,
83221,62918,KCa'b'-ap2,KCa'b'-ap2_R,Kenyon_Cell,cb_intrinsic,R,,acetylcholine,1,0,KC,apbp,1,2,,
83270,62957,KCg-m,KCg-m_L,Kenyon_Cell,cb_intrinsic,L,,acetylcholine,1,0,KC,gamma,1,2,,
83277,62963,PAM01,PAM01(y5)_L,DAN,cb_intrinsic,L,,dopamine,1,1,DAN,,0,0,,
83278,62964,KCab-m,KCab-m_R,Kenyon_Cell,cb_intrinsic,R,,acetylcholine,1,0,KC,ab,1,0,,
83289,62973,M_VPNml66,M_VPNml66_R,ALPN,cb_intrinsic,R,,gaba,-1,0,ALPN,,0,0,,
83329,63002,KCab-m,KCab-m_R,Kenyon_Cell,cb_intrinsic,R,,acetylcholine,1,0,KC,ab,1,0,,
83341,63012,KCg-m,KCg-m_R,Kenyon_Cell,cb_intrinsic,R,,acetylcholine,1,0,KC,gamma,1,2,,
83352,63021,KCab-c,KCab-c_L,Kenyon_Cell,cb_intrinsic,L,,acetylcholine,1,0,KC,ab,0,0,,
83360,63029,KCg-m,KCg-m_R,Kenyon_Cell,cb_intrinsic,R,,acetylcholine,1,0,KC,gamma,1,2,,
83371,63038,KCg-m,KCg-m_L,Kenyon_Cell,cb_intrinsic,L,,acetylcholine,1,0,KC,gamma,1,2,,
83392,63057,KCab-m,KCab-m_R,Kenyon_Cell,cb_intrinsic,R,,acetylcholine,1,0,KC,ab,1,0,,
83413,63071,KCab-c,KCab-c_L,Kenyon_Cell,cb_intrinsic,L,,acetylcholine,1,0,KC,ab,2,0,,
83418,63074,KCab-c,KCab-c_R,Kenyon_Cell,cb_intrinsic,R,,acetylcholine,1,0,KC,ab,1,0,,
83456,63102,KCa'b'-m,KCa'b'-m_L,Kenyon_Cell,cb_intrinsic,L,,acetylcholine,1,0,KC,apbp,0,2,,
83481,63123,KCa'b'-m,KCa'b'-m_L,Kenyon_Cell,cb_intrinsic,L,,acetylcholine,1,0,KC,apbp,0,2,,
83489,63130,KCab-s,KCab-s_L,Kenyon_Cell,cb_intrinsic,L,,acetylcholine,1,0,KC,ab,2,0,,
83494,63135,KCg-m,KCg-m_R,Kenyon_Cell,cb_intrinsic,R,,acetylcholine,1,0,KC,gamma,1,2,,
83557,63184,KCab-m,KCab-m_R,Kenyon_Cell,cb_intrinsic,R,,acetylcholine,1,0,KC,ab,2,0,,
83563,63189,KCab-c,KCab-c_R,Kenyon_Cell,cb_intrinsic,R,,acetylcholine,1,0,KC,ab,1,0,,
83576,63198,KCg-m,KCg-m_R,Kenyon_Cell,cb_intrinsic,R,,acetylcholine,1,0,KC,gamma,1,2,,
83584,63206,KCg-d,KCg-d_R,Kenyon_Cell,cb_intrinsic,R,,acetylcholine,1,0,KC,gamma,1,2,,
83604,63221,KCab-s,KCab-s_R,Kenyon_Cell,cb_intrinsic,R,,acetylcholine,1,0,KC,ab,1,0,,
83608,63223,KCg-m,KCg-m_R,Kenyon_Cell,cb_intrinsic,R,,acetylcholine,1,0,KC,gamma,1,2,,
83611,63224,KCa'b'-ap2,KCa'b'-ap2_L,Kenyon_Cell,cb_intrinsic,L,,acetylcholine,1,0,KC,apbp,0,2,,
83612,63225,KCab-c,KCab-c_R,Kenyon_Cell,cb_intrinsic,R,,acetylcholine,1,0,KC,ab,1,0,,
83624,63234,KCab-s,KCab-s_R,Kenyon_Cell,cb_intrinsic,R,,acetylcholine,1,0,KC,ab,1,0,,
83632,63241,KCab-c,KCab-c_R,Kenyon_Cell,cb_intrinsic,R,,acetylcholine,1,0,KC,ab,1,0,,
83656,63260,KCab-m,KCab-m_L,Kenyon_Cell,cb_intrinsic,L,,acetylcholine,1,0,KC,ab,2,0,,
83678,63279,KCa'b'-ap2,KCa'b'-ap2_L,Kenyon_Cell,cb_intrinsic,L,,acetylcholine,1,0,KC,apbp,1,2,,
83684,63285,KCab-s,KCab-s_R,Kenyon_Cell,cb_intrinsic,R,,acetylcholine,1,0,KC,ab,2,0,,
83691,63291,KCg-m,KCg-m_L,Kenyon_Cell,cb_intrinsic,L,,acetylcholine,1,0,KC,gamma,1,2,,
83715,63312,KCa'b'-ap2,KCa'b'-ap2_R,Kenyon_Cell,cb_intrinsic,R,,acetylcholine,1,0,KC,apbp,1,2,,
83737,63327,KCa'b'-ap2,KCa'b'-ap2_R,Kenyon_Cell,cb_intrinsic,R,,acetylcholine,1,0,KC,apbp,0,2,,
83743,63333,KCab-s,KCab-s_R,Kenyon_Cell,cb_intrinsic,R,,acetylcholine,1,0,KC,ab,1,0,,
83777,63357,KCa'b'-ap1,KCa'b'-ap1_L,Kenyon_Cell,cb_intrinsic,L,,acetylcholine,1,0,KC,apbp,0,2,,
83783,63361,KCg-m,KCg-m_L,Kenyon_Cell,cb_intrinsic,L,,acetylcholine,1,0,KC,gamma,1,2,,
83807,63377,KCab-c,KCab-c_R,Kenyon_Cell,cb_intrinsic,R,,acetylcholine,1,0,KC,ab,0,0,,
83820,63384,KCg-m,KCg-m_R,Kenyon_Cell,cb_intrinsic,R,,acetylcholine,1,0,KC,gamma,1,2,,
83833,63395,KCg-m,KCg-m_R,Kenyon_Cell,cb_intrinsic,R,,acetylcholine,1,0,KC,gamma,1,2,,
83835,63397,KCab-m,KCab-m_R,Kenyon_Cell,cb_intrinsic,R,,acetylcholine,1,0,KC,ab,1,0,,
83852,63410,PAM06,PAM06(B'2m)_R,DAN,cb_intrinsic,R,,dopamine,1,1,DAN,,0,0,,
83894,63446,KCa'b'-m,KCa'b'-m_R,Kenyon_Cell,cb_intrinsic,R,,acetylcholine,1,0,KC,apbp,0,2,,
83914,63463,KCab-c,KCab-c_L,Kenyon_Cell,cb_intrinsic,L,,acetylcholine,1,0,KC,ab,1,0,,
83921,63469,KCg-m,KCg-m_R,Kenyon_Cell,cb_intrinsic,R,,acetylcholine,1,0,KC,gamma,1,3,,
83924,63472,KCab-p,KCab-p_R,Kenyon_Cell,cb_intrinsic,R,,acetylcholine,1,0,KC,ab,1,0,,
83961,63498,KCab-s,KCab-s_R,Kenyon_Cell,cb_intrinsic,R,,acetylcholine,1,0,KC,ab,1,0,,
83965,63501,KCg-m,KCg-m_L,Kenyon_Cell,cb_intrinsic,L,,acetylcholine,1,0,KC,gamma,1,2,,
83978,63512,KCab-s,KCab-s_L,Kenyon_Cell,cb_intrinsic,L,,acetylcholine,1,0,KC,ab,1,0,,
83989,63522,KCab-s,KCab-s_L,Kenyon_Cell,cb_intrinsic,L,,acetylcholine,1,0,KC,ab,2,0,,
84007,63536,KCg-m,KCg-m_R,Kenyon_Cell,cb_intrinsic,R,,acetylcholine,1,0,KC,gamma,1,2,,
84011,63540,KCg-d,KCg-d_R,Kenyon_Cell,cb_intrinsic,R,,acetylcholine,1,0,KC,gamma,1,2,,
84037,63561,KCa'b'-ap2,KCa'b'-ap2_L,Kenyon_Cell,cb_intrinsic,L,,acetylcholine,1,0,KC,apbp,1,2,,
84131,63637,KCa'b'-ap2,KCa'b'-ap2_L,Kenyon_Cell,cb_intrinsic,L,,acetylcholine,1,0,KC,apbp,0,2,,
84137,63643,KCa'b'-ap2,KCa'b'-ap2_R,Kenyon_Cell,cb_intrinsic,R,,acetylcholine,1,0,KC,apbp,0,2,,
84241,63724,KCab-c,KCab-c_L,Kenyon_Cell,cb_intrinsic,L,,acetylcholine,1,0,KC,ab,1,0,,
84244,63727,KCa'b'-ap1,KCa'b'-ap1_L,Kenyon_Cell,cb_intrinsic,L,,acetylcholine,1,0,KC,apbp,0,2,,
84247,63730,KCa'b'-ap2,KCa'b'-ap2_L,Kenyon_Cell,cb_intrinsic,L,,acetylcholine,1,0,KC,apbp,0,2,,
84278,63759,KCab-s,KCab-s_R,Kenyon_Cell,cb_intrinsic,R,,acetylcholine,1,0,KC,ab,1,0,,
84295,63772,KCab-s,KCab-s_R,Kenyon_Cell,cb_intrinsic,R,,acetylcholine,1,0,KC,ab,1,0,,
84299,63775,KCab-m,KCab-m_L,Kenyon_Cell,cb_intrinsic,L,,acetylcholine,1,0,KC,ab,2,0,,
84319,63791,KCg-m,KCg-m_L,Kenyon_Cell,cb_intrinsic,L,,acetylcholine,1,0,KC,gamma,1,2,,
84334,63802,KCab-s,KCab-s_R,Kenyon_Cell,cb_intrinsic,R,,acetylcholine,1,0,KC,ab,1,0,,
84335,63803,KCab-m,KCab-m_L,Kenyon_Cell,cb_intrinsic,L,,acetylcholine,1,0,KC,ab,1,0,,
84353,63818,KCab-c,KCab-c_L,Kenyon_Cell,cb_intrinsic,L,,acetylcholine,1,0,KC,ab,1,0,,
84400,63854,KCg-m,KCg-m_L,Kenyon_Cell,cb_intrinsic,L,,acetylcholine,1,0,KC,gamma,1,2,,
84446,63893,KCg-m,KCg-m_L,Kenyon_Cell,cb_intrinsic,L,,acetylcholine,1,0,KC,gamma,1,2,,
84472,63913,KCab-p,KCab-p_L,Kenyon_Cell,cb_intrinsic,L,,acetylcholine,1,0,KC,ab,1,0,,
84485,63925,KCab-m,KCab-m_R,Kenyon_Cell,cb_intrinsic,R,,acetylcholine,1,0,KC,ab,1,0,,
84498,63935,KCa'b'-ap2,KCa'b'-ap2_R,Kenyon_Cell,cb_intrinsic,R,,acetylcholine,1,0,KC,apbp,1,2,,
84536,63966,KCa'b'-ap2,KCa'b'-ap2_L,Kenyon_Cell,cb_intrinsic,L,,acetylcholine,1,0,KC,apbp,0,2,,
84598,64016,KCab-m,KCab-m_L,Kenyon_Cell,cb_intrinsic,L,,acetylcholine,1,0,KC,ab,1,0,,
84602,64019,KCa'b'-m,KCa'b'-m_L,Kenyon_Cell,cb_intrinsic,L,,acetylcholine,1,0,KC,apbp,0,2,,
84628,64039,KCg-d,KCg-d_R,Kenyon_Cell,cb_intrinsic,R,,acetylcholine,1,0,KC,gamma,1,2,,
84636,64047,CB2589,CB2589_L,ALPN,cb_intrinsic,L,,gaba,-1,0,ALPN,,0,0,,
84638,64048,KCab-m,KCab-m_R,Kenyon_Cell,cb_intrinsic,R,,acetylcholine,1,0,KC,ab,1,0,,
84641,64051,KCab-s,KCab-s_R,Kenyon_Cell,cb_intrinsic,R,,acetylcholine,1,0,KC,ab,2,0,,
84657,64061,KCa'b'-ap2,KCa'b'-ap2_L,Kenyon_Cell,cb_intrinsic,L,,acetylcholine,1,0,KC,apbp,0,2,,
84664,64067,KCg-m,KCg-m_R,Kenyon_Cell,cb_intrinsic,R,,acetylcholine,1,0,KC,gamma,1,2,,
84701,64096,CB1296_a,CB1296_a_R,ALPN,cb_intrinsic,R,,gaba,-1,0,ALPN,,0,0,,
84765,64146,KCab-s,KCab-s_R,Kenyon_Cell,cb_intrinsic,R,,acetylcholine,1,0,KC,ab,1,0,,
84777,64157,KCab-s,KCab-s_R,Kenyon_Cell,cb_intrinsic,R,,acetylcholine,1,0,KC,ab,2,0,,
84811,64184,KCab-s,KCab-s_R,Kenyon_Cell,cb_intrinsic,R,,acetylcholine,1,0,KC,ab,2,0,,
84822,64193,KCab-s,KCab-s_L,Kenyon_Cell,cb_intrinsic,L,,acetylcholine,1,0,KC,ab,1,0,,
84884,64238,KCg-m,KCg-m_L,Kenyon_Cell,cb_intrinsic,L,,acetylcholine,1,0,KC,gamma,1,2,,
84902,64253,KCab-c,KCab-c_R,Kenyon_Cell,cb_intrinsic,R,,acetylcholine,1,0,KC,ab,1,0,,
84926,64271,KCg-m,KCg-m_L,Kenyon_Cell,cb_intrinsic,L,,acetylcholine,1,0,KC,gamma,1,2,,
84929,64273,KCab-m,KCab-m_R,Kenyon_Cell,cb_intrinsic,R,,acetylcholine,1,0,KC,ab,2,0,,
84932,64276,KCg-m,KCg-m_L,Kenyon_Cell,cb_intrinsic,L,,acetylcholine,1,0,KC,gamma,1,2,,
84941,64281,KCab-m,KCab-m_R,Kenyon_Cell,cb_intrinsic,R,,acetylcholine,1,0,KC,ab,1,0,,
84972,64310,KCg-m,KCg-m_R,Kenyon_Cell,cb_intrinsic,R,,acetylcholine,1,0,KC,gamma,1,2,,
84974,64312,KCab-m,KCab-m_R,Kenyon_Cell,cb_intrinsic,R,,acetylcholine,1,0,KC,ab,1,0,,
84987,64323,KCg-m,KCg-m_L,Kenyon_Cell,cb_intrinsic,L,,acetylcholine,1,0,KC,gamma,1,2,,
84989,64325,KCg-m,KCg-m_L,Kenyon_Cell,cb_intrinsic,L,,acetylcholine,1,0,KC,gamma,1,2,,
84991,64327,KCab-s,KCab-s_R,Kenyon_Cell,cb_intrinsic,R,,acetylcholine,1,0,KC,ab,2,0,,
85012,64342,KCab-c,KCab-c_R,Kenyon_Cell,cb_intrinsic,R,,acetylcholine,1,0,KC,ab,1,0,,
85017,64345,KCab-c,KCab-c_R,Kenyon_Cell,cb_intrinsic,R,,acetylcholine,1,0,KC,ab,2,0,,
85033,64359,KCab-p,KCab-p_R,Kenyon_Cell,cb_intrinsic,R,,acetylcholine,1,0,KC,ab,1,0,,
85054,64375,KCab-m,KCab-m_R,Kenyon_Cell,cb_intrinsic,R,,acetylcholine,1,0,KC,ab,1,0,,
85091,64406,KCg-m,KCg-m_L,Kenyon_Cell,cb_intrinsic,L,,acetylcholine,1,0,KC,gamma,1,2,,
85110,64422,KCab-s,KCab-s_R,Kenyon_Cell,cb_intrinsic,R,,acetylcholine,1,0,KC,ab,2,0,,
85121,64431,KCg-m,KCg-m_L,Kenyon_Cell,cb_intrinsic,L,,acetylcholine,1,0,KC,gamma,1,2,,
85137,64442,KCg-m,KCg-m_R,Kenyon_Cell,cb_intrinsic,R,,acetylcholine,1,0,KC,gamma,1,3,,
85141,64444,KCg-m,KCg-m_R,Kenyon_Cell,cb_intrinsic,R,,acetylcholine,1,0,KC,gamma,1,2,,
85213,64497,KCg-d,KCg-d_L,Kenyon_Cell,cb_intrinsic,L,,acetylcholine,1,0,KC,gamma,1,2,,
85216,64499,KCg-m,KCg-m_L,Kenyon_Cell,cb_intrinsic,L,,acetylcholine,1,0,KC,gamma,1,2,,
85242,64519,KCa'b'-m,KCa'b'-m_R,Kenyon_Cell,cb_intrinsic,R,,acetylcholine,1,0,KC,apbp,0,2,,
85257,64529,KCab-s,KCab-s_R,Kenyon_Cell,cb_intrinsic,R,,acetylcholine,1,0,KC,ab,1,0,,
85321,64578,KCab-s,KCab-s_R,Kenyon_Cell,cb_intrinsic,R,,acetylcholine,1,0,KC,ab,2,0,,
85325,64582,KCg-m,KCg-m_L,Kenyon_Cell,cb_intrinsic,L,,acetylcholine,1,0,KC,gamma,1,2,,
85340,64594,KCg-m,KCg-m_L,Kenyon_Cell,cb_intrinsic,L,,acetylcholine,1,0,KC,gamma,1,2,,
85342,64596,KCab-s,KCab-s_R,Kenyon_Cell,cb_intrinsic,R,,acetylcholine,1,0,KC,ab,2,0,,
85349,64601,KCg-d,KCg-d_R,Kenyon_Cell,cb_intrinsic,R,,acetylcholine,1,0,KC,gamma,1,2,,
85368,64617,KCg-d,KCg-d_L,Kenyon_Cell,cb_intrinsic,L,,acetylcholine,1,0,KC,gamma,1,2,,
85377,64624,KCab-m,KCab-m_R,Kenyon_Cell,cb_intrinsic,R,,acetylcholine,1,0,KC,ab,1,0,,
85389,64634,KCab-c,KCab-c_R,Kenyon_Cell,cb_intrinsic,R,,acetylcholine,1,0,KC,ab,1,0,,
85391,64636,KCab-s,KCab-s_R,Kenyon_Cell,cb_intrinsic,R,,acetylcholine,1,0,KC,ab,2,0,,
85403,64646,KCab-m,KCab-m_L,Kenyon_Cell,cb_intrinsic,L,,acetylcholine,1,0,KC,ab,2,0,,
85428,64659,KCab-p,KCab-p_L,Kenyon_Cell,cb_intrinsic,L,,acetylcholine,1,0,KC,ab,1,0,,
85442,64669,KCab-m,KCab-m_R,Kenyon_Cell,cb_intrinsic,R,,acetylcholine,1,0,KC,ab,2,0,,
85452,64674,KCa'b'-ap2,KCa'b'-ap2_R,Kenyon_Cell,cb_intrinsic,R,,acetylcholine,1,0,KC,apbp,0,2,,
85482,64699,KCa'b'-ap2,KCa'b'-ap2_L,Kenyon_Cell,cb_intrinsic,L,,acetylcholine,1,0,KC,apbp,1,2,,
85512,64724,KCg-m,KCg-m_L,Kenyon_Cell,cb_intrinsic,L,,acetylcholine,1,0,KC,gamma,1,2,,
85516,64728,KCg-m,KCg-m_R,Kenyon_Cell,cb_intrinsic,R,,acetylcholine,1,0,KC,gamma,1,2,,
85522,64733,KCab-s,KCab-s_R,Kenyon_Cell,cb_intrinsic,R,,acetylcholine,1,0,KC,ab,1,0,,
85531,64742,KCab-s,KCab-s_R,Kenyon_Cell,cb_intrinsic,R,,acetylcholine,1,0,KC,ab,1,0,,
85547,64757,KCg-m,KCg-m_L,Kenyon_Cell,cb_intrinsic,L,,acetylcholine,1,0,KC,gamma,1,3,,
85590,64790,KCab-m,KCab-m_R,Kenyon_Cell,cb_intrinsic,R,,acetylcholine,1,0,KC,ab,1,0,,
85665,64846,KCg-m,KCg-m_L,Kenyon_Cell,cb_intrinsic,L,,acetylcholine,1,0,KC,gamma,1,3,,
85711,64876,KCab-s,KCab-s_R,Kenyon_Cell,cb_intrinsic,R,,acetylcholine,1,0,KC,ab,1,0,,
85750,64904,KCa'b'-m,KCa'b'-m_L,Kenyon_Cell,cb_intrinsic,L,,acetylcholine,1,0,KC,apbp,0,2,,
85752,64906,KCab-m,KCab-m_R,Kenyon_Cell,cb_intrinsic,R,,acetylcholine,1,0,KC,ab,2,0,,
85805,64942,KCg-m,KCg-m_L,Kenyon_Cell,cb_intrinsic,L,,acetylcholine,1,0,KC,gamma,1,2,,
85819,64952,KCab-c,KCab-c_R,Kenyon_Cell,cb_intrinsic,R,,acetylcholine,1,0,KC,ab,1,0,,
85846,64970,KCab-m,KCab-m_L,Kenyon_Cell,cb_intrinsic,L,,acetylcholine,1,0,KC,ab,2,0,,
85851,64974,KCg-d,KCg-d_R,Kenyon_Cell,cb_intrinsic,R,,acetylcholine,1,0,KC,gamma,1,2,,
85900,65010,KCa'b'-ap2,KCa'b'-ap2_L,Kenyon_Cell,cb_intrinsic,L,,acetylcholine,1,0,KC,apbp,0,2,,
85920,65027,KCab-s,KCab-s_R,Kenyon_Cell,cb_intrinsic,R,,acetylcholine,1,0,KC,ab,1,0,,
85923,65030,KCg-d,KCg-d_R,Kenyon_Cell,cb_intrinsic,R,,acetylcholine,1,0,KC,gamma,1,2,,
85986,65075,KCab-s,KCab-s_R,Kenyon_Cell,cb_intrinsic,R,,acetylcholine,1,0,KC,ab,1,0,,
86020,65102,KCg-m,KCg-m_L,Kenyon_Cell,cb_intrinsic,L,,acetylcholine,1,0,KC,gamma,1,2,,
86024,65106,KCg-m,KCg-m_L,Kenyon_Cell,cb_intrinsic,L,,acetylcholine,1,0,KC,gamma,1,2,,
86028,65110,KCg-m,KCg-m_L,Kenyon_Cell,cb_intrinsic,L,,acetylcholine,1,0,KC,gamma,1,2,,
86041,65121,KCab-m,KCab-m_L,Kenyon_Cell,cb_intrinsic,L,,acetylcholine,1,0,KC,ab,1,0,,
86066,65141,PAM07,PAM07(y4<y1y2)_L,DAN,cb_intrinsic,L,,dopamine,1,1,DAN,,0,0,,
86072,65147,KCab-s,KCab-s_R,Kenyon_Cell,cb_intrinsic,R,,acetylcholine,1,0,KC,ab,1,0,,
86079,65152,KCab-s,KCab-s_R,Kenyon_Cell,cb_intrinsic,R,,acetylcholine,1,0,KC,ab,1,0,,
86137,65189,KCg-m,KCg-m_R,Kenyon_Cell,cb_intrinsic,R,,acetylcholine,1,0,KC,gamma,1,2,,
86142,65194,KCa'b'-ap2,KCa'b'-ap2_L,Kenyon_Cell,cb_intrinsic,L,,acetylcholine,1,0,KC,apbp,0,2,,
86153,65203,KCab-c,KCab-c_R,Kenyon_Cell,cb_intrinsic,R,,acetylcholine,1,0,KC,ab,2,0,,
86156,65206,PAM08,PAM08(y4)_R,DAN,cb_intrinsic,R,,dopamine,1,1,DAN,,0,0,,
86168,65216,KCab-s,KCab-s_R,Kenyon_Cell,cb_intrinsic,R,,acetylcholine,1,0,KC,ab,2,0,,
86170,65217,KCab-c,KCab-c_L,Kenyon_Cell,cb_intrinsic,L,,acetylcholine,1,0,KC,ab,1,0,,
86180,65223,KCab-m,KCab-m_R,Kenyon_Cell,cb_intrinsic,R,,acetylcholine,1,0,KC,ab,1,0,,
86183,65225,KCg-d,KCg-d_R,Kenyon_Cell,cb_intrinsic,R,,acetylcholine,1,0,KC,gamma,1,2,,
86209,65244,KCg-m,KCg-m_L,Kenyon_Cell,cb_intrinsic,L,,acetylcholine,1,0,KC,gamma,1,2,,
86231,65261,KCab-c,KCab-c_R,Kenyon_Cell,cb_intrinsic,R,,acetylcholine,1,0,KC,ab,1,0,,
86306,65324,KCa'b'-ap1,KCa'b'-ap1_R,Kenyon_Cell,cb_intrinsic,R,,acetylcholine,1,0,KC,apbp,0,3,,
86324,65338,KCab-s,KCab-s_L,Kenyon_Cell,cb_intrinsic,L,,acetylcholine,1,0,KC,ab,2,0,,
86349,65358,KCab-m,KCab-m_L,Kenyon_Cell,cb_intrinsic,L,,acetylcholine,1,0,KC,ab,1,0,,
86372,65375,KCg-d,KCg-d_L,Kenyon_Cell,cb_intrinsic,L,,acetylcholine,1,0,KC,gamma,1,2,,
86395,65389,KCg-m,KCg-m_L,Kenyon_Cell,cb_intrinsic,L,,acetylcholine,1,0,KC,gamma,1,2,,
86431,65418,PAM07,PAM07(y4<y1y2)_L,DAN,cb_intrinsic,L,,dopamine,1,1,DAN,,0,0,,
86432,65419,KCab-s,KCab-s_R,Kenyon_Cell,cb_intrinsic,R,,acetylcholine,1,0,KC,ab,2,0,,
86437,65424,KCa'b'-m,KCa'b'-m_R,Kenyon_Cell,cb_intrinsic,R,,acetylcholine,1,0,KC,apbp,0,2,,
86468,65449,KCab-s,KCab-s_R,Kenyon_Cell,cb_intrinsic,R,,acetylcholine,1,0,KC,ab,1,0,,
86528,65497,KCab-m,KCab-m_R,Kenyon_Cell,cb_intrinsic,R,,acetylcholine,1,0,KC,ab,1,0,,
86553,65516,KCg-m,KCg-m_R,Kenyon_Cell,cb_intrinsic,R,,acetylcholine,1,0,KC,gamma,1,2,,
86554,65517,KCab-c,KCab-c_R,Kenyon_Cell,cb_intrinsic,R,,acetylcholine,1,0,KC,ab,1,0,,
86555,65518,KCg-m,KCg-m_L,Kenyon_Cell,cb_intrinsic,L,,acetylcholine,1,0,KC,gamma,1,3,,
86583,65539,KCg-m,KCg-m_L,Kenyon_Cell,cb_intrinsic,L,,acetylcholine,1,0,KC,gamma,1,2,,
86608,65559,KCg-m,KCg-m_L,Kenyon_Cell,cb_intrinsic,L,,acetylcholine,1,0,KC,gamma,1,2,,
86610,65561,KCg-m,KCg-m_L,Kenyon_Cell,cb_intrinsic,L,,acetylcholine,1,0,KC,gamma,1,2,,
86639,65580,KCab-s,KCab-s_R,Kenyon_Cell,cb_intrinsic,R,,acetylcholine,1,0,KC,ab,2,0,,
86670,65602,KCab-m,KCab-m_R,Kenyon_Cell,cb_intrinsic,R,,acetylcholine,1,0,KC,ab,1,0,,
86717,65638,KCab-s,KCab-s_L,Kenyon_Cell,cb_intrinsic,L,,acetylcholine,1,0,KC,ab,1,0,,
86751,65664,KCg-m,KCg-m_R,Kenyon_Cell,cb_intrinsic,R,,acetylcholine,1,0,KC,gamma,1,2,,
86758,65670,KCab-s,KCab-s_R,Kenyon_Cell,cb_intrinsic,R,,acetylcholine,1,0,KC,ab,2,0,,
86768,65676,KCab-s,KCab-s_R,Kenyon_Cell,cb_intrinsic,R,,acetylcholine,1,0,KC,ab,2,0,,
86811,65708,KCab-s,KCab-s_R,Kenyon_Cell,cb_intrinsic,R,,acetylcholine,1,0,KC,ab,2,0,,
86814,65710,KCg-m,KCg-m_R,Kenyon_Cell,cb_intrinsic,R,,acetylcholine,1,0,KC,gamma,1,2,,
86850,65736,KCab-s,KCab-s_L,Kenyon_Cell,cb_intrinsic,L,,acetylcholine,1,0,KC,ab,2,0,,
86876,65759,KCg-m,KCg-m_R,Kenyon_Cell,cb_intrinsic,R,,acetylcholine,1,0,KC,gamma,1,2,,
86878,65761,KCab-s,KCab-s_L,Kenyon_Cell,cb_intrinsic,L,,acetylcholine,1,0,KC,ab,1,0,,
86899,65779,KCab-s,KCab-s_L,Kenyon_Cell,cb_intrinsic,L,,acetylcholine,1,0,KC,ab,1,0,,
86909,65789,KCg-d,KCg-d_R,Kenyon_Cell,cb_intrinsic,R,,acetylcholine,1,0,KC,gamma,1,2,,
86940,65813,KCg-d,KCg-d_L,Kenyon_Cell,cb_intrinsic,L,,acetylcholine,1,0,KC,gamma,1,2,,
86967,65835,KCg-m,KCg-m_L,Kenyon_Cell,cb_intrinsic,L,,acetylcholine,1,0,KC,gamma,1,2,,
86970,65838,KCa'b'-ap2,KCa'b'-ap2_R,Kenyon_Cell,cb_intrinsic,R,,acetylcholine,1,0,KC,apbp,1,2,,
86985,65850,KCg-m,KCg-m_R,Kenyon_Cell,cb_intrinsic,R,,acetylcholine,1,0,KC,gamma,1,2,,
87052,65901,KCg-m,KCg-m_L,Kenyon_Cell,cb_intrinsic,L,,acetylcholine,1,0,KC,gamma,1,2,,
87077,65917,MBON25,MBON25(y1y2)_L,MBON,cb_intrinsic,L,,glutamate,-1,0,MBON,,0,0,,
87103,65938,KCg-m,KCg-m_L,Kenyon_Cell,cb_intrinsic,L,,acetylcholine,1,0,KC,gamma,1,3,,
87138,65962,KCab-c,KCab-c_L,Kenyon_Cell,cb_intrinsic,L,,acetylcholine,1,0,KC,ab,1,0,,
87155,65971,KCg-m,KCg-m_R,Kenyon_Cell,cb_intrinsic,R,,acetylcholine,1,0,KC,gamma,1,3,,
87163,65975,KCab-c,KCab-c_R,Kenyon_Cell,cb_intrinsic,R,,acetylcholine,1,0,KC,ab,1,0,,
87177,65982,PAM08,PAM08(y4)_L,DAN,cb_intrinsic,L,,dopamine,1,1,DAN,,0,0,,
87219,66008,KCa'b'-ap2,KCa'b'-ap2_R,Kenyon_Cell,cb_intrinsic,R,,acetylcholine,1,0,KC,apbp,1,2,,
87232,66016,KCa'b'-ap2,KCa'b'-ap2_R,Kenyon_Cell,cb_intrinsic,R,,acetylcholine,1,0,KC,apbp,0,2,,
87254,66032,KCab-s,KCab-s_R,Kenyon_Cell,cb_intrinsic,R,,acetylcholine,1,0,KC,ab,2,0,,
87261,66037,KCab-s,KCab-s_R,Kenyon_Cell,cb_intrinsic,R,,acetylcholine,1,0,KC,ab,1,0,,
87276,66045,KCg-m,KCg-m_L,Kenyon_Cell,cb_intrinsic,L,,acetylcholine,1,0,KC,gamma,1,2,,
87281,66048,KCa'b'-ap1,KCa'b'-ap1_L,Kenyon_Cell,cb_intrinsic,L,,acetylcholine,1,0,KC,apbp,1,2,,
87304,66064,KCg-m,KCg-m_L,Kenyon_Cell,cb_intrinsic,L,,acetylcholine,1,0,KC,gamma,1,2,,
87308,66068,KCg-m,KCg-m_L,Kenyon_Cell,cb_intrinsic,L,,acetylcholine,1,0,KC,gamma,1,2,,
87324,66080,KCab-p,KCab-p_R,Kenyon_Cell,cb_intrinsic,R,,acetylcholine,1,0,KC,ab,1,0,,
87334,66090,KCa'b'-ap2,KCa'b'-ap2_L,Kenyon_Cell,cb_intrinsic,L,,acetylcholine,1,0,KC,apbp,1,2,,
87364,66114,KCa'b'-m,KCa'b'-m_R,Kenyon_Cell,cb_intrinsic,R,,acetylcholine,1,0,KC,apbp,1,2,,
87382,66128,KCg-m,KCg-m_R,Kenyon_Cell,cb_intrinsic,R,,acetylcholine,1,0,KC,gamma,1,2,,
87387,66132,KCg-d,KCg-d_R,Kenyon_Cell,cb_intrinsic,R,,acetylcholine,1,0,KC,gamma,1,2,,
87437,66172,KCg-m,KCg-m_R,Kenyon_Cell,cb_intrinsic,R,,acetylcholine,1,0,KC,gamma,1,2,,
87533,66249,KCa'b'-m,KCa'b'-m_L,Kenyon_Cell,cb_intrinsic,L,,acetylcholine,1,0,KC,apbp,0,2,,
87576,66276,KCab-s,KCab-s_R,Kenyon_Cell,cb_intrinsic,R,,acetylcholine,1,0,KC,ab,1,0,,
87642,66327,KCg-m,KCg-m_R,Kenyon_Cell,cb_intrinsic,R,,acetylcholine,1,0,KC,gamma,1,2,,
87660,66341,KCg-m,KCg-m_R,Kenyon_Cell,cb_intrinsic,R,,acetylcholine,1,0,KC,gamma,1,2,,
87667,66345,KCa'b'-m,KCa'b'-m_L,Kenyon_Cell,cb_intrinsic,L,,acetylcholine,1,0,KC,apbp,0,2,,
87697,66366,KCg-m,KCg-m_L,Kenyon_Cell,cb_intrinsic,L,,acetylcholine,1,0,KC,gamma,1,2,,
87719,66383,KCab-s,KCab-s_R,Kenyon_Cell,cb_intrinsic,R,,acetylcholine,1,0,KC,ab,1,0,,
87728,66390,KCab-s,KCab-s_R,Kenyon_Cell,cb_intrinsic,R,,acetylcholine,1,0,KC,ab,1,0,,
87731,66392,KCab-s,KCab-s_L,Kenyon_Cell,cb_intrinsic,L,,acetylcholine,1,0,KC,ab,1,0,,
87732,66393,KCab-c,KCab-c_L,Kenyon_Cell,cb_intrinsic,L,,acetylcholine,1,0,KC,ab,2,0,,
87758,66411,KCab-s,KCab-s_R,Kenyon_Cell,cb_intrinsic,R,,acetylcholine,1,0,KC,ab,1,0,,
87759,66412,KCg-m,KCg-m_R,Kenyon_Cell,cb_intrinsic,R,,acetylcholine,1,0,KC,gamma,1,2,,
87776,66425,KCab-p,KCab-p_R,Kenyon_Cell,cb_intrinsic,R,,acetylcholine,1,0,KC,ab,1,0,,
87784,66432,KCab-s,KCab-s_R,Kenyon_Cell,cb_intrinsic,R,,acetylcholine,1,0,KC,ab,2,0,,
87788,66435,KCab-m,KCab-m_R,Kenyon_Cell,cb_intrinsic,R,,acetylcholine,1,0,KC,ab,1,0,,
87844,66476,KCg-m,KCg-m_R,Kenyon_Cell,cb_intrinsic,R,,acetylcholine,1,0,KC,gamma,1,2,,
87868,66497,KCg-d,KCg-d_L,Kenyon_Cell,cb_intrinsic,L,,acetylcholine,1,0,KC,gamma,1,2,,
87946,66558,KCab-s,KCab-s_R,Kenyon_Cell,cb_intrinsic,R,,acetylcholine,1,0,KC,ab,1,0,,
87970,66580,M_adPNm5,M_adPNm5_L,ALPN,cb_intrinsic,L,,acetylcholine,1,0,ALPN,,0,0,,
88000,66602,KCg-m,KCg-m_L,Kenyon_Cell,cb_intrinsic,L,,acetylcholine,1,0,KC,gamma,1,2,,
88023,66620,KCab-m,KCab-m_R,Kenyon_Cell,cb_intrinsic,R,,acetylcholine,1,0,KC,ab,2,0,,
88028,66625,KCg-m,KCg-m_L,Kenyon_Cell,cb_intrinsic,L,,acetylcholine,1,0,KC,gamma,1,2,,
88046,66640,KCab-c,KCab-c_L,Kenyon_Cell,cb_intrinsic,L,,acetylcholine,1,0,KC,ab,1,0,,
88068,66658,KCab-s,KCab-s_R,Kenyon_Cell,cb_intrinsic,R,,acetylcholine,1,0,KC,ab,2,0,,
88108,66691,KCg-m,KCg-m_L,Kenyon_Cell,cb_intrinsic,L,,acetylcholine,1,0,KC,gamma,1,2,,
88109,66692,KCa'b'-ap2,KCa'b'-ap2_R,Kenyon_Cell,cb_intrinsic,R,,acetylcholine,1,0,KC,apbp,0,2,,
88132,66708,KCg-m,KCg-m_L,Kenyon_Cell,cb_intrinsic,L,,acetylcholine,1,0,KC,gamma,1,2,,
88185,66750,KCa'b'-ap2,KCa'b'-ap2_L,Kenyon_Cell,cb_intrinsic,L,,acetylcholine,1,0,KC,apbp,0,2,,
88192,66756,KCab-c,KCab-c_R,Kenyon_Cell,cb_intrinsic,R,,acetylcholine,1,0,KC,ab,1,0,,
88262,66799,M_vPNml69,M_vPNml69_R,ALPN,cb_intrinsic,R,,gaba,-1,0,ALPN,,0,0,,
88283,66817,KCa'b'-m,KCa'b'-m_R,Kenyon_Cell,cb_intrinsic,R,,acetylcholine,1,0,KC,apbp,1,2,,
88290,66819,KCg-m,KCg-m_R,Kenyon_Cell,cb_intrinsic,R,,acetylcholine,1,0,KC,gamma,1,2,,
88404,66908,KCab-s,KCab-s_L,Kenyon_Cell,cb_intrinsic,L,,acetylcholine,1,0,KC,ab,1,0,,
88407,66910,KCab-s,KCab-s_R,Kenyon_Cell,cb_intrinsic,R,,acetylcholine,1,0,KC,ab,1,0,,
88428,66927,KCg-m,KCg-m_L,Kenyon_Cell,cb_intrinsic,L,,acetylcholine,1,0,KC,gamma,1,2,,
88470,66953,CB2772,CB2772_R,ALPN,cb_intrinsic,R,,gaba,-1,0,ALPN,,0,0,,
88476,66959,KCa'b'-ap1,KCa'b'-ap1_L,Kenyon_Cell,cb_intrinsic,L,,acetylcholine,1,0,KC,apbp,1,2,,
88477,66960,PAM01,PAM01(y5)_L,DAN,cb_intrinsic,L,,dopamine,1,1,DAN,,0,0,,
88554,67017,KCab-m,KCab-m_L,Kenyon_Cell,cb_intrinsic,L,,acetylcholine,1,0,KC,ab,2,0,,
88584,67041,KCg-m,KCg-m_R,Kenyon_Cell,cb_intrinsic,R,,acetylcholine,1,0,KC,gamma,1,2,,
88588,67044,KCab-m,KCab-m_R,Kenyon_Cell,cb_intrinsic,R,,acetylcholine,1,0,KC,ab,1,0,,
88631,67080,KCab-m,KCab-m_L,Kenyon_Cell,cb_intrinsic,L,,acetylcholine,1,0,KC,ab,1,0,,
88653,67096,KCab-s,KCab-s_R,Kenyon_Cell,cb_intrinsic,R,,acetylcholine,1,0,KC,ab,2,0,,
88655,67097,KCg-m,KCg-m_R,Kenyon_Cell,cb_intrinsic,R,,acetylcholine,1,0,KC,gamma,1,2,,
88703,67127,KCg-m,KCg-m_R,Kenyon_Cell,cb_intrinsic,R,,acetylcholine,1,0,KC,gamma,1,2,,
88711,67133,KCa'b'-m,KCa'b'-m_L,Kenyon_Cell,cb_intrinsic,L,,acetylcholine,1,0,KC,apbp,1,2,,
88775,67182,KCab-s,KCab-s_R,Kenyon_Cell,cb_intrinsic,R,,acetylcholine,1,0,KC,ab,2,0,,
88808,67207,KCa'b'-m,KCa'b'-m_L,Kenyon_Cell,cb_intrinsic,L,,acetylcholine,1,0,KC,apbp,0,2,,
88822,67219,KCa'b'-ap1,KCa'b'-ap1_R,Kenyon_Cell,cb_intrinsic,R,,acetylcholine,1,0,KC,apbp,0,2,,
88824,67221,KCab-p,KCab-p_R,Kenyon_Cell,cb_intrinsic,R,,acetylcholine,1,0,KC,ab,1,0,,
88834,67229,KCa'b'-m,KCa'b'-m_L,Kenyon_Cell,cb_intrinsic,L,,acetylcholine,1,0,KC,apbp,0,2,,
88845,67238,KCg-m,KCg-m_L,Kenyon_Cell,cb_intrinsic,L,,acetylcholine,1,0,KC,gamma,1,2,,
88869,67257,KCg-m,KCg-m_L,Kenyon_Cell,cb_intrinsic,L,,acetylcholine,1,0,KC,gamma,1,2,,
88884,67270,KCg-m,KCg-m_R,Kenyon_Cell,cb_intrinsic,R,,acetylcholine,1,0,KC,gamma,1,2,,
88899,67278,KCab-p,KCab-p_R,Kenyon_Cell,cb_intrinsic,R,,acetylcholine,1,0,KC,ab,1,0,,
88924,67297,M_vPNml87,M_vPNml87_R,ALPN,cb_intrinsic,R,,gaba,-1,0,ALPN,,0,0,,
88938,67309,KCab-s,KCab-s_R,Kenyon_Cell,cb_intrinsic,R,,acetylcholine,1,0,KC,ab,1,0,,
88980,67337,KCab-m,KCab-m_L,Kenyon_Cell,cb_intrinsic,L,,acetylcholine,1,0,KC,ab,1,0,,
89003,67358,KCab-m,KCab-m_R,Kenyon_Cell,cb_intrinsic,R,,acetylcholine,1,0,KC,ab,1,0,,
89041,67383,KCg-m,KCg-m_L,Kenyon_Cell,cb_intrinsic,L,,acetylcholine,1,0,KC,gamma,1,2,,
89067,67406,KCab-m,KCab-m_L,Kenyon_Cell,cb_intrinsic,L,,acetylcholine,1,0,KC,ab,2,0,,
89071,67409,KCab-s,KCab-s_L,Kenyon_Cell,cb_intrinsic,L,,acetylcholine,1,0,KC,ab,2,0,,
89158,67468,KCg-m,KCg-m_L,Kenyon_Cell,cb_intrinsic,L,,acetylcholine,1,0,KC,gamma,1,2,,
89170,67478,KCab-s,KCab-s_R,Kenyon_Cell,cb_intrinsic,R,,acetylcholine,1,0,KC,ab,1,0,,
89269,67552,KCg-m,KCg-m_L,Kenyon_Cell,cb_intrinsic,L,,acetylcholine,1,0,KC,gamma,1,2,,
89323,67597,KCab-s,KCab-s_L,Kenyon_Cell,cb_intrinsic,L,,acetylcholine,1,0,KC,ab,2,0,,
89327,67600,KCg-d,KCg-d_R,Kenyon_Cell,cb_intrinsic,R,,acetylcholine,1,0,KC,gamma,1,2,,
89338,67605,KCab-m,KCab-m_L,Kenyon_Cell,cb_intrinsic,L,,acetylcholine,1,0,KC,ab,1,0,,
89384,67641,KCab-m,KCab-m_R,Kenyon_Cell,cb_intrinsic,R,,acetylcholine,1,0,KC,ab,1,0,,
89419,67665,KCa'b'-m,KCa'b'-m_L,Kenyon_Cell,cb_intrinsic,L,,acetylcholine,1,0,KC,apbp,0,2,,
89435,67678,KCab-s,KCab-s_R,Kenyon_Cell,cb_intrinsic,R,,acetylcholine,1,0,KC,ab,2,0,,
89442,67682,KCg-m,KCg-m_L,Kenyon_Cell,cb_intrinsic,L,,acetylcholine,1,0,KC,gamma,1,3,,
89461,67695,KCa'b'-ap2,KCa'b'-ap2_R,Kenyon_Cell,cb_intrinsic,R,,acetylcholine,1,0,KC,apbp,0,2,,
89471,67705,KCg-m,KCg-m_R,Kenyon_Cell,cb_intrinsic,R,,acetylcholine,1,0,KC,gamma,1,2,,
89505,67734,KCab-s,KCab-s_R,Kenyon_Cell,cb_intrinsic,R,,acetylcholine,1,0,KC,ab,2,0,,
89530,67752,KCa'b'-ap2,KCa'b'-ap2_R,Kenyon_Cell,cb_intrinsic,R,,acetylcholine,1,0,KC,apbp,1,2,,
89536,67757,KCg-m,KCg-m_L,Kenyon_Cell,cb_intrinsic,L,,acetylcholine,1,0,KC,gamma,1,2,,
89552,67771,KCab-c,KCab-c_R,Kenyon_Cell,cb_intrinsic,R,,acetylcholine,1,0,KC,ab,1,0,,
89574,67788,KCab-s,KCab-s_R,Kenyon_Cell,cb_intrinsic,R,,acetylcholine,1,0,KC,ab,1,0,,
89617,67821,KCab-c,KCab-c_L,Kenyon_Cell,cb_intrinsic,L,,acetylcholine,1,0,KC,ab,2,0,,
89623,67827,KCab-m,KCab-m_R,Kenyon_Cell,cb_intrinsic,R,,acetylcholine,1,0,KC,ab,1,0,,
89658,67850,KCab-s,KCab-s_R,Kenyon_Cell,cb_intrinsic,R,,acetylcholine,1,0,KC,ab,1,0,,
89659,67851,KCab-c,KCab-c_R,Kenyon_Cell,cb_intrinsic,R,,acetylcholine,1,0,KC,ab,1,0,,
89707,67886,KCa'b'-m,KCa'b'-m_L,Kenyon_Cell,cb_intrinsic,L,,acetylcholine,1,0,KC,apbp,1,2,,
89718,67894,KCab-s,KCab-s_R,Kenyon_Cell,cb_intrinsic,R,,acetylcholine,1,0,KC,ab,1,0,,
89719,67895,KCab-m,KCab-m_R,Kenyon_Cell,cb_intrinsic,R,,acetylcholine,1,0,KC,ab,1,0,,
89758,67921,M_vPNml83,M_vPNml83_R,ALPN,cb_intrinsic,R,,gaba,-1,0,ALPN,,0,0,,
89761,67923,KCg-m,KCg-m_R,Kenyon_Cell,cb_intrinsic,R,,acetylcholine,1,0,KC,gamma,1,2,,
89782,67940,KCg-m,KCg-m_L,Kenyon_Cell,cb_intrinsic,L,,acetylcholine,1,0,KC,gamma,1,2,,
89804,67955,KCab-c,KCab-c_R,Kenyon_Cell,cb_intrinsic,R,,acetylcholine,1,0,KC,ab,2,0,,
89834,67980,KCab-m,KCab-m_R,Kenyon_Cell,cb_intrinsic,R,,acetylcholine,1,0,KC,ab,1,0,,
89839,67982,KCg-m,KCg-m_R,Kenyon_Cell,cb_intrinsic,R,,acetylcholine,1,0,KC,gamma,1,2,,
89841,67984,KCg-m,KCg-m_R,Kenyon_Cell,cb_intrinsic,R,,acetylcholine,1,0,KC,gamma,1,2,,
89858,67998,KCg-m,KCg-m_L,Kenyon_Cell,cb_intrinsic,L,,acetylcholine,1,0,KC,gamma,1,2,,
89862,68001,KCab-s,KCab-s_R,Kenyon_Cell,cb_intrinsic,R,,acetylcholine,1,0,KC,ab,2,0,,
89871,68010,M_adPNm5,M_adPNm5_L,ALPN,cb_intrinsic,L,,acetylcholine,1,0,ALPN,,0,0,,
90091,68169,KCa'b'-m,KCa'b'-m_L,Kenyon_Cell,cb_intrinsic,L,,acetylcholine,1,0,KC,apbp,0,2,,
90098,68176,KCab-s,KCab-s_R,Kenyon_Cell,cb_intrinsic,R,,acetylcholine,1,0,KC,ab,2,0,,
90138,68203,KCab-m,KCab-m_R,Kenyon_Cell,cb_intrinsic,R,,acetylcholine,1,0,KC,ab,2,0,,
90139,68204,KCab-c,KCab-c_L,Kenyon_Cell,cb_intrinsic,L,,acetylcholine,1,0,KC,ab,1,0,,
90153,68217,KCa'b'-ap1,KCa'b'-ap1_L,Kenyon_Cell,cb_intrinsic,L,,acetylcholine,1,0,KC,apbp,0,2,,
90181,68236,KCab-s,KCab-s_R,Kenyon_Cell,cb_intrinsic,R,,acetylcholine,1,0,KC,ab,2,0,,
90189,68240,KCg-m,KCg-m_L,Kenyon_Cell,cb_intrinsic,L,,acetylcholine,1,0,KC,gamma,1,2,,
90266,68296,KCab-m,KCab-m_R,Kenyon_Cell,cb_intrinsic,R,,acetylcholine,1,0,KC,ab,1,0,,
90291,68315,KCa'b'-m,KCa'b'-m_R,Kenyon_Cell,cb_intrinsic,R,,acetylcholine,1,0,KC,apbp,1,2,,
90296,68319,KCg-m,KCg-m_L,Kenyon_Cell,cb_intrinsic,L,,acetylcholine,1,0,KC,gamma,1,2,,
90323,68340,KCa'b'-ap1,KCa'b'-ap1_R,Kenyon_Cell,cb_intrinsic,R,,acetylcholine,1,0,KC,apbp,1,2,,
90352,68363,KCab-s,KCab-s_R,Kenyon_Cell,cb_intrinsic,R,,acetylcholine,1,0,KC,ab,2,0,,
90363,68371,KCg-m,KCg-m_L,Kenyon_Cell,cb_intrinsic,L,,acetylcholine,1,0,KC,gamma,1,2,,
90367,68374,KCg-m,KCg-m_R,Kenyon_Cell,cb_intrinsic,R,,acetylcholine,1,0,KC,gamma,1,2,,
90393,68396,KCg-m,KCg-m_L,Kenyon_Cell,cb_intrinsic,L,,acetylcholine,1,0,KC,gamma,1,2,,
90403,68405,KCab-s,KCab-s_R,Kenyon_Cell,cb_intrinsic,R,,acetylcholine,1,0,KC,ab,2,0,,
90439,68428,KCab-m,KCab-m_R,Kenyon_Cell,cb_intrinsic,R,,acetylcholine,1,0,KC,ab,1,0,,
90459,68444,KCab-c,KCab-c_R,Kenyon_Cell,cb_intrinsic,R,,acetylcholine,1,0,KC,ab,1,0,,
90473,68456,KCab-s,KCab-s_R,Kenyon_Cell,cb_intrinsic,R,,acetylcholine,1,0,KC,ab,2,0,,
90525,68493,KCa'b'-m,KCa'b'-m_L,Kenyon_Cell,cb_intrinsic,L,,acetylcholine,1,0,KC,apbp,1,2,,
90549,68512,M_vPNml68,M_vPNml68_L,ALPN,cb_intrinsic,L,,gaba,-1,0,ALPN,,0,0,,
90554,68516,CB2703,CB2703_R,ALPN,cb_intrinsic,R,,gaba,-1,0,ALPN,,0,0,,
90569,68527,KCg-m,KCg-m_L,Kenyon_Cell,cb_intrinsic,L,,acetylcholine,1,0,KC,gamma,1,2,,
90614,68560,KCa'b'-m,KCa'b'-m_L,Kenyon_Cell,cb_intrinsic,L,,acetylcholine,1,0,KC,apbp,0,2,,
90640,68575,KCg-m,KCg-m_L,Kenyon_Cell,cb_intrinsic,L,,acetylcholine,1,0,KC,gamma,1,2,,
90649,68584,KCa'b'-ap2,KCa'b'-ap2_L,Kenyon_Cell,cb_intrinsic,L,,acetylcholine,1,0,KC,apbp,0,2,,
90650,68585,KCab-s,KCab-s_R,Kenyon_Cell,cb_intrinsic,R,,acetylcholine,1,0,KC,ab,2,0,,
90672,68606,KCab-s,KCab-s_R,Kenyon_Cell,cb_intrinsic,R,,acetylcholine,1,0,KC,ab,1,0,,
90678,68610,PAM08,PAM08(y4)_L,DAN,cb_intrinsic,L,,dopamine,1,1,DAN,,0,0,,
90790,68697,KCg-d,KCg-d_L,Kenyon_Cell,cb_intrinsic,L,,acetylcholine,1,0,KC,gamma,1,2,,
90805,68707,KCab-s,KCab-s_R,Kenyon_Cell,cb_intrinsic,R,,acetylcholine,1,0,KC,ab,2,0,,
90809,68709,KCab-m,KCab-m_R,Kenyon_Cell,cb_intrinsic,R,,acetylcholine,1,0,KC,ab,2,0,,
90812,68711,KCab-s,KCab-s_R,Kenyon_Cell,cb_intrinsic,R,,acetylcholine,1,0,KC,ab,1,0,,
90867,68748,PAM01,PAM01(y5)_R,DAN,cb_intrinsic,R,,dopamine,1,1,DAN,,0,0,,
90870,68750,KCg-m,KCg-m_L,Kenyon_Cell,cb_intrinsic,L,,acetylcholine,1,0,KC,gamma,1,2,,
90902,68774,PAM08,PAM08(y4)_R,DAN,cb_intrinsic,R,,dopamine,1,1,DAN,,0,0,,
90905,68776,KCab-s,KCab-s_R,Kenyon_Cell,cb_intrinsic,R,,acetylcholine,1,0,KC,ab,1,0,,
90919,68786,KCab-m,KCab-m_L,Kenyon_Cell,cb_intrinsic,L,,acetylcholine,1,0,KC,ab,1,0,,
90928,68793,KCab-s,KCab-s_R,Kenyon_Cell,cb_intrinsic,R,,acetylcholine,1,0,KC,ab,1,0,,
90935,68799,KCab-s,KCab-s_R,Kenyon_Cell,cb_intrinsic,R,,acetylcholine,1,0,KC,ab,2,0,,
90944,68805,KCab-s,KCab-s_R,Kenyon_Cell,cb_intrinsic,R,,acetylcholine,1,0,KC,ab,2,0,,
91027,68864,M_adPNm5,M_adPNm5_R,ALPN,cb_intrinsic,R,,acetylcholine,1,0,ALPN,,0,0,,
91041,68874,KCg-m,KCg-m_R,Kenyon_Cell,cb_intrinsic,R,,acetylcholine,1,0,KC,gamma,1,2,,
91091,68910,KCa'b'-ap2,KCa'b'-ap2_L,Kenyon_Cell,cb_intrinsic,L,,acetylcholine,1,0,KC,apbp,0,2,,
91244,69022,KCg-d,KCg-d_R,Kenyon_Cell,cb_intrinsic,R,,acetylcholine,1,0,KC,gamma,1,2,,
91287,69060,KCab-c,KCab-c_L,Kenyon_Cell,cb_intrinsic,L,,acetylcholine,1,0,KC,ab,1,0,,
91344,69102,KCg-m,KCg-m_L,Kenyon_Cell,cb_intrinsic,L,,acetylcholine,1,0,KC,gamma,0,2,,
91382,69131,KCab-p,KCab-p_R,Kenyon_Cell,cb_intrinsic,R,,acetylcholine,1,0,KC,ab,1,0,,
91386,69134,KCa'b'-m,KCa'b'-m_R,Kenyon_Cell,cb_intrinsic,R,,acetylcholine,1,0,KC,apbp,1,2,,
91391,69138,PAM12,PAM12(y3)_L,DAN,cb_intrinsic,L,,dopamine,1,1,DAN;away_teaching,,0,0,,
91435,69170,KCab-m,KCab-m_L,Kenyon_Cell,cb_intrinsic,L,,acetylcholine,1,0,KC,ab,2,0,,
91487,69203,KCg-d,KCg-d_L,Kenyon_Cell,cb_intrinsic,L,,acetylcholine,1,0,KC,gamma,1,2,,
91493,69209,KCab-s,KCab-s_R,Kenyon_Cell,cb_intrinsic,R,,acetylcholine,1,0,KC,ab,1,0,,
91497,69212,KCa'b'-ap2,KCa'b'-ap2_R,Kenyon_Cell,cb_intrinsic,R,,acetylcholine,1,0,KC,apbp,0,2,,
91544,69252,KCab-s,KCab-s_R,Kenyon_Cell,cb_intrinsic,R,,acetylcholine,1,0,KC,ab,1,0,,
91595,69289,KCab-s,KCab-s_R,Kenyon_Cell,cb_intrinsic,R,,acetylcholine,1,0,KC,ab,2,0,,
91608,69297,KCg-m,KCg-m_L,Kenyon_Cell,cb_intrinsic,L,,acetylcholine,1,0,KC,gamma,1,2,,
91751,69404,KCab-p,KCab-p_R,Kenyon_Cell,cb_intrinsic,R,,acetylcholine,1,0,KC,ab,1,0,,
91797,69439,KCab-m,KCab-m_R,Kenyon_Cell,cb_intrinsic,R,,acetylcholine,1,0,KC,ab,0,0,,
91799,69441,M_adPNm8,M_adPNm8_R,ALPN,cb_intrinsic,R,,acetylcholine,1,0,ALPN,,0,0,9,-0.5
91800,69442,KCab-m,KCab-m_L,Kenyon_Cell,cb_intrinsic,L,,acetylcholine,1,0,KC,ab,2,1,,
91875,69496,PAM12,PAM12(y3)_L,DAN,cb_intrinsic,L,,dopamine,1,1,DAN;away_teaching,,0,0,,
91910,69524,KCg-m,KCg-m_L,Kenyon_Cell,cb_intrinsic,L,,acetylcholine,1,0,KC,gamma,1,2,,
91926,69535,KCg-d,KCg-d_L,Kenyon_Cell,cb_intrinsic,L,,acetylcholine,1,0,KC,gamma,1,2,,
91928,69537,KCg-m,KCg-m_L,Kenyon_Cell,cb_intrinsic,L,,acetylcholine,1,0,KC,gamma,1,3,,
91960,69564,KCab-p,KCab-p_R,Kenyon_Cell,cb_intrinsic,R,,acetylcholine,1,0,KC,ab,2,0,,
91981,69576,KCab-m,KCab-m_L,Kenyon_Cell,cb_intrinsic,L,,acetylcholine,1,0,KC,ab,1,0,,
92008,69599,KCg-d,KCg-d_L,Kenyon_Cell,cb_intrinsic,L,,acetylcholine,1,0,KC,gamma,1,2,,
92013,69603,KCg-d,KCg-d_L,Kenyon_Cell,cb_intrinsic,L,,acetylcholine,1,0,KC,gamma,1,2,,
92030,69612,KCg-m,KCg-m_L,Kenyon_Cell,cb_intrinsic,L,,acetylcholine,1,0,KC,gamma,1,2,,
92031,69613,KCab-s,KCab-s_R,Kenyon_Cell,cb_intrinsic,R,,acetylcholine,1,0,KC,ab,1,0,,
92040,69620,KCab-s,KCab-s_R,Kenyon_Cell,cb_intrinsic,R,,acetylcholine,1,0,KC,ab,1,0,,
92106,69675,KCab-s,KCab-s_R,Kenyon_Cell,cb_intrinsic,R,,acetylcholine,1,0,KC,ab,1,0,,
92112,69680,MBON34,MBON34(y2)_R,MBON,cb_intrinsic,R,,glutamate,-1,0,MBON,,0,0,,
92130,69697,KCg-m,KCg-m_L,Kenyon_Cell,cb_intrinsic,L,,acetylcholine,1,0,KC,gamma,1,2,,
92149,69711,KCa'b'-ap2,KCa'b'-ap2_R,Kenyon_Cell,cb_intrinsic,R,,acetylcholine,1,0,KC,apbp,0,2,,
92168,69725,KCg-d,KCg-d_L,Kenyon_Cell,cb_intrinsic,L,,acetylcholine,1,0,KC,gamma,1,2,,
92190,69742,KCa'b'-ap1,KCa'b'-ap1_R,Kenyon_Cell,cb_intrinsic,R,,acetylcholine,1,0,KC,apbp,0,2,,
92252,69787,KCab-m,KCab-m_R,Kenyon_Cell,cb_intrinsic,R,,acetylcholine,1,0,KC,ab,1,0,,
92274,69805,KCab-c,KCab-c_R,Kenyon_Cell,cb_intrinsic,R,,acetylcholine,1,0,KC,ab,1,0,,
92275,69806,KCab-s,KCab-s_L,Kenyon_Cell,cb_intrinsic,L,,acetylcholine,1,0,KC,ab,1,0,,
92278,69808,KCg-m,KCg-m_R,Kenyon_Cell,cb_intrinsic,R,,acetylcholine,1,0,KC,gamma,1,2,,
92294,69816,KCa'b'-m,KCa'b'-m_R,Kenyon_Cell,cb_intrinsic,R,,acetylcholine,1,0,KC,apbp,0,2,,
92324,69838,PAM06,PAM06(B'2m)_R,DAN,cb_intrinsic,R,,dopamine,1,1,DAN,,0,0,,
92335,69846,KCab-s,KCab-s_R,Kenyon_Cell,cb_intrinsic,R,,acetylcholine,1,0,KC,ab,1,0,,
92358,69862,KCab-c,KCab-c_L,Kenyon_Cell,cb_intrinsic,L,,acetylcholine,1,0,KC,ab,1,0,,
92402,69893,KCa'b'-m,KCa'b'-m_L,Kenyon_Cell,cb_intrinsic,L,,acetylcholine,1,0,KC,apbp,0,2,,
92424,69911,KCg-m,KCg-m_L,Kenyon_Cell,cb_intrinsic,L,,acetylcholine,1,0,KC,gamma,1,2,,
92430,69915,KCab-c,KCab-c_R,Kenyon_Cell,cb_intrinsic,R,,acetylcholine,1,0,KC,ab,1,0,,
92484,69955,KCab-m,KCab-m_R,Kenyon_Cell,cb_intrinsic,R,,acetylcholine,1,0,KC,ab,1,0,,
92494,69963,KCab-s,KCab-s_R,Kenyon_Cell,cb_intrinsic,R,,acetylcholine,1,0,KC,ab,1,0,,
92504,69971,KCab-s,KCab-s_R,Kenyon_Cell,cb_intrinsic,R,,acetylcholine,1,0,KC,ab,1,0,,
92532,69989,KCab-m,KCab-m_R,Kenyon_Cell,cb_intrinsic,R,,acetylcholine,1,0,KC,ab,1,0,,
92563,70014,KCab-m,KCab-m_R,Kenyon_Cell,cb_intrinsic,R,,acetylcholine,1,0,KC,ab,1,0,,
92574,70022,KCab-m,KCab-m_R,Kenyon_Cell,cb_intrinsic,R,,acetylcholine,1,0,KC,ab,1,0,,
92628,70061,KCab-s,KCab-s_R,Kenyon_Cell,cb_intrinsic,R,,acetylcholine,1,0,KC,ab,2,0,,
92633,70064,KCa'b'-ap2,KCa'b'-ap2_L,Kenyon_Cell,cb_intrinsic,L,,acetylcholine,1,0,KC,apbp,0,2,,
92635,70065,KCab-m,KCab-m_R,Kenyon_Cell,cb_intrinsic,R,,acetylcholine,1,0,KC,ab,1,0,,
92662,70089,KCa'b'-ap1,KCa'b'-ap1_R,Kenyon_Cell,cb_intrinsic,R,,acetylcholine,1,0,KC,apbp,0,2,,
92679,70102,KCg-m,KCg-m_L,Kenyon_Cell,cb_intrinsic,L,,acetylcholine,1,0,KC,gamma,1,2,,
92687,70110,KCab-c,KCab-c_R,Kenyon_Cell,cb_intrinsic,R,,acetylcholine,1,0,KC,ab,1,0,,
92716,70131,KCab-s,KCab-s_R,Kenyon_Cell,cb_intrinsic,R,,acetylcholine,1,0,KC,ab,1,0,,
92739,70149,M_adPNm5,M_adPNm5_L,ALPN,cb_intrinsic,L,,acetylcholine,1,0,ALPN,,0,0,,
92784,70187,KCg-m,KCg-m_R,Kenyon_Cell,cb_intrinsic,R,,acetylcholine,1,0,KC,gamma,1,2,,
92794,70192,KCab-c,KCab-c_R,Kenyon_Cell,cb_intrinsic,R,,acetylcholine,1,0,KC,ab,1,0,,
92809,70205,KCab-m,KCab-m_R,Kenyon_Cell,cb_intrinsic,R,,acetylcholine,1,0,KC,ab,1,0,,
92847,70234,KCa'b'-ap1,KCa'b'-ap1_L,Kenyon_Cell,cb_intrinsic,L,,acetylcholine,1,0,KC,apbp,0,2,,
92877,70256,KCab-s,KCab-s_R,Kenyon_Cell,cb_intrinsic,R,,acetylcholine,1,0,KC,ab,1,0,,
92909,70280,M_vPNml67,M_vPNml67_R,ALPN,cb_intrinsic,R,,gaba,-1,0,ALPN,,0,0,,
92924,70290,KCg-m,KCg-m_R,Kenyon_Cell,cb_intrinsic,R,,acetylcholine,1,0,KC,gamma,1,2,,
92927,70293,KCg-m,KCg-m_R,Kenyon_Cell,cb_intrinsic,R,,acetylcholine,1,0,KC,gamma,1,2,,
92952,70315,KCab-m,KCab-m_R,Kenyon_Cell,cb_intrinsic,R,,acetylcholine,1,0,KC,ab,1,0,,
92960,70321,KCab-s,KCab-s_R,Kenyon_Cell,cb_intrinsic,R,,acetylcholine,1,0,KC,ab,1,0,,
92967,70326,KCg-d,KCg-d_L,Kenyon_Cell,cb_intrinsic,L,,acetylcholine,1,0,KC,gamma,1,2,,
92973,70331,M_lvPNm45,M_lvPNm45_R,ALPN,cb_intrinsic,R,,acetylcholine,1,0,ALPN,,0,0,,
92985,70340,KCab-m,KCab-m_R,Kenyon_Cell,cb_intrinsic,R,,acetylcholine,1,0,KC,ab,1,0,,
93017,70363,KCa'b'-m,KCa'b'-m_L,Kenyon_Cell,cb_intrinsic,L,,acetylcholine,1,0,KC,apbp,0,2,,
93044,70385,KCg-m,KCg-m_L,Kenyon_Cell,cb_intrinsic,L,,acetylcholine,1,0,KC,gamma,1,2,,
93050,70390,KCab-s,KCab-s_L,Kenyon_Cell,cb_intrinsic,L,,acetylcholine,1,0,KC,ab,1,0,,
93065,70403,KCg-m,KCg-m_L,Kenyon_Cell,cb_intrinsic,L,,acetylcholine,1,0,KC,gamma,1,2,,
93108,70438,KCab-p,KCab-p_R,Kenyon_Cell,cb_intrinsic,R,,acetylcholine,1,0,KC,ab,1,0,,
93113,70441,KCab-m,KCab-m_R,Kenyon_Cell,cb_intrinsic,R,,acetylcholine,1,0,KC,ab,1,0,,
93128,70452,KCab-m,KCab-m_R,Kenyon_Cell,cb_intrinsic,R,,acetylcholine,1,0,KC,ab,1,0,,
93150,70470,KCab-c,KCab-c_R,Kenyon_Cell,cb_intrinsic,R,,acetylcholine,1,0,KC,ab,1,0,,
93216,70521,KCg-m,KCg-m_L,Kenyon_Cell,cb_intrinsic,L,,acetylcholine,1,0,KC,gamma,1,2,,
93263,70555,KCa'b'-ap1,KCa'b'-ap1_R,Kenyon_Cell,cb_intrinsic,R,,acetylcholine,1,0,KC,apbp,1,3,,
93288,70576,KCab-s,KCab-s_R,Kenyon_Cell,cb_intrinsic,R,,acetylcholine,1,0,KC,ab,1,0,,
93301,70587,KCab-m,KCab-m_R,Kenyon_Cell,cb_intrinsic,R,,acetylcholine,1,0,KC,ab,1,0,,
93314,70598,KCab-c,KCab-c_R,Kenyon_Cell,cb_intrinsic,R,,acetylcholine,1,0,KC,ab,2,0,,
93325,70608,KCab-m,KCab-m_R,Kenyon_Cell,cb_intrinsic,R,,acetylcholine,1,0,KC,ab,1,0,,
93326,70609,KCab-s,KCab-s_R,Kenyon_Cell,cb_intrinsic,R,,acetylcholine,1,0,KC,ab,2,0,,
93327,70610,KCg-m,KCg-m_L,Kenyon_Cell,cb_intrinsic,L,,acetylcholine,1,0,KC,gamma,1,3,,
93380,70652,KCa'b'-ap2,KCa'b'-ap2_R,Kenyon_Cell,cb_intrinsic,R,,acetylcholine,1,0,KC,apbp,0,2,,
93409,70677,KCab-s,KCab-s_L,Kenyon_Cell,cb_intrinsic,L,,acetylcholine,1,0,KC,ab,1,0,,
93462,70716,KCg-m,KCg-m_R,Kenyon_Cell,cb_intrinsic,R,,acetylcholine,1,0,KC,gamma,1,2,,
93464,70717,KCab-s,KCab-s_R,Kenyon_Cell,cb_intrinsic,R,,acetylcholine,1,0,KC,ab,1,0,,
93485,70734,KCg-m,KCg-m_R,Kenyon_Cell,cb_intrinsic,R,,acetylcholine,1,0,KC,gamma,1,2,,
93582,70801,KCa'b'-m,KCa'b'-m_R,Kenyon_Cell,cb_intrinsic,R,,acetylcholine,1,0,KC,apbp,2,2,,
93593,70808,KCab-m,KCab-m_R,Kenyon_Cell,cb_intrinsic,R,,acetylcholine,1,0,KC,ab,1,0,,
93616,70823,KCg-m,KCg-m_L,Kenyon_Cell,cb_intrinsic,L,,acetylcholine,1,0,KC,gamma,1,2,,
93644,70843,KCa'b'-ap2,KCa'b'-ap2_L,Kenyon_Cell,cb_intrinsic,L,,acetylcholine,1,0,KC,apbp,0,2,,
93704,70886,PAM01,PAM01(y5)_L,DAN,cb_intrinsic,L,,dopamine,1,1,DAN,,0,0,,
93772,70938,KCg-m,KCg-m_R,Kenyon_Cell,cb_intrinsic,R,,acetylcholine,1,0,KC,gamma,1,2,,
93786,70949,KCab-m,KCab-m_L,Kenyon_Cell,cb_intrinsic,L,,acetylcholine,1,0,KC,ab,1,0,,
93797,70958,KCab-c,KCab-c_R,Kenyon_Cell,cb_intrinsic,R,,acetylcholine,1,0,KC,ab,1,0,,
93803,70961,KCg-m,KCg-m_L,Kenyon_Cell,cb_intrinsic,L,,acetylcholine,1,0,KC,gamma,1,2,,
93837,70989,KCab-s,KCab-s_R,Kenyon_Cell,cb_intrinsic,R,,acetylcholine,1,0,KC,ab,2,0,,
93841,70992,KCab-s,KCab-s_L,Kenyon_Cell,cb_intrinsic,L,,acetylcholine,1,0,KC,ab,2,0,,
93859,71006,KCg-m,KCg-m_R,Kenyon_Cell,cb_intrinsic,R,,acetylcholine,1,0,KC,gamma,1,2,,
93889,71028,KCab-m,KCab-m_R,Kenyon_Cell,cb_intrinsic,R,,acetylcholine,1,0,KC,ab,1,0,,
93893,71032,KCab-s,KCab-s_R,Kenyon_Cell,cb_intrinsic,R,,acetylcholine,1,0,KC,ab,1,0,,
93902,71039,KCa'b'-ap2,KCa'b'-ap2_L,Kenyon_Cell,cb_intrinsic,L,,acetylcholine,1,0,KC,apbp,0,2,,
93976,71104,KCab-p,KCab-p_R,Kenyon_Cell,cb_intrinsic,R,,acetylcholine,1,0,KC,ab,1,0,,
94001,71121,KCg-m,KCg-m_R,Kenyon_Cell,cb_intrinsic,R,,acetylcholine,1,0,KC,gamma,1,2,,
94018,71133,KCab-m,KCab-m_R,Kenyon_Cell,cb_intrinsic,R,,acetylcholine,1,0,KC,ab,1,0,,
94050,71155,KCab-m,KCab-m_R,Kenyon_Cell,cb_intrinsic,R,,acetylcholine,1,0,KC,ab,2,0,,
94078,71176,KCa'b'-ap2,KCa'b'-ap2_L,Kenyon_Cell,cb_intrinsic,L,,acetylcholine,1,0,KC,apbp,0,2,,
94101,71191,KCab-s,KCab-s_R,Kenyon_Cell,cb_intrinsic,R,,acetylcholine,1,0,KC,ab,2,0,,
94119,71205,M_vPNml54,M_vPNml54_R,ALPN,cb_intrinsic,R,,gaba,-1,0,ALPN,,0,0,,
94171,71248,KCab-m,KCab-m_L,Kenyon_Cell,cb_intrinsic,L,,acetylcholine,1,0,KC,ab,1,0,,
94240,71300,KCab-p,KCab-p_R,Kenyon_Cell,cb_intrinsic,R,,acetylcholine,1,0,KC,ab,1,0,,
94250,71308,PAM05,PAM05(B'2p)_L,DAN,cb_intrinsic,L,,dopamine,1,1,DAN,,0,0,,
94310,71354,KCg-m,KCg-m_L,Kenyon_Cell,cb_intrinsic,L,,acetylcholine,1,0,KC,gamma,1,2,,
94336,71375,KCab-s,KCab-s_R,Kenyon_Cell,cb_intrinsic,R,,acetylcholine,1,0,KC,ab,1,0,,
94430,71446,KCab-m,KCab-m_L,Kenyon_Cell,cb_intrinsic,L,,acetylcholine,1,0,KC,ab,1,0,,
94489,71492,KCab-c,KCab-c_R,Kenyon_Cell,cb_intrinsic,R,,acetylcholine,1,0,KC,ab,0,0,,
94490,71493,KCab-s,KCab-s_R,Kenyon_Cell,cb_intrinsic,R,,acetylcholine,1,0,KC,ab,2,0,,
94491,71494,KCab-m,KCab-m_R,Kenyon_Cell,cb_intrinsic,R,,acetylcholine,1,0,KC,ab,1,0,,
94509,71503,KCab-c,KCab-c_R,Kenyon_Cell,cb_intrinsic,R,,acetylcholine,1,0,KC,ab,1,0,,
94518,71509,KCab-m,KCab-m_R,Kenyon_Cell,cb_intrinsic,R,,acetylcholine,1,0,KC,ab,1,0,,
94530,71518,KCg-m,KCg-m_L,Kenyon_Cell,cb_intrinsic,L,,acetylcholine,1,0,KC,gamma,1,2,,
94606,71575,KCg-m,KCg-m_L,Kenyon_Cell,cb_intrinsic,L,,acetylcholine,1,0,KC,gamma,1,2,,
94614,71581,KCab-s,KCab-s_L,Kenyon_Cell,cb_intrinsic,L,,acetylcholine,1,0,KC,ab,2,0,,
94622,71585,KCab-c,KCab-c_R,Kenyon_Cell,cb_intrinsic,R,,acetylcholine,1,0,KC,ab,2,0,,
94663,71608,KCg-m,KCg-m_L,Kenyon_Cell,cb_intrinsic,L,,acetylcholine,1,0,KC,gamma,1,2,,
94674,71616,KCg-m,KCg-m_R,Kenyon_Cell,cb_intrinsic,R,,acetylcholine,1,0,KC,gamma,1,2,,
94721,71651,KCab-m,KCab-m_R,Kenyon_Cell,cb_intrinsic,R,,acetylcholine,1,0,KC,ab,1,0,,
94754,71677,KCab-s,KCab-s_R,Kenyon_Cell,cb_intrinsic,R,,acetylcholine,1,0,KC,ab,1,0,,
94785,71702,KCab-c,KCab-c_R,Kenyon_Cell,cb_intrinsic,R,,acetylcholine,1,0,KC,ab,1,0,,
94790,71706,KCab-s,KCab-s_R,Kenyon_Cell,cb_intrinsic,R,,acetylcholine,1,0,KC,ab,2,0,,
94802,71714,KCa'b'-m,KCa'b'-m_R,Kenyon_Cell,cb_intrinsic,R,,acetylcholine,1,0,KC,apbp,1,3,,
94839,71745,KCab-c,KCab-c_R,Kenyon_Cell,cb_intrinsic,R,,acetylcholine,1,0,KC,ab,0,0,,
94845,71751,KCab-p,KCab-p_L,Kenyon_Cell,cb_intrinsic,L,,acetylcholine,1,0,KC,ab,1,0,,
94914,71802,KCg-m,KCg-m_L,Kenyon_Cell,cb_intrinsic,L,,acetylcholine,1,0,KC,gamma,1,2,,
94922,71807,PAM05,PAM05(B'2p)_L,DAN,cb_intrinsic,L,,dopamine,1,1,DAN,,0,0,,
94974,71849,KCg-m,KCg-m_R,Kenyon_Cell,cb_intrinsic,R,,acetylcholine,1,0,KC,gamma,1,2,,
94993,71862,KCab-s,KCab-s_L,Kenyon_Cell,cb_intrinsic,L,,acetylcholine,1,0,KC,ab,2,0,,
95042,71899,KCg-m,KCg-m_L,Kenyon_Cell,cb_intrinsic,L,,acetylcholine,1,0,KC,gamma,1,2,,
95072,71922,KCg-m,KCg-m_L,Kenyon_Cell,cb_intrinsic,L,,acetylcholine,1,0,KC,gamma,1,2,,
95078,71928,KCab-s,KCab-s_L,Kenyon_Cell,cb_intrinsic,L,,acetylcholine,1,0,KC,ab,2,0,,
95081,71929,KCg-m,KCg-m_L,Kenyon_Cell,cb_intrinsic,L,,acetylcholine,1,0,KC,gamma,1,2,,
95092,71936,KCab-m,KCab-m_L,Kenyon_Cell,cb_intrinsic,L,,acetylcholine,1,0,KC,ab,1,0,,
95158,71982,KCg-m,KCg-m_R,Kenyon_Cell,cb_intrinsic,R,,acetylcholine,1,0,KC,gamma,1,2,,
95167,71989,KCg-m,KCg-m_R,Kenyon_Cell,cb_intrinsic,R,,acetylcholine,1,0,KC,gamma,1,2,,
95186,72002,KCab-c,KCab-c_L,Kenyon_Cell,cb_intrinsic,L,,acetylcholine,1,0,KC,ab,2,0,,
95189,72004,KCg-m,KCg-m_L,Kenyon_Cell,cb_intrinsic,L,,acetylcholine,1,0,KC,gamma,1,2,,
95213,72021,KCg-m,KCg-m_R,Kenyon_Cell,cb_intrinsic,R,,acetylcholine,1,0,KC,gamma,1,2,,
95265,72065,KCab-s,KCab-s_L,Kenyon_Cell,cb_intrinsic,L,,acetylcholine,1,0,KC,ab,1,0,,
95291,72087,KCg-d,KCg-d_L,Kenyon_Cell,cb_intrinsic,L,,acetylcholine,1,0,KC,gamma,1,2,,
95307,72097,KCab-s,KCab-s_L,Kenyon_Cell,cb_intrinsic,L,,acetylcholine,1,0,KC,ab,2,0,,
95349,72126,KCab-p,KCab-p_L,Kenyon_Cell,cb_intrinsic,L,,acetylcholine,1,0,KC,ab,1,0,,
95358,72132,KCa'b'-ap1,KCa'b'-ap1_R,Kenyon_Cell,cb_intrinsic,R,,acetylcholine,1,0,KC,apbp,0,2,,
95367,72140,KCab-m,KCab-m_R,Kenyon_Cell,cb_intrinsic,R,,acetylcholine,1,0,KC,ab,1,0,,
95368,72141,KCg-m,KCg-m_L,Kenyon_Cell,cb_intrinsic,L,,acetylcholine,1,0,KC,gamma,1,2,,
95369,72142,M_vPNml69,M_vPNml69_R,ALPN,cb_intrinsic,R,,gaba,-1,0,ALPN,,0,0,,
95397,72162,KCab-m,KCab-m_R,Kenyon_Cell,cb_intrinsic,R,,acetylcholine,1,0,KC,ab,1,0,,
95404,72169,KCg-m,KCg-m_L,Kenyon_Cell,cb_intrinsic,L,,acetylcholine,1,0,KC,gamma,1,2,,
95484,72229,KCg-d,KCg-d_L,Kenyon_Cell,cb_intrinsic,L,,acetylcholine,1,0,KC,gamma,1,2,,
95517,72256,KCa'b'-ap1,KCa'b'-ap1_L,Kenyon_Cell,cb_intrinsic,L,,acetylcholine,1,0,KC,apbp,0,2,,
95518,72257,KCa'b'-ap2,KCa'b'-ap2_L,Kenyon_Cell,cb_intrinsic,L,,acetylcholine,1,0,KC,apbp,0,2,,
95523,72259,PAM08,PAM08(y4)_L,DAN,cb_intrinsic,L,,dopamine,1,1,DAN,,0,0,,
95533,72267,KCab-m,KCab-m_L,Kenyon_Cell,cb_intrinsic,L,,acetylcholine,1,0,KC,ab,1,0,,
95548,72278,KCab-c,KCab-c_R,Kenyon_Cell,cb_intrinsic,R,,acetylcholine,1,0,KC,ab,1,0,,
95581,72305,KCab-c,KCab-c_R,Kenyon_Cell,cb_intrinsic,R,,acetylcholine,1,0,KC,ab,1,0,,
95583,72307,KCab-s,KCab-s_L,Kenyon_Cell,cb_intrinsic,L,,acetylcholine,1,0,KC,ab,1,0,,
95585,72309,KCab-s,KCab-s_R,Kenyon_Cell,cb_intrinsic,R,,acetylcholine,1,0,KC,ab,1,0,,
95590,72313,KCab-s,KCab-s_R,Kenyon_Cell,cb_intrinsic,R,,acetylcholine,1,0,KC,ab,2,0,,
95591,72314,KCab-p,KCab-p_R,Kenyon_Cell,cb_intrinsic,R,,acetylcholine,1,0,KC,ab,1,0,,
95639,72350,KCa'b'-ap2,KCa'b'-ap2_L,Kenyon_Cell,cb_intrinsic,L,,acetylcholine,1,0,KC,apbp,0,2,,
95653,72361,KCab-c,KCab-c_R,Kenyon_Cell,cb_intrinsic,R,,acetylcholine,1,0,KC,ab,2,0,,
95665,72372,M_vPNml72,M_vPNml72_L,ALPN,cb_intrinsic,L,,gaba,-1,0,ALPN,,0,0,,
95699,72401,KCab-s,KCab-s_R,Kenyon_Cell,cb_intrinsic,R,,acetylcholine,1,0,KC,ab,1,0,,
95707,72408,KCab-s,KCab-s_R,Kenyon_Cell,cb_intrinsic,R,,acetylcholine,1,0,KC,ab,1,0,,
95720,72419,M_adPNm5,M_adPNm5_R,ALPN,cb_intrinsic,R,,acetylcholine,1,0,ALPN,,0,0,,
95735,72429,KCa'b'-m,KCa'b'-m_L,Kenyon_Cell,cb_intrinsic,L,,acetylcholine,1,0,KC,apbp,1,2,,
95778,72456,KCa'b'-ap2,KCa'b'-ap2_L,Kenyon_Cell,cb_intrinsic,L,,acetylcholine,1,0,KC,apbp,0,2,,
95783,72461,KCab-m,KCab-m_R,Kenyon_Cell,cb_intrinsic,R,,acetylcholine,1,0,KC,ab,1,0,,
95835,72501,M_vPNml75,M_vPNml75_R,ALPN,cb_intrinsic,R,,gaba,-1,0,ALPN,,0,0,,
95861,72520,KCg-m,KCg-m_L,Kenyon_Cell,cb_intrinsic,L,,acetylcholine,1,0,KC,gamma,1,2,,
95941,72582,KCg-m,KCg-m_L,Kenyon_Cell,cb_intrinsic,L,,acetylcholine,1,0,KC,gamma,1,2,,
95970,72600,KCab-p,KCab-p_L,Kenyon_Cell,cb_intrinsic,L,,acetylcholine,1,0,KC,ab,1,0,,
96041,72647,KCab-s,KCab-s_L,Kenyon_Cell,cb_intrinsic,L,,acetylcholine,1,0,KC,ab,2,0,,
96065,72662,KCa'b'-m,KCa'b'-m_R,Kenyon_Cell,cb_intrinsic,R,,acetylcholine,1,0,KC,apbp,1,2,,
96131,72713,KCab-s,KCab-s_R,Kenyon_Cell,cb_intrinsic,R,,acetylcholine,1,0,KC,ab,2,0,,
96191,72756,KCab-m,KCab-m_R,Kenyon_Cell,cb_intrinsic,R,,acetylcholine,1,0,KC,ab,1,0,,
96231,72787,KCg-m,KCg-m_L,Kenyon_Cell,cb_intrinsic,L,,acetylcholine,1,0,KC,gamma,1,2,,
96263,72814,KCab-s,KCab-s_L,Kenyon_Cell,cb_intrinsic,L,,acetylcholine,1,0,KC,ab,2,0,,
96273,72819,KCab-c,KCab-c_R,Kenyon_Cell,cb_intrinsic,R,,acetylcholine,1,0,KC,ab,2,0,,
96274,72820,KCab-c,KCab-c_R,Kenyon_Cell,cb_intrinsic,R,,acetylcholine,1,0,KC,ab,1,0,,
96304,72843,KCg-d,KCg-d_R,Kenyon_Cell,cb_intrinsic,R,,acetylcholine,1,0,KC,gamma,1,2,,
96324,72860,KCg-m,KCg-m_R,Kenyon_Cell,cb_intrinsic,R,,acetylcholine,1,0,KC,gamma,1,2,,
96383,72900,KCab-s,KCab-s_R,Kenyon_Cell,cb_intrinsic,R,,acetylcholine,1,0,KC,ab,1,0,,
96497,72978,PAM07,PAM07(y4<y1y2)_R,DAN,cb_intrinsic,R,,dopamine,1,1,DAN,,0,0,,
96571,73032,PAM12,PAM12(y3)_L,DAN,cb_intrinsic,L,,dopamine,1,1,DAN;away_teaching,,0,0,,
96624,73066,KCg-m,KCg-m_L,Kenyon_Cell,cb_intrinsic,L,,acetylcholine,1,0,KC,gamma,1,2,,
96688,73106,KCg-m,KCg-m_L,Kenyon_Cell,cb_intrinsic,L,,acetylcholine,1,0,KC,gamma,1,2,,
96710,73121,CB2703,CB2703_L,ALPN,cb_intrinsic,L,,gaba,-1,0,ALPN,,0,0,,
96711,73122,KCab-s,KCab-s_R,Kenyon_Cell,cb_intrinsic,R,,acetylcholine,1,0,KC,ab,1,0,,
96721,73130,KCg-m,KCg-m_L,Kenyon_Cell,cb_intrinsic,L,,acetylcholine,1,0,KC,gamma,1,2,,
96723,73132,KCab-p,KCab-p_L,Kenyon_Cell,cb_intrinsic,L,,acetylcholine,1,0,KC,ab,1,0,,
96746,73152,KCab-m,KCab-m_L,Kenyon_Cell,cb_intrinsic,L,,acetylcholine,1,0,KC,ab,2,0,,
96781,73175,KCab-m,KCab-m_R,Kenyon_Cell,cb_intrinsic,R,,acetylcholine,1,0,KC,ab,1,0,,
96825,73204,KCab-p,KCab-p_L,Kenyon_Cell,cb_intrinsic,L,,acetylcholine,1,0,KC,ab,0,0,,
96847,73223,KCab-m,KCab-m_L,Kenyon_Cell,cb_intrinsic,L,,acetylcholine,1,0,KC,ab,2,0,,
96850,73225,KCab-c,KCab-c_R,Kenyon_Cell,cb_intrinsic,R,,acetylcholine,1,0,KC,ab,1,0,,
96902,73262,KCab-s,KCab-s_R,Kenyon_Cell,cb_intrinsic,R,,acetylcholine,1,0,KC,ab,2,0,,
96961,73306,KCa'b'-ap2,KCa'b'-ap2_R,Kenyon_Cell,cb_intrinsic,R,,acetylcholine,1,0,KC,apbp,1,2,,
96963,73307,KCab-s,KCab-s_R,Kenyon_Cell,cb_intrinsic,R,,acetylcholine,1,0,KC,ab,1,0,,
96977,73318,KCab-s,KCab-s_R,Kenyon_Cell,cb_intrinsic,R,,acetylcholine,1,0,KC,ab,2,0,,
97024,73358,KCab-s,KCab-s_L,Kenyon_Cell,cb_intrinsic,L,,acetylcholine,1,0,KC,ab,2,0,,
97057,73384,M_adPNm5,M_adPNm5_L,ALPN,cb_intrinsic,L,,acetylcholine,1,0,ALPN,,0,0,,
97075,73396,KCab-m,KCab-m_L,Kenyon_Cell,cb_intrinsic,L,,acetylcholine,1,0,KC,ab,2,0,,
97181,73486,KCg-m,KCg-m_L,Kenyon_Cell,cb_intrinsic,L,,acetylcholine,1,0,KC,gamma,1,2,,
97239,73531,KCg-m,KCg-m_L,Kenyon_Cell,cb_intrinsic,L,,acetylcholine,1,0,KC,gamma,1,2,,
97258,73548,KCab-m,KCab-m_R,Kenyon_Cell,cb_intrinsic,R,,acetylcholine,1,0,KC,ab,1,0,,
97305,73578,KCg-m,KCg-m_R,Kenyon_Cell,cb_intrinsic,R,,acetylcholine,1,0,KC,gamma,1,2,,
97348,73610,KCg-m,KCg-m_L,Kenyon_Cell,cb_intrinsic,L,,acetylcholine,1,0,KC,gamma,1,2,,
97356,73617,KCab-c,KCab-c_L,Kenyon_Cell,cb_intrinsic,L,,acetylcholine,1,0,KC,ab,1,0,,
97373,73626,KCab-s,KCab-s_R,Kenyon_Cell,cb_intrinsic,R,,acetylcholine,1,0,KC,ab,1,0,,
97410,73655,KCab-m,KCab-m_R,Kenyon_Cell,cb_intrinsic,R,,acetylcholine,1,0,KC,ab,1,0,,
97497,73728,KCab-s,KCab-s_L,Kenyon_Cell,cb_intrinsic,L,,acetylcholine,1,0,KC,ab,1,0,,
97522,73746,KCab-m,KCab-m_R,Kenyon_Cell,cb_intrinsic,R,,acetylcholine,1,0,KC,ab,1,0,,
97573,73783,KCab-m,KCab-m_R,Kenyon_Cell,cb_intrinsic,R,,acetylcholine,1,0,KC,ab,1,0,,
97591,73794,KCg-d,KCg-d_L,Kenyon_Cell,cb_intrinsic,L,,acetylcholine,1,0,KC,gamma,1,2,,
97601,73800,KCab-s,KCab-s_R,Kenyon_Cell,cb_intrinsic,R,,acetylcholine,1,0,KC,ab,1,0,,
97624,73817,KCg-m,KCg-m_L,Kenyon_Cell,cb_intrinsic,L,,acetylcholine,1,0,KC,gamma,1,2,,
97665,73849,M_lvPNm33,M_lvPNm33_R,ALPN,cb_intrinsic,R,,acetylcholine,1,0,ALPN,,0,0,,
97689,73868,KCab-m,KCab-m_R,Kenyon_Cell,cb_intrinsic,R,,acetylcholine,1,0,KC,ab,1,0,,
97719,73891,KCab-s,KCab-s_R,Kenyon_Cell,cb_intrinsic,R,,acetylcholine,1,0,KC,ab,1,0,,
97738,73909,KCab-s,KCab-s_R,Kenyon_Cell,cb_intrinsic,R,,acetylcholine,1,0,KC,ab,2,0,,
97772,73933,KCg-m,KCg-m_R,Kenyon_Cell,cb_intrinsic,R,,acetylcholine,1,0,KC,gamma,1,2,,
97823,73966,KCab-m,KCab-m_R,Kenyon_Cell,cb_intrinsic,R,,acetylcholine,1,0,KC,ab,1,0,,
97927,74033,KCa'b'-ap2,KCa'b'-ap2_L,Kenyon_Cell,cb_intrinsic,L,,acetylcholine,1,0,KC,apbp,0,2,,
97949,74049,KCa'b'-m,KCa'b'-m_L,Kenyon_Cell,cb_intrinsic,L,,acetylcholine,1,0,KC,apbp,0,2,,
97990,74073,PAM06,PAM06(B'2m)_L,DAN,cb_intrinsic,L,,dopamine,1,1,DAN,,0,0,,
97999,74079,KCg-m,KCg-m_R,Kenyon_Cell,cb_intrinsic,R,,acetylcholine,1,0,KC,gamma,1,2,,
98006,74086,KCab-s,KCab-s_L,Kenyon_Cell,cb_intrinsic,L,,acetylcholine,1,0,KC,ab,1,0,,
98017,74097,KCg-m,KCg-m_R,Kenyon_Cell,cb_intrinsic,R,,acetylcholine,1,0,KC,gamma,1,2,,
98070,74138,KCab-m,KCab-m_L,Kenyon_Cell,cb_intrinsic,L,,acetylcholine,1,0,KC,ab,2,0,,
98104,74164,KCg-m,KCg-m_L,Kenyon_Cell,cb_intrinsic,L,,acetylcholine,1,0,KC,gamma,1,2,,
98107,74166,KCab-s,KCab-s_L,Kenyon_Cell,cb_intrinsic,L,,acetylcholine,1,0,KC,ab,1,0,,
98120,74178,KCab-c,KCab-c_R,Kenyon_Cell,cb_intrinsic,R,,acetylcholine,1,0,KC,ab,1,0,,
98265,74265,PAM06,PAM06(B'2m)_L,DAN,cb_intrinsic,L,,dopamine,1,1,DAN,,0,0,,
98275,74271,KCg-m,KCg-m_L,Kenyon_Cell,cb_intrinsic,L,,acetylcholine,1,0,KC,gamma,1,2,,
98318,74303,KCab-s,KCab-s_L,Kenyon_Cell,cb_intrinsic,L,,acetylcholine,1,0,KC,ab,2,0,,
98359,74332,KCab-s,KCab-s_R,Kenyon_Cell,cb_intrinsic,R,,acetylcholine,1,0,KC,ab,1,0,,
98445,74398,KCab-m,KCab-m_L,Kenyon_Cell,cb_intrinsic,L,,acetylcholine,1,0,KC,ab,1,0,,
98462,74411,KCg-d,KCg-d_L,Kenyon_Cell,cb_intrinsic,L,,acetylcholine,1,0,KC,gamma,1,2,,
98490,74425,KCab-s,KCab-s_R,Kenyon_Cell,cb_intrinsic,R,,acetylcholine,1,0,KC,ab,1,0,,
98509,74439,KCab-m,KCab-m_R,Kenyon_Cell,cb_intrinsic,R,,acetylcholine,1,0,KC,ab,1,0,,
98554,74473,PAM07,PAM07(y4<y1y2)_L,DAN,cb_intrinsic,L,,dopamine,1,1,DAN,,0,0,,
98582,74492,KCab-m,KCab-m_L,Kenyon_Cell,cb_intrinsic,L,,acetylcholine,1,0,KC,ab,2,0,,
98590,74499,KCab-m,KCab-m_L,Kenyon_Cell,cb_intrinsic,L,,acetylcholine,1,0,KC,ab,2,0,,
98614,74515,KCab-m,KCab-m_R,Kenyon_Cell,cb_intrinsic,R,,acetylcholine,1,0,KC,ab,1,0,,
98662,74547,KCab-m,KCab-m_L,Kenyon_Cell,cb_intrinsic,L,,acetylcholine,1,0,KC,ab,1,0,,
98665,74550,KCg-m,KCg-m_L,Kenyon_Cell,cb_intrinsic,L,,acetylcholine,1,0,KC,gamma,1,2,,
98714,74586,KCab-s,KCab-s_L,Kenyon_Cell,cb_intrinsic,L,,acetylcholine,1,0,KC,ab,2,0,,
98782,74630,KCg-m,KCg-m_L,Kenyon_Cell,cb_intrinsic,L,,acetylcholine,1,0,KC,gamma,2,2,,
98813,74651,KCab-m,KCab-m_L,Kenyon_Cell,cb_intrinsic,L,,acetylcholine,1,0,KC,ab,1,0,,
98901,74713,KCg-d,KCg-d_L,Kenyon_Cell,cb_intrinsic,L,,acetylcholine,1,0,KC,gamma,1,2,,
98924,74731,KCab-s,KCab-s_R,Kenyon_Cell,cb_intrinsic,R,,acetylcholine,1,0,KC,ab,2,0,,
98946,74746,KCg-m,KCg-m_L,Kenyon_Cell,cb_intrinsic,L,,acetylcholine,1,0,KC,gamma,2,2,,
98969,74765,KCab-s,KCab-s_R,Kenyon_Cell,cb_intrinsic,R,,acetylcholine,1,0,KC,ab,2,0,,
98979,74771,KCab-s,KCab-s_R,Kenyon_Cell,cb_intrinsic,R,,acetylcholine,1,0,KC,ab,1,0,,
99089,74847,PAM01,PAM01(y5)_L,DAN,cb_intrinsic,L,,dopamine,1,1,DAN,,0,0,,
99108,74859,KCab-s,KCab-s_R,Kenyon_Cell,cb_intrinsic,R,,acetylcholine,1,0,KC,ab,1,0,,
99139,74883,KCg-m,KCg-m_R,Kenyon_Cell,cb_intrinsic,R,,acetylcholine,1,0,KC,gamma,1,2,,
99140,74884,KCa'b'-m,KCa'b'-m_R,Kenyon_Cell,cb_intrinsic,R,,acetylcholine,1,0,KC,apbp,0,2,,
99150,74893,KCab-m,KCab-m_L,Kenyon_Cell,cb_intrinsic,L,,acetylcholine,1,0,KC,ab,2,0,,
99154,74896,KCab-m,KCab-m_R,Kenyon_Cell,cb_intrinsic,R,,acetylcholine,1,0,KC,ab,1,0,,
99195,74934,KCg-m,KCg-m_L,Kenyon_Cell,cb_intrinsic,L,,acetylcholine,1,0,KC,gamma,1,2,,
99225,74957,KCg-m,KCg-m_L,Kenyon_Cell,cb_intrinsic,L,,acetylcholine,1,0,KC,gamma,1,2,,
99248,74978,KCab-s,KCab-s_L,Kenyon_Cell,cb_intrinsic,L,,acetylcholine,1,0,KC,ab,1,0,,
99281,75007,KCab-p,KCab-p_L,Kenyon_Cell,cb_intrinsic,L,,acetylcholine,1,0,KC,ab,0,0,,
99324,75032,KCab-c,KCab-c_R,Kenyon_Cell,cb_intrinsic,R,,acetylcholine,1,0,KC,ab,2,0,,
99391,75084,KCg-d,KCg-d_R,Kenyon_Cell,cb_intrinsic,R,,acetylcholine,1,0,KC,gamma,1,2,,
99436,75115,KCg-m,KCg-m_L,Kenyon_Cell,cb_intrinsic,L,,acetylcholine,1,0,KC,gamma,1,2,,
99583,75228,KCa'b'-ap2,KCa'b'-ap2_R,Kenyon_Cell,cb_intrinsic,R,,acetylcholine,1,0,KC,apbp,1,2,,
99608,75246,KCg-m,KCg-m_R,Kenyon_Cell,cb_intrinsic,R,,acetylcholine,1,0,KC,gamma,1,2,,
99659,75281,KCab-s,KCab-s_R,Kenyon_Cell,cb_intrinsic,R,,acetylcholine,1,0,KC,ab,1,0,,
99785,75379,KCab-c,KCab-c_R,Kenyon_Cell,cb_intrinsic,R,,acetylcholine,1,0,KC,ab,1,0,,
99796,75387,KCa'b'-m,KCa'b'-m_R,Kenyon_Cell,cb_intrinsic,R,,acetylcholine,1,0,KC,apbp,1,2,,
99819,75402,KCab-m,KCab-m_R,Kenyon_Cell,cb_intrinsic,R,,acetylcholine,1,0,KC,ab,1,0,,
99838,75416,KCab-c,KCab-c_L,Kenyon_Cell,cb_intrinsic,L,,acetylcholine,1,0,KC,ab,1,0,,
99847,75422,KCg-m,KCg-m_L,Kenyon_Cell,cb_intrinsic,L,,acetylcholine,1,0,KC,gamma,1,2,,
99858,75432,KCg-m,KCg-m_L,Kenyon_Cell,cb_intrinsic,L,,acetylcholine,1,0,KC,gamma,1,2,,
99875,75445,KCg-m,KCg-m_L,Kenyon_Cell,cb_intrinsic,L,,acetylcholine,1,0,KC,gamma,1,2,,
99925,75481,M_lvPNm41,M_lvPNm41_R,ALPN,cb_intrinsic,R,,acetylcholine,1,0,ALPN,,0,0,,
99958,75506,KCab-c,KCab-c_R,Kenyon_Cell,cb_intrinsic,R,,acetylcholine,1,0,KC,ab,1,0,,
99960,75508,M_vPNml80,M_vPNml80_R,ALPN,cb_intrinsic,R,,gaba,-1,0,ALPN,,0,0,,
100076,75592,KCab-c,KCab-c_R,Kenyon_Cell,cb_intrinsic,R,,acetylcholine,1,0,KC,ab,1,0,,
100136,75633,KCa'b'-ap2,KCa'b'-ap2_L,Kenyon_Cell,cb_intrinsic,L,,acetylcholine,1,0,KC,apbp,0,2,,
100204,75683,KCab-s,KCab-s_R,Kenyon_Cell,cb_intrinsic,R,,acetylcholine,1,0,KC,ab,1,0,,
100237,75710,KCab-c,KCab-c_L,Kenyon_Cell,cb_intrinsic,L,,acetylcholine,1,0,KC,ab,1,0,,
100246,75717,KCa'b'-ap2,KCa'b'-ap2_L,Kenyon_Cell,cb_intrinsic,L,,acetylcholine,1,0,KC,apbp,0,2,,
100251,75721,KCg-m,KCg-m_L,Kenyon_Cell,cb_intrinsic,L,,acetylcholine,1,0,KC,gamma,1,2,,
100258,75728,PAM01,PAM01(y5)_R,DAN,cb_intrinsic,R,,dopamine,1,1,DAN,,0,0,,
100272,75738,KCg-m,KCg-m_L,Kenyon_Cell,cb_intrinsic,L,,acetylcholine,1,0,KC,gamma,1,2,,
100335,75785,KCab-m,KCab-m_R,Kenyon_Cell,cb_intrinsic,R,,acetylcholine,1,0,KC,ab,1,0,,
100341,75791,KCab-c,KCab-c_L,Kenyon_Cell,cb_intrinsic,L,,acetylcholine,1,0,KC,ab,1,0,,
100423,75854,KCa'b'-m,KCa'b'-m_R,Kenyon_Cell,cb_intrinsic,R,,acetylcholine,1,0,KC,apbp,0,2,,
100484,75900,KCab-s,KCab-s_L,Kenyon_Cell,cb_intrinsic,L,,acetylcholine,1,0,KC,ab,1,0,,
100497,75913,KCab-s,KCab-s_R,Kenyon_Cell,cb_intrinsic,R,,acetylcholine,1,0,KC,ab,2,0,,
100537,75943,KCab-m,KCab-m_R,Kenyon_Cell,cb_intrinsic,R,,acetylcholine,1,0,KC,ab,1,0,,
100544,75947,KCab-s,KCab-s_R,Kenyon_Cell,cb_intrinsic,R,,acetylcholine,1,0,KC,ab,2,0,,
100592,75985,KCg-d,KCg-d_L,Kenyon_Cell,cb_intrinsic,L,,acetylcholine,1,0,KC,gamma,1,2,,
100615,76001,KCg-m,KCg-m_L,Kenyon_Cell,cb_intrinsic,L,,acetylcholine,1,0,KC,gamma,1,2,,
100619,76005,KCab-c,KCab-c_L,Kenyon_Cell,cb_intrinsic,L,,acetylcholine,1,0,KC,ab,0,0,,
100672,76046,KCab-c,KCab-c_R,Kenyon_Cell,cb_intrinsic,R,,acetylcholine,1,0,KC,ab,2,0,,
100728,76086,KCa'b'-ap2,KCa'b'-ap2_L,Kenyon_Cell,cb_intrinsic,L,,acetylcholine,1,0,KC,apbp,0,2,,
100773,76118,KCg-m,KCg-m_L,Kenyon_Cell,cb_intrinsic,L,,acetylcholine,1,0,KC,gamma,1,2,,
100795,76134,KCab-s,KCab-s_R,Kenyon_Cell,cb_intrinsic,R,,acetylcholine,1,0,KC,ab,2,0,,
100815,76149,KCab-s,KCab-s_R,Kenyon_Cell,cb_intrinsic,R,,acetylcholine,1,0,KC,ab,2,0,,
100823,76153,KCab-m,KCab-m_R,Kenyon_Cell,cb_intrinsic,R,,acetylcholine,1,0,KC,ab,1,0,,
100878,76194,KCab-m,KCab-m_L,Kenyon_Cell,cb_intrinsic,L,,acetylcholine,1,0,KC,ab,2,0,,
100885,76200,KCab-c,KCab-c_L,Kenyon_Cell,cb_intrinsic,L,,acetylcholine,1,0,KC,ab,1,0,,
100914,76221,KCab-c,KCab-c_R,Kenyon_Cell,cb_intrinsic,R,,acetylcholine,1,0,KC,ab,1,0,,
100950,76239,KCab-s,KCab-s_R,Kenyon_Cell,cb_intrinsic,R,,acetylcholine,1,0,KC,ab,2,0,,
100973,76258,M_lPNm11A,M_lPNm11A_R,ALPN,cb_intrinsic,R,,acetylcholine,1,0,ALPN,,0,0,,
101010,76286,KCg-m,KCg-m_L,Kenyon_Cell,cb_intrinsic,L,,acetylcholine,1,0,KC,gamma,1,2,,
101133,76374,KCg-m,KCg-m_L,Kenyon_Cell,cb_intrinsic,L,,acetylcholine,1,0,KC,gamma,1,2,,
101257,76464,KCab-m,KCab-m_R,Kenyon_Cell,cb_intrinsic,R,,acetylcholine,1,0,KC,ab,1,0,,
101312,76510,KCg-m,KCg-m_L,Kenyon_Cell,cb_intrinsic,L,,acetylcholine,1,0,KC,gamma,1,2,,
101313,76511,KCab-m,KCab-m_L,Kenyon_Cell,cb_intrinsic,L,,acetylcholine,1,0,KC,ab,2,0,,
101320,76517,KCab-m,KCab-m_R,Kenyon_Cell,cb_intrinsic,R,,acetylcholine,1,0,KC,ab,0,0,,
101490,76630,KCab-s,KCab-s_R,Kenyon_Cell,cb_intrinsic,R,,acetylcholine,1,0,KC,ab,1,0,,
101524,76657,KCab-m,KCab-m_L,Kenyon_Cell,cb_intrinsic,L,,acetylcholine,1,0,KC,ab,2,0,,
101538,76668,KCab-s,KCab-s_L,Kenyon_Cell,cb_intrinsic,L,,acetylcholine,1,0,KC,ab,1,0,,
101596,76710,KCab-m,KCab-m_L,Kenyon_Cell,cb_intrinsic,L,,acetylcholine,1,0,KC,ab,2,0,,
101647,76739,KCg-d,KCg-d_L,Kenyon_Cell,cb_intrinsic,L,,acetylcholine,1,0,KC,gamma,1,2,,
101648,76740,KCa'b'-m,KCa'b'-m_L,Kenyon_Cell,cb_intrinsic,L,,acetylcholine,1,0,KC,apbp,0,2,,
101669,76754,CB2703,CB2703_R,ALPN,cb_intrinsic,R,,gaba,-1,0,ALPN,,0,0,,
101691,76770,KCab-s,KCab-s_R,Kenyon_Cell,cb_intrinsic,R,,acetylcholine,1,0,KC,ab,1,0,,
101786,76839,KCab-s,KCab-s_L,Kenyon_Cell,cb_intrinsic,L,,acetylcholine,1,0,KC,ab,2,0,,
101792,76843,KCg-m,KCg-m_L,Kenyon_Cell,cb_intrinsic,L,,acetylcholine,1,0,KC,gamma,1,2,,
101802,76850,KCab-s,KCab-s_R,Kenyon_Cell,cb_intrinsic,R,,acetylcholine,1,0,KC,ab,2,0,,
101816,76861,KCab-m,KCab-m_R,Kenyon_Cell,cb_intrinsic,R,,acetylcholine,1,0,KC,ab,1,0,,
101981,76978,KCab-m,KCab-m_L,Kenyon_Cell,cb_intrinsic,L,,acetylcholine,1,0,KC,ab,1,0,,
102042,77024,KCab-s,KCab-s_R,Kenyon_Cell,cb_intrinsic,R,,acetylcholine,1,0,KC,ab,2,0,,
102084,77056,KCab-m,KCab-m_R,Kenyon_Cell,cb_intrinsic,R,,acetylcholine,1,0,KC,ab,1,0,,
102095,77066,KCg-m,KCg-m_L,Kenyon_Cell,cb_intrinsic,L,,acetylcholine,1,0,KC,gamma,1,2,,
102109,77075,KCab-m,KCab-m_L,Kenyon_Cell,cb_intrinsic,L,,acetylcholine,1,0,KC,ab,2,0,,
102136,77099,KCg-m,KCg-m_L,Kenyon_Cell,cb_intrinsic,L,,acetylcholine,1,0,KC,gamma,1,2,,
102199,77141,KCg-m,KCg-m_L,Kenyon_Cell,cb_intrinsic,L,,acetylcholine,1,0,KC,gamma,1,2,,
102210,77149,KCab-s,KCab-s_R,Kenyon_Cell,cb_intrinsic,R,,acetylcholine,1,0,KC,ab,2,0,,
102283,77197,KCg-d,KCg-d_R,Kenyon_Cell,cb_intrinsic,R,,acetylcholine,1,0,KC,gamma,1,2,,
102310,77211,KCab-s,KCab-s_R,Kenyon_Cell,cb_intrinsic,R,,acetylcholine,1,0,KC,ab,1,0,,
102317,77217,KCa'b'-m,KCa'b'-m_L,Kenyon_Cell,cb_intrinsic,L,,acetylcholine,1,0,KC,apbp,1,2,,
102357,77242,KCab-c,KCab-c_R,Kenyon_Cell,cb_intrinsic,R,,acetylcholine,1,0,KC,ab,1,0,,
102440,77306,KCab-m,KCab-m_L,Kenyon_Cell,cb_intrinsic,L,,acetylcholine,1,0,KC,ab,2,0,,
102457,77321,KCab-s,KCab-s_R,Kenyon_Cell,cb_intrinsic,R,,acetylcholine,1,0,KC,ab,2,0,,
102459,77322,KCab-c,KCab-c_L,Kenyon_Cell,cb_intrinsic,L,,acetylcholine,1,0,KC,ab,2,0,,
102468,77329,KCab-m,KCab-m_R,Kenyon_Cell,cb_intrinsic,R,,acetylcholine,1,0,KC,ab,1,0,,
102512,77365,KCab-s,KCab-s_L,Kenyon_Cell,cb_intrinsic,L,,acetylcholine,1,0,KC,ab,1,0,,
102548,77395,KCab-m,KCab-m_L,Kenyon_Cell,cb_intrinsic,L,,acetylcholine,1,0,KC,ab,1,0,,
102587,77424,KCab-s,KCab-s_R,Kenyon_Cell,cb_intrinsic,R,,acetylcholine,1,0,KC,ab,1,0,,
102621,77446,KCg-m,KCg-m_L,Kenyon_Cell,cb_intrinsic,L,,acetylcholine,1,0,KC,gamma,1,2,,
102671,77482,KCab-c,KCab-c_R,Kenyon_Cell,cb_intrinsic,R,,acetylcholine,1,0,KC,ab,1,0,,
102719,77514,KCab-s,KCab-s_L,Kenyon_Cell,cb_intrinsic,L,,acetylcholine,1,0,KC,ab,1,0,,
102744,77530,KCab-m,KCab-m_L,Kenyon_Cell,cb_intrinsic,L,,acetylcholine,1,0,KC,ab,1,0,,
102748,77534,KCab-s,KCab-s_R,Kenyon_Cell,cb_intrinsic,R,,acetylcholine,1,0,KC,ab,2,0,,
102887,77633,KCg-m,KCg-m_R,Kenyon_Cell,cb_intrinsic,R,,acetylcholine,1,0,KC,gamma,1,3,,
102904,77643,KCab-m,KCab-m_L,Kenyon_Cell,cb_intrinsic,L,,acetylcholine,1,0,KC,ab,1,0,,
102923,77660,KCab-m,KCab-m_R,Kenyon_Cell,cb_intrinsic,R,,acetylcholine,1,0,KC,ab,1,0,,
102936,77669,PAM08,PAM08(y4)_R,DAN,cb_intrinsic,R,,dopamine,1,1,DAN,,0,0,,
102954,77681,KCg-m,KCg-m_L,Kenyon_Cell,cb_intrinsic,L,,acetylcholine,1,0,KC,gamma,1,2,,
102990,77712,KCab-m,KCab-m_R,Kenyon_Cell,cb_intrinsic,R,,acetylcholine,1,0,KC,ab,1,0,,
102997,77718,KCab-s,KCab-s_R,Kenyon_Cell,cb_intrinsic,R,,acetylcholine,1,0,KC,ab,2,0,,
103011,77728,KCab-c,KCab-c_R,Kenyon_Cell,cb_intrinsic,R,,acetylcholine,1,0,KC,ab,1,0,,
103144,77825,KCg-m,KCg-m_R,Kenyon_Cell,cb_intrinsic,R,,acetylcholine,1,0,KC,gamma,1,2,,
103255,77914,PAM08,PAM08(y4)_R,DAN,cb_intrinsic,R,,dopamine,1,1,DAN,,0,0,,
103274,77930,KCab-m,KCab-m_R,Kenyon_Cell,cb_intrinsic,R,,acetylcholine,1,0,KC,ab,1,0,,
103278,77933,KCab-p,KCab-p_R,Kenyon_Cell,cb_intrinsic,R,,acetylcholine,1,0,KC,ab,1,0,,
103401,78020,KCab-s,KCab-s_R,Kenyon_Cell,cb_intrinsic,R,,acetylcholine,1,0,KC,ab,2,0,,
103414,78030,M_adPNm8,M_adPNm8_R,ALPN,cb_intrinsic,R,,acetylcholine,1,0,ALPN,,0,0,9,-0.5
103416,78031,KCg-m,KCg-m_L,Kenyon_Cell,cb_intrinsic,L,,acetylcholine,1,0,KC,gamma,1,2,,
103419,78034,KCab-m,KCab-m_R,Kenyon_Cell,cb_intrinsic,R,,acetylcholine,1,0,KC,ab,1,0,,
103421,78036,KCab-m,KCab-m_L,Kenyon_Cell,cb_intrinsic,L,,acetylcholine,1,0,KC,ab,2,0,,
103423,78038,KCab-s,KCab-s_L,Kenyon_Cell,cb_intrinsic,L,,acetylcholine,1,0,KC,ab,2,0,,
103433,78046,PAM14,PAM14(B'1m)_R,DAN,cb_intrinsic,R,,dopamine,1,1,DAN,,0,0,,
103436,78047,KCab-m,KCab-m_L,Kenyon_Cell,cb_intrinsic,L,,acetylcholine,1,0,KC,ab,2,0,,
103502,78096,KCab-s,KCab-s_L,Kenyon_Cell,cb_intrinsic,L,,acetylcholine,1,0,KC,ab,1,0,,
103609,78174,KCg-m,KCg-m_L,Kenyon_Cell,cb_intrinsic,L,,acetylcholine,1,0,KC,gamma,1,2,,
103621,78183,M_adPNm5,M_adPNm5_R,ALPN,cb_intrinsic,R,,acetylcholine,1,0,ALPN,,0,0,,
103640,78197,KCab-p,KCab-p_R,Kenyon_Cell,cb_intrinsic,R,,acetylcholine,1,0,KC,ab,1,0,,
103663,78213,KCg-d,KCg-d_R,Kenyon_Cell,cb_intrinsic,R,,acetylcholine,1,0,KC,gamma,1,2,,
103704,78237,KCab-s,KCab-s_R,Kenyon_Cell,cb_intrinsic,R,,acetylcholine,1,0,KC,ab,1,0,,
103715,78243,KCg-d,KCg-d_L,Kenyon_Cell,cb_intrinsic,L,,acetylcholine,1,0,KC,gamma,1,2,,
103720,78248,KCg-m,KCg-m_L,Kenyon_Cell,cb_intrinsic,L,,acetylcholine,1,0,KC,gamma,1,2,,
103728,78254,KCab-s,KCab-s_L,Kenyon_Cell,cb_intrinsic,L,,acetylcholine,1,0,KC,ab,1,0,,
103750,78270,KCg-m,KCg-m_L,Kenyon_Cell,cb_intrinsic,L,,acetylcholine,1,0,KC,gamma,1,2,,
103762,78279,M_vPNml53,M_vPNml53_R,ALPN,cb_intrinsic,R,,gaba,-1,0,ALPN,,0,0,,
103770,78284,KCg-d,KCg-d_L,Kenyon_Cell,cb_intrinsic,L,,acetylcholine,1,0,KC,gamma,1,2,,
103794,78300,KCa'b'-m,KCa'b'-m_L,Kenyon_Cell,cb_intrinsic,L,,acetylcholine,1,0,KC,apbp,0,2,,
103832,78327,KCab-p,KCab-p_R,Kenyon_Cell,cb_intrinsic,R,,acetylcholine,1,0,KC,ab,1,0,,
103845,78333,KCa'b'-m,KCa'b'-m_L,Kenyon_Cell,cb_intrinsic,L,,acetylcholine,1,0,KC,apbp,0,2,,
103941,78406,KCab-m,KCab-m_L,Kenyon_Cell,cb_intrinsic,L,,acetylcholine,1,0,KC,ab,1,0,,
103945,78409,KCab-s,KCab-s_R,Kenyon_Cell,cb_intrinsic,R,,acetylcholine,1,0,KC,ab,1,0,,
103957,78415,KCa'b'-ap2,KCa'b'-ap2_L,Kenyon_Cell,cb_intrinsic,L,,acetylcholine,1,0,KC,apbp,0,2,,
104068,78498,KCg-m,KCg-m_L,Kenyon_Cell,cb_intrinsic,L,,acetylcholine,1,0,KC,gamma,1,3,,
104082,78508,KCab-m,KCab-m_R,Kenyon_Cell,cb_intrinsic,R,,acetylcholine,1,0,KC,ab,1,0,,
104086,78511,KCab-s,KCab-s_R,Kenyon_Cell,cb_intrinsic,R,,acetylcholine,1,0,KC,ab,1,0,,
104117,78533,KCab-m,KCab-m_R,Kenyon_Cell,cb_intrinsic,R,,acetylcholine,1,0,KC,ab,2,0,,
104127,78542,KCab-c,KCab-c_L,Kenyon_Cell,cb_intrinsic,L,,acetylcholine,1,0,KC,ab,1,0,,
104149,78560,KCab-s,KCab-s_R,Kenyon_Cell,cb_intrinsic,R,,acetylcholine,1,0,KC,ab,1,0,,
104166,78573,KCg-m,KCg-m_R,Kenyon_Cell,cb_intrinsic,R,,acetylcholine,1,0,KC,gamma,1,2,,
104232,78621,KCab-m,KCab-m_R,Kenyon_Cell,cb_intrinsic,R,,acetylcholine,1,0,KC,ab,1,0,,
104240,78627,KCab-c,KCab-c_R,Kenyon_Cell,cb_intrinsic,R,,acetylcholine,1,0,KC,ab,1,0,,
104284,78658,KCab-c,KCab-c_L,Kenyon_Cell,cb_intrinsic,L,,acetylcholine,1,0,KC,ab,1,0,,
104293,78663,KCab-c,KCab-c_R,Kenyon_Cell,cb_intrinsic,R,,acetylcholine,1,0,KC,ab,1,0,,
104359,78712,KCab-m,KCab-m_L,Kenyon_Cell,cb_intrinsic,L,,acetylcholine,1,0,KC,ab,2,0,,
104385,78732,KCg-m,KCg-m_L,Kenyon_Cell,cb_intrinsic,L,,acetylcholine,1,0,KC,gamma,1,2,,
104393,78738,KCab-s,KCab-s_R,Kenyon_Cell,cb_intrinsic,R,,acetylcholine,1,0,KC,ab,1,0,,
104448,78778,KCa'b'-m,KCa'b'-m_L,Kenyon_Cell,cb_intrinsic,L,,acetylcholine,1,0,KC,apbp,0,2,,
104460,78787,PAM12,PAM12(y3)_L,DAN,cb_intrinsic,L,,dopamine,1,1,DAN;away_teaching,,0,0,,
104462,78789,KCab-s,KCab-s_L,Kenyon_Cell,cb_intrinsic,L,,acetylcholine,1,0,KC,ab,2,0,,
104490,78815,KCab-m,KCab-m_R,Kenyon_Cell,cb_intrinsic,R,,acetylcholine,1,0,KC,ab,1,0,,
104513,78836,KCg-d,KCg-d_R,Kenyon_Cell,cb_intrinsic,R,,acetylcholine,1,0,KC,gamma,1,2,,
104526,78846,KCg-m,KCg-m_R,Kenyon_Cell,cb_intrinsic,R,,acetylcholine,1,0,KC,gamma,1,2,,
104535,78855,KCa'b'-ap2,KCa'b'-ap2_L,Kenyon_Cell,cb_intrinsic,L,,acetylcholine,1,0,KC,apbp,0,2,,
104545,78862,KCab-m,KCab-m_L,Kenyon_Cell,cb_intrinsic,L,,acetylcholine,1,0,KC,ab,2,0,,
104713,78988,PAM08,PAM08(y4)_R,DAN,cb_intrinsic,R,,dopamine,1,1,DAN,,0,0,,
104717,78992,KCab-s,KCab-s_L,Kenyon_Cell,cb_intrinsic,L,,acetylcholine,1,0,KC,ab,1,0,,
104723,78995,KCab-s,KCab-s_R,Kenyon_Cell,cb_intrinsic,R,,acetylcholine,1,0,KC,ab,1,0,,
104743,79008,KCab-m,KCab-m_L,Kenyon_Cell,cb_intrinsic,L,,acetylcholine,1,0,KC,ab,2,0,,
104745,79010,KCab-s,KCab-s_R,Kenyon_Cell,cb_intrinsic,R,,acetylcholine,1,0,KC,ab,2,0,,
104755,79016,KCa'b'-ap1,KCa'b'-ap1_R,Kenyon_Cell,cb_intrinsic,R,,acetylcholine,1,0,KC,apbp,0,2,,
104845,79078,KCa'b'-ap2,KCa'b'-ap2_L,Kenyon_Cell,cb_intrinsic,L,,acetylcholine,1,0,KC,apbp,0,2,,
104846,79079,KCab-s,KCab-s_R,Kenyon_Cell,cb_intrinsic,R,,acetylcholine,1,0,KC,ab,2,0,,
104866,79093,KCab-c,KCab-c_L,Kenyon_Cell,cb_intrinsic,L,,acetylcholine,1,0,KC,ab,1,0,,
104887,79108,KCab-m,KCab-m_R,Kenyon_Cell,cb_intrinsic,R,,acetylcholine,1,0,KC,ab,1,0,,
104940,79148,KCab-c,KCab-c_R,Kenyon_Cell,cb_intrinsic,R,,acetylcholine,1,0,KC,ab,1,0,,
104970,79170,KCab-m,KCab-m_L,Kenyon_Cell,cb_intrinsic,L,,acetylcholine,1,0,KC,ab,2,0,,
104980,79180,KCab-m,KCab-m_R,Kenyon_Cell,cb_intrinsic,R,,acetylcholine,1,0,KC,ab,1,0,,
104983,79182,KCg-m,KCg-m_L,Kenyon_Cell,cb_intrinsic,L,,acetylcholine,1,0,KC,gamma,1,2,,
105128,79291,KCg-m,KCg-m_R,Kenyon_Cell,cb_intrinsic,R,,acetylcholine,1,0,KC,gamma,1,2,,
105134,79295,KCab-s,KCab-s_R,Kenyon_Cell,cb_intrinsic,R,,acetylcholine,1,0,KC,ab,1,0,,
105264,79389,KCab-s,KCab-s_R,Kenyon_Cell,cb_intrinsic,R,,acetylcholine,1,0,KC,ab,1,0,,
105330,79438,KCab-s,KCab-s_R,Kenyon_Cell,cb_intrinsic,R,,acetylcholine,1,0,KC,ab,1,0,,
105338,79446,KCab-m,KCab-m_L,Kenyon_Cell,cb_intrinsic,L,,acetylcholine,1,0,KC,ab,1,0,,
105345,79449,KCab-c,KCab-c_R,Kenyon_Cell,cb_intrinsic,R,,acetylcholine,1,0,KC,ab,1,0,,
105349,79452,KCab-s,KCab-s_R,Kenyon_Cell,cb_intrinsic,R,,acetylcholine,1,0,KC,ab,1,0,,
105362,79464,PAM05,PAM05(B'2p)_R,DAN,cb_intrinsic,R,,dopamine,1,1,DAN,,0,0,,
105365,79466,PAM08,PAM08(y4)_R,DAN,cb_intrinsic,R,,dopamine,1,1,DAN,,0,0,,
105400,79496,KCab-c,KCab-c_L,Kenyon_Cell,cb_intrinsic,L,,acetylcholine,1,0,KC,ab,1,0,,
105407,79502,KCg-m,KCg-m_L,Kenyon_Cell,cb_intrinsic,L,,acetylcholine,1,0,KC,gamma,1,2,,
105426,79514,DM3_vPN,DM3_vPN_L,ALPN,cb_intrinsic,L,,gaba,-1,0,ALPN,,0,0,,
105447,79533,PAM12,PAM12(y3)_L,DAN,cb_intrinsic,L,,dopamine,1,1,DAN;away_teaching,,0,0,,
105509,79573,KCab-m,KCab-m_L,Kenyon_Cell,cb_intrinsic,L,,acetylcholine,1,0,KC,ab,1,0,,
105550,79602,M_vPNml76,M_vPNml76_R,ALPN,cb_intrinsic,R,,gaba,-1,0,ALPN,,0,0,,
105653,79684,KCab-m,KCab-m_L,Kenyon_Cell,cb_intrinsic,L,,acetylcholine,1,0,KC,ab,1,0,,
105662,79690,KCg-d,KCg-d_L,Kenyon_Cell,cb_intrinsic,L,,acetylcholine,1,0,KC,gamma,1,2,,
105676,79699,KCab-s,KCab-s_R,Kenyon_Cell,cb_intrinsic,R,,acetylcholine,1,0,KC,ab,1,0,,
105684,79704,KCab-p,KCab-p_R,Kenyon_Cell,cb_intrinsic,R,,acetylcholine,1,0,KC,ab,1,0,,
105807,79792,KCab-s,KCab-s_R,Kenyon_Cell,cb_intrinsic,R,,acetylcholine,1,0,KC,ab,2,0,,
105929,79882,KCab-m,KCab-m_L,Kenyon_Cell,cb_intrinsic,L,,acetylcholine,1,0,KC,ab,1,0,,
105935,79886,KCab-s,KCab-s_L,Kenyon_Cell,cb_intrinsic,L,,acetylcholine,1,0,KC,ab,1,0,,
105960,79901,KCab-s,KCab-s_L,Kenyon_Cell,cb_intrinsic,L,,acetylcholine,1,0,KC,ab,1,0,,
106034,79953,KCab-m,KCab-m_R,Kenyon_Cell,cb_intrinsic,R,,acetylcholine,1,0,KC,ab,1,0,,
106115,80008,KCg-m,KCg-m_R,Kenyon_Cell,cb_intrinsic,R,,acetylcholine,1,0,KC,gamma,1,2,,
106124,80012,KCab-m,KCab-m_R,Kenyon_Cell,cb_intrinsic,R,,acetylcholine,1,0,KC,ab,1,0,,
106206,80070,KCab-s,KCab-s_L,Kenyon_Cell,cb_intrinsic,L,,acetylcholine,1,0,KC,ab,1,0,,
106209,80073,KCab-m,KCab-m_L,Kenyon_Cell,cb_intrinsic,L,,acetylcholine,1,0,KC,ab,1,0,,
106236,80092,KCa'b'-ap2,KCa'b'-ap2_R,Kenyon_Cell,cb_intrinsic,R,,acetylcholine,1,0,KC,apbp,0,2,,
106301,80139,KCg-d,KCg-d_R,Kenyon_Cell,cb_intrinsic,R,,acetylcholine,1,0,KC,gamma,1,2,,
106446,80245,KCab-m,KCab-m_R,Kenyon_Cell,cb_intrinsic,R,,acetylcholine,1,0,KC,ab,1,0,,
106448,80246,KCa'b'-m,KCa'b'-m_L,Kenyon_Cell,cb_intrinsic,L,,acetylcholine,1,0,KC,apbp,1,2,,
106506,80283,KCab-s,KCab-s_L,Kenyon_Cell,cb_intrinsic,L,,acetylcholine,1,0,KC,ab,1,0,,
106511,80287,KCab-m,KCab-m_L,Kenyon_Cell,cb_intrinsic,L,,acetylcholine,1,0,KC,ab,1,0,,
106559,80321,KCa'b'-ap2,KCa'b'-ap2_L,Kenyon_Cell,cb_intrinsic,L,,acetylcholine,1,0,KC,apbp,1,2,,
106691,80409,KCg-m,KCg-m_R,Kenyon_Cell,cb_intrinsic,R,,acetylcholine,1,0,KC,gamma,1,2,,
106711,80420,KCa'b'-ap2,KCa'b'-ap2_R,Kenyon_Cell,cb_intrinsic,R,,acetylcholine,1,0,KC,apbp,1,2,,
106762,80457,KCab-m,KCab-m_L,Kenyon_Cell,cb_intrinsic,L,,acetylcholine,1,0,KC,ab,2,0,,
106828,80500,KCab-m,KCab-m_R,Kenyon_Cell,cb_intrinsic,R,,acetylcholine,1,0,KC,ab,1,0,,
106846,80512,KCab-c,KCab-c_R,Kenyon_Cell,cb_intrinsic,R,,acetylcholine,1,0,KC,ab,1,0,,
106882,80539,KCab-m,KCab-m_R,Kenyon_Cell,cb_intrinsic,R,,acetylcholine,1,0,KC,ab,1,0,,
106885,80542,KCg-m,KCg-m_L,Kenyon_Cell,cb_intrinsic,L,,acetylcholine,1,0,KC,gamma,1,2,,
106893,80548,KCab-s,KCab-s_R,Kenyon_Cell,cb_intrinsic,R,,acetylcholine,1,0,KC,ab,1,0,,
106905,80556,KCg-m,KCg-m_L,Kenyon_Cell,cb_intrinsic,L,,acetylcholine,1,0,KC,gamma,1,2,,
106931,80573,KCa'b'-ap2,KCa'b'-ap2_R,Kenyon_Cell,cb_intrinsic,R,,acetylcholine,1,0,KC,apbp,1,2,,
106942,80582,KCab-m,KCab-m_L,Kenyon_Cell,cb_intrinsic,L,,acetylcholine,1,0,KC,ab,2,0,,
106981,80608,KCab-s,KCab-s_R,Kenyon_Cell,cb_intrinsic,R,,acetylcholine,1,0,KC,ab,1,0,,
106984,80611,M_vPNml84,M_vPNml84_R,ALPN,cb_intrinsic,R,,gaba,-1,0,ALPN,,0,0,,
107009,80631,KCab-s,KCab-s_L,Kenyon_Cell,cb_intrinsic,L,,acetylcholine,1,0,KC,ab,1,0,,
107019,80637,KCg-m,KCg-m_L,Kenyon_Cell,cb_intrinsic,L,,acetylcholine,1,0,KC,gamma,1,2,,
107027,80643,KCab-m,KCab-m_R,Kenyon_Cell,cb_intrinsic,R,,acetylcholine,1,0,KC,ab,1,0,,
107041,80654,KCab-s,KCab-s_R,Kenyon_Cell,cb_intrinsic,R,,acetylcholine,1,0,KC,ab,2,0,,
107164,80735,KCg-m,KCg-m_L,Kenyon_Cell,cb_intrinsic,L,,acetylcholine,1,0,KC,gamma,1,2,,
107197,80762,KCg-m,KCg-m_R,Kenyon_Cell,cb_intrinsic,R,,acetylcholine,1,0,KC,gamma,1,2,,
107232,80790,KCg-m,KCg-m_L,Kenyon_Cell,cb_intrinsic,L,,acetylcholine,1,0,KC,gamma,1,2,,
107285,80830,PAM08,PAM08(y4)_L,DAN,cb_intrinsic,L,,dopamine,1,1,DAN,,0,0,,
107312,80848,KCa'b'-m,KCa'b'-m_L,Kenyon_Cell,cb_intrinsic,L,,acetylcholine,1,0,KC,apbp,0,2,,
107336,80865,KCab-m,KCab-m_R,Kenyon_Cell,cb_intrinsic,R,,acetylcholine,1,0,KC,ab,1,0,,
107452,80955,KCg-m,KCg-m_R,Kenyon_Cell,cb_intrinsic,R,,acetylcholine,1,0,KC,gamma,1,2,,
107453,80956,KCab-s,KCab-s_R,Kenyon_Cell,cb_intrinsic,R,,acetylcholine,1,0,KC,ab,2,0,,
107516,81000,KCg-m,KCg-m_L,Kenyon_Cell,cb_intrinsic,L,,acetylcholine,1,0,KC,gamma,1,2,,
107550,81025,KCa'b'-ap2,KCa'b'-ap2_L,Kenyon_Cell,cb_intrinsic,L,,acetylcholine,1,0,KC,apbp,0,2,,
107575,81041,KCab-c,KCab-c_L,Kenyon_Cell,cb_intrinsic,L,,acetylcholine,1,0,KC,ab,1,0,,
107629,81078,M_vPNml84,M_vPNml84_R,ALPN,cb_intrinsic,R,,gaba,-1,0,ALPN,,0,0,,
107653,81096,KCab-s,KCab-s_R,Kenyon_Cell,cb_intrinsic,R,,acetylcholine,1,0,KC,ab,2,0,,
107657,81100,KCab-s,KCab-s_R,Kenyon_Cell,cb_intrinsic,R,,acetylcholine,1,0,KC,ab,1,0,,
107679,81115,KCab-s,KCab-s_L,Kenyon_Cell,cb_intrinsic,L,,acetylcholine,1,0,KC,ab,1,0,,
107737,81155,KCab-p,KCab-p_L,Kenyon_Cell,cb_intrinsic,L,,acetylcholine,1,0,KC,ab,1,0,,
107761,81175,KCab-m,KCab-m_R,Kenyon_Cell,cb_intrinsic,R,,acetylcholine,1,0,KC,ab,1,0,,
107780,81191,KCab-m,KCab-m_R,Kenyon_Cell,cb_intrinsic,R,,acetylcholine,1,0,KC,ab,1,0,,
107825,81222,KCab-m,KCab-m_L,Kenyon_Cell,cb_intrinsic,L,,acetylcholine,1,0,KC,ab,1,0,,
107840,81235,KCab-m,KCab-m_R,Kenyon_Cell,cb_intrinsic,R,,acetylcholine,1,0,KC,ab,2,0,,
107852,81243,KCg-m,KCg-m_R,Kenyon_Cell,cb_intrinsic,R,,acetylcholine,1,0,KC,gamma,1,3,,
107986,81326,PAM02,PAM02(B'2a)_L,DAN,cb_intrinsic,L,,dopamine,1,1,DAN,,0,0,,
108002,81339,KCg-m,KCg-m_R,Kenyon_Cell,cb_intrinsic,R,,acetylcholine,1,0,KC,gamma,1,2,,
108059,81374,KCab-s,KCab-s_L,Kenyon_Cell,cb_intrinsic,L,,acetylcholine,1,0,KC,ab,2,0,,
108072,81384,KCab-p,KCab-p_L,Kenyon_Cell,cb_intrinsic,L,,acetylcholine,1,0,KC,ab,2,0,,
108124,81424,KCab-m,KCab-m_R,Kenyon_Cell,cb_intrinsic,R,,acetylcholine,1,0,KC,ab,1,0,,
108126,81426,KCab-m,KCab-m_R,Kenyon_Cell,cb_intrinsic,R,,acetylcholine,1,0,KC,ab,1,0,,
108277,81542,KCab-c,KCab-c_L,Kenyon_Cell,cb_intrinsic,L,,acetylcholine,1,0,KC,ab,2,0,,
108345,81593,KCab-s,KCab-s_L,Kenyon_Cell,cb_intrinsic,L,,acetylcholine,1,0,KC,ab,1,0,,
108379,81615,KCg-m,KCg-m_L,Kenyon_Cell,cb_intrinsic,L,,acetylcholine,1,0,KC,gamma,1,2,,
108389,81623,KCg-m,KCg-m_L,Kenyon_Cell,cb_intrinsic,L,,acetylcholine,1,0,KC,gamma,1,2,,
108403,81632,M_vPNml77,M_vPNml77_R,ALPN,cb_intrinsic,R,,gaba,-1,0,ALPN,,0,0,,
108406,81635,KCa'b'-m,KCa'b'-m_R,Kenyon_Cell,cb_intrinsic,R,,acetylcholine,1,0,KC,apbp,0,2,,
108429,81652,PAM04,PAM04(B2)_L,DAN,cb_intrinsic,L,,dopamine,1,1,DAN,,0,0,,
108481,81686,KCab-c,KCab-c_R,Kenyon_Cell,cb_intrinsic,R,,acetylcholine,1,0,KC,ab,2,0,,
108536,81731,KCg-m,KCg-m_L,Kenyon_Cell,cb_intrinsic,L,,acetylcholine,1,0,KC,gamma,2,2,,
108539,81733,KCab-c,KCab-c_L,Kenyon_Cell,cb_intrinsic,L,,acetylcholine,1,0,KC,ab,1,0,,
108576,81760,PAM13,PAM13(B'1ap)_R,DAN,cb_intrinsic,R,,dopamine,1,1,DAN,,0,0,,
108602,81778,KCab-m,KCab-m_R,Kenyon_Cell,cb_intrinsic,R,,acetylcholine,1,0,KC,ab,1,0,,
108610,81782,KCab-m,KCab-m_L,Kenyon_Cell,cb_intrinsic,L,,acetylcholine,1,0,KC,ab,1,0,,
108622,81791,KCab-m,KCab-m_R,Kenyon_Cell,cb_intrinsic,R,,acetylcholine,1,0,KC,ab,1,0,,
108640,81805,KCab-m,KCab-m_L,Kenyon_Cell,cb_intrinsic,L,,acetylcholine,1,0,KC,ab,2,0,,
108661,81820,KCab-s,KCab-s_L,Kenyon_Cell,cb_intrinsic,L,,acetylcholine,1,0,KC,ab,1,0,,
108808,81927,KCab-c,KCab-c_L,Kenyon_Cell,cb_intrinsic,L,,acetylcholine,1,0,KC,ab,1,0,,
108833,81942,KCg-m,KCg-m_R,Kenyon_Cell,cb_intrinsic,R,,acetylcholine,1,0,KC,gamma,1,2,,
108966,82046,M_vPNml53,M_vPNml53_L,ALPN,cb_intrinsic,L,,gaba,-1,0,ALPN,,0,0,,
109056,82110,KCab-m,KCab-m_R,Kenyon_Cell,cb_intrinsic,R,,acetylcholine,1,0,KC,ab,1,0,,
109108,82149,KCab-m,KCab-m_L,Kenyon_Cell,cb_intrinsic,L,,acetylcholine,1,0,KC,ab,2,0,,
109117,82157,KCa'b'-ap2,KCa'b'-ap2_L,Kenyon_Cell,cb_intrinsic,L,,acetylcholine,1,0,KC,apbp,1,2,,
109161,82192,KCg-m,KCg-m_L,Kenyon_Cell,cb_intrinsic,L,,acetylcholine,1,0,KC,gamma,1,2,,
109220,82235,KCa'b'-ap2,KCa'b'-ap2_L,Kenyon_Cell,cb_intrinsic,L,,acetylcholine,1,0,KC,apbp,0,2,,
109263,82268,KCab-c,KCab-c_L,Kenyon_Cell,cb_intrinsic,L,,acetylcholine,1,0,KC,ab,2,0,,
109268,82272,KCg-m,KCg-m_R,Kenyon_Cell,cb_intrinsic,R,,acetylcholine,1,0,KC,gamma,1,2,,
109271,82274,M_lPNm13,M_lPNm13_R,ALPN,cb_intrinsic,R,,acetylcholine,1,0,ALPN,,0,0,,
109275,82277,KCg-m,KCg-m_L,Kenyon_Cell,cb_intrinsic,L,,acetylcholine,1,0,KC,gamma,1,2,,
109321,82312,KC,KC_R,Kenyon_Cell,cb_intrinsic,R,,acetylcholine,1,0,KC,other,0,0,,
109332,82316,KCab-m,KCab-m_R,Kenyon_Cell,cb_intrinsic,R,,acetylcholine,1,0,KC,ab,1,0,,
109333,82317,KCab-m,KCab-m_L,Kenyon_Cell,cb_intrinsic,L,,acetylcholine,1,0,KC,ab,2,0,,
109382,82349,KCab-m,KCab-m_L,Kenyon_Cell,cb_intrinsic,L,,acetylcholine,1,0,KC,ab,1,0,,
109413,82367,KCab-p,KCab-p_L,Kenyon_Cell,cb_intrinsic,L,,acetylcholine,1,0,KC,ab,1,0,,
109449,82394,KCg-m,KCg-m_L,Kenyon_Cell,cb_intrinsic,L,,acetylcholine,1,0,KC,gamma,1,2,,
109478,82415,KCab-p,KCab-p_L,Kenyon_Cell,cb_intrinsic,L,,acetylcholine,1,0,KC,ab,1,0,,
109492,82426,KCg-m,KCg-m_L,Kenyon_Cell,cb_intrinsic,L,,acetylcholine,1,0,KC,gamma,1,2,,
109512,82441,KCg-m,KCg-m_L,Kenyon_Cell,cb_intrinsic,L,,acetylcholine,1,0,KC,gamma,1,2,,
109550,82465,KCab-c,KCab-c_L,Kenyon_Cell,cb_intrinsic,L,,acetylcholine,1,0,KC,ab,1,0,,
109583,82487,KCg-m,KCg-m_R,Kenyon_Cell,cb_intrinsic,R,,acetylcholine,1,0,KC,gamma,1,2,,
109607,82505,KCa'b'-m,KCa'b'-m_L,Kenyon_Cell,cb_intrinsic,L,,acetylcholine,1,0,KC,apbp,0,2,,
109619,82510,KCab-m,KCab-m_L,Kenyon_Cell,cb_intrinsic,L,,acetylcholine,1,0,KC,ab,1,0,,
109624,82515,PAM08,PAM08(y4)_L,DAN,cb_intrinsic,L,,dopamine,1,1,DAN,,0,0,,
109655,82539,KCa'b'-ap1,KCa'b'-ap1_L,Kenyon_Cell,cb_intrinsic,L,,acetylcholine,1,0,KC,apbp,1,2,,
109676,82554,KCg-m,KCg-m_L,Kenyon_Cell,cb_intrinsic,L,,acetylcholine,1,0,KC,gamma,1,2,,
109697,82567,KCg-m,KCg-m_R,Kenyon_Cell,cb_intrinsic,R,,acetylcholine,1,0,KC,gamma,1,2,,
109708,82575,KCg-m,KCg-m_L,Kenyon_Cell,cb_intrinsic,L,,acetylcholine,1,0,KC,gamma,1,3,,
109755,82605,KCab-s,KCab-s_R,Kenyon_Cell,cb_intrinsic,R,,acetylcholine,1,0,KC,ab,1,0,,
109758,82607,KCab-c,KCab-c_L,Kenyon_Cell,cb_intrinsic,L,,acetylcholine,1,0,KC,ab,2,0,,
109793,82636,PAM04,PAM04(B2)_L,DAN,cb_intrinsic,L,,dopamine,1,1,DAN,,0,0,,
109802,82644,KCab-s,KCab-s_L,Kenyon_Cell,cb_intrinsic,L,,acetylcholine,1,0,KC,ab,2,0,,
109851,82679,KCab-m,KCab-m_L,Kenyon_Cell,cb_intrinsic,L,,acetylcholine,1,0,KC,ab,2,0,,
109853,82681,KCg-m,KCg-m_L,Kenyon_Cell,cb_intrinsic,L,,acetylcholine,1,0,KC,gamma,1,2,,
109862,82690,KCab-s,KCab-s_R,Kenyon_Cell,cb_intrinsic,R,,acetylcholine,1,0,KC,ab,1,0,,
109870,82695,KCab-m,KCab-m_L,Kenyon_Cell,cb_intrinsic,L,,acetylcholine,1,0,KC,ab,1,0,,
109871,82696,KCab-m,KCab-m_R,Kenyon_Cell,cb_intrinsic,R,,acetylcholine,1,0,KC,ab,2,0,,
109873,82697,KCg-m,KCg-m_R,Kenyon_Cell,cb_intrinsic,R,,acetylcholine,1,0,KC,gamma,1,2,,
109910,82720,KCab-m,KCab-m_R,Kenyon_Cell,cb_intrinsic,R,,acetylcholine,1,0,KC,ab,1,0,,
109917,82726,KCab-s,KCab-s_L,Kenyon_Cell,cb_intrinsic,L,,acetylcholine,1,0,KC,ab,1,0,,
109919,82728,KCab-s,KCab-s_L,Kenyon_Cell,cb_intrinsic,L,,acetylcholine,1,0,KC,ab,1,0,,
109988,82779,KCab-s,KCab-s_R,Kenyon_Cell,cb_intrinsic,R,,acetylcholine,1,0,KC,ab,2,0,,
110009,82796,KCab-m,KCab-m_R,Kenyon_Cell,cb_intrinsic,R,,acetylcholine,1,0,KC,ab,1,0,,
110050,82826,KCab-m,KCab-m_L,Kenyon_Cell,cb_intrinsic,L,,acetylcholine,1,0,KC,ab,1,0,,
110079,82851,KCab-m,KCab-m_R,Kenyon_Cell,cb_intrinsic,R,,acetylcholine,1,0,KC,ab,1,0,,
110090,82856,KCg-m,KCg-m_L,Kenyon_Cell,cb_intrinsic,L,,acetylcholine,1,0,KC,gamma,2,2,,
110112,82872,KCab-s,KCab-s_L,Kenyon_Cell,cb_intrinsic,L,,acetylcholine,1,0,KC,ab,2,0,,
110210,82937,KCab-s,KCab-s_L,Kenyon_Cell,cb_intrinsic,L,,acetylcholine,1,0,KC,ab,2,0,,
110269,82984,KCab-p,KCab-p_R,Kenyon_Cell,cb_intrinsic,R,,acetylcholine,1,0,KC,ab,1,0,,
110274,82986,KCab-m,KCab-m_L,Kenyon_Cell,cb_intrinsic,L,,acetylcholine,1,0,KC,ab,1,0,,
110282,82993,KCg-m,KCg-m_L,Kenyon_Cell,cb_intrinsic,L,,acetylcholine,1,0,KC,gamma,1,2,,
110328,83024,KCab-c,KCab-c_L,Kenyon_Cell,cb_intrinsic,L,,acetylcholine,1,0,KC,ab,1,0,,
110338,83030,KCab-c,KCab-c_R,Kenyon_Cell,cb_intrinsic,R,,acetylcholine,1,0,KC,ab,1,0,,
110375,83058,KCg-m,KCg-m_R,Kenyon_Cell,cb_intrinsic,R,,acetylcholine,1,0,KC,gamma,1,2,,
110380,83062,KCab-s,KCab-s_R,Kenyon_Cell,cb_intrinsic,R,,acetylcholine,1,0,KC,ab,1,0,,
110448,83111,MBON25-like,MBON25-like(y1y2)_L,MBON,cb_intrinsic,L,,glutamate,-1,0,MBON,,0,0,,
110528,83172,M_vPNml86,M_vPNml86_R,ALPN,cb_intrinsic,R,,gaba,-1,0,ALPN,,0,0,,
110544,83184,KCab-s,KCab-s_L,Kenyon_Cell,cb_intrinsic,L,,acetylcholine,1,0,KC,ab,2,0,,
110574,83205,KCg-m,KCg-m_L,Kenyon_Cell,cb_intrinsic,L,,acetylcholine,1,0,KC,gamma,1,2,,
110599,83223,KCab-s,KCab-s_R,Kenyon_Cell,cb_intrinsic,R,,acetylcholine,1,0,KC,ab,2,0,,
110653,83261,PAM05,PAM05(B'2p)_R,DAN,cb_intrinsic,R,,dopamine,1,1,DAN,,0,0,,
110674,83276,KCab-s,KCab-s_R,Kenyon_Cell,cb_intrinsic,R,,acetylcholine,1,0,KC,ab,1,0,,
110689,83284,KCab-m,KCab-m_L,Kenyon_Cell,cb_intrinsic,L,,acetylcholine,1,0,KC,ab,1,0,,
110701,83293,KCab-m,KCab-m_L,Kenyon_Cell,cb_intrinsic,L,,acetylcholine,1,0,KC,ab,2,0,,
110746,83326,KCg-d,KCg-d_L,Kenyon_Cell,cb_intrinsic,L,,acetylcholine,1,0,KC,gamma,1,2,,
110815,83377,KCab-m,KCab-m_R,Kenyon_Cell,cb_intrinsic,R,,acetylcholine,1,0,KC,ab,1,0,,
110897,83430,KCab-s,KCab-s_R,Kenyon_Cell,cb_intrinsic,R,,acetylcholine,1,0,KC,ab,1,0,,
110950,83463,KCg-m,KCg-m_L,Kenyon_Cell,cb_intrinsic,L,,acetylcholine,1,0,KC,gamma,1,2,,
111033,83527,KCab-c,KCab-c_L,Kenyon_Cell,cb_intrinsic,L,,acetylcholine,1,0,KC,ab,1,0,,
111060,83549,KCab-s,KCab-s_R,Kenyon_Cell,cb_intrinsic,R,,acetylcholine,1,0,KC,ab,1,0,,
111109,83581,KCg-m,KCg-m_L,Kenyon_Cell,cb_intrinsic,L,,acetylcholine,1,0,KC,gamma,1,2,,
111127,83593,KCg-m,KCg-m_L,Kenyon_Cell,cb_intrinsic,L,,acetylcholine,1,0,KC,gamma,1,2,,
111165,83619,KCg-m,KCg-m_R,Kenyon_Cell,cb_intrinsic,R,,acetylcholine,1,0,KC,gamma,1,2,,
111185,83634,KCa'b'-ap1,KCa'b'-ap1_R,Kenyon_Cell,cb_intrinsic,R,,acetylcholine,1,0,KC,apbp,2,2,,
111197,83643,KCg-d,KCg-d_L,Kenyon_Cell,cb_intrinsic,L,,acetylcholine,1,0,KC,gamma,1,2,,
111220,83656,M_vPNml75,M_vPNml75_R,ALPN,cb_intrinsic,R,,gaba,-1,0,ALPN,,0,0,,
111260,83684,KCab-m,KCab-m_L,Kenyon_Cell,cb_intrinsic,L,,acetylcholine,1,0,KC,ab,2,0,,
111360,83753,KCab-m,KCab-m_R,Kenyon_Cell,cb_intrinsic,R,,acetylcholine,1,0,KC,ab,2,0,,
111576,83905,KCg-m,KCg-m_L,Kenyon_Cell,cb_intrinsic,L,,acetylcholine,1,0,KC,gamma,1,2,,
111636,83948,KCab-m,KCab-m_L,Kenyon_Cell,cb_intrinsic,L,,acetylcholine,1,0,KC,ab,1,0,,
111640,83951,KCab-c,KCab-c_L,Kenyon_Cell,cb_intrinsic,L,,acetylcholine,1,0,KC,ab,1,0,,
111652,83961,KCab-s,KCab-s_L,Kenyon_Cell,cb_intrinsic,L,,acetylcholine,1,0,KC,ab,2,0,,
111655,83962,KCg-m,KCg-m_L,Kenyon_Cell,cb_intrinsic,L,,acetylcholine,1,0,KC,gamma,1,2,,
111665,83971,PAM12,PAM12(y3)_R,DAN,cb_intrinsic,R,,dopamine,1,1,DAN;away_teaching,,0,0,,
111695,83991,KCg-m,KCg-m_L,Kenyon_Cell,cb_intrinsic,L,,acetylcholine,1,0,KC,gamma,1,2,,
111702,83998,KCab-c,KCab-c_L,Kenyon_Cell,cb_intrinsic,L,,acetylcholine,1,0,KC,ab,1,0,,
111744,84028,KCg-d,KCg-d_R,Kenyon_Cell,cb_intrinsic,R,,acetylcholine,1,0,KC,gamma,1,2,,
111754,84037,KCab-c,KCab-c_L,Kenyon_Cell,cb_intrinsic,L,,acetylcholine,1,0,KC,ab,1,0,,
111795,84070,KCg-m,KCg-m_L,Kenyon_Cell,cb_intrinsic,L,,acetylcholine,1,0,KC,gamma,1,2,,
111803,84077,KCg-m,KCg-m_L,Kenyon_Cell,cb_intrinsic,L,,acetylcholine,1,0,KC,gamma,1,2,,
111812,84084,KCab-c,KCab-c_R,Kenyon_Cell,cb_intrinsic,R,,acetylcholine,1,0,KC,ab,1,0,,
111878,84132,KCab-m,KCab-m_L,Kenyon_Cell,cb_intrinsic,L,,acetylcholine,1,0,KC,ab,1,0,,
111958,84193,KCab-c,KCab-c_L,Kenyon_Cell,cb_intrinsic,L,,acetylcholine,1,0,KC,ab,1,0,,
111985,84216,KCab-c,KCab-c_R,Kenyon_Cell,cb_intrinsic,R,,acetylcholine,1,0,KC,ab,2,0,,
112009,84232,KCg-m,KCg-m_L,Kenyon_Cell,cb_intrinsic,L,,acetylcholine,1,0,KC,gamma,1,3,,
112023,84241,KCab-c,KCab-c_R,Kenyon_Cell,cb_intrinsic,R,,acetylcholine,1,0,KC,ab,1,0,,
112026,84244,KCab-m,KCab-m_L,Kenyon_Cell,cb_intrinsic,L,,acetylcholine,1,0,KC,ab,1,0,,
112040,84255,KCg-m,KCg-m_R,Kenyon_Cell,cb_intrinsic,R,,acetylcholine,1,0,KC,gamma,1,3,,
112144,84325,KCa'b'-m,KCa'b'-m_L,Kenyon_Cell,cb_intrinsic,L,,acetylcholine,1,0,KC,apbp,0,2,,
112189,84357,KCg-m,KCg-m_L,Kenyon_Cell,cb_intrinsic,L,,acetylcholine,1,0,KC,gamma,1,2,,
112293,84430,KCa'b'-m,KCa'b'-m_L,Kenyon_Cell,cb_intrinsic,L,,acetylcholine,1,0,KC,apbp,1,2,,
112329,84461,KCab-m,KCab-m_L,Kenyon_Cell,cb_intrinsic,L,,acetylcholine,1,0,KC,ab,1,0,,
112359,84483,KCg-m,KCg-m_L,Kenyon_Cell,cb_intrinsic,L,,acetylcholine,1,0,KC,gamma,1,2,,
112378,84496,KCab-m,KCab-m_L,Kenyon_Cell,cb_intrinsic,L,,acetylcholine,1,0,KC,ab,2,0,,
112442,84538,KCg-m,KCg-m_L,Kenyon_Cell,cb_intrinsic,L,,acetylcholine,1,0,KC,gamma,1,2,,
112569,84623,M_vPNml80,M_vPNml80_R,ALPN,cb_intrinsic,R,,gaba,-1,0,ALPN,,0,0,,
112593,84641,KCg-m,KCg-m_L,Kenyon_Cell,cb_intrinsic,L,,acetylcholine,1,0,KC,gamma,1,2,,
112605,84650,KCab-c,KCab-c_L,Kenyon_Cell,cb_intrinsic,L,,acetylcholine,1,0,KC,ab,1,0,,
112610,84653,KCab-m,KCab-m_L,Kenyon_Cell,cb_intrinsic,L,,acetylcholine,1,0,KC,ab,1,0,,
112621,84663,KCab-s,KCab-s_L,Kenyon_Cell,cb_intrinsic,L,,acetylcholine,1,0,KC,ab,2,0,,
112683,84708,KCab-m,KCab-m_L,Kenyon_Cell,cb_intrinsic,L,,acetylcholine,1,0,KC,ab,1,0,,
112697,84718,KCg-m,KCg-m_L,Kenyon_Cell,cb_intrinsic,L,,acetylcholine,1,0,KC,gamma,1,2,,
112729,84741,KCab-s,KCab-s_L,Kenyon_Cell,cb_intrinsic,L,,acetylcholine,1,0,KC,ab,1,0,,
112749,84755,KCg-m,KCg-m_R,Kenyon_Cell,cb_intrinsic,R,,acetylcholine,1,0,KC,gamma,1,2,,
112834,84811,KCab-c,KCab-c_L,Kenyon_Cell,cb_intrinsic,L,,acetylcholine,1,0,KC,ab,1,0,,
112835,84812,KCg-m,KCg-m_L,Kenyon_Cell,cb_intrinsic,L,,acetylcholine,1,0,KC,gamma,1,2,,
112879,84849,KCg-m,KCg-m_L,Kenyon_Cell,cb_intrinsic,L,,acetylcholine,1,0,KC,gamma,1,2,,
112896,84860,KCab-m,KCab-m_R,Kenyon_Cell,cb_intrinsic,R,,acetylcholine,1,0,KC,ab,1,0,,
113001,84937,PAM12,PAM12(y3)_R,DAN,cb_intrinsic,R,,dopamine,1,1,DAN;away_teaching,,0,0,,
113055,84968,KCab-m,KCab-m_R,Kenyon_Cell,cb_intrinsic,R,,acetylcholine,1,0,KC,ab,1,0,,
113057,84969,KCab-s,KCab-s_R,Kenyon_Cell,cb_intrinsic,R,,acetylcholine,1,0,KC,ab,1,0,,
113067,84976,PAM01,PAM01(y5)_R,DAN,cb_intrinsic,R,,dopamine,1,1,DAN,,0,0,,
113074,84982,KCab-c,KCab-c_L,Kenyon_Cell,cb_intrinsic,L,,acetylcholine,1,0,KC,ab,1,0,,
113090,84992,KCab-c,KCab-c_R,Kenyon_Cell,cb_intrinsic,R,,acetylcholine,1,0,KC,ab,1,0,,
113244,85099,KCab-m,KCab-m_L,Kenyon_Cell,cb_intrinsic,L,,acetylcholine,1,0,KC,ab,1,0,,
113252,85105,KCab-m,KCab-m_L,Kenyon_Cell,cb_intrinsic,L,,acetylcholine,1,0,KC,ab,2,0,,
113280,85126,KCab-c,KCab-c_R,Kenyon_Cell,cb_intrinsic,R,,acetylcholine,1,0,KC,ab,1,0,,
113286,85130,KCg-m,KCg-m_L,Kenyon_Cell,cb_intrinsic,L,,acetylcholine,1,0,KC,gamma,1,2,,
113299,85143,KCab-m,KCab-m_L,Kenyon_Cell,cb_intrinsic,L,,acetylcholine,1,0,KC,ab,2,0,,
113394,85209,KCab-s,KCab-s_R,Kenyon_Cell,cb_intrinsic,R,,acetylcholine,1,0,KC,ab,2,0,,
113429,85236,KCab-c,KCab-c_L,Kenyon_Cell,cb_intrinsic,L,,acetylcholine,1,0,KC,ab,1,0,,
113450,85249,KCab-s,KCab-s_L,Kenyon_Cell,cb_intrinsic,L,,acetylcholine,1,0,KC,ab,1,0,,
113528,85304,KCg-m,KCg-m_L,Kenyon_Cell,cb_intrinsic,L,,acetylcholine,1,0,KC,gamma,1,2,,
113606,85362,KCab-s,KCab-s_R,Kenyon_Cell,cb_intrinsic,R,,acetylcholine,1,0,KC,ab,1,0,,
113611,85366,KCab-s,KCab-s_R,Kenyon_Cell,cb_intrinsic,R,,acetylcholine,1,0,KC,ab,2,0,,
113661,85400,KCab-m,KCab-m_R,Kenyon_Cell,cb_intrinsic,R,,acetylcholine,1,0,KC,ab,1,0,,
113741,85453,KCab-s,KCab-s_L,Kenyon_Cell,cb_intrinsic,L,,acetylcholine,1,0,KC,ab,1,0,,
113835,85516,KCab-m,KCab-m_R,Kenyon_Cell,cb_intrinsic,R,,acetylcholine,1,0,KC,ab,1,0,,
113903,85565,KCab-m,KCab-m_R,Kenyon_Cell,cb_intrinsic,R,,acetylcholine,1,0,KC,ab,1,0,,
113958,85605,M_vPNml53,M_vPNml53_L,ALPN,cb_intrinsic,L,,gaba,-1,0,ALPN,,0,0,,
113972,85615,KCg-m,KCg-m_L,Kenyon_Cell,cb_intrinsic,L,,acetylcholine,1,0,KC,gamma,1,2,,
114029,85653,KCg-m,KCg-m_L,Kenyon_Cell,cb_intrinsic,L,,acetylcholine,1,0,KC,gamma,1,2,,
114089,85695,KCab-s,KCab-s_R,Kenyon_Cell,cb_intrinsic,R,,acetylcholine,1,0,KC,ab,2,0,,
114090,85696,KCg-m,KCg-m_L,Kenyon_Cell,cb_intrinsic,L,,acetylcholine,1,0,KC,gamma,1,2,,
114103,85703,KCab-m,KCab-m_R,Kenyon_Cell,cb_intrinsic,R,,acetylcholine,1,0,KC,ab,1,0,,
114179,85755,KCg-d,KCg-d_L,Kenyon_Cell,cb_intrinsic,L,,acetylcholine,1,0,KC,gamma,1,2,,
114209,85778,KCab-m,KCab-m_R,Kenyon_Cell,cb_intrinsic,R,,acetylcholine,1,0,KC,ab,1,0,,
114216,85783,PAM01,PAM01(y5)_L,DAN,cb_intrinsic,L,,dopamine,1,1,DAN,,0,0,,
114235,85798,KCg-m,KCg-m_R,Kenyon_Cell,cb_intrinsic,R,,acetylcholine,1,0,KC,gamma,1,3,,
114290,85831,KCab-c,KCab-c_L,Kenyon_Cell,cb_intrinsic,L,,acetylcholine,1,0,KC,ab,2,0,,
114316,85848,KCab-s,KCab-s_R,Kenyon_Cell,cb_intrinsic,R,,acetylcholine,1,0,KC,ab,2,0,,
114354,85877,KCa'b'-ap2,KCa'b'-ap2_L,Kenyon_Cell,cb_intrinsic,L,,acetylcholine,1,0,KC,apbp,0,2,,
114364,85884,KCab-m,KCab-m_L,Kenyon_Cell,cb_intrinsic,L,,acetylcholine,1,0,KC,ab,1,0,,
114370,85889,KCa'b'-ap1,KCa'b'-ap1_R,Kenyon_Cell,cb_intrinsic,R,,acetylcholine,1,0,KC,apbp,0,2,,
114440,85941,KCab-m,KCab-m_L,Kenyon_Cell,cb_intrinsic,L,,acetylcholine,1,0,KC,ab,2,0,,
114510,85994,M_lvPNm43,M_lvPNm43_R,ALPN,cb_intrinsic,R,,acetylcholine,1,0,ALPN,,0,0,,
114513,85997,M_lvPNm42,M_lvPNm42_R,ALPN,cb_intrinsic,R,,acetylcholine,1,0,ALPN,,0,0,,
114522,86005,PAM07,PAM07(y4<y1y2)_R,DAN,cb_intrinsic,R,,dopamine,1,1,DAN,,0,0,,
114580,86047,KCab-m,KCab-m_L,Kenyon_Cell,cb_intrinsic,L,,acetylcholine,1,0,KC,ab,1,0,,
114594,86058,KCg-m,KCg-m_R,Kenyon_Cell,cb_intrinsic,R,,acetylcholine,1,0,KC,gamma,2,2,,
114597,86061,KCab-c,KCab-c_L,Kenyon_Cell,cb_intrinsic,L,,acetylcholine,1,0,KC,ab,1,0,,
114649,86101,KCab-m,KCab-m_L,Kenyon_Cell,cb_intrinsic,L,,acetylcholine,1,0,KC,ab,1,0,,
114661,86107,PAM11,PAM11(a1)_R,DAN,cb_intrinsic,R,,dopamine,1,1,DAN,,0,0,,
114700,86139,PAM01,PAM01(y5)_R,DAN,cb_intrinsic,R,,dopamine,1,1,DAN,,0,0,,
114745,86169,KCab-s,KCab-s_L,Kenyon_Cell,cb_intrinsic,L,,acetylcholine,1,0,KC,ab,2,0,,
114847,86232,KCab-c,KCab-c_L,Kenyon_Cell,cb_intrinsic,L,,acetylcholine,1,0,KC,ab,2,0,,
114865,86243,KCab-m,KCab-m_L,Kenyon_Cell,cb_intrinsic,L,,acetylcholine,1,0,KC,ab,1,0,,
114889,86259,KCab-m,KCab-m_L,Kenyon_Cell,cb_intrinsic,L,,acetylcholine,1,0,KC,ab,2,0,,
114902,86268,KCab-c,KCab-c_L,Kenyon_Cell,cb_intrinsic,L,,acetylcholine,1,0,KC,ab,1,0,,
114930,86289,KCab-c,KCab-c_L,Kenyon_Cell,cb_intrinsic,L,,acetylcholine,1,0,KC,ab,1,0,,
114956,86306,KCg-m,KCg-m_L,Kenyon_Cell,cb_intrinsic,L,,acetylcholine,1,0,KC,gamma,1,2,,
115000,86334,M_vPNml84,M_vPNml84_L,ALPN,cb_intrinsic,L,,gaba,-1,0,ALPN,,0,0,,
115071,86381,KCab-c,KCab-c_R,Kenyon_Cell,cb_intrinsic,R,,acetylcholine,1,0,KC,ab,1,0,,
115174,86447,KCab-m,KCab-m_L,Kenyon_Cell,cb_intrinsic,L,,acetylcholine,1,0,KC,ab,1,0,,
115234,86492,KCg-m,KCg-m_L,Kenyon_Cell,cb_intrinsic,L,,acetylcholine,1,0,KC,gamma,1,3,,
115240,86497,KCg-m,KCg-m_R,Kenyon_Cell,cb_intrinsic,R,,acetylcholine,1,0,KC,gamma,1,2,,
115267,86512,KCab-s,KCab-s_R,Kenyon_Cell,cb_intrinsic,R,,acetylcholine,1,0,KC,ab,1,0,,
115287,86525,KCg-m,KCg-m_L,Kenyon_Cell,cb_intrinsic,L,,acetylcholine,1,0,KC,gamma,1,2,,
115470,86656,KCg-d,KCg-d_L,Kenyon_Cell,cb_intrinsic,L,,acetylcholine,1,0,KC,gamma,1,2,,
115485,86663,KCab-s,KCab-s_R,Kenyon_Cell,cb_intrinsic,R,,acetylcholine,1,0,KC,ab,2,0,,
115501,86674,KCab-c,KCab-c_R,Kenyon_Cell,cb_intrinsic,R,,acetylcholine,1,0,KC,ab,1,0,,
115540,86703,KCab-s,KCab-s_L,Kenyon_Cell,cb_intrinsic,L,,acetylcholine,1,0,KC,ab,1,0,,
115611,86745,KCab-c,KCab-c_L,Kenyon_Cell,cb_intrinsic,L,,acetylcholine,1,0,KC,ab,1,0,,
115617,86748,PAM04,PAM04(B2)_L,DAN,cb_intrinsic,L,,dopamine,1,1,DAN,,0,0,,
115664,86785,KCg-m,KCg-m_L,Kenyon_Cell,cb_intrinsic,L,,acetylcholine,1,0,KC,gamma,1,2,,
115711,86815,KCg-m,KCg-m_L,Kenyon_Cell,cb_intrinsic,L,,acetylcholine,1,0,KC,gamma,1,2,,
115752,86845,KCab-c,KCab-c_L,Kenyon_Cell,cb_intrinsic,L,,acetylcholine,1,0,KC,ab,1,0,,
115819,86888,KCab-c,KCab-c_L,Kenyon_Cell,cb_intrinsic,L,,acetylcholine,1,0,KC,ab,1,0,,
115868,86929,PAM14,PAM14(B'1m)_R,DAN,cb_intrinsic,R,,dopamine,1,1,DAN,,0,0,,
116057,87054,KCab-p,KCab-p_L,Kenyon_Cell,cb_intrinsic,L,,acetylcholine,1,0,KC,ab,1,0,,
116084,87072,KCg-m,KCg-m_L,Kenyon_Cell,cb_intrinsic,L,,acetylcholine,1,0,KC,gamma,1,2,,
116133,87108,M_vPNml86,M_vPNml86_R,ALPN,cb_intrinsic,R,,gaba,-1,0,ALPN,,0,0,,
116218,87171,KCg-m,KCg-m_L,Kenyon_Cell,cb_intrinsic,L,,acetylcholine,1,0,KC,gamma,1,2,,
116246,87188,KCab-c,KCab-c_L,Kenyon_Cell,cb_intrinsic,L,,acetylcholine,1,0,KC,ab,1,0,,
116289,87219,M_lvPNm32,M_lvPNm32_R,ALPN,cb_intrinsic,R,,acetylcholine,1,0,ALPN,,0,0,,
116304,87228,KCab-m,KCab-m_L,Kenyon_Cell,cb_intrinsic,L,,acetylcholine,1,0,KC,ab,2,0,,
116436,87314,KCg-m,KCg-m_L,Kenyon_Cell,cb_intrinsic,L,,acetylcholine,1,0,KC,gamma,1,2,,
116458,87331,KCab-c,KCab-c_L,Kenyon_Cell,cb_intrinsic,L,,acetylcholine,1,0,KC,ab,1,0,,
116467,87335,KCab-m,KCab-m_R,Kenyon_Cell,cb_intrinsic,R,,acetylcholine,1,0,KC,ab,1,0,,
116518,87364,KCg-m,KCg-m_L,Kenyon_Cell,cb_intrinsic,L,,acetylcholine,1,0,KC,gamma,1,2,,
116550,87391,KCg-m,KCg-m_L,Kenyon_Cell,cb_intrinsic,L,,acetylcholine,1,0,KC,gamma,1,2,,
116553,87392,KCg-m,KCg-m_L,Kenyon_Cell,cb_intrinsic,L,,acetylcholine,1,0,KC,gamma,1,2,,
116594,87418,M_lvPNm46,M_lvPNm46_R,ALPN,cb_intrinsic,R,,acetylcholine,1,0,ALPN,,0,0,,
116737,87507,M_lvPNm47,M_lvPNm47_R,ALPN,cb_intrinsic,R,,acetylcholine,1,0,ALPN,,0,0,,
116827,87568,M_vPNml78,M_vPNml78_R,ALPN,cb_intrinsic,R,,gaba,-1,0,ALPN,,0,0,,
116859,87593,VP1l+_lvPN,VP1l+_lvPN_L,ALPN,cb_intrinsic,L,,acetylcholine,1,0,ALPN,,0,0,,
116895,87616,KCab-c,KCab-c_L,Kenyon_Cell,cb_intrinsic,L,,acetylcholine,1,0,KC,ab,1,0,,
116917,87632,KCg-d,KCg-d_L,Kenyon_Cell,cb_intrinsic,L,,acetylcholine,1,0,KC,gamma,1,2,,
116973,87674,KCg-m,KCg-m_L,Kenyon_Cell,cb_intrinsic,L,,acetylcholine,1,0,KC,gamma,1,2,,
117016,87697,KCab-c,KCab-c_L,Kenyon_Cell,cb_intrinsic,L,,acetylcholine,1,0,KC,ab,1,0,,
117038,87714,KCab-s,KCab-s_L,Kenyon_Cell,cb_intrinsic,L,,acetylcholine,1,0,KC,ab,1,0,,
117041,87717,KCab-m,KCab-m_R,Kenyon_Cell,cb_intrinsic,R,,acetylcholine,1,0,KC,ab,1,0,,
117051,87723,KCg-m,KCg-m_L,Kenyon_Cell,cb_intrinsic,L,,acetylcholine,1,0,KC,gamma,1,2,,
117077,87742,KCab-m,KCab-m_L,Kenyon_Cell,cb_intrinsic,L,,acetylcholine,1,0,KC,ab,1,0,,
117106,87762,KCa'b'-m,KCa'b'-m_L,Kenyon_Cell,cb_intrinsic,L,,acetylcholine,1,0,KC,apbp,0,2,,
117108,87764,KCab-c,KCab-c_L,Kenyon_Cell,cb_intrinsic,L,,acetylcholine,1,0,KC,ab,1,0,,
117135,87788,KCg-m,KCg-m_L,Kenyon_Cell,cb_intrinsic,L,,acetylcholine,1,0,KC,gamma,1,2,,
117171,87814,KCab-p,KCab-p_L,Kenyon_Cell,cb_intrinsic,L,,acetylcholine,1,0,KC,ab,2,0,,
117192,87829,KCab-p,KCab-p_R,Kenyon_Cell,cb_intrinsic,R,,acetylcholine,1,0,KC,ab,1,0,,
117195,87832,KCab-s,KCab-s_L,Kenyon_Cell,cb_intrinsic,L,,acetylcholine,1,0,KC,ab,2,0,,
117228,87854,KCab-m,KCab-m_R,Kenyon_Cell,cb_intrinsic,R,,acetylcholine,1,0,KC,ab,1,0,,
117243,87865,KCab-s,KCab-s_R,Kenyon_Cell,cb_intrinsic,R,,acetylcholine,1,0,KC,ab,1,0,,
117286,87896,KCg-m,KCg-m_L,Kenyon_Cell,cb_intrinsic,L,,acetylcholine,1,0,KC,gamma,1,2,,
117318,87916,M_vPNml77,M_vPNml77_R,ALPN,cb_intrinsic,R,,gaba,-1,0,ALPN,,0,0,,
117342,87932,KCab-s,KCab-s_R,Kenyon_Cell,cb_intrinsic,R,,acetylcholine,1,0,KC,ab,1,0,,
117370,87951,KCab-s,KCab-s_R,Kenyon_Cell,cb_intrinsic,R,,acetylcholine,1,0,KC,ab,2,0,,
117375,87954,KCab-c,KCab-c_R,Kenyon_Cell,cb_intrinsic,R,,acetylcholine,1,0,KC,ab,1,0,,
117446,88001,KCab-s,KCab-s_R,Kenyon_Cell,cb_intrinsic,R,,acetylcholine,1,0,KC,ab,0,0,,
117495,88033,KCab-c,KCab-c_R,Kenyon_Cell,cb_intrinsic,R,,acetylcholine,1,0,KC,ab,2,0,,
117513,88044,KCg-m,KCg-m_L,Kenyon_Cell,cb_intrinsic,L,,acetylcholine,1,0,KC,gamma,1,2,,
117560,88080,KCab-c,KCab-c_L,Kenyon_Cell,cb_intrinsic,L,,acetylcholine,1,0,KC,ab,1,0,,
117583,88097,CB2589,CB2589_L,ALPN,cb_intrinsic,L,,gaba,-1,0,ALPN,,0,0,,
117635,88136,M_vPNml69,M_vPNml69_L,ALPN,cb_intrinsic,L,,gaba,-1,0,ALPN,,0,0,,
117660,88151,KCab-m,KCab-m_R,Kenyon_Cell,cb_intrinsic,R,,acetylcholine,1,0,KC,ab,1,0,,
117723,88200,KCab-c,KCab-c_L,Kenyon_Cell,cb_intrinsic,L,,acetylcholine,1,0,KC,ab,1,0,,
117777,88234,KCab-s,KCab-s_R,Kenyon_Cell,cb_intrinsic,R,,acetylcholine,1,0,KC,ab,1,0,,
117782,88239,PAM08,PAM08(y4)_L,DAN,cb_intrinsic,L,,dopamine,1,1,DAN,,0,0,,
117811,88260,KCab-p,KCab-p_L,Kenyon_Cell,cb_intrinsic,L,,acetylcholine,1,0,KC,ab,1,0,,
117883,88313,KCab-s,KCab-s_R,Kenyon_Cell,cb_intrinsic,R,,acetylcholine,1,0,KC,ab,1,0,,
117886,88315,KCab-c,KCab-c_R,Kenyon_Cell,cb_intrinsic,R,,acetylcholine,1,0,KC,ab,1,0,,
117936,88351,KCg-d,KCg-d_L,Kenyon_Cell,cb_intrinsic,L,,acetylcholine,1,0,KC,gamma,1,2,,
117952,88364,KCg-m,KCg-m_R,Kenyon_Cell,cb_intrinsic,R,,acetylcholine,1,0,KC,gamma,1,2,,
118000,88393,KCg-m,KCg-m_L,Kenyon_Cell,cb_intrinsic,L,,acetylcholine,1,0,KC,gamma,2,2,,
118007,88399,KCab-m,KCab-m_L,Kenyon_Cell,cb_intrinsic,L,,acetylcholine,1,0,KC,ab,2,0,,
118021,88406,KCab-m,KCab-m_R,Kenyon_Cell,cb_intrinsic,R,,acetylcholine,1,0,KC,ab,1,0,,
118041,88418,KCab-c,KCab-c_R,Kenyon_Cell,cb_intrinsic,R,,acetylcholine,1,0,KC,ab,1,0,,
118080,88446,KCab-s,KCab-s_L,Kenyon_Cell,cb_intrinsic,L,,acetylcholine,1,0,KC,ab,1,0,,
118083,88448,KCab-s,KCab-s_L,Kenyon_Cell,cb_intrinsic,L,,acetylcholine,1,0,KC,ab,2,0,,
118100,88461,KCg-m,KCg-m_L,Kenyon_Cell,cb_intrinsic,L,,acetylcholine,1,0,KC,gamma,1,2,,
118184,88516,KCab-p,KCab-p_L,Kenyon_Cell,cb_intrinsic,L,,acetylcholine,1,0,KC,ab,1,0,,
118204,88533,KCab-c,KCab-c_R,Kenyon_Cell,cb_intrinsic,R,,acetylcholine,1,0,KC,ab,2,0,,
118280,88590,KCg-d,KCg-d_L,Kenyon_Cell,cb_intrinsic,L,,acetylcholine,1,0,KC,gamma,1,2,,
118341,88626,KCab-p,KCab-p_R,Kenyon_Cell,cb_intrinsic,R,,acetylcholine,1,0,KC,ab,1,0,,
118351,88632,KCab-s,KCab-s_R,Kenyon_Cell,cb_intrinsic,R,,acetylcholine,1,0,KC,ab,1,0,,
118504,88735,KCab-s,KCab-s_R,Kenyon_Cell,cb_intrinsic,R,,acetylcholine,1,0,KC,ab,2,0,,
118507,88738,KCab-c,KCab-c_L,Kenyon_Cell,cb_intrinsic,L,,acetylcholine,1,0,KC,ab,1,0,,
118508,88739,KCg-m,KCg-m_L,Kenyon_Cell,cb_intrinsic,L,,acetylcholine,1,0,KC,gamma,1,2,,
118532,88755,KCab-c,KCab-c_R,Kenyon_Cell,cb_intrinsic,R,,acetylcholine,1,0,KC,ab,1,0,,
118569,88780,KCab-p,KCab-p_R,Kenyon_Cell,cb_intrinsic,R,,acetylcholine,1,0,KC,ab,1,0,,
118580,88787,KCa'b'-ap1,KCa'b'-ap1_L,Kenyon_Cell,cb_intrinsic,L,,acetylcholine,1,0,KC,apbp,0,2,,
118595,88798,KCab-c,KCab-c_R,Kenyon_Cell,cb_intrinsic,R,,acetylcholine,1,0,KC,ab,2,0,,
118629,88819,KCg-m,KCg-m_R,Kenyon_Cell,cb_intrinsic,R,,acetylcholine,1,0,KC,gamma,1,2,,
118636,88824,KCa'b'-m,KCa'b'-m_R,Kenyon_Cell,cb_intrinsic,R,,acetylcholine,1,0,KC,apbp,1,2,,
118732,88893,KCg-m,KCg-m_L,Kenyon_Cell,cb_intrinsic,L,,acetylcholine,1,0,KC,gamma,1,2,,
118769,88917,KCg-m,KCg-m_R,Kenyon_Cell,cb_intrinsic,R,,acetylcholine,1,0,KC,gamma,1,2,,
118825,88961,KCab-c,KCab-c_L,Kenyon_Cell,cb_intrinsic,L,,acetylcholine,1,0,KC,ab,1,0,,
118841,88976,KCab-s,KCab-s_L,Kenyon_Cell,cb_intrinsic,L,,acetylcholine,1,0,KC,ab,1,0,,
119055,89117,KCab-s,KCab-s_L,Kenyon_Cell,cb_intrinsic,L,,acetylcholine,1,0,KC,ab,1,0,,
119101,89147,KCg-m,KCg-m_R,Kenyon_Cell,cb_intrinsic,R,,acetylcholine,1,0,KC,gamma,1,2,,
119144,89173,KCg-m,KCg-m_L,Kenyon_Cell,cb_intrinsic,L,,acetylcholine,1,0,KC,gamma,2,2,,
119152,89179,KCg-m,KCg-m_L,Kenyon_Cell,cb_intrinsic,L,,acetylcholine,1,0,KC,gamma,1,2,,
119160,89187,KCab-c,KCab-c_R,Kenyon_Cell,cb_intrinsic,R,,acetylcholine,1,0,KC,ab,1,0,,
119167,89191,KCg-d,KCg-d_L,Kenyon_Cell,cb_intrinsic,L,,acetylcholine,1,0,KC,gamma,1,3,,
119240,89239,KCab-m,KCab-m_L,Kenyon_Cell,cb_intrinsic,L,,acetylcholine,1,0,KC,ab,2,0,,
119278,89264,KCg-m,KCg-m_R,Kenyon_Cell,cb_intrinsic,R,,acetylcholine,1,0,KC,gamma,1,2,,
119280,89265,KCg-m,KCg-m_R,Kenyon_Cell,cb_intrinsic,R,,acetylcholine,1,0,KC,gamma,1,2,,
119348,89305,KCab-s,KCab-s_L,Kenyon_Cell,cb_intrinsic,L,,acetylcholine,1,0,KC,ab,1,0,,
119411,89346,KCab-m,KCab-m_L,Kenyon_Cell,cb_intrinsic,L,,acetylcholine,1,0,KC,ab,1,0,,
119413,89348,KCab-s,KCab-s_L,Kenyon_Cell,cb_intrinsic,L,,acetylcholine,1,0,KC,ab,1,0,,
119465,89380,KCab-c,KCab-c_L,Kenyon_Cell,cb_intrinsic,L,,acetylcholine,1,0,KC,ab,1,0,,
119468,89383,KCab-m,KCab-m_R,Kenyon_Cell,cb_intrinsic,R,,acetylcholine,1,0,KC,ab,1,0,,
119475,89386,KCg-m,KCg-m_L,Kenyon_Cell,cb_intrinsic,L,,acetylcholine,1,0,KC,gamma,1,2,,
119499,89405,PAM08,PAM08(y4)_L,DAN,cb_intrinsic,L,,dopamine,1,1,DAN,,0,0,,
119532,89421,KCab-s,KCab-s_L,Kenyon_Cell,cb_intrinsic,L,,acetylcholine,1,0,KC,ab,2,0,,
119536,89425,KCg-m,KCg-m_L,Kenyon_Cell,cb_intrinsic,L,,acetylcholine,1,0,KC,gamma,1,3,,
119591,89457,KCg-m,KCg-m_R,Kenyon_Cell,cb_intrinsic,R,,acetylcholine,1,0,KC,gamma,1,2,,
119612,89470,KCg-m,KCg-m_L,Kenyon_Cell,cb_intrinsic,L,,acetylcholine,1,0,KC,gamma,1,2,,
119632,89486,KCg-m,KCg-m_R,Kenyon_Cell,cb_intrinsic,R,,acetylcholine,1,0,KC,gamma,1,2,,
119635,89488,KCab-s,KCab-s_L,Kenyon_Cell,cb_intrinsic,L,,acetylcholine,1,0,KC,ab,1,0,,
119763,89566,PAM11,PAM11(a1)_L,DAN,cb_intrinsic,L,,dopamine,1,1,DAN,,0,0,,
119852,89623,KCab-s,KCab-s_R,Kenyon_Cell,cb_intrinsic,R,,acetylcholine,1,0,KC,ab,2,0,,
119901,89659,KCab-p,KCab-p_L,Kenyon_Cell,cb_intrinsic,L,,acetylcholine,1,0,KC,ab,1,0,,
119936,89685,KCg-m,KCg-m_R,Kenyon_Cell,cb_intrinsic,R,,acetylcholine,1,0,KC,gamma,1,2,,
120070,89766,KCab-s,KCab-s_L,Kenyon_Cell,cb_intrinsic,L,,acetylcholine,1,0,KC,ab,2,0,,
120094,89784,KCab-m,KCab-m_R,Kenyon_Cell,cb_intrinsic,R,,acetylcholine,1,0,KC,ab,1,0,,
120202,89854,KCab-m,KCab-m_L,Kenyon_Cell,cb_intrinsic,L,,acetylcholine,1,0,KC,ab,1,0,,
120259,89884,PAM04,PAM04(B2)_R,DAN,cb_intrinsic,R,,dopamine,1,1,DAN,,0,0,,
120275,89896,KCa'b'-ap2,KCa'b'-ap2_L,Kenyon_Cell,cb_intrinsic,L,,acetylcholine,1,0,KC,apbp,0,2,,
120291,89911,KCab-s,KCab-s_L,Kenyon_Cell,cb_intrinsic,L,,acetylcholine,1,0,KC,ab,1,0,,
120313,89923,KCg-m,KCg-m_L,Kenyon_Cell,cb_intrinsic,L,,acetylcholine,1,0,KC,gamma,1,2,,
120513,90059,KCab-c,KCab-c_L,Kenyon_Cell,cb_intrinsic,L,,acetylcholine,1,0,KC,ab,1,0,,
120567,90099,KCab-s,KCab-s_R,Kenyon_Cell,cb_intrinsic,R,,acetylcholine,1,0,KC,ab,1,0,,
120642,90145,KCg-m,KCg-m_L,Kenyon_Cell,cb_intrinsic,L,,acetylcholine,1,0,KC,gamma,1,2,,
120660,90155,KCab-m,KCab-m_L,Kenyon_Cell,cb_intrinsic,L,,acetylcholine,1,0,KC,ab,2,0,,
120689,90175,KCab-m,KCab-m_R,Kenyon_Cell,cb_intrinsic,R,,acetylcholine,1,0,KC,ab,1,0,,
120699,90181,KCab-m,KCab-m_R,Kenyon_Cell,cb_intrinsic,R,,acetylcholine,1,0,KC,ab,1,0,,
120726,90195,KCab-m,KCab-m_R,Kenyon_Cell,cb_intrinsic,R,,acetylcholine,1,0,KC,ab,1,0,,
120768,90223,PAM07,PAM07(y4<y1y2)_R,DAN,cb_intrinsic,R,,dopamine,1,1,DAN,,0,0,,
120781,90232,KCab-c,KCab-c_R,Kenyon_Cell,cb_intrinsic,R,,acetylcholine,1,0,KC,ab,1,0,,
120818,90259,KCg-m,KCg-m_L,Kenyon_Cell,cb_intrinsic,L,,acetylcholine,1,0,KC,gamma,1,2,,
120853,90283,KCg-m,KCg-m_L,Kenyon_Cell,cb_intrinsic,L,,acetylcholine,1,0,KC,gamma,1,2,,
120894,90316,KCab-s,KCab-s_L,Kenyon_Cell,cb_intrinsic,L,,acetylcholine,1,0,KC,ab,2,0,,
120914,90329,KCab-s,KCab-s_R,Kenyon_Cell,cb_intrinsic,R,,acetylcholine,1,0,KC,ab,1,0,,
120949,90350,KCg-d,KCg-d_R,Kenyon_Cell,cb_intrinsic,R,,acetylcholine,1,0,KC,gamma,1,2,,
121079,90433,KCab-c,KCab-c_L,Kenyon_Cell,cb_intrinsic,L,,acetylcholine,1,0,KC,ab,1,0,,
121103,90445,KCg-m,KCg-m_R,Kenyon_Cell,cb_intrinsic,R,,acetylcholine,1,0,KC,gamma,1,2,,
121106,90447,KCab-c,KCab-c_L,Kenyon_Cell,cb_intrinsic,L,,acetylcholine,1,0,KC,ab,1,0,,
121122,90456,KCab-m,KCab-m_L,Kenyon_Cell,cb_intrinsic,L,,acetylcholine,1,0,KC,ab,2,0,,
121138,90469,KCab-m,KCab-m_R,Kenyon_Cell,cb_intrinsic,R,,acetylcholine,1,0,KC,ab,1,0,,
121150,90478,KCab-m,KCab-m_R,Kenyon_Cell,cb_intrinsic,R,,acetylcholine,1,0,KC,ab,0,0,,
121241,90541,KCab-m,KCab-m_R,Kenyon_Cell,cb_intrinsic,R,,acetylcholine,1,0,KC,ab,1,0,,
121323,90600,CB2589,CB2589_R,ALPN,cb_intrinsic,R,,gaba,-1,0,ALPN,,0,0,,
121369,90636,M_vPNml83,M_vPNml83_R,ALPN,cb_intrinsic,R,,gaba,-1,0,ALPN,,0,0,,
121446,90679,KCab-c,KCab-c_L,Kenyon_Cell,cb_intrinsic,L,,acetylcholine,1,0,KC,ab,1,0,,
121501,90717,KCg-m,KCg-m_L,Kenyon_Cell,cb_intrinsic,L,,acetylcholine,1,0,KC,gamma,1,2,,
121597,90783,KCab-c,KCab-c_L,Kenyon_Cell,cb_intrinsic,L,,acetylcholine,1,0,KC,ab,1,0,,
121665,90821,KCab-m,KCab-m_L,Kenyon_Cell,cb_intrinsic,L,,acetylcholine,1,0,KC,ab,2,0,,
121704,90848,KCab-c,KCab-c_L,Kenyon_Cell,cb_intrinsic,L,,acetylcholine,1,0,KC,ab,1,0,,
121712,90852,KCg-m,KCg-m_L,Kenyon_Cell,cb_intrinsic,L,,acetylcholine,1,0,KC,gamma,1,2,,
121769,90888,KCab-s,KCab-s_R,Kenyon_Cell,cb_intrinsic,R,,acetylcholine,1,0,KC,ab,1,0,,
121910,90987,KCab-c,KCab-c_L,Kenyon_Cell,cb_intrinsic,L,,acetylcholine,1,0,KC,ab,2,0,,
121966,91027,KCab-c,KCab-c_R,Kenyon_Cell,cb_intrinsic,R,,acetylcholine,1,0,KC,ab,2,0,,
122000,91049,KCab-s,KCab-s_R,Kenyon_Cell,cb_intrinsic,R,,acetylcholine,1,0,KC,ab,2,0,,
122062,91090,PAM08,PAM08(y4)_R,DAN,cb_intrinsic,R,,dopamine,1,1,DAN,,0,0,,
122077,91100,KCg-m,KCg-m_L,Kenyon_Cell,cb_intrinsic,L,,acetylcholine,1,0,KC,gamma,1,2,,
122089,91110,KCab-s,KCab-s_R,Kenyon_Cell,cb_intrinsic,R,,acetylcholine,1,0,KC,ab,1,0,,
122110,91123,KCab-p,KCab-p_R,Kenyon_Cell,cb_intrinsic,R,,acetylcholine,1,0,KC,ab,1,0,,
122137,91143,KCab-m,KCab-m_R,Kenyon_Cell,cb_intrinsic,R,,acetylcholine,1,0,KC,ab,1,0,,
122226,91208,KCab-m,KCab-m_L,Kenyon_Cell,cb_intrinsic,L,,acetylcholine,1,0,KC,ab,2,0,,
122240,91216,KCab-m,KCab-m_L,Kenyon_Cell,cb_intrinsic,L,,acetylcholine,1,0,KC,ab,1,0,,
122249,91224,KCab-s,KCab-s_R,Kenyon_Cell,cb_intrinsic,R,,acetylcholine,1,0,KC,ab,2,0,,
122275,91244,KCab-m,KCab-m_L,Kenyon_Cell,cb_intrinsic,L,,acetylcholine,1,0,KC,ab,1,0,,
122285,91253,KCg-m,KCg-m_L,Kenyon_Cell,cb_intrinsic,L,,acetylcholine,1,0,KC,gamma,1,3,,
122293,91259,KCg-m,KCg-m_R,Kenyon_Cell,cb_intrinsic,R,,acetylcholine,1,0,KC,gamma,1,3,,
122326,91283,KCg-m,KCg-m_L,Kenyon_Cell,cb_intrinsic,L,,acetylcholine,1,0,KC,gamma,1,2,,
122354,91304,KCg-m,KCg-m_R,Kenyon_Cell,cb_intrinsic,R,,acetylcholine,1,0,KC,gamma,1,2,,
122378,91323,KCg-m,KCg-m_L,Kenyon_Cell,cb_intrinsic,L,,acetylcholine,1,0,KC,gamma,1,2,,
122463,91372,KCab-s,KCab-s_L,Kenyon_Cell,cb_intrinsic,L,,acetylcholine,1,0,KC,ab,2,0,,
122481,91383,KCg-m,KCg-m_L,Kenyon_Cell,cb_intrinsic,L,,acetylcholine,1,0,KC,gamma,1,2,,
122573,91443,KCab-c,KCab-c_R,Kenyon_Cell,cb_intrinsic,R,,acetylcholine,1,0,KC,ab,1,0,,
122595,91457,KCg-m,KCg-m_L,Kenyon_Cell,cb_intrinsic,L,,acetylcholine,1,0,KC,gamma,1,2,,
122600,91461,KCa'b'-ap2,KCa'b'-ap2_L,Kenyon_Cell,cb_intrinsic,L,,acetylcholine,1,0,KC,apbp,0,2,,
122631,91480,KCab-s,KCab-s_R,Kenyon_Cell,cb_intrinsic,R,,acetylcholine,1,0,KC,ab,1,0,,
122647,91489,KCg-d,KCg-d_L,Kenyon_Cell,cb_intrinsic,L,,acetylcholine,1,0,KC,gamma,1,2,,
122691,91515,KCa'b'-m,KCa'b'-m_L,Kenyon_Cell,cb_intrinsic,L,,acetylcholine,1,0,KC,apbp,0,2,,
122703,91524,KCg-m,KCg-m_L,Kenyon_Cell,cb_intrinsic,L,,acetylcholine,1,0,KC,gamma,1,2,,
122865,91625,KCa'b'-ap2,KCa'b'-ap2_L,Kenyon_Cell,cb_intrinsic,L,,acetylcholine,1,0,KC,apbp,0,2,,
122874,91632,KCa'b'-ap2,KCa'b'-ap2_L,Kenyon_Cell,cb_intrinsic,L,,acetylcholine,1,0,KC,apbp,0,2,,
122892,91643,KCg-m,KCg-m_R,Kenyon_Cell,cb_intrinsic,R,,acetylcholine,1,0,KC,gamma,1,2,,
122979,91702,KCg-m,KCg-m_L,Kenyon_Cell,cb_intrinsic,L,,acetylcholine,1,0,KC,gamma,1,2,,
123035,91738,KCab-m,KCab-m_R,Kenyon_Cell,cb_intrinsic,R,,acetylcholine,1,0,KC,ab,1,0,,
123071,91762,KCab-m,KCab-m_L,Kenyon_Cell,cb_intrinsic,L,,acetylcholine,1,0,KC,ab,1,0,,
123107,91787,KCab-m,KCab-m_L,Kenyon_Cell,cb_intrinsic,L,,acetylcholine,1,0,KC,ab,1,0,,
123140,91808,KCab-m,KCab-m_L,Kenyon_Cell,cb_intrinsic,L,,acetylcholine,1,0,KC,ab,1,0,,
123169,91830,KCab-c,KCab-c_R,Kenyon_Cell,cb_intrinsic,R,,acetylcholine,1,0,KC,ab,1,0,,
123241,91883,KCab-m,KCab-m_L,Kenyon_Cell,cb_intrinsic,L,,acetylcholine,1,0,KC,ab,2,0,,
123263,91899,KCg-m,KCg-m_L,Kenyon_Cell,cb_intrinsic,L,,acetylcholine,1,0,KC,gamma,1,2,,
123274,91905,KCab-m,KCab-m_L,Kenyon_Cell,cb_intrinsic,L,,acetylcholine,1,0,KC,ab,1,0,,
123280,91908,KCg-m,KCg-m_R,Kenyon_Cell,cb_intrinsic,R,,acetylcholine,1,0,KC,gamma,1,2,,
123380,91978,KCab-c,KCab-c_L,Kenyon_Cell,cb_intrinsic,L,,acetylcholine,1,0,KC,ab,1,0,,
123401,91991,KCab-m,KCab-m_R,Kenyon_Cell,cb_intrinsic,R,,acetylcholine,1,0,KC,ab,1,0,,
123404,91993,KCg-m,KCg-m_L,Kenyon_Cell,cb_intrinsic,L,,acetylcholine,1,0,KC,gamma,1,2,,
123421,92003,KCg-m,KCg-m_R,Kenyon_Cell,cb_intrinsic,R,,acetylcholine,1,0,KC,gamma,1,3,,
123472,92037,KCab-m,KCab-m_L,Kenyon_Cell,cb_intrinsic,L,,acetylcholine,1,0,KC,ab,2,0,,
123477,92041,KCg-m,KCg-m_L,Kenyon_Cell,cb_intrinsic,L,,acetylcholine,1,0,KC,gamma,1,2,,
123494,92054,KCg-m,KCg-m_L,Kenyon_Cell,cb_intrinsic,L,,acetylcholine,1,0,KC,gamma,1,2,,
123523,92068,KCa'b'-m,KCa'b'-m_L,Kenyon_Cell,cb_intrinsic,L,,acetylcholine,1,0,KC,apbp,0,2,,
123544,92079,KCab-s,KCab-s_R,Kenyon_Cell,cb_intrinsic,R,,acetylcholine,1,0,KC,ab,1,0,,
123585,92107,KCg-m,KCg-m_R,Kenyon_Cell,cb_intrinsic,R,,acetylcholine,1,0,KC,gamma,1,2,,
123605,92123,KCa'b'-ap1,KCa'b'-ap1_R,Kenyon_Cell,cb_intrinsic,R,,acetylcholine,1,0,KC,apbp,1,2,,
123648,92151,KCab-m,KCab-m_R,Kenyon_Cell,cb_intrinsic,R,,acetylcholine,1,0,KC,ab,1,0,,
123653,92154,KCab-c,KCab-c_L,Kenyon_Cell,cb_intrinsic,L,,acetylcholine,1,0,KC,ab,1,0,,
123684,92174,KCg-m,KCg-m_L,Kenyon_Cell,cb_intrinsic,L,,acetylcholine,1,0,KC,gamma,1,2,,
123749,92215,KCab-c,KCab-c_R,Kenyon_Cell,cb_intrinsic,R,,acetylcholine,1,0,KC,ab,1,0,,
123775,92233,KCab-m,KCab-m_L,Kenyon_Cell,cb_intrinsic,L,,acetylcholine,1,0,KC,ab,1,0,,
123841,92268,KCg-m,KCg-m_L,Kenyon_Cell,cb_intrinsic,L,,acetylcholine,1,0,KC,gamma,1,2,,
123894,92305,KCg-m,KCg-m_R,Kenyon_Cell,cb_intrinsic,R,,acetylcholine,1,0,KC,gamma,1,3,,
123939,92332,KCab-m,KCab-m_L,Kenyon_Cell,cb_intrinsic,L,,acetylcholine,1,0,KC,ab,2,0,,
123978,92356,KCab-c,KCab-c_L,Kenyon_Cell,cb_intrinsic,L,,acetylcholine,1,0,KC,ab,1,0,,
123997,92368,KCab-c,KCab-c_L,Kenyon_Cell,cb_intrinsic,L,,acetylcholine,1,0,KC,ab,1,0,,
124021,92389,KCg-m,KCg-m_L,Kenyon_Cell,cb_intrinsic,L,,acetylcholine,1,0,KC,gamma,1,2,,
124046,92405,KCg-m,KCg-m_L,Kenyon_Cell,cb_intrinsic,L,,acetylcholine,1,0,KC,gamma,1,2,,
124055,92410,KCg-m,KCg-m_R,Kenyon_Cell,cb_intrinsic,R,,acetylcholine,1,0,KC,gamma,1,2,,
124097,92436,KCg-d,KCg-d_L,Kenyon_Cell,cb_intrinsic,L,,acetylcholine,1,0,KC,gamma,1,2,,
124128,92454,KCab-m,KCab-m_L,Kenyon_Cell,cb_intrinsic,L,,acetylcholine,1,0,KC,ab,2,0,,
124211,92502,KCab-m,KCab-m_R,Kenyon_Cell,cb_intrinsic,R,,acetylcholine,1,0,KC,ab,2,0,,
124242,92526,KCg-m,KCg-m_R,Kenyon_Cell,cb_intrinsic,R,,acetylcholine,1,0,KC,gamma,1,2,,
124364,92596,M_adPNm7,M_adPNm7_R,ALPN,cb_intrinsic,R,,acetylcholine,1,0,ALPN,,0,0,,
124370,92601,KCg-m,KCg-m_L,Kenyon_Cell,cb_intrinsic,L,,acetylcholine,1,0,KC,gamma,1,2,,
124376,92604,KCab-p,KCab-p_R,Kenyon_Cell,cb_intrinsic,R,,acetylcholine,1,0,KC,ab,1,0,,
124435,92642,KCab-c,KCab-c_L,Kenyon_Cell,cb_intrinsic,L,,acetylcholine,1,0,KC,ab,1,0,,
124454,92656,KCab-c,KCab-c_L,Kenyon_Cell,cb_intrinsic,L,,acetylcholine,1,0,KC,ab,1,0,,
124605,92762,KCab-m,KCab-m_R,Kenyon_Cell,cb_intrinsic,R,,acetylcholine,1,0,KC,ab,1,0,,
124624,92777,KCab-m,KCab-m_L,Kenyon_Cell,cb_intrinsic,L,,acetylcholine,1,0,KC,ab,2,0,,
124632,92780,KCg-m,KCg-m_R,Kenyon_Cell,cb_intrinsic,R,,acetylcholine,1,0,KC,gamma,1,2,,
124685,92816,KCab-m,KCab-m_R,Kenyon_Cell,cb_intrinsic,R,,acetylcholine,1,0,KC,ab,1,0,,
124690,92820,KCg-m,KCg-m_L,Kenyon_Cell,cb_intrinsic,L,,acetylcholine,1,0,KC,gamma,1,2,,
124807,92895,KCab-m,KCab-m_L,Kenyon_Cell,cb_intrinsic,L,,acetylcholine,1,0,KC,ab,2,0,,
124918,92966,PAM04,PAM04(B2)_L,DAN,cb_intrinsic,L,,dopamine,1,1,DAN,,0,0,,
124937,92979,KCa'b'-ap1,KCa'b'-ap1_R,Kenyon_Cell,cb_intrinsic,R,,acetylcholine,1,0,KC,apbp,1,2,,
125002,93021,KCab-m,KCab-m_L,Kenyon_Cell,cb_intrinsic,L,,acetylcholine,1,0,KC,ab,2,0,,
125080,93070,PAM04,PAM04(B2)_L,DAN,cb_intrinsic,L,,dopamine,1,1,DAN,,0,0,,
125081,93071,KCab-m,KCab-m_R,Kenyon_Cell,cb_intrinsic,R,,acetylcholine,1,0,KC,ab,1,0,,
125185,93142,KCab-s,KCab-s_L,Kenyon_Cell,cb_intrinsic,L,,acetylcholine,1,0,KC,ab,2,0,,
125291,93213,CB2711,CB2711_R,ALPN,cb_intrinsic,R,,gaba,-1,0,ALPN,,0,0,,
125552,93365,KCg-m,KCg-m_L,Kenyon_Cell,cb_intrinsic,L,,acetylcholine,1,0,KC,gamma,1,2,,
125574,93381,KCab-m,KCab-m_L,Kenyon_Cell,cb_intrinsic,L,,acetylcholine,1,0,KC,ab,2,0,,
125644,93421,KCg-d,KCg-d_L,Kenyon_Cell,cb_intrinsic,L,,acetylcholine,1,0,KC,gamma,1,2,,
125813,93520,KCg-d,KCg-d_L,Kenyon_Cell,cb_intrinsic,L,,acetylcholine,1,0,KC,gamma,1,2,,
125860,93550,KCg-m,KCg-m_R,Kenyon_Cell,cb_intrinsic,R,,acetylcholine,1,0,KC,gamma,1,2,,
125908,93581,KCa'b'-ap1,KCa'b'-ap1_R,Kenyon_Cell,cb_intrinsic,R,,acetylcholine,1,0,KC,apbp,1,2,,
126002,93648,KCg-m,KCg-m_R,Kenyon_Cell,cb_intrinsic,R,,acetylcholine,1,0,KC,gamma,1,2,,
126057,93681,KCab-m,KCab-m_L,Kenyon_Cell,cb_intrinsic,L,,acetylcholine,1,0,KC,ab,2,0,,
126084,93701,KCab-m,KCab-m_R,Kenyon_Cell,cb_intrinsic,R,,acetylcholine,1,0,KC,ab,1,0,,
126174,93766,KCab-m,KCab-m_L,Kenyon_Cell,cb_intrinsic,L,,acetylcholine,1,0,KC,ab,2,0,,
126319,93848,KCab-s,KCab-s_L,Kenyon_Cell,cb_intrinsic,L,,acetylcholine,1,0,KC,ab,1,0,,
126390,93890,KCab-c,KCab-c_L,Kenyon_Cell,cb_intrinsic,L,,acetylcholine,1,0,KC,ab,1,0,,
126446,93927,KCab-m,KCab-m_R,Kenyon_Cell,cb_intrinsic,R,,acetylcholine,1,0,KC,ab,2,0,,
126501,93961,PAM06,PAM06(B'2m)_L,DAN,cb_intrinsic,L,,dopamine,1,1,DAN,,0,0,,
126602,94028,KCg-m,KCg-m_R,Kenyon_Cell,cb_intrinsic,R,,acetylcholine,1,0,KC,gamma,1,2,,
126673,94071,KCa'b'-ap2,KCa'b'-ap2_R,Kenyon_Cell,cb_intrinsic,R,,acetylcholine,1,0,KC,apbp,1,2,,
126683,94078,KCab-m,KCab-m_L,Kenyon_Cell,cb_intrinsic,L,,acetylcholine,1,0,KC,ab,1,0,,
126766,94123,KCg-m,KCg-m_L,Kenyon_Cell,cb_intrinsic,L,,acetylcholine,1,0,KC,gamma,1,2,,
126779,94131,KCg-m,KCg-m_L,Kenyon_Cell,cb_intrinsic,L,,acetylcholine,1,0,KC,gamma,1,2,,
126787,94136,KCab-m,KCab-m_L,Kenyon_Cell,cb_intrinsic,L,,acetylcholine,1,0,KC,ab,2,0,,
126815,94151,KCg-m,KCg-m_L,Kenyon_Cell,cb_intrinsic,L,,acetylcholine,1,0,KC,gamma,1,2,,
126900,94204,PAM12,PAM12(y3)_L,DAN,cb_intrinsic,L,,dopamine,1,1,DAN;away_teaching,,0,0,,
126945,94228,KCab-c,KCab-c_R,Kenyon_Cell,cb_intrinsic,R,,acetylcholine,1,0,KC,ab,1,0,,
126973,94245,KCg-m,KCg-m_L,Kenyon_Cell,cb_intrinsic,L,,acetylcholine,1,0,KC,gamma,1,2,,
127046,94287,KCg-d,KCg-d_R,Kenyon_Cell,cb_intrinsic,R,,acetylcholine,1,0,KC,gamma,1,2,,
127047,94288,KCab-m,KCab-m_L,Kenyon_Cell,cb_intrinsic,L,,acetylcholine,1,0,KC,ab,1,0,,
127130,94335,KCg-m,KCg-m_L,Kenyon_Cell,cb_intrinsic,L,,acetylcholine,1,0,KC,gamma,1,2,,
127203,94382,KCg-m,KCg-m_L,Kenyon_Cell,cb_intrinsic,L,,acetylcholine,1,0,KC,gamma,2,2,,
127225,94398,KCg-m,KCg-m_L,Kenyon_Cell,cb_intrinsic,L,,acetylcholine,1,0,KC,gamma,1,2,,
127326,94455,KCab-m,KCab-m_L,Kenyon_Cell,cb_intrinsic,L,,acetylcholine,1,0,KC,ab,2,0,,
127366,94477,KCa'b'-ap2,KCa'b'-ap2_R,Kenyon_Cell,cb_intrinsic,R,,acetylcholine,1,0,KC,apbp,0,2,,
127372,94480,KCg-m,KCg-m_L,Kenyon_Cell,cb_intrinsic,L,,acetylcholine,1,0,KC,gamma,1,2,,
127397,94499,KCg-m,KCg-m_R,Kenyon_Cell,cb_intrinsic,R,,acetylcholine,1,0,KC,gamma,1,2,,
127463,94541,KCab-c,KCab-c_L,Kenyon_Cell,cb_intrinsic,L,,acetylcholine,1,0,KC,ab,1,0,,
127471,94547,KCa'b'-m,KCa'b'-m_L,Kenyon_Cell,cb_intrinsic,L,,acetylcholine,1,0,KC,apbp,1,2,,
127577,94606,KCg-d,KCg-d_L,Kenyon_Cell,cb_intrinsic,L,,acetylcholine,1,0,KC,gamma,1,2,,
127593,94617,KCg-m,KCg-m_L,Kenyon_Cell,cb_intrinsic,L,,acetylcholine,1,0,KC,gamma,1,2,,
127659,94652,PAM02,PAM02(B'2a)_L,DAN,cb_intrinsic,L,,dopamine,1,1,DAN,,0,0,,
127739,94706,KCa'b'-m,KCa'b'-m_R,Kenyon_Cell,cb_intrinsic,R,,acetylcholine,1,0,KC,apbp,1,2,,
127944,94829,KCg-m,KCg-m_L,Kenyon_Cell,cb_intrinsic,L,,acetylcholine,1,0,KC,gamma,1,2,,
127980,94850,KCg-m,KCg-m_L,Kenyon_Cell,cb_intrinsic,L,,acetylcholine,1,0,KC,gamma,1,2,,
128075,94910,KCab-s,KCab-s_L,Kenyon_Cell,cb_intrinsic,L,,acetylcholine,1,0,KC,ab,2,0,,
128076,94911,PAM04,PAM04(B2)_R,DAN,cb_intrinsic,R,,dopamine,1,1,DAN,,0,0,,
128085,94915,KCa'b'-ap1,KCa'b'-ap1_R,Kenyon_Cell,cb_intrinsic,R,,acetylcholine,1,0,KC,apbp,1,2,,
128097,94924,KCg-m,KCg-m_L,Kenyon_Cell,cb_intrinsic,L,,acetylcholine,1,0,KC,gamma,1,2,,
128212,95000,KCab-m,KCab-m_L,Kenyon_Cell,cb_intrinsic,L,,acetylcholine,1,0,KC,ab,1,0,,
128352,95083,KCg-m,KCg-m_L,Kenyon_Cell,cb_intrinsic,L,,acetylcholine,1,0,KC,gamma,1,2,,
128366,95092,KCab-m,KCab-m_L,Kenyon_Cell,cb_intrinsic,L,,acetylcholine,1,0,KC,ab,1,0,,
128467,95146,KCab-c,KCab-c_L,Kenyon_Cell,cb_intrinsic,L,,acetylcholine,1,0,KC,ab,1,0,,
128471,95148,KCg-m,KCg-m_L,Kenyon_Cell,cb_intrinsic,L,,acetylcholine,1,0,KC,gamma,1,2,,
128565,95207,KCab-s,KCab-s_L,Kenyon_Cell,cb_intrinsic,L,,acetylcholine,1,0,KC,ab,1,0,,
128591,95227,KCa'b'-ap2,KCa'b'-ap2_L,Kenyon_Cell,cb_intrinsic,L,,acetylcholine,1,0,KC,apbp,0,2,,
128604,95232,KCa'b'-ap2,KCa'b'-ap2_L,Kenyon_Cell,cb_intrinsic,L,,acetylcholine,1,0,KC,apbp,0,2,,
128731,95312,KCab-c,KCab-c_L,Kenyon_Cell,cb_intrinsic,L,,acetylcholine,1,0,KC,ab,1,0,,
128743,95320,KCab-s,KCab-s_L,Kenyon_Cell,cb_intrinsic,L,,acetylcholine,1,0,KC,ab,1,0,,
128794,95352,KCa'b'-ap2,KCa'b'-ap2_L,Kenyon_Cell,cb_intrinsic,L,,acetylcholine,1,0,KC,apbp,0,2,,
128858,95398,KCa'b'-ap2,KCa'b'-ap2_R,Kenyon_Cell,cb_intrinsic,R,,acetylcholine,1,0,KC,apbp,1,2,,
128866,95404,KCab-c,KCab-c_L,Kenyon_Cell,cb_intrinsic,L,,acetylcholine,1,0,KC,ab,1,0,,
128873,95410,KCab-m,KCab-m_L,Kenyon_Cell,cb_intrinsic,L,,acetylcholine,1,0,KC,ab,1,0,,
128901,95430,KCg-m,KCg-m_L,Kenyon_Cell,cb_intrinsic,L,,acetylcholine,1,0,KC,gamma,1,2,,
128925,95445,KCg-d,KCg-d_R,Kenyon_Cell,cb_intrinsic,R,,acetylcholine,1,0,KC,gamma,1,3,,
128929,95448,KCg-m,KCg-m_L,Kenyon_Cell,cb_intrinsic,L,,acetylcholine,1,0,KC,gamma,1,2,,
128942,95456,KCab-c,KCab-c_L,Kenyon_Cell,cb_intrinsic,L,,acetylcholine,1,0,KC,ab,1,0,,
129022,95501,KCab-p,KCab-p_L,Kenyon_Cell,cb_intrinsic,L,,acetylcholine,1,0,KC,ab,1,0,,
129027,95504,KCab-s,KCab-s_R,Kenyon_Cell,cb_intrinsic,R,,acetylcholine,1,0,KC,ab,1,0,,
129122,95560,KCab-s,KCab-s_L,Kenyon_Cell,cb_intrinsic,L,,acetylcholine,1,0,KC,ab,1,0,,
129189,95601,KCg-m,KCg-m_R,Kenyon_Cell,cb_intrinsic,R,,acetylcholine,1,0,KC,gamma,1,2,,
129287,95665,KCg-m,KCg-m_R,Kenyon_Cell,cb_intrinsic,R,,acetylcholine,1,0,KC,gamma,1,2,,
129292,95668,KCab-c,KCab-c_R,Kenyon_Cell,cb_intrinsic,R,,acetylcholine,1,0,KC,ab,0,0,,
129301,95675,KCa'b'-ap2,KCa'b'-ap2_L,Kenyon_Cell,cb_intrinsic,L,,acetylcholine,1,0,KC,apbp,0,2,,
129321,95687,KCg-m,KCg-m_R,Kenyon_Cell,cb_intrinsic,R,,acetylcholine,1,0,KC,gamma,2,3,,
129330,95690,KCab-s,KCab-s_R,Kenyon_Cell,cb_intrinsic,R,,acetylcholine,1,0,KC,ab,2,0,,
129430,95764,PAM08,PAM08(y4)_L,DAN,cb_intrinsic,L,,dopamine,1,1,DAN,,0,0,,
129563,95832,PAM01,PAM01(y5)_R,DAN,cb_intrinsic,R,,dopamine,1,1,DAN,,0,0,,
129608,95862,KCab-c,KCab-c_L,Kenyon_Cell,cb_intrinsic,L,,acetylcholine,1,0,KC,ab,1,0,,
129627,95875,KCg-m,KCg-m_L,Kenyon_Cell,cb_intrinsic,L,,acetylcholine,1,0,KC,gamma,1,2,,
129659,95894,KCab-p,KCab-p_L,Kenyon_Cell,cb_intrinsic,L,,acetylcholine,1,0,KC,ab,1,0,,
129798,95972,KCab-s,KCab-s_L,Kenyon_Cell,cb_intrinsic,L,,acetylcholine,1,0,KC,ab,1,0,,
129866,96013,KCg-m,KCg-m_L,Kenyon_Cell,cb_intrinsic,L,,acetylcholine,1,0,KC,gamma,1,2,,
129892,96027,KCab-m,KCab-m_R,Kenyon_Cell,cb_intrinsic,R,,acetylcholine,1,0,KC,ab,1,0,,
129897,96030,KCab-c,KCab-c_L,Kenyon_Cell,cb_intrinsic,L,,acetylcholine,1,0,KC,ab,1,0,,
129903,96032,KCg-m,KCg-m_R,Kenyon_Cell,cb_intrinsic,R,,acetylcholine,1,0,KC,gamma,1,3,,
129965,96074,KCg-m,KCg-m_R,Kenyon_Cell,cb_intrinsic,R,,acetylcholine,1,0,KC,gamma,1,2,,
130231,96238,KCg-d,KCg-d_L,Kenyon_Cell,cb_intrinsic,L,,acetylcholine,1,0,KC,gamma,1,2,,
130317,96287,KCg-m,KCg-m_R,Kenyon_Cell,cb_intrinsic,R,,acetylcholine,1,0,KC,gamma,1,2,,
130324,96291,KCg-m,KCg-m_L,Kenyon_Cell,cb_intrinsic,L,,acetylcholine,1,0,KC,gamma,1,2,,
130392,96335,KCab-s,KCab-s_R,Kenyon_Cell,cb_intrinsic,R,,acetylcholine,1,0,KC,ab,1,0,,
130403,96343,KCg-m,KCg-m_R,Kenyon_Cell,cb_intrinsic,R,,acetylcholine,1,0,KC,gamma,1,2,,
130429,96357,KCab-c,KCab-c_L,Kenyon_Cell,cb_intrinsic,L,,acetylcholine,1,0,KC,ab,1,0,,
130439,96364,KCg-m,KCg-m_L,Kenyon_Cell,cb_intrinsic,L,,acetylcholine,1,0,KC,gamma,1,2,,
130521,96417,KCab-c,KCab-c_L,Kenyon_Cell,cb_intrinsic,L,,acetylcholine,1,0,KC,ab,1,0,,
130531,96423,KCab-m,KCab-m_L,Kenyon_Cell,cb_intrinsic,L,,acetylcholine,1,0,KC,ab,1,0,,
130556,96439,KCg-m,KCg-m_L,Kenyon_Cell,cb_intrinsic,L,,acetylcholine,1,0,KC,gamma,1,2,,
130580,96452,KCg-m,KCg-m_L,Kenyon_Cell,cb_intrinsic,L,,acetylcholine,1,0,KC,gamma,1,2,,
130603,96463,KCg-m,KCg-m_R,Kenyon_Cell,cb_intrinsic,R,,acetylcholine,1,0,KC,gamma,1,2,,
130796,96572,KCab-m,KCab-m_R,Kenyon_Cell,cb_intrinsic,R,,acetylcholine,1,0,KC,ab,1,0,,
130806,96577,KCg-m,KCg-m_R,Kenyon_Cell,cb_intrinsic,R,,acetylcholine,1,0,KC,gamma,1,2,,
130825,96588,KCab-c,KCab-c_L,Kenyon_Cell,cb_intrinsic,L,,acetylcholine,1,0,KC,ab,1,0,,
130875,96621,KCa'b'-ap2,KCa'b'-ap2_R,Kenyon_Cell,cb_intrinsic,R,,acetylcholine,1,0,KC,apbp,2,2,,
130907,96639,KCg-m,KCg-m_R,Kenyon_Cell,cb_intrinsic,R,,acetylcholine,1,0,KC,gamma,1,2,,
130920,96647,KCg-m,KCg-m_L,Kenyon_Cell,cb_intrinsic,L,,acetylcholine,1,0,KC,gamma,1,2,,
130950,96663,KCa'b'-m,KCa'b'-m_L,Kenyon_Cell,cb_intrinsic,L,,acetylcholine,1,0,KC,apbp,0,2,,
130972,96676,KCg-m,KCg-m_L,Kenyon_Cell,cb_intrinsic,L,,acetylcholine,1,0,KC,gamma,1,4,,
131008,96694,KCab-m,KCab-m_R,Kenyon_Cell,cb_intrinsic,R,,acetylcholine,1,0,KC,ab,1,0,,
131100,96744,KCg-m,KCg-m_R,Kenyon_Cell,cb_intrinsic,R,,acetylcholine,1,0,KC,gamma,1,2,,
131101,96745,KCab-c,KCab-c_R,Kenyon_Cell,cb_intrinsic,R,,acetylcholine,1,0,KC,ab,1,0,,
131198,96805,KCg-m,KCg-m_L,Kenyon_Cell,cb_intrinsic,L,,acetylcholine,1,0,KC,gamma,1,2,,
131212,96815,KCab-m,KCab-m_L,Kenyon_Cell,cb_intrinsic,L,,acetylcholine,1,0,KC,ab,2,0,,
131268,96849,KCg-m,KCg-m_L,Kenyon_Cell,cb_intrinsic,L,,acetylcholine,1,0,KC,gamma,1,2,,
131293,96868,KCg-m,KCg-m_R,Kenyon_Cell,cb_intrinsic,R,,acetylcholine,1,0,KC,gamma,1,2,,
131332,96894,KCg-m,KCg-m_L,Kenyon_Cell,cb_intrinsic,L,,acetylcholine,1,0,KC,gamma,1,2,,
131358,96914,KCab-c,KCab-c_L,Kenyon_Cell,cb_intrinsic,L,,acetylcholine,1,0,KC,ab,1,0,,
131359,96915,KCab-c,KCab-c_L,Kenyon_Cell,cb_intrinsic,L,,acetylcholine,1,0,KC,ab,2,0,,
131373,96925,KCg-m,KCg-m_L,Kenyon_Cell,cb_intrinsic,L,,acetylcholine,1,0,KC,gamma,1,2,,
131419,96953,PAM06,PAM06(B'2m)_R,DAN,cb_intrinsic,R,,dopamine,1,1,DAN,,0,0,,
131423,96956,KCg-m,KCg-m_L,Kenyon_Cell,cb_intrinsic,L,,acetylcholine,1,0,KC,gamma,1,2,,
131461,96980,KCab-m,KCab-m_R,Kenyon_Cell,cb_intrinsic,R,,acetylcholine,1,0,KC,ab,1,0,,
131495,97005,KCab-m,KCab-m_L,Kenyon_Cell,cb_intrinsic,L,,acetylcholine,1,0,KC,ab,1,0,,
131539,97034,KCab-m,KCab-m_L,Kenyon_Cell,cb_intrinsic,L,,acetylcholine,1,0,KC,ab,1,0,,
131568,97051,M_vPNml83,M_vPNml83_L,ALPN,cb_intrinsic,L,,gaba,-1,0,ALPN,,0,0,,
131597,97073,KCg-m,KCg-m_L,Kenyon_Cell,cb_intrinsic,L,,acetylcholine,1,0,KC,gamma,1,2,,
131607,97081,PAM07,PAM07(y4<y1y2)_L,DAN,cb_intrinsic,L,,dopamine,1,1,DAN,,0,0,,
131620,97091,KCg-m,KCg-m_L,Kenyon_Cell,cb_intrinsic,L,,acetylcholine,1,0,KC,gamma,1,2,,
131662,97113,KCa'b'-ap2,KCa'b'-ap2_R,Kenyon_Cell,cb_intrinsic,R,,acetylcholine,1,0,KC,apbp,0,2,,
131765,97181,KCab-c,KCab-c_L,Kenyon_Cell,cb_intrinsic,L,,acetylcholine,1,0,KC,ab,2,0,,
131797,97200,KCab-s,KCab-s_L,Kenyon_Cell,cb_intrinsic,L,,acetylcholine,1,0,KC,ab,1,0,,
131936,97291,KCab-m,KCab-m_L,Kenyon_Cell,cb_intrinsic,L,,acetylcholine,1,0,KC,ab,2,0,,
131946,97298,KCg-m,KCg-m_R,Kenyon_Cell,cb_intrinsic,R,,acetylcholine,1,0,KC,gamma,1,2,,
131954,97301,KCg-m,KCg-m_L,Kenyon_Cell,cb_intrinsic,L,,acetylcholine,1,0,KC,gamma,1,2,,
131964,97307,KCab-s,KCab-s_R,Kenyon_Cell,cb_intrinsic,R,,acetylcholine,1,0,KC,ab,1,0,,
132006,97332,KCa'b'-ap2,KCa'b'-ap2_L,Kenyon_Cell,cb_intrinsic,L,,acetylcholine,1,0,KC,apbp,0,2,,
132048,97358,KCab-c,KCab-c_R,Kenyon_Cell,cb_intrinsic,R,,acetylcholine,1,0,KC,ab,1,0,,
132051,97361,KCg-m,KCg-m_L,Kenyon_Cell,cb_intrinsic,L,,acetylcholine,1,0,KC,gamma,1,2,,
132066,97370,KCab-c,KCab-c_L,Kenyon_Cell,cb_intrinsic,L,,acetylcholine,1,0,KC,ab,1,0,,
132117,97399,KCa'b'-m,KCa'b'-m_L,Kenyon_Cell,cb_intrinsic,L,,acetylcholine,1,0,KC,apbp,0,2,,
132230,97463,KCg-m,KCg-m_R,Kenyon_Cell,cb_intrinsic,R,,acetylcholine,1,0,KC,gamma,1,3,,
132312,97515,KCg-m,KCg-m_R,Kenyon_Cell,cb_intrinsic,R,,acetylcholine,1,0,KC,gamma,1,2,,
132410,97574,KCab-m,KCab-m_L,Kenyon_Cell,cb_intrinsic,L,,acetylcholine,1,0,KC,ab,1,0,,
132467,97605,KCg-m,KCg-m_L,Kenyon_Cell,cb_intrinsic,L,,acetylcholine,1,0,KC,gamma,1,2,,
132513,97631,PAM06,PAM06(B'2m)_R,DAN,cb_intrinsic,R,,dopamine,1,1,DAN,,0,0,,
132539,97647,KCab-s,KCab-s_L,Kenyon_Cell,cb_intrinsic,L,,acetylcholine,1,0,KC,ab,1,0,,
132598,97687,KCg-m,KCg-m_L,Kenyon_Cell,cb_intrinsic,L,,acetylcholine,1,0,KC,gamma,1,2,,
132622,97701,KCab-p,KCab-p_L,Kenyon_Cell,cb_intrinsic,L,,acetylcholine,1,0,KC,ab,1,0,,
132649,97717,KCab-p,KCab-p_R,Kenyon_Cell,cb_intrinsic,R,,acetylcholine,1,0,KC,ab,1,0,,
132661,97727,KCa'b'-ap2,KCa'b'-ap2_L,Kenyon_Cell,cb_intrinsic,L,,acetylcholine,1,0,KC,apbp,0,2,,
132747,97776,KCg-m,KCg-m_L,Kenyon_Cell,cb_intrinsic,L,,acetylcholine,1,0,KC,gamma,1,2,,
132791,97798,KCab-s,KCab-s_R,Kenyon_Cell,cb_intrinsic,R,,acetylcholine,1,0,KC,ab,2,0,,
132800,97805,KCab-m,KCab-m_L,Kenyon_Cell,cb_intrinsic,L,,acetylcholine,1,0,KC,ab,2,0,,
132804,97807,KCa'b'-ap1,KCa'b'-ap1_R,Kenyon_Cell,cb_intrinsic,R,,acetylcholine,1,0,KC,apbp,0,2,,
132857,97833,KCa'b'-ap1,KCa'b'-ap1_L,Kenyon_Cell,cb_intrinsic,L,,acetylcholine,1,0,KC,apbp,1,2,,
132887,97848,KCab-s,KCab-s_R,Kenyon_Cell,cb_intrinsic,R,,acetylcholine,1,0,KC,ab,2,0,,
132896,97854,KCab-s,KCab-s_L,Kenyon_Cell,cb_intrinsic,L,,acetylcholine,1,0,KC,ab,1,0,,
132900,97857,CB3383,CB3383_L,ALPN,cb_intrinsic,L,,acetylcholine,1,0,ALPN,,0,0,,
132912,97862,KCab-m,KCab-m_L,Kenyon_Cell,cb_intrinsic,L,,acetylcholine,1,0,KC,ab,1,0,,
132978,97906,KCg-m,KCg-m_L,Kenyon_Cell,cb_intrinsic,L,,acetylcholine,1,0,KC,gamma,1,2,,
133019,97931,PAM08,PAM08(y4)_R,DAN,cb_intrinsic,R,,dopamine,1,1,DAN,,0,0,,
133053,97950,KCg-m,KCg-m_R,Kenyon_Cell,cb_intrinsic,R,,acetylcholine,1,0,KC,gamma,1,2,,
133066,97956,KCg-m,KCg-m_L,Kenyon_Cell,cb_intrinsic,L,,acetylcholine,1,0,KC,gamma,1,2,,
133083,97968,KCa'b'-ap2,KCa'b'-ap2_L,Kenyon_Cell,cb_intrinsic,L,,acetylcholine,1,0,KC,apbp,0,2,,
133100,97980,KCab-c,KCab-c_R,Kenyon_Cell,cb_intrinsic,R,,acetylcholine,1,0,KC,ab,1,0,,
133102,97982,KCab-p,KCab-p_L,Kenyon_Cell,cb_intrinsic,L,,acetylcholine,1,0,KC,ab,0,0,,
133165,98014,KCab-c,KCab-c_L,Kenyon_Cell,cb_intrinsic,L,,acetylcholine,1,0,KC,ab,2,0,,
133214,98042,KCg-m,KCg-m_R,Kenyon_Cell,cb_intrinsic,R,,acetylcholine,1,0,KC,gamma,1,2,,
133249,98061,KCg-m,KCg-m_L,Kenyon_Cell,cb_intrinsic,L,,acetylcholine,1,0,KC,gamma,1,2,,
133250,98062,KCab-s,KCab-s_R,Kenyon_Cell,cb_intrinsic,R,,acetylcholine,1,0,KC,ab,1,0,,
133256,98065,KCab-s,KCab-s_L,Kenyon_Cell,cb_intrinsic,L,,acetylcholine,1,0,KC,ab,2,0,,
133281,98081,KCab-m,KCab-m_L,Kenyon_Cell,cb_intrinsic,L,,acetylcholine,1,0,KC,ab,2,0,,
133308,98098,KCab-m,KCab-m_L,Kenyon_Cell,cb_intrinsic,L,,acetylcholine,1,0,KC,ab,1,0,,
133316,98104,KCg-m,KCg-m_L,Kenyon_Cell,cb_intrinsic,L,,acetylcholine,1,0,KC,gamma,1,2,,
133334,98116,KCa'b'-ap2,KCa'b'-ap2_R,Kenyon_Cell,cb_intrinsic,R,,acetylcholine,1,0,KC,apbp,0,2,,
133363,98133,KCab-s,KCab-s_L,Kenyon_Cell,cb_intrinsic,L,,acetylcholine,1,0,KC,ab,1,0,,
133427,98170,MBON10,MBON10(B'1)_R,MBON,cb_intrinsic,R,,gaba,-1,0,MBON,,0,0,,
133435,98174,KCg-m,KCg-m_L,Kenyon_Cell,cb_intrinsic,L,,acetylcholine,1,0,KC,gamma,1,3,,
133479,98200,KCg-m,KCg-m_L,Kenyon_Cell,cb_intrinsic,L,,acetylcholine,1,0,KC,gamma,1,2,,
133500,98213,KCg-m,KCg-m_L,Kenyon_Cell,cb_intrinsic,L,,acetylcholine,1,0,KC,gamma,1,2,,
133549,98239,KCa'b'-m,KCa'b'-m_L,Kenyon_Cell,cb_intrinsic,L,,acetylcholine,1,0,KC,apbp,1,2,,
133550,98240,KCg-m,KCg-m_L,Kenyon_Cell,cb_intrinsic,L,,acetylcholine,1,0,KC,gamma,1,3,,
133564,98248,KCg-m,KCg-m_L,Kenyon_Cell,cb_intrinsic,L,,acetylcholine,1,0,KC,gamma,1,2,,
133570,98253,KCab-c,KCab-c_L,Kenyon_Cell,cb_intrinsic,L,,acetylcholine,1,0,KC,ab,1,0,,
133583,98264,KCab-m,KCab-m_L,Kenyon_Cell,cb_intrinsic,L,,acetylcholine,1,0,KC,ab,1,0,,
133607,98275,KCg-m,KCg-m_L,Kenyon_Cell,cb_intrinsic,L,,acetylcholine,1,0,KC,gamma,1,2,,
133630,98285,KCg-m,KCg-m_L,Kenyon_Cell,cb_intrinsic,L,,acetylcholine,1,0,KC,gamma,1,2,,
133642,98292,KCg-m,KCg-m_R,Kenyon_Cell,cb_intrinsic,R,,acetylcholine,1,0,KC,gamma,1,2,,
133671,98305,KCg-m,KCg-m_R,Kenyon_Cell,cb_intrinsic,R,,acetylcholine,1,0,KC,gamma,1,2,,
133709,98329,KCab-c,KCab-c_L,Kenyon_Cell,cb_intrinsic,L,,acetylcholine,1,0,KC,ab,1,0,,
133727,98343,KCab-c,KCab-c_R,Kenyon_Cell,cb_intrinsic,R,,acetylcholine,1,0,KC,ab,2,0,,
133806,98389,KCg-m,KCg-m_R,Kenyon_Cell,cb_intrinsic,R,,acetylcholine,1,0,KC,gamma,1,3,,
133864,98428,KCab-s,KCab-s_L,Kenyon_Cell,cb_intrinsic,L,,acetylcholine,1,0,KC,ab,1,0,,
133873,98433,KCab-m,KCab-m_L,Kenyon_Cell,cb_intrinsic,L,,acetylcholine,1,0,KC,ab,2,0,,
134059,98546,KCg-m,KCg-m_L,Kenyon_Cell,cb_intrinsic,L,,acetylcholine,1,0,KC,gamma,1,2,,
134161,98598,KCg-m,KCg-m_L,Kenyon_Cell,cb_intrinsic,L,,acetylcholine,1,0,KC,gamma,1,2,,
134216,98635,KCg-m,KCg-m_R,Kenyon_Cell,cb_intrinsic,R,,acetylcholine,1,0,KC,gamma,1,2,,
134256,98656,KCg-m,KCg-m_L,Kenyon_Cell,cb_intrinsic,L,,acetylcholine,1,0,KC,gamma,1,2,,
134265,98663,PAM06,PAM06(B'2m)_R,DAN,cb_intrinsic,R,,dopamine,1,1,DAN,,0,0,,
134271,98667,KCab-c,KCab-c_L,Kenyon_Cell,cb_intrinsic,L,,acetylcholine,1,0,KC,ab,1,0,,
134357,98720,KCab-c,KCab-c_R,Kenyon_Cell,cb_intrinsic,R,,acetylcholine,1,0,KC,ab,1,0,,
134359,98722,KCg-m,KCg-m_R,Kenyon_Cell,cb_intrinsic,R,,acetylcholine,1,0,KC,gamma,1,2,,
134430,98758,KCg-m,KCg-m_L,Kenyon_Cell,cb_intrinsic,L,,acetylcholine,1,0,KC,gamma,1,2,,
134438,98762,KCab-c,KCab-c_L,Kenyon_Cell,cb_intrinsic,L,,acetylcholine,1,0,KC,ab,1,0,,
134523,98803,KCab-c,KCab-c_L,Kenyon_Cell,cb_intrinsic,L,,acetylcholine,1,0,KC,ab,1,0,,
134660,98874,KCg-m,KCg-m_R,Kenyon_Cell,cb_intrinsic,R,,acetylcholine,1,0,KC,gamma,1,2,,
134731,98911,KCa'b'-m,KCa'b'-m_L,Kenyon_Cell,cb_intrinsic,L,,acetylcholine,1,0,KC,apbp,2,2,,
134742,98917,KCg-m,KCg-m_L,Kenyon_Cell,cb_intrinsic,L,,acetylcholine,1,0,KC,gamma,1,2,,
134769,98929,PAM06,PAM06(B'2m)_R,DAN,cb_intrinsic,R,,dopamine,1,1,DAN,,0,0,,
134789,98939,KCab-m,KCab-m_L,Kenyon_Cell,cb_intrinsic,L,,acetylcholine,1,0,KC,ab,1,0,,
134859,98975,KCa'b'-m,KCa'b'-m_L,Kenyon_Cell,cb_intrinsic,L,,acetylcholine,1,0,KC,apbp,0,2,,
134865,98979,KCg-m,KCg-m_L,Kenyon_Cell,cb_intrinsic,L,,acetylcholine,1,0,KC,gamma,1,2,,
134869,98982,PAM06,PAM06(B'2m)_L,DAN,cb_intrinsic,L,,dopamine,1,1,DAN,,0,0,,
134883,98987,KCg-m,KCg-m_R,Kenyon_Cell,cb_intrinsic,R,,acetylcholine,1,0,KC,gamma,1,3,,
134891,98992,KCab-c,KCab-c_R,Kenyon_Cell,cb_intrinsic,R,,acetylcholine,1,0,KC,ab,1,0,,
134965,99036,KCg-m,KCg-m_L,Kenyon_Cell,cb_intrinsic,L,,acetylcholine,1,0,KC,gamma,1,2,,
135013,99059,KCab-m,KCab-m_L,Kenyon_Cell,cb_intrinsic,L,,acetylcholine,1,0,KC,ab,2,0,,
135046,99080,PAM02,PAM02(B'2a)_L,DAN,cb_intrinsic,L,,dopamine,1,1,DAN,,0,0,,
135092,99104,KCa'b'-m,KCa'b'-m_R,Kenyon_Cell,cb_intrinsic,R,,acetylcholine,1,0,KC,apbp,0,2,,
135158,99143,KCg-m,KCg-m_L,Kenyon_Cell,cb_intrinsic,L,,acetylcholine,1,0,KC,gamma,1,2,,
135171,99150,PAM12,PAM12(y3)_R,DAN,cb_intrinsic,R,,dopamine,1,1,DAN;away_teaching,,0,0,,
135219,99178,KCg-d,KCg-d_L,Kenyon_Cell,cb_intrinsic,L,,acetylcholine,1,0,KC,gamma,1,2,,
135238,99186,KCg-m,KCg-m_R,Kenyon_Cell,cb_intrinsic,R,,acetylcholine,1,0,KC,gamma,1,2,,
135241,99188,KCg-d,KCg-d_L,Kenyon_Cell,cb_intrinsic,L,,acetylcholine,1,0,KC,gamma,1,2,,
135247,99193,KCab-s,KCab-s_R,Kenyon_Cell,cb_intrinsic,R,,acetylcholine,1,0,KC,ab,2,0,,
135265,99202,KCab-m,KCab-m_R,Kenyon_Cell,cb_intrinsic,R,,acetylcholine,1,0,KC,ab,1,0,,
135287,99212,PAM05,PAM05(B'2p)_L,DAN,cb_intrinsic,L,,dopamine,1,1,DAN,,0,0,,
135290,99214,PAM15,PAM15(y5B'2a)_R,DAN,cb_intrinsic,R,,dopamine,1,1,DAN,,0,0,,
135354,99248,KCab-p,KCab-p_L,Kenyon_Cell,cb_intrinsic,L,,acetylcholine,1,0,KC,ab,1,0,,
135362,99252,KCg-m,KCg-m_R,Kenyon_Cell,cb_intrinsic,R,,acetylcholine,1,0,KC,gamma,1,3,,
135363,99253,KCg-m,KCg-m_L,Kenyon_Cell,cb_intrinsic,L,,acetylcholine,1,0,KC,gamma,1,2,,
135421,99279,KCg-d,KCg-d_R,Kenyon_Cell,cb_intrinsic,R,,acetylcholine,1,0,KC,gamma,1,2,,
135480,99316,KCg-m,KCg-m_L,Kenyon_Cell,cb_intrinsic,L,,acetylcholine,1,0,KC,gamma,1,2,,
135506,99331,KCg-m,KCg-m_L,Kenyon_Cell,cb_intrinsic,L,,acetylcholine,1,0,KC,gamma,1,2,,
135567,99362,KCab-m,KCab-m_L,Kenyon_Cell,cb_intrinsic,L,,acetylcholine,1,0,KC,ab,2,0,,
135578,99367,PAM08,PAM08(y4)_L,DAN,cb_intrinsic,L,,dopamine,1,1,DAN,,0,0,,
135614,99386,KCab-s,KCab-s_R,Kenyon_Cell,cb_intrinsic,R,,acetylcholine,1,0,KC,ab,2,0,,
135662,99412,KCg-d,KCg-d_L,Kenyon_Cell,cb_intrinsic,L,,acetylcholine,1,0,KC,gamma,1,2,,
135739,99457,KCg-m,KCg-m_R,Kenyon_Cell,cb_intrinsic,R,,acetylcholine,1,0,KC,gamma,1,2,,
135773,99474,KCg-m,KCg-m_L,Kenyon_Cell,cb_intrinsic,L,,acetylcholine,1,0,KC,gamma,1,2,,
135783,99475,KCg-m,KCg-m_L,Kenyon_Cell,cb_intrinsic,L,,acetylcholine,1,0,KC,gamma,1,3,,
135825,99498,KCg-m,KCg-m_L,Kenyon_Cell,cb_intrinsic,L,,acetylcholine,1,0,KC,gamma,1,2,,
135847,99512,KCg-m,KCg-m_L,Kenyon_Cell,cb_intrinsic,L,,acetylcholine,1,0,KC,gamma,1,2,,
135866,99523,KCab-c,KCab-c_R,Kenyon_Cell,cb_intrinsic,R,,acetylcholine,1,0,KC,ab,1,0,,
135883,99532,KCg-m,KCg-m_L,Kenyon_Cell,cb_intrinsic,L,,acetylcholine,1,0,KC,gamma,1,2,,
135897,99539,KCg-d,KCg-d_L,Kenyon_Cell,cb_intrinsic,L,,acetylcholine,1,0,KC,gamma,1,2,,
135993,99590,KCab-m,KCab-m_R,Kenyon_Cell,cb_intrinsic,R,,acetylcholine,1,0,KC,ab,1,0,,
136024,99612,PAM06,PAM06(B'2m)_L,DAN,cb_intrinsic,L,,dopamine,1,1,DAN,,0,0,,
136044,99625,KCab-m,KCab-m_R,Kenyon_Cell,cb_intrinsic,R,,acetylcholine,1,0,KC,ab,1,0,,
136046,99626,KCg-d,KCg-d_L,Kenyon_Cell,cb_intrinsic,L,,acetylcholine,1,0,KC,gamma,1,2,,
136048,99628,KCab-p,KCab-p_L,Kenyon_Cell,cb_intrinsic,L,,acetylcholine,1,0,KC,ab,1,0,,
136101,99656,KCg-m,KCg-m_L,Kenyon_Cell,cb_intrinsic,L,,acetylcholine,1,0,KC,gamma,1,2,,
136127,99665,KCg-m,KCg-m_L,Kenyon_Cell,cb_intrinsic,L,,acetylcholine,1,0,KC,gamma,1,2,,
136144,99674,PAM08,PAM08(y4)_R,DAN,cb_intrinsic,R,,dopamine,1,1,DAN,,0,0,,
136147,99676,M_lPNm12,M_lPNm12_L,ALPN,cb_intrinsic,L,,acetylcholine,1,0,ALPN,,0,0,,
136153,99679,KCab-m,KCab-m_L,Kenyon_Cell,cb_intrinsic,L,,acetylcholine,1,0,KC,ab,2,0,,
136196,99699,KCab-p,KCab-p_L,Kenyon_Cell,cb_intrinsic,L,,acetylcholine,1,0,KC,ab,1,0,,
136208,99706,KCg-m,KCg-m_R,Kenyon_Cell,cb_intrinsic,R,,acetylcholine,1,0,KC,gamma,1,2,,
136213,99709,CB3447,CB3447_R,ALPN,cb_intrinsic,R,,gaba,-1,0,ALPN,,0,0,,
136215,99710,PAM06,PAM06(B'2m)_L,DAN,cb_intrinsic,L,,dopamine,1,1,DAN,,0,0,,
136233,99720,KCab-s,KCab-s_L,Kenyon_Cell,cb_intrinsic,L,,acetylcholine,1,0,KC,ab,1,0,,
136240,99727,KCg-m,KCg-m_R,Kenyon_Cell,cb_intrinsic,R,,acetylcholine,1,0,KC,gamma,1,2,,
136258,99733,KCab-c,KCab-c_L,Kenyon_Cell,cb_intrinsic,L,,acetylcholine,1,0,KC,ab,1,0,,
136310,99760,KCg-m,KCg-m_R,Kenyon_Cell,cb_intrinsic,R,,acetylcholine,1,0,KC,gamma,1,2,,
136327,99770,KCab-m,KCab-m_L,Kenyon_Cell,cb_intrinsic,L,,acetylcholine,1,0,KC,ab,1,0,,
136345,99778,KCab-m,KCab-m_L,Kenyon_Cell,cb_intrinsic,L,,acetylcholine,1,0,KC,ab,2,0,,
136428,99821,KCab-c,KCab-c_L,Kenyon_Cell,cb_intrinsic,L,,acetylcholine,1,0,KC,ab,1,0,,
136435,99824,KCab-c,KCab-c_L,Kenyon_Cell,cb_intrinsic,L,,acetylcholine,1,0,KC,ab,0,0,,
136459,99834,KCg-m,KCg-m_R,Kenyon_Cell,cb_intrinsic,R,,acetylcholine,1,0,KC,gamma,1,2,,
136461,99836,KCab-m,KCab-m_L,Kenyon_Cell,cb_intrinsic,L,,acetylcholine,1,0,KC,ab,2,0,,
136525,99874,KCg-m,KCg-m_L,Kenyon_Cell,cb_intrinsic,L,,acetylcholine,1,0,KC,gamma,1,2,,
136531,99878,KCg-m,KCg-m_R,Kenyon_Cell,cb_intrinsic,R,,acetylcholine,1,0,KC,gamma,1,2,,
136570,99899,KCg-m,KCg-m_R,Kenyon_Cell,cb_intrinsic,R,,acetylcholine,1,0,KC,gamma,1,2,,
136581,99907,KCg-m,KCg-m_L,Kenyon_Cell,cb_intrinsic,L,,acetylcholine,1,0,KC,gamma,1,2,,
136705,99976,KCg-m,KCg-m_L,Kenyon_Cell,cb_intrinsic,L,,acetylcholine,1,0,KC,gamma,1,2,,
136825,100031,KCab-m,KCab-m_R,Kenyon_Cell,cb_intrinsic,R,,acetylcholine,1,0,KC,ab,1,0,,
136873,100054,KCab-c,KCab-c_R,Kenyon_Cell,cb_intrinsic,R,,acetylcholine,1,0,KC,ab,1,0,,
136896,100074,KCg-m,KCg-m_L,Kenyon_Cell,cb_intrinsic,L,,acetylcholine,1,0,KC,gamma,1,2,,
136912,100083,KCg-d,KCg-d_L,Kenyon_Cell,cb_intrinsic,L,,acetylcholine,1,0,KC,gamma,1,2,,
136943,100097,KCg-m,KCg-m_L,Kenyon_Cell,cb_intrinsic,L,,acetylcholine,1,0,KC,gamma,1,2,,
136988,100119,KCg-m,KCg-m_L,Kenyon_Cell,cb_intrinsic,L,,acetylcholine,1,0,KC,gamma,1,2,,
137008,100127,KCab-c,KCab-c_L,Kenyon_Cell,cb_intrinsic,L,,acetylcholine,1,0,KC,ab,1,0,,
137021,100135,KCa'b'-ap2,KCa'b'-ap2_L,Kenyon_Cell,cb_intrinsic,L,,acetylcholine,1,0,KC,apbp,0,2,,
137029,100140,KCab-m,KCab-m_R,Kenyon_Cell,cb_intrinsic,R,,acetylcholine,1,0,KC,ab,1,0,,
137044,100146,KCab-s,KCab-s_L,Kenyon_Cell,cb_intrinsic,L,,acetylcholine,1,0,KC,ab,1,0,,
137061,100158,KCg-m,KCg-m_L,Kenyon_Cell,cb_intrinsic,L,,acetylcholine,1,0,KC,gamma,1,2,,
137072,100165,KCg-m,KCg-m_L,Kenyon_Cell,cb_intrinsic,L,,acetylcholine,1,0,KC,gamma,1,2,,
137174,100223,KCg-m,KCg-m_L,Kenyon_Cell,cb_intrinsic,L,,acetylcholine,1,0,KC,gamma,1,2,,
137233,100249,KCab-c,KCab-c_L,Kenyon_Cell,cb_intrinsic,L,,acetylcholine,1,0,KC,ab,1,0,,
137235,100251,KCab-s,KCab-s_R,Kenyon_Cell,cb_intrinsic,R,,acetylcholine,1,0,KC,ab,2,0,,
137257,100262,KCab-p,KCab-p_L,Kenyon_Cell,cb_intrinsic,L,,acetylcholine,1,0,KC,ab,1,0,,
137283,100274,KCg-d,KCg-d_L,Kenyon_Cell,cb_intrinsic,L,,acetylcholine,1,0,KC,gamma,1,2,,
137302,100283,KCg-d,KCg-d_L,Kenyon_Cell,cb_intrinsic,L,,acetylcholine,1,0,KC,gamma,1,2,,
137321,100299,PAM04,PAM04(B2)_L,DAN,cb_intrinsic,L,,dopamine,1,1,DAN,,0,0,,
137373,100329,PAM06,PAM06(B'2m)_L,DAN,cb_intrinsic,L,,dopamine,1,1,DAN,,0,0,,
137438,100362,KCg-m,KCg-m_L,Kenyon_Cell,cb_intrinsic,L,,acetylcholine,1,0,KC,gamma,1,2,,
137484,100390,KCg-m,KCg-m_L,Kenyon_Cell,cb_intrinsic,L,,acetylcholine,1,0,KC,gamma,1,2,,
137539,100417,PAM11,PAM11(a1)_R,DAN,cb_intrinsic,R,,dopamine,1,1,DAN,,0,0,,
137541,100419,KCa'b'-ap2,KCa'b'-ap2_R,Kenyon_Cell,cb_intrinsic,R,,acetylcholine,1,0,KC,apbp,0,2,,
137546,100422,KCg-m,KCg-m_L,Kenyon_Cell,cb_intrinsic,L,,acetylcholine,1,0,KC,gamma,1,2,,
137595,100443,PAM07,PAM07(y4<y1y2)_R,DAN,cb_intrinsic,R,,dopamine,1,1,DAN,,0,0,,
137668,100484,CB2589,CB2589_R,ALPN,cb_intrinsic,R,,gaba,-1,0,ALPN,,0,0,,
137734,100513,KCab-c,KCab-c_L,Kenyon_Cell,cb_intrinsic,L,,acetylcholine,1,0,KC,ab,1,0,,
137789,100546,KCg-m,KCg-m_L,Kenyon_Cell,cb_intrinsic,L,,acetylcholine,1,0,KC,gamma,1,2,,
137837,100574,KCab-p,KCab-p_L,Kenyon_Cell,cb_intrinsic,L,,acetylcholine,1,0,KC,ab,1,0,,
137866,100592,KCab-s,KCab-s_L,Kenyon_Cell,cb_intrinsic,L,,acetylcholine,1,0,KC,ab,2,0,,
137890,100606,KCg-m,KCg-m_L,Kenyon_Cell,cb_intrinsic,L,,acetylcholine,1,0,KC,gamma,1,2,,
137952,100631,KCg-d,KCg-d_L,Kenyon_Cell,cb_intrinsic,L,,acetylcholine,1,0,KC,gamma,1,2,,
137977,100642,KCab-p,KCab-p_L,Kenyon_Cell,cb_intrinsic,L,,acetylcholine,1,0,KC,ab,1,0,,
137995,100655,KCa'b'-m,KCa'b'-m_L,Kenyon_Cell,cb_intrinsic,L,,acetylcholine,1,0,KC,apbp,1,2,,
138053,100685,KCg-m,KCg-m_L,Kenyon_Cell,cb_intrinsic,L,,acetylcholine,1,0,KC,gamma,1,2,,
138162,100742,KCab-c,KCab-c_L,Kenyon_Cell,cb_intrinsic,L,,acetylcholine,1,0,KC,ab,1,0,,
138186,100756,KCg-d,KCg-d_L,Kenyon_Cell,cb_intrinsic,L,,acetylcholine,1,0,KC,gamma,1,2,,
138198,100761,KCg-d,KCg-d_L,Kenyon_Cell,cb_intrinsic,L,,acetylcholine,1,0,KC,gamma,1,2,,
138210,100765,KCa'b'-ap2,KCa'b'-ap2_L,Kenyon_Cell,cb_intrinsic,L,,acetylcholine,1,0,KC,apbp,1,2,,
138335,100833,KCg-m,KCg-m_R,Kenyon_Cell,cb_intrinsic,R,,acetylcholine,1,0,KC,gamma,1,2,,
138352,100841,KCg-m,KCg-m_R,Kenyon_Cell,cb_intrinsic,R,,acetylcholine,1,0,KC,gamma,1,2,,
138353,100842,KCg-m,KCg-m_R,Kenyon_Cell,cb_intrinsic,R,,acetylcholine,1,0,KC,gamma,2,2,,
138378,100856,KCg-m,KCg-m_L,Kenyon_Cell,cb_intrinsic,L,,acetylcholine,1,0,KC,gamma,1,2,,
138404,100873,KCab-s,KCab-s_L,Kenyon_Cell,cb_intrinsic,L,,acetylcholine,1,0,KC,ab,1,0,,
138408,100875,KCg-m,KCg-m_R,Kenyon_Cell,cb_intrinsic,R,,acetylcholine,1,0,KC,gamma,1,2,,
138439,100896,KCg-m,KCg-m_L,Kenyon_Cell,cb_intrinsic,L,,acetylcholine,1,0,KC,gamma,1,3,,
138447,100900,KCg-m,KCg-m_L,Kenyon_Cell,cb_intrinsic,L,,acetylcholine,1,0,KC,gamma,1,2,,
138451,100903,KCg-m,KCg-m_L,Kenyon_Cell,cb_intrinsic,L,,acetylcholine,1,0,KC,gamma,1,2,,
138453,100905,KCab-m,KCab-m_L,Kenyon_Cell,cb_intrinsic,L,,acetylcholine,1,0,KC,ab,2,0,,
138480,100921,KCab-c,KCab-c_L,Kenyon_Cell,cb_intrinsic,L,,acetylcholine,1,0,KC,ab,1,0,,
138549,100954,KCab-s,KCab-s_L,Kenyon_Cell,cb_intrinsic,L,,acetylcholine,1,0,KC,ab,1,0,,
138563,100962,KCab-s,KCab-s_L,Kenyon_Cell,cb_intrinsic,L,,acetylcholine,1,0,KC,ab,1,0,,
138564,100963,KCg-m,KCg-m_L,Kenyon_Cell,cb_intrinsic,L,,acetylcholine,1,0,KC,gamma,1,2,,
138573,100967,KCg-m,KCg-m_R,Kenyon_Cell,cb_intrinsic,R,,acetylcholine,1,0,KC,gamma,2,2,,
138585,100975,PAM12,PAM12(y3)_L,DAN,cb_intrinsic,L,,dopamine,1,1,DAN;away_teaching,,0,0,,
138629,101001,PAM01,PAM01(y5)_L,DAN,cb_intrinsic,L,,dopamine,1,1,DAN,,0,0,,
138634,101005,KCg-m,KCg-m_L,Kenyon_Cell,cb_intrinsic,L,,acetylcholine,1,0,KC,gamma,2,2,,
138810,101100,KCg-m,KCg-m_L,Kenyon_Cell,cb_intrinsic,L,,acetylcholine,1,0,KC,gamma,1,2,,
138822,101105,PAM11,PAM11(a1)_L,DAN,cb_intrinsic,L,,dopamine,1,1,DAN,,0,0,,
138826,101109,KCab-s,KCab-s_R,Kenyon_Cell,cb_intrinsic,R,,acetylcholine,1,0,KC,ab,1,0,,
138865,101130,CB2711,CB2711_R,ALPN,cb_intrinsic,R,,gaba,-1,0,ALPN,,0,0,,
138875,101133,KCab-m,KCab-m_L,Kenyon_Cell,cb_intrinsic,L,,acetylcholine,1,0,KC,ab,1,0,,
138912,101154,KCab-s,KCab-s_L,Kenyon_Cell,cb_intrinsic,L,,acetylcholine,1,0,KC,ab,1,0,,
138929,101161,KCab-c,KCab-c_R,Kenyon_Cell,cb_intrinsic,R,,acetylcholine,1,0,KC,ab,1,0,,
138935,101165,KCg-m,KCg-m_L,Kenyon_Cell,cb_intrinsic,L,,acetylcholine,1,0,KC,gamma,1,2,,
138968,101181,KCg-m,KCg-m_L,Kenyon_Cell,cb_intrinsic,L,,acetylcholine,1,0,KC,gamma,1,2,,
139008,101201,KCg-m,KCg-m_R,Kenyon_Cell,cb_intrinsic,R,,acetylcholine,1,0,KC,gamma,1,2,,
139032,101212,KCab-p,KCab-p_L,Kenyon_Cell,cb_intrinsic,L,,acetylcholine,1,0,KC,ab,1,0,,
139039,101217,KCg-m,KCg-m_L,Kenyon_Cell,cb_intrinsic,L,,acetylcholine,1,0,KC,gamma,1,2,,
139053,101225,KCg-m,KCg-m_R,Kenyon_Cell,cb_intrinsic,R,,acetylcholine,1,0,KC,gamma,1,2,,
139093,101244,KCg-m,KCg-m_L,Kenyon_Cell,cb_intrinsic,L,,acetylcholine,1,0,KC,gamma,1,2,,
139182,101292,KCg-m,KCg-m_R,Kenyon_Cell,cb_intrinsic,R,,acetylcholine,1,0,KC,gamma,1,2,,
139199,101301,KCab-c,KCab-c_L,Kenyon_Cell,cb_intrinsic,L,,acetylcholine,1,0,KC,ab,1,0,,
139212,101309,KCab-c,KCab-c_L,Kenyon_Cell,cb_intrinsic,L,,acetylcholine,1,0,KC,ab,1,0,,
139252,101324,KCab-s,KCab-s_R,Kenyon_Cell,cb_intrinsic,R,,acetylcholine,1,0,KC,ab,1,0,,
139280,101336,PAM12,PAM12(y3)_R,DAN,cb_intrinsic,R,,dopamine,1,1,DAN;away_teaching,,0,0,,
139378,101377,PAM12,PAM12(y3)_R,DAN,cb_intrinsic,R,,dopamine,1,1,DAN;away_teaching,,0,0,,
139389,101384,KCa'b'-m,KCa'b'-m_R,Kenyon_Cell,cb_intrinsic,R,,acetylcholine,1,0,KC,apbp,1,2,,
139498,101433,KCa'b'-m,KCa'b'-m_L,Kenyon_Cell,cb_intrinsic,L,,acetylcholine,1,0,KC,apbp,0,2,,
139508,101437,KCg-m,KCg-m_L,Kenyon_Cell,cb_intrinsic,L,,acetylcholine,1,0,KC,gamma,1,2,,
139510,101438,KCg-m,KCg-m_R,Kenyon_Cell,cb_intrinsic,R,,acetylcholine,1,0,KC,gamma,1,2,,
139584,101474,KCa'b'-m,KCa'b'-m_L,Kenyon_Cell,cb_intrinsic,L,,acetylcholine,1,0,KC,apbp,0,2,,
139589,101478,KCg-m,KCg-m_L,Kenyon_Cell,cb_intrinsic,L,,acetylcholine,1,0,KC,gamma,1,2,,
139591,101480,KCg-d,KCg-d_L,Kenyon_Cell,cb_intrinsic,L,,acetylcholine,1,0,KC,gamma,1,2,,
139636,101503,KCab-c,KCab-c_L,Kenyon_Cell,cb_intrinsic,L,,acetylcholine,1,0,KC,ab,1,0,,
139642,101507,KCg-m,KCg-m_R,Kenyon_Cell,cb_intrinsic,R,,acetylcholine,1,0,KC,gamma,1,3,,
139662,101518,KCab-m,KCab-m_L,Kenyon_Cell,cb_intrinsic,L,,acetylcholine,1,0,KC,ab,1,0,,
139663,101519,KCa'b'-ap2,KCa'b'-ap2_L,Kenyon_Cell,cb_intrinsic,L,,acetylcholine,1,0,KC,apbp,0,2,,
139685,101531,KCg-m,KCg-m_L,Kenyon_Cell,cb_intrinsic,L,,acetylcholine,1,0,KC,gamma,1,2,,
139706,101542,PAM11,PAM11(a1)_R,DAN,cb_intrinsic,R,,dopamine,1,1,DAN,,0,0,,
139742,101561,KCg-m,KCg-m_R,Kenyon_Cell,cb_intrinsic,R,,acetylcholine,1,0,KC,gamma,1,2,,
139814,101598,VM6_lvPN,VM6_lvPN_L,ALPN,cb_intrinsic,L,,acetylcholine,1,0,ALPN,,0,0,,
139887,101636,KCab-m,KCab-m_L,Kenyon_Cell,cb_intrinsic,L,,acetylcholine,1,0,KC,ab,1,0,,
139894,101638,KCab-m,KCab-m_L,Kenyon_Cell,cb_intrinsic,L,,acetylcholine,1,0,KC,ab,1,0,,
139919,101652,KCab-m,KCab-m_L,Kenyon_Cell,cb_intrinsic,L,,acetylcholine,1,0,KC,ab,1,0,,
139943,101663,KCg-m,KCg-m_L,Kenyon_Cell,cb_intrinsic,L,,acetylcholine,1,0,KC,gamma,1,2,,
139952,101667,KCg-m,KCg-m_R,Kenyon_Cell,cb_intrinsic,R,,acetylcholine,1,0,KC,gamma,1,2,,
139970,101677,KCg-m,KCg-m_L,Kenyon_Cell,cb_intrinsic,L,,acetylcholine,1,0,KC,gamma,1,3,,
139976,101680,KCab-p,KCab-p_L,Kenyon_Cell,cb_intrinsic,L,,acetylcholine,1,0,KC,ab,1,0,,
139988,101687,KCg-m,KCg-m_L,Kenyon_Cell,cb_intrinsic,L,,acetylcholine,1,0,KC,gamma,1,2,,
140052,101725,KCa'b'-ap1,KCa'b'-ap1_L,Kenyon_Cell,cb_intrinsic,L,,acetylcholine,1,0,KC,apbp,0,2,,
140108,101754,CB2703,CB2703_R,ALPN,cb_intrinsic,R,,gaba,-1,0,ALPN,,0,0,,
140175,101790,KCg-d,KCg-d_L,Kenyon_Cell,cb_intrinsic,L,,acetylcholine,1,0,KC,gamma,1,2,,
140180,101794,KCg-m,KCg-m_L,Kenyon_Cell,cb_intrinsic,L,,acetylcholine,1,0,KC,gamma,1,2,,
140182,101796,KCg-m,KCg-m_R,Kenyon_Cell,cb_intrinsic,R,,acetylcholine,1,0,KC,gamma,1,2,,
140271,101842,PAM06,PAM06(B'2m)_R,DAN,cb_intrinsic,R,,dopamine,1,1,DAN,,0,0,,
140365,101884,KCg-m,KCg-m_L,Kenyon_Cell,cb_intrinsic,L,,acetylcholine,1,0,KC,gamma,1,2,,
140368,101887,KCab-m,KCab-m_L,Kenyon_Cell,cb_intrinsic,L,,acetylcholine,1,0,KC,ab,1,0,,
140457,101934,KCab-s,KCab-s_L,Kenyon_Cell,cb_intrinsic,L,,acetylcholine,1,0,KC,ab,1,0,,
140461,101936,KCg-m,KCg-m_L,Kenyon_Cell,cb_intrinsic,L,,acetylcholine,1,0,KC,gamma,1,2,,
140582,101995,KCa'b'-m,KCa'b'-m_L,Kenyon_Cell,cb_intrinsic,L,,acetylcholine,1,0,KC,apbp,1,2,,
140589,102000,KCg-m,KCg-m_R,Kenyon_Cell,cb_intrinsic,R,,acetylcholine,1,0,KC,gamma,1,2,,
140636,102020,KCg-m,KCg-m_R,Kenyon_Cell,cb_intrinsic,R,,acetylcholine,1,0,KC,gamma,1,2,,
140651,102026,KCab-c,KCab-c_L,Kenyon_Cell,cb_intrinsic,L,,acetylcholine,1,0,KC,ab,1,0,,
140661,102032,KCg-m,KCg-m_L,Kenyon_Cell,cb_intrinsic,L,,acetylcholine,1,0,KC,gamma,1,2,,
140726,102070,KCg-m,KCg-m_L,Kenyon_Cell,cb_intrinsic,L,,acetylcholine,1,0,KC,gamma,1,2,,
140730,102074,KCab-s,KCab-s_L,Kenyon_Cell,cb_intrinsic,L,,acetylcholine,1,0,KC,ab,1,0,,
140737,102078,KCg-m,KCg-m_L,Kenyon_Cell,cb_intrinsic,L,,acetylcholine,1,0,KC,gamma,1,2,,
140776,102100,M_vPNml84,M_vPNml84_L,ALPN,cb_intrinsic,L,,gaba,-1,0,ALPN,,0,0,,
140795,102112,KCg-m,KCg-m_L,Kenyon_Cell,cb_intrinsic,L,,acetylcholine,1,0,KC,gamma,1,2,,
140834,102131,KCab-s,KCab-s_R,Kenyon_Cell,cb_intrinsic,R,,acetylcholine,1,0,KC,ab,1,0,,
140867,102144,KCg-m,KCg-m_L,Kenyon_Cell,cb_intrinsic,L,,acetylcholine,1,0,KC,gamma,1,2,,
140883,102154,KCg-m,KCg-m_L,Kenyon_Cell,cb_intrinsic,L,,acetylcholine,1,0,KC,gamma,1,2,,
140943,102176,KCg-m,KCg-m_L,Kenyon_Cell,cb_intrinsic,L,,acetylcholine,1,0,KC,gamma,1,2,,
140961,102185,KCab-m,KCab-m_L,Kenyon_Cell,cb_intrinsic,L,,acetylcholine,1,0,KC,ab,1,0,,
140995,102201,KCg-m,KCg-m_L,Kenyon_Cell,cb_intrinsic,L,,acetylcholine,1,0,KC,gamma,1,3,,
141007,102206,KCab-p,KCab-p_L,Kenyon_Cell,cb_intrinsic,L,,acetylcholine,1,0,KC,ab,1,0,,
141046,102228,KCg-m,KCg-m_L,Kenyon_Cell,cb_intrinsic,L,,acetylcholine,1,0,KC,gamma,1,2,,
141131,102266,KCab-c,KCab-c_L,Kenyon_Cell,cb_intrinsic,L,,acetylcholine,1,0,KC,ab,1,0,,
141163,102276,KCab-p,KCab-p_L,Kenyon_Cell,cb_intrinsic,L,,acetylcholine,1,0,KC,ab,1,0,,
141219,102301,KCab-c,KCab-c_L,Kenyon_Cell,cb_intrinsic,L,,acetylcholine,1,0,KC,ab,1,0,,
141246,102312,PAM02,PAM02(B'2a)_L,DAN,cb_intrinsic,L,,dopamine,1,1,DAN,,0,0,,
141249,102314,KCg-m,KCg-m_L,Kenyon_Cell,cb_intrinsic,L,,acetylcholine,1,0,KC,gamma,1,2,,
141274,102327,KCab-s,KCab-s_L,Kenyon_Cell,cb_intrinsic,L,,acetylcholine,1,0,KC,ab,1,0,,
141289,102335,KCab-c,KCab-c_R,Kenyon_Cell,cb_intrinsic,R,,acetylcholine,1,0,KC,ab,1,0,,
141299,102340,KCg-m,KCg-m_L,Kenyon_Cell,cb_intrinsic,L,,acetylcholine,1,0,KC,gamma,1,2,,
141343,102363,KCg-m,KCg-m_L,Kenyon_Cell,cb_intrinsic,L,,acetylcholine,1,0,KC,gamma,1,2,,
141510,102440,PAM15,PAM15(y5B'2a)_R,DAN,cb_intrinsic,R,,dopamine,1,1,DAN,,0,0,,
141559,102463,KCab-p,KCab-p_L,Kenyon_Cell,cb_intrinsic,L,,acetylcholine,1,0,KC,ab,2,0,,
141602,102483,KCg-m,KCg-m_L,Kenyon_Cell,cb_intrinsic,L,,acetylcholine,1,0,KC,gamma,1,2,,
141615,102491,PAM01,PAM01(y5)_R,DAN,cb_intrinsic,R,,dopamine,1,1,DAN,,0,0,,
141659,102516,KCg-m,KCg-m_L,Kenyon_Cell,cb_intrinsic,L,,acetylcholine,1,0,KC,gamma,1,2,,
141662,102518,KCab-c,KCab-c_L,Kenyon_Cell,cb_intrinsic,L,,acetylcholine,1,0,KC,ab,0,0,,
141709,102543,KCg-m,KCg-m_L,Kenyon_Cell,cb_intrinsic,L,,acetylcholine,1,0,KC,gamma,1,3,,
141772,102579,KCg-m,KCg-m_L,Kenyon_Cell,cb_intrinsic,L,,acetylcholine,1,0,KC,gamma,2,3,,
141809,102598,KCab-m,KCab-m_L,Kenyon_Cell,cb_intrinsic,L,,acetylcholine,1,0,KC,ab,1,0,,
141840,102615,KCg-m,KCg-m_L,Kenyon_Cell,cb_intrinsic,L,,acetylcholine,1,0,KC,gamma,1,2,,
141914,102649,KCab-m,KCab-m_L,Kenyon_Cell,cb_intrinsic,L,,acetylcholine,1,0,KC,ab,1,0,,
141950,102667,KCab-c,KCab-c_R,Kenyon_Cell,cb_intrinsic,R,,acetylcholine,1,0,KC,ab,1,0,,
142029,102706,KCab-c,KCab-c_L,Kenyon_Cell,cb_intrinsic,L,,acetylcholine,1,0,KC,ab,1,0,,
142052,102715,M_VPNml66,M_VPNml66_R,ALPN,cb_intrinsic,R,,gaba,-1,0,ALPN,,0,0,,
142069,102720,KCg-d,KCg-d_L,Kenyon_Cell,cb_intrinsic,L,,acetylcholine,1,0,KC,gamma,1,2,,
142083,102725,KCg-m,KCg-m_L,Kenyon_Cell,cb_intrinsic,L,,acetylcholine,1,0,KC,gamma,1,2,,
142189,102781,KCg-m,KCg-m_R,Kenyon_Cell,cb_intrinsic,R,,acetylcholine,1,0,KC,gamma,1,2,,
142203,102786,KCg-d,KCg-d_L,Kenyon_Cell,cb_intrinsic,L,,acetylcholine,1,0,KC,gamma,1,2,,
142209,102789,KCg-m,KCg-m_L,Kenyon_Cell,cb_intrinsic,L,,acetylcholine,1,0,KC,gamma,1,2,,
142238,102801,PAM02,PAM02(B'2a)_R,DAN,cb_intrinsic,R,,dopamine,1,1,DAN,,0,0,,
142270,102816,KCab-m,KCab-m_L,Kenyon_Cell,cb_intrinsic,L,,acetylcholine,1,0,KC,ab,2,0,,
142299,102828,KCg-m,KCg-m_L,Kenyon_Cell,cb_intrinsic,L,,acetylcholine,1,0,KC,gamma,1,2,,
142329,102846,KCa'b'-m,KCa'b'-m_L,Kenyon_Cell,cb_intrinsic,L,,acetylcholine,1,0,KC,apbp,0,2,,
142332,102848,KCab-c,KCab-c_L,Kenyon_Cell,cb_intrinsic,L,,acetylcholine,1,0,KC,ab,1,0,,
142361,102864,KCab-s,KCab-s_L,Kenyon_Cell,cb_intrinsic,L,,acetylcholine,1,0,KC,ab,2,0,,
142470,102918,KCg-m,KCg-m_L,Kenyon_Cell,cb_intrinsic,L,,acetylcholine,1,0,KC,gamma,1,2,,
142528,102942,PAM09,PAM09(B1ped)_R,DAN,cb_intrinsic,R,,dopamine,1,1,DAN,,0,0,,
142531,102944,KCab-s,KCab-s_L,Kenyon_Cell,cb_intrinsic,L,,acetylcholine,1,0,KC,ab,1,0,,
142538,102946,PAM08,PAM08(y4)_R,DAN,cb_intrinsic,R,,dopamine,1,1,DAN,,0,0,,
142608,102980,KCa'b'-m,KCa'b'-m_R,Kenyon_Cell,cb_intrinsic,R,,acetylcholine,1,0,KC,apbp,0,2,,
142660,103003,PAM13,PAM13(B'1ap)_R,DAN,cb_intrinsic,R,,dopamine,1,1,DAN,,0,0,,
142732,103043,KCg-m,KCg-m_L,Kenyon_Cell,cb_intrinsic,L,,acetylcholine,1,0,KC,gamma,1,2,,
142733,103044,KCg-d,KCg-d_L,Kenyon_Cell,cb_intrinsic,L,,acetylcholine,1,0,KC,gamma,1,2,,
142769,103064,KCg-m,KCg-m_R,Kenyon_Cell,cb_intrinsic,R,,acetylcholine,1,0,KC,gamma,1,2,,
142795,103079,KCab-m,KCab-m_R,Kenyon_Cell,cb_intrinsic,R,,acetylcholine,1,0,KC,ab,1,0,,
142848,103104,KCa'b'-m,KCa'b'-m_L,Kenyon_Cell,cb_intrinsic,L,,acetylcholine,1,0,KC,apbp,2,2,,
142898,103128,PAM06,PAM06(B'2m)_R,DAN,cb_intrinsic,R,,dopamine,1,1,DAN,,0,0,,
142975,103167,KCab-c,KCab-c_R,Kenyon_Cell,cb_intrinsic,R,,acetylcholine,1,0,KC,ab,1,0,,
142994,103177,KCg-m,KCg-m_L,Kenyon_Cell,cb_intrinsic,L,,acetylcholine,1,0,KC,gamma,1,2,,
143029,103192,KCg-m,KCg-m_L,Kenyon_Cell,cb_intrinsic,L,,acetylcholine,1,0,KC,gamma,1,2,,
143033,103196,KCab-s,KCab-s_L,Kenyon_Cell,cb_intrinsic,L,,acetylcholine,1,0,KC,ab,1,0,,
143083,103225,KCab-c,KCab-c_L,Kenyon_Cell,cb_intrinsic,L,,acetylcholine,1,0,KC,ab,1,0,,
143120,103242,PAM10,PAM10(B1)_L,DAN,cb_intrinsic,L,,dopamine,1,1,DAN,,0,0,,
143262,103306,KCg-d,KCg-d_L,Kenyon_Cell,cb_intrinsic,L,,acetylcholine,1,0,KC,gamma,1,2,,
143275,103314,KCab-c,KCab-c_L,Kenyon_Cell,cb_intrinsic,L,,acetylcholine,1,0,KC,ab,1,0,,
143426,103398,KCg-m,KCg-m_L,Kenyon_Cell,cb_intrinsic,L,,acetylcholine,1,0,KC,gamma,1,2,,
143487,103429,KCg-m,KCg-m_L,Kenyon_Cell,cb_intrinsic,L,,acetylcholine,1,0,KC,gamma,1,2,,
143569,103467,KCg-m,KCg-m_R,Kenyon_Cell,cb_intrinsic,R,,acetylcholine,1,0,KC,gamma,1,2,,
143631,103495,M_vPNml83,M_vPNml83_L,ALPN,cb_intrinsic,L,,gaba,-1,0,ALPN,,0,0,,
143645,103505,KCab-m,KCab-m_L,Kenyon_Cell,cb_intrinsic,L,,acetylcholine,1,0,KC,ab,1,0,,
143735,103545,KCg-m,KCg-m_R,Kenyon_Cell,cb_intrinsic,R,,acetylcholine,1,0,KC,gamma,1,2,,
143757,103555,KCg-m,KCg-m_L,Kenyon_Cell,cb_intrinsic,L,,acetylcholine,1,0,KC,gamma,1,2,,
143806,103581,KCab-m,KCab-m_L,Kenyon_Cell,cb_intrinsic,L,,acetylcholine,1,0,KC,ab,1,0,,
143875,103623,KCg-m,KCg-m_R,Kenyon_Cell,cb_intrinsic,R,,acetylcholine,1,0,KC,gamma,1,2,,
143895,103634,KCab-m,KCab-m_L,Kenyon_Cell,cb_intrinsic,L,,acetylcholine,1,0,KC,ab,1,0,,
143947,103660,KCg-m,KCg-m_L,Kenyon_Cell,cb_intrinsic,L,,acetylcholine,1,0,KC,gamma,1,2,,
143949,103661,KCab-c,KCab-c_L,Kenyon_Cell,cb_intrinsic,L,,acetylcholine,1,0,KC,ab,1,0,,
144012,103694,KCg-m,KCg-m_R,Kenyon_Cell,cb_intrinsic,R,,acetylcholine,1,0,KC,gamma,1,3,,
144118,103745,KCg-m,KCg-m_R,Kenyon_Cell,cb_intrinsic,R,,acetylcholine,1,0,KC,gamma,1,2,,
144122,103747,KCg-m,KCg-m_L,Kenyon_Cell,cb_intrinsic,L,,acetylcholine,1,0,KC,gamma,1,2,,
144126,103750,PAM02,PAM02(B'2a)_R,DAN,cb_intrinsic,R,,dopamine,1,1,DAN,,0,0,,
144134,103754,KCab-p,KCab-p_L,Kenyon_Cell,cb_intrinsic,L,,acetylcholine,1,0,KC,ab,1,0,,
144220,103791,KCg-d,KCg-d_R,Kenyon_Cell,cb_intrinsic,R,,acetylcholine,1,0,KC,gamma,1,2,,
144230,103796,KCg-m,KCg-m_L,Kenyon_Cell,cb_intrinsic,L,,acetylcholine,1,0,KC,gamma,1,2,,
144291,103826,KCg-m,KCg-m_R,Kenyon_Cell,cb_intrinsic,R,,acetylcholine,1,0,KC,gamma,1,2,,
144308,103834,KCab-s,KCab-s_R,Kenyon_Cell,cb_intrinsic,R,,acetylcholine,1,0,KC,ab,2,0,,
144315,103836,PAM01,PAM01(y5)_R,DAN,cb_intrinsic,R,,dopamine,1,1,DAN,,0,0,,
144317,103838,KCg-m,KCg-m_L,Kenyon_Cell,cb_intrinsic,L,,acetylcholine,1,0,KC,gamma,1,2,,
144340,103849,KCa'b'-m,KCa'b'-m_R,Kenyon_Cell,cb_intrinsic,R,,acetylcholine,1,0,KC,apbp,1,2,,
144464,103910,KCg-m,KCg-m_R,Kenyon_Cell,cb_intrinsic,R,,acetylcholine,1,0,KC,gamma,1,2,,
144486,103919,KCa'b'-m,KCa'b'-m_L,Kenyon_Cell,cb_intrinsic,L,,acetylcholine,1,0,KC,apbp,0,2,,
144512,103937,KCg-m,KCg-m_L,Kenyon_Cell,cb_intrinsic,L,,acetylcholine,1,0,KC,gamma,1,2,,
144515,103939,KCab-s,KCab-s_R,Kenyon_Cell,cb_intrinsic,R,,acetylcholine,1,0,KC,ab,1,0,,
144523,103944,KCa'b'-ap2,KCa'b'-ap2_R,Kenyon_Cell,cb_intrinsic,R,,acetylcholine,1,0,KC,apbp,2,2,,
144570,103970,KCg-m,KCg-m_L,Kenyon_Cell,cb_intrinsic,L,,acetylcholine,1,0,KC,gamma,1,2,,
144578,103975,KCg-d,KCg-d_L,Kenyon_Cell,cb_intrinsic,L,,acetylcholine,1,0,KC,gamma,1,2,,
144625,103993,PAM12,PAM12(y3)_L,DAN,cb_intrinsic,L,,dopamine,1,1,DAN;away_teaching,,0,0,,
144678,104014,PAM04,PAM04(B2)_R,DAN,cb_intrinsic,R,,dopamine,1,1,DAN,,0,0,,
144715,104029,KCab-c,KCab-c_L,Kenyon_Cell,cb_intrinsic,L,,acetylcholine,1,0,KC,ab,1,0,,
144725,104036,KCab-c,KCab-c_L,Kenyon_Cell,cb_intrinsic,L,,acetylcholine,1,0,KC,ab,1,0,,
144730,104037,KCg-m,KCg-m_L,Kenyon_Cell,cb_intrinsic,L,,acetylcholine,1,0,KC,gamma,1,2,,
144746,104040,KCab-c,KCab-c_L,Kenyon_Cell,cb_intrinsic,L,,acetylcholine,1,0,KC,ab,1,0,,
144747,104041,KCg-d,KCg-d_L,Kenyon_Cell,cb_intrinsic,L,,acetylcholine,1,0,KC,gamma,1,2,,
144813,104068,KCab-c,KCab-c_L,Kenyon_Cell,cb_intrinsic,L,,acetylcholine,1,0,KC,ab,0,0,,
144819,104069,KCg-d,KCg-d_L,Kenyon_Cell,cb_intrinsic,L,,acetylcholine,1,0,KC,gamma,1,2,,
145022,104181,PAM02,PAM02(B'2a)_L,DAN,cb_intrinsic,L,,dopamine,1,1,DAN,,0,0,,
145026,104183,KCa'b'-ap2,KCa'b'-ap2_L,Kenyon_Cell,cb_intrinsic,L,,acetylcholine,1,0,KC,apbp,0,2,,
145085,104207,KCg-d,KCg-d_L,Kenyon_Cell,cb_intrinsic,L,,acetylcholine,1,0,KC,gamma,1,2,,
145094,104211,PAM01,PAM01(y5)_R,DAN,cb_intrinsic,R,,dopamine,1,1,DAN,,0,0,,
145143,104232,KCg-m,KCg-m_L,Kenyon_Cell,cb_intrinsic,L,,acetylcholine,1,0,KC,gamma,1,2,,
145148,104234,PAM01,PAM01(y5)_L,DAN,cb_intrinsic,L,,dopamine,1,1,DAN,,0,0,,
145157,104238,KCg-m,KCg-m_R,Kenyon_Cell,cb_intrinsic,R,,acetylcholine,1,0,KC,gamma,1,2,,
145174,104247,KCab-s,KCab-s_R,Kenyon_Cell,cb_intrinsic,R,,acetylcholine,1,0,KC,ab,1,0,,
145193,104255,KCab-c,KCab-c_L,Kenyon_Cell,cb_intrinsic,L,,acetylcholine,1,0,KC,ab,1,0,,
145236,104278,KCab-c,KCab-c_L,Kenyon_Cell,cb_intrinsic,L,,acetylcholine,1,0,KC,ab,1,0,,
145268,104293,KCg-m,KCg-m_L,Kenyon_Cell,cb_intrinsic,L,,acetylcholine,1,0,KC,gamma,1,2,,
145324,104316,PAM02,PAM02(B'2a)_L,DAN,cb_intrinsic,L,,dopamine,1,1,DAN,,0,0,,
145352,104331,KCg-m,KCg-m_R,Kenyon_Cell,cb_intrinsic,R,,acetylcholine,1,0,KC,gamma,1,2,,
145355,104333,KCg-m,KCg-m_L,Kenyon_Cell,cb_intrinsic,L,,acetylcholine,1,0,KC,gamma,1,2,,
145371,104341,PAM05,PAM05(B'2p)_L,DAN,cb_intrinsic,L,,dopamine,1,1,DAN,,0,0,,
145419,104361,KCab-s,KCab-s_R,Kenyon_Cell,cb_intrinsic,R,,acetylcholine,1,0,KC,ab,1,0,,
145425,104365,KCab-c,KCab-c_L,Kenyon_Cell,cb_intrinsic,L,,acetylcholine,1,0,KC,ab,1,0,,
145497,104395,KCab-c,KCab-c_R,Kenyon_Cell,cb_intrinsic,R,,acetylcholine,1,0,KC,ab,1,0,,
145513,104403,KCab-s,KCab-s_L,Kenyon_Cell,cb_intrinsic,L,,acetylcholine,1,0,KC,ab,1,0,,
145574,104437,KCg-m,KCg-m_L,Kenyon_Cell,cb_intrinsic,L,,acetylcholine,1,0,KC,gamma,1,2,,
145610,104453,KCg-m,KCg-m_L,Kenyon_Cell,cb_intrinsic,L,,acetylcholine,1,0,KC,gamma,1,2,,
145641,104466,KCg-m,KCg-m_L,Kenyon_Cell,cb_intrinsic,L,,acetylcholine,1,0,KC,gamma,1,2,,
145642,104467,KCab-c,KCab-c_L,Kenyon_Cell,cb_intrinsic,L,,acetylcholine,1,0,KC,ab,1,0,,
145749,104512,PAM11,PAM11(a1)_L,DAN,cb_intrinsic,L,,dopamine,1,1,DAN,,0,0,,
145764,104524,KCab-s,KCab-s_L,Kenyon_Cell,cb_intrinsic,L,,acetylcholine,1,0,KC,ab,1,0,,
145791,104534,KCab-c,KCab-c_R,Kenyon_Cell,cb_intrinsic,R,,acetylcholine,1,0,KC,ab,1,0,,
145792,104535,KCg-m,KCg-m_L,Kenyon_Cell,cb_intrinsic,L,,acetylcholine,1,0,KC,gamma,1,3,,
145859,104567,KCa'b'-ap2,KCa'b'-ap2_R,Kenyon_Cell,cb_intrinsic,R,,acetylcholine,1,0,KC,apbp,1,2,,
145869,104574,KCg-m,KCg-m_L,Kenyon_Cell,cb_intrinsic,L,,acetylcholine,1,0,KC,gamma,1,3,,
145974,104618,KCg-m,KCg-m_L,Kenyon_Cell,cb_intrinsic,L,,acetylcholine,1,0,KC,gamma,1,2,,
146058,104654,PAM08,PAM08(y4)_R,DAN,cb_intrinsic,R,,dopamine,1,1,DAN,,0,0,,
146084,104661,KCg-m,KCg-m_L,Kenyon_Cell,cb_intrinsic,L,,acetylcholine,1,0,KC,gamma,1,2,,
146099,104668,KCa'b'-ap2,KCa'b'-ap2_R,Kenyon_Cell,cb_intrinsic,R,,acetylcholine,1,0,KC,apbp,0,2,,
146122,104681,KCg-m,KCg-m_R,Kenyon_Cell,cb_intrinsic,R,,acetylcholine,1,0,KC,gamma,1,2,,
146128,104683,KCg-m,KCg-m_L,Kenyon_Cell,cb_intrinsic,L,,acetylcholine,1,0,KC,gamma,1,2,,
146166,104700,KCab-m,KCab-m_L,Kenyon_Cell,cb_intrinsic,L,,acetylcholine,1,0,KC,ab,1,0,,
146273,104757,CB3447,CB3447_R,ALPN,cb_intrinsic,R,,gaba,-1,0,ALPN,,0,0,,
146275,104758,KCab-c,KCab-c_R,Kenyon_Cell,cb_intrinsic,R,,acetylcholine,1,0,KC,ab,1,0,,
146301,104766,KCg-d,KCg-d_L,Kenyon_Cell,cb_intrinsic,L,,acetylcholine,1,0,KC,gamma,1,2,,
146350,104789,KCab-s,KCab-s_L,Kenyon_Cell,cb_intrinsic,L,,acetylcholine,1,0,KC,ab,1,0,,
146387,104809,KCab-s,KCab-s_R,Kenyon_Cell,cb_intrinsic,R,,acetylcholine,1,0,KC,ab,1,0,,
146418,104819,PAM12,PAM12(y3)_R,DAN,cb_intrinsic,R,,dopamine,1,1,DAN;away_teaching,,0,0,,
146603,104899,PAM01,PAM01(y5)_R,DAN,cb_intrinsic,R,,dopamine,1,1,DAN,,0,0,,
146609,104901,KCab-s,KCab-s_L,Kenyon_Cell,cb_intrinsic,L,,acetylcholine,1,0,KC,ab,1,0,,
146675,104932,KCab-c,KCab-c_L,Kenyon_Cell,cb_intrinsic,L,,acetylcholine,1,0,KC,ab,1,0,,
146773,104982,PAM04,PAM04(B2)_R,DAN,cb_intrinsic,R,,dopamine,1,1,DAN,,0,0,,
146774,104983,PAM14,PAM14(B'1m)_R,DAN,cb_intrinsic,R,,dopamine,1,1,DAN,,0,0,,
146801,104994,KCab-m,KCab-m_L,Kenyon_Cell,cb_intrinsic,L,,acetylcholine,1,0,KC,ab,1,0,,
146923,105047,KCab-s,KCab-s_L,Kenyon_Cell,cb_intrinsic,L,,acetylcholine,1,0,KC,ab,2,0,,
146925,105049,KCg-m,KCg-m_L,Kenyon_Cell,cb_intrinsic,L,,acetylcholine,1,0,KC,gamma,1,2,,
146943,105063,KCab-m,KCab-m_R,Kenyon_Cell,cb_intrinsic,R,,acetylcholine,1,0,KC,ab,1,0,,
146958,105066,KCab-s,KCab-s_L,Kenyon_Cell,cb_intrinsic,L,,acetylcholine,1,0,KC,ab,0,0,,
147040,105108,KCg-m,KCg-m_L,Kenyon_Cell,cb_intrinsic,L,,acetylcholine,1,0,KC,gamma,1,2,,
147068,105120,KCg-m,KCg-m_L,Kenyon_Cell,cb_intrinsic,L,,acetylcholine,1,0,KC,gamma,1,2,,
147184,105177,PAM08,PAM08(y4)_L,DAN,cb_intrinsic,L,,dopamine,1,1,DAN,,0,0,,
147185,105178,KCg-m,KCg-m_L,Kenyon_Cell,cb_intrinsic,L,,acetylcholine,1,0,KC,gamma,1,2,,
147199,105185,KCab-c,KCab-c_L,Kenyon_Cell,cb_intrinsic,L,,acetylcholine,1,0,KC,ab,1,0,,
147217,105194,KCab-c,KCab-c_L,Kenyon_Cell,cb_intrinsic,L,,acetylcholine,1,0,KC,ab,1,0,,
147378,105259,KCab-c,KCab-c_L,Kenyon_Cell,cb_intrinsic,L,,acetylcholine,1,0,KC,ab,1,0,,
147444,105282,KCab-p,KCab-p_L,Kenyon_Cell,cb_intrinsic,L,,acetylcholine,1,0,KC,ab,1,0,,
147585,105355,KCg-d,KCg-d_L,Kenyon_Cell,cb_intrinsic,L,,acetylcholine,1,0,KC,gamma,1,2,,
147589,105357,KCg-m,KCg-m_L,Kenyon_Cell,cb_intrinsic,L,,acetylcholine,1,0,KC,gamma,1,2,,
147591,105358,PAM06,PAM06(B'2m)_R,DAN,cb_intrinsic,R,,dopamine,1,1,DAN,,0,0,,
147646,105382,KCg-m,KCg-m_L,Kenyon_Cell,cb_intrinsic,L,,acetylcholine,1,0,KC,gamma,1,2,,
147696,105404,KCg-m,KCg-m_L,Kenyon_Cell,cb_intrinsic,L,,acetylcholine,1,0,KC,gamma,1,2,,
147700,105406,KCg-m,KCg-m_L,Kenyon_Cell,cb_intrinsic,L,,acetylcholine,1,0,KC,gamma,1,2,,
147812,105443,KCg-m,KCg-m_L,Kenyon_Cell,cb_intrinsic,L,,acetylcholine,1,0,KC,gamma,1,2,,
147857,105465,PAM11,PAM11(a1)_L,DAN,cb_intrinsic,L,,dopamine,1,1,DAN,,0,0,,
147885,105477,KCg-m,KCg-m_R,Kenyon_Cell,cb_intrinsic,R,,acetylcholine,1,0,KC,gamma,1,2,,
147953,105508,KCg-m,KCg-m_L,Kenyon_Cell,cb_intrinsic,L,,acetylcholine,1,0,KC,gamma,1,3,,
148001,105532,KCab-c,KCab-c_R,Kenyon_Cell,cb_intrinsic,R,,acetylcholine,1,0,KC,ab,1,0,,
148093,105572,KCab-c,KCab-c_L,Kenyon_Cell,cb_intrinsic,L,,acetylcholine,1,0,KC,ab,1,0,,
148122,105587,KCg-m,KCg-m_L,Kenyon_Cell,cb_intrinsic,L,,acetylcholine,1,0,KC,gamma,1,2,,
148137,105589,KCg-d,KCg-d_L,Kenyon_Cell,cb_intrinsic,L,,acetylcholine,1,0,KC,gamma,1,2,,
148145,105591,KCg-d,KCg-d_L,Kenyon_Cell,cb_intrinsic,L,,acetylcholine,1,0,KC,gamma,1,2,,
148150,105593,KCg-d,KCg-d_L,Kenyon_Cell,cb_intrinsic,L,,acetylcholine,1,0,KC,gamma,1,2,,
148161,105599,KCg-m,KCg-m_L,Kenyon_Cell,cb_intrinsic,L,,acetylcholine,1,0,KC,gamma,1,2,,
148198,105615,KCg-m,KCg-m_L,Kenyon_Cell,cb_intrinsic,L,,acetylcholine,1,0,KC,gamma,1,2,,
148213,105620,KCab-c,KCab-c_R,Kenyon_Cell,cb_intrinsic,R,,acetylcholine,1,0,KC,ab,1,0,,
148328,105672,PAM02,PAM02(B'2a)_L,DAN,cb_intrinsic,L,,dopamine,1,1,DAN,,0,0,,
148337,105677,KCab-s,KCab-s_R,Kenyon_Cell,cb_intrinsic,R,,acetylcholine,1,0,KC,ab,2,0,,
148344,105680,KCg-m,KCg-m_L,Kenyon_Cell,cb_intrinsic,L,,acetylcholine,1,0,KC,gamma,1,2,,
148419,105705,KCg-m,KCg-m_R,Kenyon_Cell,cb_intrinsic,R,,acetylcholine,1,0,KC,gamma,1,2,,
148464,105720,KCg-m,KCg-m_L,Kenyon_Cell,cb_intrinsic,L,,acetylcholine,1,0,KC,gamma,1,2,,
148469,105722,PAM02,PAM02(B'2a)_L,DAN,cb_intrinsic,L,,dopamine,1,1,DAN,,0,0,,
148486,105730,KCg-m,KCg-m_L,Kenyon_Cell,cb_intrinsic,L,,acetylcholine,1,0,KC,gamma,1,2,,
148493,105732,KCg-m,KCg-m_R,Kenyon_Cell,cb_intrinsic,R,,acetylcholine,1,0,KC,gamma,1,2,,
148498,105735,KCg-m,KCg-m_L,Kenyon_Cell,cb_intrinsic,L,,acetylcholine,1,0,KC,gamma,1,2,,
148529,105745,KCg-m,KCg-m_L,Kenyon_Cell,cb_intrinsic,L,,acetylcholine,1,0,KC,gamma,1,2,,
148548,105753,KCg-m,KCg-m_R,Kenyon_Cell,cb_intrinsic,R,,acetylcholine,1,0,KC,gamma,1,2,,
148588,105768,KCg-m,KCg-m_L,Kenyon_Cell,cb_intrinsic,L,,acetylcholine,1,0,KC,gamma,1,2,,
148680,105809,KCg-m,KCg-m_R,Kenyon_Cell,cb_intrinsic,R,,acetylcholine,1,0,KC,gamma,1,2,,
148844,105878,KCg-m,KCg-m_L,Kenyon_Cell,cb_intrinsic,L,,acetylcholine,1,0,KC,gamma,1,2,,
148860,105888,KCg-m,KCg-m_R,Kenyon_Cell,cb_intrinsic,R,,acetylcholine,1,0,KC,gamma,1,2,,
148930,105920,KCg-m,KCg-m_L,Kenyon_Cell,cb_intrinsic,L,,acetylcholine,1,0,KC,gamma,1,2,,
148989,105948,KCg-m,KCg-m_L,Kenyon_Cell,cb_intrinsic,L,,acetylcholine,1,0,KC,gamma,1,2,,
149132,106008,KCa'b'-m,KCa'b'-m_L,Kenyon_Cell,cb_intrinsic,L,,acetylcholine,1,0,KC,apbp,2,2,,
149136,106010,KCab-p,KCab-p_L,Kenyon_Cell,cb_intrinsic,L,,acetylcholine,1,0,KC,ab,1,0,,
149180,106028,KCab-c,KCab-c_L,Kenyon_Cell,cb_intrinsic,L,,acetylcholine,1,0,KC,ab,0,0,,
149199,106038,KCg-m,KCg-m_L,Kenyon_Cell,cb_intrinsic,L,,acetylcholine,1,0,KC,gamma,1,2,,
149279,106073,KCa'b'-ap2,KCa'b'-ap2_R,Kenyon_Cell,cb_intrinsic,R,,acetylcholine,1,0,KC,apbp,1,2,,
149297,106083,KCg-m,KCg-m_L,Kenyon_Cell,cb_intrinsic,L,,acetylcholine,1,0,KC,gamma,1,2,,
149401,106123,KCab-p,KCab-p_L,Kenyon_Cell,cb_intrinsic,L,,acetylcholine,1,0,KC,ab,0,0,,
149636,106217,KCab-s,KCab-s_R,Kenyon_Cell,cb_intrinsic,R,,acetylcholine,1,0,KC,ab,1,0,,
149720,106249,KCg-m,KCg-m_L,Kenyon_Cell,cb_intrinsic,L,,acetylcholine,1,0,KC,gamma,1,2,,
149737,106256,KCab-s,KCab-s_L,Kenyon_Cell,cb_intrinsic,L,,acetylcholine,1,0,KC,ab,1,0,,
149792,106283,KCg-m,KCg-m_R,Kenyon_Cell,cb_intrinsic,R,,acetylcholine,1,0,KC,gamma,1,2,,
149820,106296,KCg-m,KCg-m_L,Kenyon_Cell,cb_intrinsic,L,,acetylcholine,1,0,KC,gamma,2,2,,
149841,106302,KCab-s,KCab-s_L,Kenyon_Cell,cb_intrinsic,L,,acetylcholine,1,0,KC,ab,1,0,,
149869,106317,PAM09,PAM09(B1ped)_L,DAN,cb_intrinsic,L,,dopamine,1,1,DAN,,0,0,,
149878,106321,KCg-m,KCg-m_L,Kenyon_Cell,cb_intrinsic,L,,acetylcholine,1,0,KC,gamma,1,2,,
150014,106387,KCg-d,KCg-d_R,Kenyon_Cell,cb_intrinsic,R,,acetylcholine,1,0,KC,gamma,1,2,,
150034,106394,PAM09,PAM09(B1ped)_R,DAN,cb_intrinsic,R,,dopamine,1,1,DAN,,0,0,,
150109,106420,KCab-m,KCab-m_R,Kenyon_Cell,cb_intrinsic,R,,acetylcholine,1,0,KC,ab,2,0,,
150177,106442,PAM01,PAM01(y5)_L,DAN,cb_intrinsic,L,,dopamine,1,1,DAN,,0,0,,
150259,106480,KCg-d,KCg-d_L,Kenyon_Cell,cb_intrinsic,L,,acetylcholine,1,0,KC,gamma,1,2,,
150451,106559,KCa'b'-ap2,KCa'b'-ap2_L,Kenyon_Cell,cb_intrinsic,L,,acetylcholine,1,0,KC,apbp,0,2,,
150633,106632,KCg-m,KCg-m_L,Kenyon_Cell,cb_intrinsic,L,,acetylcholine,1,0,KC,gamma,1,3,,
150709,106665,KCab-m,KCab-m_L,Kenyon_Cell,cb_intrinsic,L,,acetylcholine,1,0,KC,ab,1,0,,
150732,106673,KCg-m,KCg-m_L,Kenyon_Cell,cb_intrinsic,L,,acetylcholine,1,0,KC,gamma,1,2,,
150738,106677,KCa'b'-m,KCa'b'-m_R,Kenyon_Cell,cb_intrinsic,R,,acetylcholine,1,0,KC,apbp,0,2,,
150761,106684,KCab-p,KCab-p_L,Kenyon_Cell,cb_intrinsic,L,,acetylcholine,1,0,KC,ab,1,0,,
150781,106693,KCg-m,KCg-m_L,Kenyon_Cell,cb_intrinsic,L,,acetylcholine,1,0,KC,gamma,1,2,,
150823,106707,KCa'b'-ap1,KCa'b'-ap1_R,Kenyon_Cell,cb_intrinsic,R,,acetylcholine,1,0,KC,apbp,1,2,,
150828,106710,PAM02,PAM02(B'2a)_L,DAN,cb_intrinsic,L,,dopamine,1,1,DAN,,0,0,,
150913,106743,KCg-m,KCg-m_R,Kenyon_Cell,cb_intrinsic,R,,acetylcholine,1,0,KC,gamma,1,2,,
150920,106747,KCab-s,KCab-s_L,Kenyon_Cell,cb_intrinsic,L,,acetylcholine,1,0,KC,ab,1,0,,
150926,106748,KCa'b'-m,KCa'b'-m_L,Kenyon_Cell,cb_intrinsic,L,,acetylcholine,1,0,KC,apbp,0,2,,
150974,106764,KCab-s,KCab-s_L,Kenyon_Cell,cb_intrinsic,L,,acetylcholine,1,0,KC,ab,1,0,,
150983,106769,PAM14,PAM14(B'1m)_L,DAN,cb_intrinsic,L,,dopamine,1,1,DAN,,0,0,,
151013,106780,PAM03,PAM03(B2B'2a)_L,DAN,cb_intrinsic,L,,dopamine,1,1,DAN,,0,0,,
151133,106817,PAM06,PAM06(B'2m)_L,DAN,cb_intrinsic,L,,dopamine,1,1,DAN,,0,0,,
151134,106818,KCg-m,KCg-m_R,Kenyon_Cell,cb_intrinsic,R,,acetylcholine,1,0,KC,gamma,1,2,,
151187,106841,KCg-m,KCg-m_L,Kenyon_Cell,cb_intrinsic,L,,acetylcholine,1,0,KC,gamma,1,2,,
151224,106855,KCab-c,KCab-c_R,Kenyon_Cell,cb_intrinsic,R,,acetylcholine,1,0,KC,ab,1,0,,
151277,106871,KCg-m,KCg-m_L,Kenyon_Cell,cb_intrinsic,L,,acetylcholine,1,0,KC,gamma,1,2,,
151346,106900,KCab-m,KCab-m_L,Kenyon_Cell,cb_intrinsic,L,,acetylcholine,1,0,KC,ab,1,0,,
151395,106921,KCab-c,KCab-c_L,Kenyon_Cell,cb_intrinsic,L,,acetylcholine,1,0,KC,ab,1,0,,
151584,107000,KCa'b'-ap2,KCa'b'-ap2_R,Kenyon_Cell,cb_intrinsic,R,,acetylcholine,1,0,KC,apbp,0,2,,
151710,107056,KCab-c,KCab-c_L,Kenyon_Cell,cb_intrinsic,L,,acetylcholine,1,0,KC,ab,1,0,,
151833,107108,KCab-m,KCab-m_L,Kenyon_Cell,cb_intrinsic,L,,acetylcholine,1,0,KC,ab,1,0,,
151908,107142,KCab-m,KCab-m_L,Kenyon_Cell,cb_intrinsic,L,,acetylcholine,1,0,KC,ab,2,0,,
151944,107157,KCg-d,KCg-d_L,Kenyon_Cell,cb_intrinsic,L,,acetylcholine,1,0,KC,gamma,1,2,,
151958,107162,KCab-s,KCab-s_R,Kenyon_Cell,cb_intrinsic,R,,acetylcholine,1,0,KC,ab,1,0,,
151973,107170,CB2703,CB2703_L,ALPN,cb_intrinsic,L,,gaba,-1,0,ALPN,,0,0,,
151993,107179,PAM05,PAM05(B'2p)_R,DAN,cb_intrinsic,R,,dopamine,1,1,DAN,,0,0,,
152019,107183,PAM08,PAM08(y4)_R,DAN,cb_intrinsic,R,,dopamine,1,1,DAN,,0,0,,
152025,107187,KCg-m,KCg-m_L,Kenyon_Cell,cb_intrinsic,L,,acetylcholine,1,0,KC,gamma,1,2,,
152031,107189,KCa'b'-ap2,KCa'b'-ap2_R,Kenyon_Cell,cb_intrinsic,R,,acetylcholine,1,0,KC,apbp,0,2,,
152044,107192,PAM08,PAM08(y4)_R,DAN,cb_intrinsic,R,,dopamine,1,1,DAN,,0,0,,
152056,107195,PAM06,PAM06(B'2m)_L,DAN,cb_intrinsic,L,,dopamine,1,1,DAN,,0,0,,
152066,107199,KCab-s,KCab-s_L,Kenyon_Cell,cb_intrinsic,L,,acetylcholine,1,0,KC,ab,2,0,,
152118,107220,KCg-m,KCg-m_L,Kenyon_Cell,cb_intrinsic,L,,acetylcholine,1,0,KC,gamma,1,2,,
152291,107277,PAM14,PAM14(B'1m)_L,DAN,cb_intrinsic,L,,dopamine,1,1,DAN,,0,0,,
152326,107295,PAM13,PAM13(B'1ap)_L,DAN,cb_intrinsic,L,,dopamine,1,1,DAN,,0,0,,
152385,107317,PAM08,PAM08(y4)_R,DAN,cb_intrinsic,R,,dopamine,1,1,DAN,,0,0,,
152391,107321,KCg-m,KCg-m_R,Kenyon_Cell,cb_intrinsic,R,,acetylcholine,1,0,KC,gamma,1,3,,
152428,107336,PAM12,PAM12(y3)_L,DAN,cb_intrinsic,L,,dopamine,1,1,DAN;away_teaching,,0,0,,
152470,107354,KCg-d,KCg-d_L,Kenyon_Cell,cb_intrinsic,L,,acetylcholine,1,0,KC,gamma,1,2,,
152548,107383,KCg-m,KCg-m_L,Kenyon_Cell,cb_intrinsic,L,,acetylcholine,1,0,KC,gamma,1,2,,
152553,107384,KCab-s,KCab-s_L,Kenyon_Cell,cb_intrinsic,L,,acetylcholine,1,0,KC,ab,1,0,,
152556,107387,M_vPNml84,M_vPNml84_L,ALPN,cb_intrinsic,L,,gaba,-1,0,ALPN,,0,0,,
152559,107388,KCab-c,KCab-c_L,Kenyon_Cell,cb_intrinsic,L,,acetylcholine,1,0,KC,ab,1,0,,
152601,107407,KCab-m,KCab-m_R,Kenyon_Cell,cb_intrinsic,R,,acetylcholine,1,0,KC,ab,2,0,,
152688,107442,KCg-d,KCg-d_L,Kenyon_Cell,cb_intrinsic,L,,acetylcholine,1,0,KC,gamma,1,2,,
152706,107451,KCa'b'-m,KCa'b'-m_L,Kenyon_Cell,cb_intrinsic,L,,acetylcholine,1,0,KC,apbp,0,2,,
152784,107487,KCab-p,KCab-p_L,Kenyon_Cell,cb_intrinsic,L,,acetylcholine,1,0,KC,ab,1,0,,
152839,107499,KCab-s,KCab-s_L,Kenyon_Cell,cb_intrinsic,L,,acetylcholine,1,0,KC,ab,2,0,,
152860,107506,KCa'b'-ap1,KCa'b'-ap1_R,Kenyon_Cell,cb_intrinsic,R,,acetylcholine,1,0,KC,apbp,1,2,,
152889,107515,KCab-s,KCab-s_R,Kenyon_Cell,cb_intrinsic,R,,acetylcholine,1,0,KC,ab,2,0,,
152943,107535,KCg-m,KCg-m_L,Kenyon_Cell,cb_intrinsic,L,,acetylcholine,1,0,KC,gamma,1,2,,
152964,107548,KCg-m,KCg-m_L,Kenyon_Cell,cb_intrinsic,L,,acetylcholine,1,0,KC,gamma,1,2,,
152997,107557,PAM05,PAM05(B'2p)_L,DAN,cb_intrinsic,L,,dopamine,1,1,DAN,,0,0,,
153035,107569,PAM04,PAM04(B2)_L,DAN,cb_intrinsic,L,,dopamine,1,1,DAN,,0,0,,
153080,107590,KCab-p,KCab-p_R,Kenyon_Cell,cb_intrinsic,R,,acetylcholine,1,0,KC,ab,1,0,,
153083,107592,KCab-s,KCab-s_L,Kenyon_Cell,cb_intrinsic,L,,acetylcholine,1,0,KC,ab,1,0,,
153165,107624,KCa'b'-m,KCa'b'-m_R,Kenyon_Cell,cb_intrinsic,R,,acetylcholine,1,0,KC,apbp,1,2,,
153391,107707,KCg-m,KCg-m_R,Kenyon_Cell,cb_intrinsic,R,,acetylcholine,1,0,KC,gamma,1,2,,
153460,107731,KCab-m,KCab-m_L,Kenyon_Cell,cb_intrinsic,L,,acetylcholine,1,0,KC,ab,2,0,,
153492,107745,KCab-s,KCab-s_L,Kenyon_Cell,cb_intrinsic,L,,acetylcholine,1,0,KC,ab,2,0,,
153545,107768,KCg-d,KCg-d_R,Kenyon_Cell,cb_intrinsic,R,,acetylcholine,1,0,KC,gamma,1,2,,
153573,107783,KCab-m,KCab-m_R,Kenyon_Cell,cb_intrinsic,R,,acetylcholine,1,0,KC,ab,1,0,,
153584,107788,KCab-p,KCab-p_L,Kenyon_Cell,cb_intrinsic,L,,acetylcholine,1,0,KC,ab,1,0,,
153593,107792,KCab-c,KCab-c_R,Kenyon_Cell,cb_intrinsic,R,,acetylcholine,1,0,KC,ab,1,0,,
153635,107810,KCg-m,KCg-m_L,Kenyon_Cell,cb_intrinsic,L,,acetylcholine,1,0,KC,gamma,1,2,,
153672,107825,KCa'b'-ap2,KCa'b'-ap2_R,Kenyon_Cell,cb_intrinsic,R,,acetylcholine,1,0,KC,apbp,0,2,,
153695,107833,KCab-c,KCab-c_R,Kenyon_Cell,cb_intrinsic,R,,acetylcholine,1,0,KC,ab,1,0,,
153703,107838,KCab-c,KCab-c_L,Kenyon_Cell,cb_intrinsic,L,,acetylcholine,1,0,KC,ab,1,0,,
153771,107865,PAM07,PAM07(y4<y1y2)_L,DAN,cb_intrinsic,L,,dopamine,1,1,DAN,,0,0,,
153774,107868,KCa'b'-m,KCa'b'-m_L,Kenyon_Cell,cb_intrinsic,L,,acetylcholine,1,0,KC,apbp,0,2,,
153817,107879,KCg-m,KCg-m_L,Kenyon_Cell,cb_intrinsic,L,,acetylcholine,1,0,KC,gamma,1,2,,
153931,107913,PAM01,PAM01(y5)_L,DAN,cb_intrinsic,L,,dopamine,1,1,DAN,,0,0,,
154046,107956,KCg-m,KCg-m_L,Kenyon_Cell,cb_intrinsic,L,,acetylcholine,1,0,KC,gamma,1,2,,
154230,108026,PAM05,PAM05(B'2p)_R,DAN,cb_intrinsic,R,,dopamine,1,1,DAN,,0,0,,
154387,108082,PAM14,PAM14(B'1m)_L,DAN,cb_intrinsic,L,,dopamine,1,1,DAN,,0,0,,
154400,108086,KCa'b'-m,KCa'b'-m_L,Kenyon_Cell,cb_intrinsic,L,,acetylcholine,1,0,KC,apbp,1,2,,
154433,108099,KCg-m,KCg-m_R,Kenyon_Cell,cb_intrinsic,R,,acetylcholine,1,0,KC,gamma,1,2,,
154465,108110,KCg-m,KCg-m_L,Kenyon_Cell,cb_intrinsic,L,,acetylcholine,1,0,KC,gamma,1,2,,
154495,108119,KCab-m,KCab-m_L,Kenyon_Cell,cb_intrinsic,L,,acetylcholine,1,0,KC,ab,1,0,,
154509,108125,KCab-c,KCab-c_L,Kenyon_Cell,cb_intrinsic,L,,acetylcholine,1,0,KC,ab,1,0,,
154716,108208,KCab-c,KCab-c_L,Kenyon_Cell,cb_intrinsic,L,,acetylcholine,1,0,KC,ab,1,0,,
154739,108214,KCg-m,KCg-m_L,Kenyon_Cell,cb_intrinsic,L,,acetylcholine,1,0,KC,gamma,1,2,,
154837,108255,KCab-c,KCab-c_R,Kenyon_Cell,cb_intrinsic,R,,acetylcholine,1,0,KC,ab,1,0,,
154959,108299,KCab-c,KCab-c_L,Kenyon_Cell,cb_intrinsic,L,,acetylcholine,1,0,KC,ab,1,0,,
155022,108326,KCab-s,KCab-s_L,Kenyon_Cell,cb_intrinsic,L,,acetylcholine,1,0,KC,ab,1,0,,
155118,108359,KCab-c,KCab-c_R,Kenyon_Cell,cb_intrinsic,R,,acetylcholine,1,0,KC,ab,1,0,,
155190,108384,KCab-s,KCab-s_L,Kenyon_Cell,cb_intrinsic,L,,acetylcholine,1,0,KC,ab,2,0,,
155211,108396,KCa'b'-m,KCa'b'-m_L,Kenyon_Cell,cb_intrinsic,L,,acetylcholine,1,0,KC,apbp,0,2,,
155294,108436,M_adPNm7,M_adPNm7_R,ALPN,cb_intrinsic,R,,acetylcholine,1,0,ALPN,,0,0,,
155297,108439,KCab-c,KCab-c_L,Kenyon_Cell,cb_intrinsic,L,,acetylcholine,1,0,KC,ab,1,0,,
155312,108446,KCg-m,KCg-m_L,Kenyon_Cell,cb_intrinsic,L,,acetylcholine,1,0,KC,gamma,1,3,,
155329,108452,PAM02,PAM02(B'2a)_R,DAN,cb_intrinsic,R,,dopamine,1,1,DAN,,0,0,,
155692,108572,KCab-s,KCab-s_R,Kenyon_Cell,cb_intrinsic,R,,acetylcholine,1,0,KC,ab,2,0,,
155708,108575,KCab-c,KCab-c_R,Kenyon_Cell,cb_intrinsic,R,,acetylcholine,1,0,KC,ab,0,0,,
155716,108579,KCab-p,KCab-p_L,Kenyon_Cell,cb_intrinsic,L,,acetylcholine,1,0,KC,ab,1,0,,
155793,108607,KCa'b'-ap1,KCa'b'-ap1_R,Kenyon_Cell,cb_intrinsic,R,,acetylcholine,1,0,KC,apbp,2,2,,
155871,108638,KCab-m,KCab-m_L,Kenyon_Cell,cb_intrinsic,L,,acetylcholine,1,0,KC,ab,1,0,,
155916,108654,PAM01,PAM01(y5)_L,DAN,cb_intrinsic,L,,dopamine,1,1,DAN,,0,0,,
155937,108661,KCab-s,KCab-s_L,Kenyon_Cell,cb_intrinsic,L,,acetylcholine,1,0,KC,ab,1,0,,
155996,108677,KCg-d,KCg-d_L,Kenyon_Cell,cb_intrinsic,L,,acetylcholine,1,0,KC,gamma,1,2,,
156028,108688,PAM01,PAM01(y5)_R,DAN,cb_intrinsic,R,,dopamine,1,1,DAN,,0,0,,
156046,108695,PAM01,PAM01(y5)_L,DAN,cb_intrinsic,L,,dopamine,1,1,DAN,,0,0,,
156345,108798,KCab-c,KCab-c_R,Kenyon_Cell,cb_intrinsic,R,,acetylcholine,1,0,KC,ab,1,0,,
156435,108827,KCab-m,KCab-m_L,Kenyon_Cell,cb_intrinsic,L,,acetylcholine,1,0,KC,ab,2,0,,
156450,108835,KCg-m,KCg-m_L,Kenyon_Cell,cb_intrinsic,L,,acetylcholine,1,0,KC,gamma,1,2,,
156528,108867,KCg-m,KCg-m_L,Kenyon_Cell,cb_intrinsic,L,,acetylcholine,1,0,KC,gamma,1,2,,
156554,108871,KCab-s,KCab-s_L,Kenyon_Cell,cb_intrinsic,L,,acetylcholine,1,0,KC,ab,2,0,,
156598,108888,KCab-s,KCab-s_R,Kenyon_Cell,cb_intrinsic,R,,acetylcholine,1,0,KC,ab,2,0,,
156664,108916,KCg-m,KCg-m_L,Kenyon_Cell,cb_intrinsic,L,,acetylcholine,1,0,KC,gamma,1,2,,
156785,108954,KCg-d,KCg-d_L,Kenyon_Cell,cb_intrinsic,L,,acetylcholine,1,0,KC,gamma,1,2,,
157016,109038,PAM11,PAM11(a1)_L,DAN,cb_intrinsic,L,,dopamine,1,1,DAN,,0,0,,
157037,109045,KCab-m,KCab-m_R,Kenyon_Cell,cb_intrinsic,R,,acetylcholine,1,0,KC,ab,1,0,,
157134,109072,PAM08,PAM08(y4)_R,DAN,cb_intrinsic,R,,dopamine,1,1,DAN,,0,0,,
157166,109088,KCab-s,KCab-s_R,Kenyon_Cell,cb_intrinsic,R,,acetylcholine,1,0,KC,ab,1,0,,
157213,109103,KCab-s,KCab-s_L,Kenyon_Cell,cb_intrinsic,L,,acetylcholine,1,0,KC,ab,1,0,,
157257,109114,PAM12,PAM12(y3)_L,DAN,cb_intrinsic,L,,dopamine,1,1,DAN;away_teaching,,0,0,,
157281,109124,KCab-s,KCab-s_R,Kenyon_Cell,cb_intrinsic,R,,acetylcholine,1,0,KC,ab,2,0,,
157325,109136,KCg-d,KCg-d_R,Kenyon_Cell,cb_intrinsic,R,,acetylcholine,1,0,KC,gamma,1,2,,
157370,109148,PAM13,PAM13(B'1ap)_R,DAN,cb_intrinsic,R,,dopamine,1,1,DAN,,0,0,,
157389,109155,KCab-s,KCab-s_L,Kenyon_Cell,cb_intrinsic,L,,acetylcholine,1,0,KC,ab,1,0,,
157588,109224,KCab-s,KCab-s_R,Kenyon_Cell,cb_intrinsic,R,,acetylcholine,1,0,KC,ab,1,0,,
157610,109231,KCab-m,KCab-m_R,Kenyon_Cell,cb_intrinsic,R,,acetylcholine,1,0,KC,ab,1,0,,
157675,109252,KCab-c,KCab-c_L,Kenyon_Cell,cb_intrinsic,L,,acetylcholine,1,0,KC,ab,1,0,,
157683,109255,PAM04,PAM04(B2)_R,DAN,cb_intrinsic,R,,dopamine,1,1,DAN,,0,0,,
157751,109275,KCa'b'-ap2,KCa'b'-ap2_R,Kenyon_Cell,cb_intrinsic,R,,acetylcholine,1,0,KC,apbp,1,2,,
157767,109278,PAM05,PAM05(B'2p)_R,DAN,cb_intrinsic,R,,dopamine,1,1,DAN,,0,0,,
157816,109301,PAM04,PAM04(B2)_L,DAN,cb_intrinsic,L,,dopamine,1,1,DAN,,0,0,,
157864,109317,KCg-m,KCg-m_R,Kenyon_Cell,cb_intrinsic,R,,acetylcholine,1,0,KC,gamma,1,2,,
158007,109364,KCab-s,KCab-s_L,Kenyon_Cell,cb_intrinsic,L,,acetylcholine,1,0,KC,ab,1,0,,
158126,109399,KCab-s,KCab-s_L,Kenyon_Cell,cb_intrinsic,L,,acetylcholine,1,0,KC,ab,1,0,,
158169,109414,KCab-c,KCab-c_L,Kenyon_Cell,cb_intrinsic,L,,acetylcholine,1,0,KC,ab,1,0,,
158196,109425,PAM04,PAM04(B2)_L,DAN,cb_intrinsic,L,,dopamine,1,1,DAN,,0,0,,
158232,109441,M_vPNml69,M_vPNml69_L,ALPN,cb_intrinsic,L,,gaba,-1,0,ALPN,,0,0,,
158246,109447,KCab-c,KCab-c_R,Kenyon_Cell,cb_intrinsic,R,,acetylcholine,1,0,KC,ab,1,0,,
158263,109452,KCab-p,KCab-p_L,Kenyon_Cell,cb_intrinsic,L,,acetylcholine,1,0,KC,ab,1,0,,
158276,109458,KCab-c,KCab-c_R,Kenyon_Cell,cb_intrinsic,R,,acetylcholine,1,0,KC,ab,1,0,,
158328,109478,KCg-m,KCg-m_L,Kenyon_Cell,cb_intrinsic,L,,acetylcholine,1,0,KC,gamma,1,2,,
158344,109486,KCab-m,KCab-m_R,Kenyon_Cell,cb_intrinsic,R,,acetylcholine,1,0,KC,ab,1,0,,
158368,109496,KCab-m,KCab-m_L,Kenyon_Cell,cb_intrinsic,L,,acetylcholine,1,0,KC,ab,1,0,,
158372,109498,PAM08,PAM08(y4)_L,DAN,cb_intrinsic,L,,dopamine,1,1,DAN,,0,0,,
158447,109523,KCg-d,KCg-d_L,Kenyon_Cell,cb_intrinsic,L,,acetylcholine,1,0,KC,gamma,1,2,,
158470,109533,KCab-m,KCab-m_L,Kenyon_Cell,cb_intrinsic,L,,acetylcholine,1,0,KC,ab,2,0,,
158500,109548,KCab-c,KCab-c_L,Kenyon_Cell,cb_intrinsic,L,,acetylcholine,1,0,KC,ab,1,0,,
158651,109603,PAM06,PAM06(B'2m)_L,DAN,cb_intrinsic,L,,dopamine,1,1,DAN,,0,0,,
158676,109609,KCg-m,KCg-m_L,Kenyon_Cell,cb_intrinsic,L,,acetylcholine,1,0,KC,gamma,1,2,,
158823,109651,CB2703,CB2703_L,ALPN,cb_intrinsic,L,,gaba,-1,0,ALPN,,0,0,,
158857,109661,KCab-c,KCab-c_R,Kenyon_Cell,cb_intrinsic,R,,acetylcholine,1,0,KC,ab,1,0,,
158869,109664,KCa'b'-ap2,KCa'b'-ap2_R,Kenyon_Cell,cb_intrinsic,R,,acetylcholine,1,0,KC,apbp,0,2,,
158876,109667,KCab-m,KCab-m_L,Kenyon_Cell,cb_intrinsic,L,,acetylcholine,1,0,KC,ab,1,0,,
158917,109681,PAM12,PAM12(y3)_R,DAN,cb_intrinsic,R,,dopamine,1,1,DAN;away_teaching,,0,0,,
159062,109728,PAM01,PAM01(y5)_L,DAN,cb_intrinsic,L,,dopamine,1,1,DAN,,0,0,,
159158,109761,PAM01,PAM01(y5)_L,DAN,cb_intrinsic,L,,dopamine,1,1,DAN,,0,0,,
159261,109795,KCg-m,KCg-m_L,Kenyon_Cell,cb_intrinsic,L,,acetylcholine,1,0,KC,gamma,1,2,,
159286,109808,KCab-m,KCab-m_L,Kenyon_Cell,cb_intrinsic,L,,acetylcholine,1,0,KC,ab,1,0,,
159347,109828,KCab-m,KCab-m_L,Kenyon_Cell,cb_intrinsic,L,,acetylcholine,1,0,KC,ab,1,0,,
159383,109846,KCab-m,KCab-m_L,Kenyon_Cell,cb_intrinsic,L,,acetylcholine,1,0,KC,ab,1,1,,
159580,109917,KCg-d,KCg-d_R,Kenyon_Cell,cb_intrinsic,R,,acetylcholine,1,0,KC,gamma,1,2,,
159654,109950,KCab-m,KCab-m_L,Kenyon_Cell,cb_intrinsic,L,,acetylcholine,1,0,KC,ab,1,0,,
159665,109956,KCab-m,KCab-m_L,Kenyon_Cell,cb_intrinsic,L,,acetylcholine,1,0,KC,ab,2,0,,
159667,109957,KCab-c,KCab-c_L,Kenyon_Cell,cb_intrinsic,L,,acetylcholine,1,0,KC,ab,1,0,,
159685,109966,KCab-m,KCab-m_L,Kenyon_Cell,cb_intrinsic,L,,acetylcholine,1,0,KC,ab,2,0,,
159692,109968,KCab-c,KCab-c_R,Kenyon_Cell,cb_intrinsic,R,,acetylcholine,1,0,KC,ab,1,0,,
159764,109989,KCab-m,KCab-m_L,Kenyon_Cell,cb_intrinsic,L,,acetylcholine,1,0,KC,ab,2,0,,
159831,110010,PAM14,PAM14(B'1m)_L,DAN,cb_intrinsic,L,,dopamine,1,1,DAN,,0,0,,
160277,110149,PAM06,PAM06(B'2m)_R,DAN,cb_intrinsic,R,,dopamine,1,1,DAN,,0,0,,
160320,110163,MBON25-like,MBON25-like(y2)_L,MBON,cb_intrinsic,L,,glutamate,-1,0,MBON,,0,0,,
160400,110194,KCab-s,KCab-s_L,Kenyon_Cell,cb_intrinsic,L,,acetylcholine,1,0,KC,ab,2,0,,
160407,110196,KCab-s,KCab-s_L,Kenyon_Cell,cb_intrinsic,L,,acetylcholine,1,0,KC,ab,1,0,,
160563,110241,KCab-c,KCab-c_L,Kenyon_Cell,cb_intrinsic,L,,acetylcholine,1,0,KC,ab,1,0,,
160568,110243,KCab-c,KCab-c_L,Kenyon_Cell,cb_intrinsic,L,,acetylcholine,1,0,KC,ab,2,0,,
160681,110279,KCab-m,KCab-m_L,Kenyon_Cell,cb_intrinsic,L,,acetylcholine,1,0,KC,ab,1,0,,
160745,110301,KCab-c,KCab-c_L,Kenyon_Cell,cb_intrinsic,L,,acetylcholine,1,0,KC,ab,1,0,,
160748,110303,KCab-c,KCab-c_L,Kenyon_Cell,cb_intrinsic,L,,acetylcholine,1,0,KC,ab,2,0,,
160750,110304,KCab-m,KCab-m_L,Kenyon_Cell,cb_intrinsic,L,,acetylcholine,1,0,KC,ab,1,0,,
160878,110342,KCg-m,KCg-m_R,Kenyon_Cell,cb_intrinsic,R,,acetylcholine,1,0,KC,gamma,1,2,,
160885,110344,KCab-s,KCab-s_R,Kenyon_Cell,cb_intrinsic,R,,acetylcholine,1,0,KC,ab,2,0,,
160889,110345,KCab-m,KCab-m_R,Kenyon_Cell,cb_intrinsic,R,,acetylcholine,1,0,KC,ab,2,0,,
161026,110384,KCa'b'-ap2,KCa'b'-ap2_R,Kenyon_Cell,cb_intrinsic,R,,acetylcholine,1,0,KC,apbp,1,2,,
161034,110387,CB3228,CB3228_R,ALPN,cb_intrinsic,R,,gaba,-1,0,ALPN,,0,0,,
161079,110407,PAM15,PAM15(y5B'2a)_L,DAN,cb_intrinsic,L,,dopamine,1,1,DAN,,0,0,,
161153,110425,PAM08,PAM08(y4)_L,DAN,cb_intrinsic,L,,dopamine,1,1,DAN,,0,0,,
161163,110431,KCab-s,KCab-s_L,Kenyon_Cell,cb_intrinsic,L,,acetylcholine,1,0,KC,ab,2,0,,
161200,110447,KCab-c,KCab-c_L,Kenyon_Cell,cb_intrinsic,L,,acetylcholine,1,0,KC,ab,1,0,,
161302,110479,KCa'b'-m,KCa'b'-m_R,Kenyon_Cell,cb_intrinsic,R,,acetylcholine,1,0,KC,apbp,1,2,,
161418,110515,KCab-c,KCab-c_L,Kenyon_Cell,cb_intrinsic,L,,acetylcholine,1,0,KC,ab,0,0,,
161432,110518,KCab-m,KCab-m_R,Kenyon_Cell,cb_intrinsic,R,,acetylcholine,1,0,KC,ab,1,0,,
161517,110546,KCab-c,KCab-c_R,Kenyon_Cell,cb_intrinsic,R,,acetylcholine,1,0,KC,ab,1,0,,
161529,110550,KCab-m,KCab-m_R,Kenyon_Cell,cb_intrinsic,R,,acetylcholine,1,0,KC,ab,1,0,,
161552,110559,KCab-s,KCab-s_R,Kenyon_Cell,cb_intrinsic,R,,acetylcholine,1,0,KC,ab,2,0,,
161596,110569,PAM14,PAM14(B'1m)_R,DAN,cb_intrinsic,R,,dopamine,1,1,DAN,,0,0,,
161627,110578,KCab-m,KCab-m_L,Kenyon_Cell,cb_intrinsic,L,,acetylcholine,1,0,KC,ab,2,0,,
161648,110585,KCab-c,KCab-c_R,Kenyon_Cell,cb_intrinsic,R,,acetylcholine,1,0,KC,ab,1,0,,
161706,110607,KCg-m,KCg-m_L,Kenyon_Cell,cb_intrinsic,L,,acetylcholine,1,0,KC,gamma,1,2,,
161786,110625,KCab-m,KCab-m_R,Kenyon_Cell,cb_intrinsic,R,,acetylcholine,1,0,KC,ab,1,0,,
161865,110641,KCab-c,KCab-c_L,Kenyon_Cell,cb_intrinsic,L,,acetylcholine,1,0,KC,ab,1,0,,
161970,110673,KCab-c,KCab-c_L,Kenyon_Cell,cb_intrinsic,L,,acetylcholine,1,0,KC,ab,1,0,,
162004,110679,KCab-c,KCab-c_L,Kenyon_Cell,cb_intrinsic,L,,acetylcholine,1,0,KC,ab,1,0,,
162048,110691,KCab-s,KCab-s_L,Kenyon_Cell,cb_intrinsic,L,,acetylcholine,1,0,KC,ab,1,0,,
162050,110692,PAM08,PAM08(y4)_L,DAN,cb_intrinsic,L,,dopamine,1,1,DAN,,0,0,,
162116,110708,PAM13,PAM13(B'1ap)_L,DAN,cb_intrinsic,L,,dopamine,1,1,DAN,,0,0,,
162392,110788,KCab-s,KCab-s_R,Kenyon_Cell,cb_intrinsic,R,,acetylcholine,1,0,KC,ab,2,0,,
162399,110792,KCab-s,KCab-s_L,Kenyon_Cell,cb_intrinsic,L,,acetylcholine,1,0,KC,ab,1,0,,
162527,110826,KCab-c,KCab-c_L,Kenyon_Cell,cb_intrinsic,L,,acetylcholine,1,0,KC,ab,1,0,,
162607,110848,KCab-m,KCab-m_L,Kenyon_Cell,cb_intrinsic,L,,acetylcholine,1,0,KC,ab,1,0,,
162619,110857,KCab-c,KCab-c_L,Kenyon_Cell,cb_intrinsic,L,,acetylcholine,1,0,KC,ab,0,0,,
162631,110862,PAM13,PAM13(B'1ap)_R,DAN,cb_intrinsic,R,,dopamine,1,1,DAN,,0,0,,
162655,110871,KCab-m,KCab-m_L,Kenyon_Cell,cb_intrinsic,L,,acetylcholine,1,0,KC,ab,1,0,,
162674,110878,KCab-c,KCab-c_R,Kenyon_Cell,cb_intrinsic,R,,acetylcholine,1,0,KC,ab,1,0,,
162822,110924,KCab-c,KCab-c_L,Kenyon_Cell,cb_intrinsic,L,,acetylcholine,1,0,KC,ab,1,0,,
162951,110961,KCab-p,KCab-p_L,Kenyon_Cell,cb_intrinsic,L,,acetylcholine,1,0,KC,ab,1,0,,
162966,110965,KCab-c,KCab-c_L,Kenyon_Cell,cb_intrinsic,L,,acetylcholine,1,0,KC,ab,1,0,,
163102,110998,KCa'b'-ap1,KCa'b'-ap1_R,Kenyon_Cell,cb_intrinsic,R,,acetylcholine,1,0,KC,apbp,0,2,,
163194,111018,PAM06,PAM06(B'2m)_R,DAN,cb_intrinsic,R,,dopamine,1,1,DAN,,0,0,,
163235,111030,KCab-c,KCab-c_L,Kenyon_Cell,cb_intrinsic,L,,acetylcholine,1,0,KC,ab,0,0,,
163251,111036,KCab-s,KCab-s_L,Kenyon_Cell,cb_intrinsic,L,,acetylcholine,1,0,KC,ab,1,0,,
163371,111069,KCab-c,KCab-c_L,Kenyon_Cell,cb_intrinsic,L,,acetylcholine,1,0,KC,ab,1,0,,
163450,111095,KCab-m,KCab-m_L,Kenyon_Cell,cb_intrinsic,L,,acetylcholine,1,0,KC,ab,1,0,,
163490,111110,KCab-c,KCab-c_L,Kenyon_Cell,cb_intrinsic,L,,acetylcholine,1,0,KC,ab,1,0,,
163500,111113,KCab-m,KCab-m_L,Kenyon_Cell,cb_intrinsic,L,,acetylcholine,1,0,KC,ab,1,0,,
163516,111121,KCg-m,KCg-m_R,Kenyon_Cell,cb_intrinsic,R,,acetylcholine,1,0,KC,gamma,1,2,,
163698,111183,KCg-m,KCg-m_L,Kenyon_Cell,cb_intrinsic,L,,acetylcholine,1,0,KC,gamma,1,2,,
163735,111191,KCg-m,KCg-m_L,Kenyon_Cell,cb_intrinsic,L,,acetylcholine,1,0,KC,gamma,1,2,,
163739,111193,KCab-m,KCab-m_L,Kenyon_Cell,cb_intrinsic,L,,acetylcholine,1,0,KC,ab,1,0,,
163808,111211,KCab-s,KCab-s_L,Kenyon_Cell,cb_intrinsic,L,,acetylcholine,1,0,KC,ab,1,0,,
163811,111212,CB3228,CB3228_R,ALPN,cb_intrinsic,R,,gaba,-1,0,ALPN,,0,0,,
163883,111231,PAM03,PAM03(B2B'2a)_L,DAN,cb_intrinsic,L,,dopamine,1,1,DAN,,0,0,,
163889,111233,KCab-m,KCab-m_L,Kenyon_Cell,cb_intrinsic,L,,acetylcholine,1,0,KC,ab,1,0,,
163951,111252,PAM06,PAM06(B'2m)_R,DAN,cb_intrinsic,R,,dopamine,1,1,DAN,,0,0,,
163971,111256,KCg-m,KCg-m_R,Kenyon_Cell,cb_intrinsic,R,,acetylcholine,1,0,KC,gamma,1,2,,
163974,111259,KCab-c,KCab-c_L,Kenyon_Cell,cb_intrinsic,L,,acetylcholine,1,0,KC,ab,2,0,,
164086,111303,PAM01,PAM01(y5)_R,DAN,cb_intrinsic,R,,dopamine,1,1,DAN,,0,0,,
164099,111306,KCab-m,KCab-m_L,Kenyon_Cell,cb_intrinsic,L,,acetylcholine,1,0,KC,ab,1,0,,
164103,111307,KCg-m,KCg-m_R,Kenyon_Cell,cb_intrinsic,R,,acetylcholine,1,0,KC,gamma,1,3,,
164216,111335,KCab-c,KCab-c_R,Kenyon_Cell,cb_intrinsic,R,,acetylcholine,1,0,KC,ab,1,0,,
164279,111352,PAM14,PAM14(B'1m)_R,DAN,cb_intrinsic,R,,dopamine,1,1,DAN,,0,0,,
164355,111375,KCab-s,KCab-s_L,Kenyon_Cell,cb_intrinsic,L,,acetylcholine,1,0,KC,ab,1,0,,
164412,111390,KCab-m,KCab-m_L,Kenyon_Cell,cb_intrinsic,L,,acetylcholine,1,0,KC,ab,1,0,,
164534,111430,KCab-s,KCab-s_R,Kenyon_Cell,cb_intrinsic,R,,acetylcholine,1,0,KC,ab,1,0,,
164590,111447,KCab-c,KCab-c_L,Kenyon_Cell,cb_intrinsic,L,,acetylcholine,1,0,KC,ab,2,0,,
164601,111451,PAM14,PAM14(B'1m)_L,DAN,cb_intrinsic,L,,dopamine,1,1,DAN,,0,0,,
164607,111453,KCab-c,KCab-c_L,Kenyon_Cell,cb_intrinsic,L,,acetylcholine,1,0,KC,ab,1,0,,
164966,111543,KCab-m,KCab-m_L,Kenyon_Cell,cb_intrinsic,L,,acetylcholine,1,0,KC,ab,2,0,,
165036,111566,KCg-m,KCg-m_R,Kenyon_Cell,cb_intrinsic,R,,acetylcholine,1,0,KC,gamma,1,2,,
165105,111592,KCab-s,KCab-s_L,Kenyon_Cell,cb_intrinsic,L,,acetylcholine,1,0,KC,ab,1,0,,
165176,111616,KCab-m,KCab-m_L,Kenyon_Cell,cb_intrinsic,L,,acetylcholine,1,0,KC,ab,2,0,,
165180,111618,KCab-c,KCab-c_R,Kenyon_Cell,cb_intrinsic,R,,acetylcholine,1,0,KC,ab,2,0,,
165187,111619,PAM05,PAM05(B'2p)_R,DAN,cb_intrinsic,R,,dopamine,1,1,DAN,,0,0,,
165240,111636,KCab-s,KCab-s_R,Kenyon_Cell,cb_intrinsic,R,,acetylcholine,1,0,KC,ab,1,0,,
165260,111641,KCab-m,KCab-m_L,Kenyon_Cell,cb_intrinsic,L,,acetylcholine,1,0,KC,ab,2,0,,
165307,111660,KCab-s,KCab-s_R,Kenyon_Cell,cb_intrinsic,R,,acetylcholine,1,0,KC,ab,1,0,,
165355,111672,KCab-m,KCab-m_L,Kenyon_Cell,cb_intrinsic,L,,acetylcholine,1,0,KC,ab,2,0,,
165359,111674,KCab-m,KCab-m_L,Kenyon_Cell,cb_intrinsic,L,,acetylcholine,1,0,KC,ab,1,0,,
165365,111676,PAM01,PAM01(y5)_L,DAN,cb_intrinsic,L,,dopamine,1,1,DAN,,0,0,,
165459,111696,KCab-c,KCab-c_L,Kenyon_Cell,cb_intrinsic,L,,acetylcholine,1,0,KC,ab,1,0,,
165660,111751,KCab-m,KCab-m_L,Kenyon_Cell,cb_intrinsic,L,,acetylcholine,1,0,KC,ab,1,1,,
166005,111856,KCab-m,KCab-m_R,Kenyon_Cell,cb_intrinsic,R,,acetylcholine,1,0,KC,ab,1,0,,
166049,111870,KCab-m,KCab-m_L,Kenyon_Cell,cb_intrinsic,L,,acetylcholine,1,0,KC,ab,2,0,,
166057,111873,KCab-s,KCab-s_R,Kenyon_Cell,cb_intrinsic,R,,acetylcholine,1,0,KC,ab,2,0,,
166075,111879,KCab-c,KCab-c_L,Kenyon_Cell,cb_intrinsic,L,,acetylcholine,1,0,KC,ab,1,0,,
166081,111882,KCab-p,KCab-p_L,Kenyon_Cell,cb_intrinsic,L,,acetylcholine,1,0,KC,ab,1,0,,
166119,111889,KCab-s,KCab-s_L,Kenyon_Cell,cb_intrinsic,L,,acetylcholine,1,0,KC,ab,2,0,,
166153,111899,KCab-s,KCab-s_L,Kenyon_Cell,cb_intrinsic,L,,acetylcholine,1,0,KC,ab,2,0,,
166283,111932,KCab-m,KCab-m_L,Kenyon_Cell,cb_intrinsic,L,,acetylcholine,1,0,KC,ab,1,0,,
166289,111936,KCab-m,KCab-m_L,Kenyon_Cell,cb_intrinsic,L,,acetylcholine,1,0,KC,ab,2,0,,
166321,111946,KCab-c,KCab-c_L,Kenyon_Cell,cb_intrinsic,L,,acetylcholine,1,0,KC,ab,1,0,,
166385,111966,KCab-s,KCab-s_L,Kenyon_Cell,cb_intrinsic,L,,acetylcholine,1,0,KC,ab,2,0,,
166386,111967,KCg-m,KCg-m_L,Kenyon_Cell,cb_intrinsic,L,,acetylcholine,1,0,KC,gamma,1,2,,
166533,112004,KCab-c,KCab-c_L,Kenyon_Cell,cb_intrinsic,L,,acetylcholine,1,0,KC,ab,1,0,,
166544,112007,KCab-c,KCab-c_L,Kenyon_Cell,cb_intrinsic,L,,acetylcholine,1,0,KC,ab,1,0,,
166581,112013,KCab-s,KCab-s_R,Kenyon_Cell,cb_intrinsic,R,,acetylcholine,1,0,KC,ab,1,0,,
166617,112022,KCab-s,KCab-s_L,Kenyon_Cell,cb_intrinsic,L,,acetylcholine,1,0,KC,ab,2,0,,
166687,112036,KCg-m,KCg-m_L,Kenyon_Cell,cb_intrinsic,L,,acetylcholine,1,0,KC,gamma,1,2,,
166699,112041,KCab-m,KCab-m_L,Kenyon_Cell,cb_intrinsic,L,,acetylcholine,1,0,KC,ab,2,0,,
166749,112055,KCab-m,KCab-m_L,Kenyon_Cell,cb_intrinsic,L,,acetylcholine,1,0,KC,ab,1,0,,
166876,112087,KCab-m,KCab-m_L,Kenyon_Cell,cb_intrinsic,L,,acetylcholine,1,0,KC,ab,2,0,,
166885,112089,KCab-c,KCab-c_L,Kenyon_Cell,cb_intrinsic,L,,acetylcholine,1,0,KC,ab,1,0,,
166914,112100,KCab-m,KCab-m_R,Kenyon_Cell,cb_intrinsic,R,,acetylcholine,1,0,KC,ab,1,0,,
166918,112101,KCab-c,KCab-c_L,Kenyon_Cell,cb_intrinsic,L,,acetylcholine,1,0,KC,ab,1,0,,
166957,112107,KCab-m,KCab-m_L,Kenyon_Cell,cb_intrinsic,L,,acetylcholine,1,0,KC,ab,1,0,,
167009,112120,PAM01,PAM01(y5)_R,DAN,cb_intrinsic,R,,dopamine,1,1,DAN,,0,0,,
167039,112130,KCab-c,KCab-c_L,Kenyon_Cell,cb_intrinsic,L,,acetylcholine,1,0,KC,ab,1,0,,
167073,112141,PAM14,PAM14(B'1m)_R,DAN,cb_intrinsic,R,,dopamine,1,1,DAN,,0,0,,
167187,112167,KCab-m,KCab-m_L,Kenyon_Cell,cb_intrinsic,L,,acetylcholine,1,0,KC,ab,1,0,,
167201,112174,KCab-m,KCab-m_L,Kenyon_Cell,cb_intrinsic,L,,acetylcholine,1,0,KC,ab,1,0,,
167235,112184,KCab-m,KCab-m_L,Kenyon_Cell,cb_intrinsic,L,,acetylcholine,1,0,KC,ab,1,0,,
167289,112195,KCab-c,KCab-c_L,Kenyon_Cell,cb_intrinsic,L,,acetylcholine,1,0,KC,ab,1,0,,
167297,112200,KCab-c,KCab-c_L,Kenyon_Cell,cb_intrinsic,L,,acetylcholine,1,0,KC,ab,1,0,,
167305,112203,KCab-m,KCab-m_L,Kenyon_Cell,cb_intrinsic,L,,acetylcholine,1,0,KC,ab,1,0,,
167406,112229,KCab-s,KCab-s_L,Kenyon_Cell,cb_intrinsic,L,,acetylcholine,1,0,KC,ab,2,0,,
167413,112231,KCab-c,KCab-c_L,Kenyon_Cell,cb_intrinsic,L,,acetylcholine,1,0,KC,ab,1,0,,
167474,112247,KCg-m,KCg-m_L,Kenyon_Cell,cb_intrinsic,L,,acetylcholine,1,0,KC,gamma,1,2,,
167484,112253,KCab-s,KCab-s_L,Kenyon_Cell,cb_intrinsic,L,,acetylcholine,1,0,KC,ab,2,0,,
167708,112316,KCab-s,KCab-s_R,Kenyon_Cell,cb_intrinsic,R,,acetylcholine,1,0,KC,ab,1,0,,
167780,112328,KCab-s,KCab-s_R,Kenyon_Cell,cb_intrinsic,R,,acetylcholine,1,0,KC,ab,1,0,,
167793,112334,KCab-c,KCab-c_R,Kenyon_Cell,cb_intrinsic,R,,acetylcholine,1,0,KC,ab,1,0,,
168006,112390,KCab-c,KCab-c_L,Kenyon_Cell,cb_intrinsic,L,,acetylcholine,1,0,KC,ab,0,0,,
168020,112397,PAM03,PAM03(B2B'2a)_L,DAN,cb_intrinsic,L,,dopamine,1,1,DAN,,0,0,,
168059,112408,KCab-c,KCab-c_L,Kenyon_Cell,cb_intrinsic,L,,acetylcholine,1,0,KC,ab,1,0,,
168080,112415,PAM03,PAM03(B2B'2a)_L,DAN,cb_intrinsic,L,,dopamine,1,1,DAN,,0,0,,
168123,112425,KCab-c,KCab-c_L,Kenyon_Cell,cb_intrinsic,L,,acetylcholine,1,0,KC,ab,1,0,,
168234,112458,KCab-m,KCab-m_L,Kenyon_Cell,cb_intrinsic,L,,acetylcholine,1,0,KC,ab,2,0,,
168306,112473,KCg-m,KCg-m_R,Kenyon_Cell,cb_intrinsic,R,,acetylcholine,1,0,KC,gamma,1,2,,
168315,112478,KCab-m,KCab-m_L,Kenyon_Cell,cb_intrinsic,L,,acetylcholine,1,0,KC,ab,2,0,,
168405,112500,KCab-c,KCab-c_R,Kenyon_Cell,cb_intrinsic,R,,acetylcholine,1,0,KC,ab,1,0,,
168433,112507,KCab-s,KCab-s_R,Kenyon_Cell,cb_intrinsic,R,,acetylcholine,1,0,KC,ab,2,0,,
168459,112513,KCab-m,KCab-m_L,Kenyon_Cell,cb_intrinsic,L,,acetylcholine,1,0,KC,ab,2,0,,
168522,112531,KCa'b'-m,KCa'b'-m_L,Kenyon_Cell,cb_intrinsic,L,,acetylcholine,1,0,KC,apbp,0,2,,
168564,112538,KCab-c,KCab-c_L,Kenyon_Cell,cb_intrinsic,L,,acetylcholine,1,0,KC,ab,2,0,,
168771,112592,KCab-s,KCab-s_L,Kenyon_Cell,cb_intrinsic,L,,acetylcholine,1,0,KC,ab,1,0,,
168795,112594,KCab-c,KCab-c_L,Kenyon_Cell,cb_intrinsic,L,,acetylcholine,1,0,KC,ab,1,0,,
168916,112630,KCab-m,KCab-m_L,Kenyon_Cell,cb_intrinsic,L,,acetylcholine,1,0,KC,ab,1,0,,
169027,112662,PAM03,PAM03(B2B'2a)_R,DAN,cb_intrinsic,R,,dopamine,1,1,DAN,,0,0,,
169034,112665,KCab-s,KCab-s_L,Kenyon_Cell,cb_intrinsic,L,,acetylcholine,1,0,KC,ab,2,0,,
169141,112698,KCab-m,KCab-m_R,Kenyon_Cell,cb_intrinsic,R,,acetylcholine,1,0,KC,ab,1,0,,
169278,112732,PAM01,PAM01(y5)_L,DAN,cb_intrinsic,L,,dopamine,1,1,DAN,,0,0,,
169369,112751,KCab-c,KCab-c_L,Kenyon_Cell,cb_intrinsic,L,,acetylcholine,1,0,KC,ab,2,0,,
169403,112762,KCab-c,KCab-c_L,Kenyon_Cell,cb_intrinsic,L,,acetylcholine,1,0,KC,ab,1,0,,
169420,112767,KCab-m,KCab-m_L,Kenyon_Cell,cb_intrinsic,L,,acetylcholine,1,0,KC,ab,1,0,,
169484,112779,KCab-m,KCab-m_L,Kenyon_Cell,cb_intrinsic,L,,acetylcholine,1,0,KC,ab,2,0,,
169639,112822,KCab-c,KCab-c_L,Kenyon_Cell,cb_intrinsic,L,,acetylcholine,1,0,KC,ab,1,0,,
169674,112835,PAM04,PAM04(B2)_L,DAN,cb_intrinsic,L,,dopamine,1,1,DAN,,0,0,,
169734,112853,KCab-c,KCab-c_L,Kenyon_Cell,cb_intrinsic,L,,acetylcholine,1,0,KC,ab,1,0,,
169933,112892,KCab-c,KCab-c_L,Kenyon_Cell,cb_intrinsic,L,,acetylcholine,1,0,KC,ab,1,0,,
170005,112908,KCab-s,KCab-s_L,Kenyon_Cell,cb_intrinsic,L,,acetylcholine,1,0,KC,ab,2,0,,
170040,112918,KCab-s,KCab-s_R,Kenyon_Cell,cb_intrinsic,R,,acetylcholine,1,0,KC,ab,2,0,,
170179,112952,KCab-p,KCab-p_L,Kenyon_Cell,cb_intrinsic,L,,acetylcholine,1,0,KC,ab,1,0,,
170237,112967,KCab-c,KCab-c_L,Kenyon_Cell,cb_intrinsic,L,,acetylcholine,1,0,KC,ab,1,0,,
170293,112982,KCab-p,KCab-p_L,Kenyon_Cell,cb_intrinsic,L,,acetylcholine,1,0,KC,ab,0,0,,
170365,113002,KCab-c,KCab-c_L,Kenyon_Cell,cb_intrinsic,L,,acetylcholine,1,0,KC,ab,1,0,,
170366,113003,KCab-c,KCab-c_L,Kenyon_Cell,cb_intrinsic,L,,acetylcholine,1,0,KC,ab,2,0,,
170450,113024,PAM10,PAM10(B1)_L,DAN,cb_intrinsic,L,,dopamine,1,1,DAN,,0,0,,
170466,113030,KCab-m,KCab-m_R,Kenyon_Cell,cb_intrinsic,R,,acetylcholine,1,0,KC,ab,1,0,,
170467,113031,PAM03,PAM03(B2B'2a)_R,DAN,cb_intrinsic,R,,dopamine,1,1,DAN,,0,0,,
170474,113034,KCab-m,KCab-m_L,Kenyon_Cell,cb_intrinsic,L,,acetylcholine,1,0,KC,ab,1,0,,
170719,113090,KCa'b'-ap2,KCa'b'-ap2_R,Kenyon_Cell,cb_intrinsic,R,,acetylcholine,1,0,KC,apbp,0,2,,
170870,113119,KCab-c,KCab-c_R,Kenyon_Cell,cb_intrinsic,R,,acetylcholine,1,0,KC,ab,1,0,,
170919,113134,KCab-s,KCab-s_L,Kenyon_Cell,cb_intrinsic,L,,acetylcholine,1,0,KC,ab,1,0,,
171000,113158,KCab-c,KCab-c_L,Kenyon_Cell,cb_intrinsic,L,,acetylcholine,1,0,KC,ab,1,0,,
171048,113172,KCab-p,KCab-p_R,Kenyon_Cell,cb_intrinsic,R,,acetylcholine,1,0,KC,ab,1,0,,
171163,113204,KCg-m,KCg-m_R,Kenyon_Cell,cb_intrinsic,R,,acetylcholine,1,0,KC,gamma,1,2,,
171283,113226,KCg-m,KCg-m_L,Kenyon_Cell,cb_intrinsic,L,,acetylcholine,1,0,KC,gamma,1,2,,
171292,113229,KCab-c,KCab-c_L,Kenyon_Cell,cb_intrinsic,L,,acetylcholine,1,0,KC,ab,1,0,,
171306,113232,KCab-s,KCab-s_R,Kenyon_Cell,cb_intrinsic,R,,acetylcholine,1,0,KC,ab,1,0,,
171340,113243,KCab-m,KCab-m_L,Kenyon_Cell,cb_intrinsic,L,,acetylcholine,1,0,KC,ab,2,0,,
171464,113269,KCab-c,KCab-c_L,Kenyon_Cell,cb_intrinsic,L,,acetylcholine,1,0,KC,ab,1,0,,
171959,113390,PAM02,PAM02(B'2a)_R,DAN,cb_intrinsic,R,,dopamine,1,1,DAN,,0,0,,
171985,113395,KCg-m,KCg-m_L,Kenyon_Cell,cb_intrinsic,L,,acetylcholine,1,0,KC,gamma,2,2,,
172017,113404,KCab-c,KCab-c_L,Kenyon_Cell,cb_intrinsic,L,,acetylcholine,1,0,KC,ab,1,0,,
172084,113419,KCg-m,KCg-m_R,Kenyon_Cell,cb_intrinsic,R,,acetylcholine,1,0,KC,gamma,1,2,,
172186,113441,KCab-m,KCab-m_R,Kenyon_Cell,cb_intrinsic,R,,acetylcholine,1,0,KC,ab,1,0,,
172224,113448,KCab-c,KCab-c_L,Kenyon_Cell,cb_intrinsic,L,,acetylcholine,1,0,KC,ab,1,0,,
172273,113456,KCab-c,KCab-c_L,Kenyon_Cell,cb_intrinsic,L,,acetylcholine,1,0,KC,ab,1,0,,
172288,113459,KCab-m,KCab-m_L,Kenyon_Cell,cb_intrinsic,L,,acetylcholine,1,0,KC,ab,1,0,,
172298,113461,KCg-m,KCg-m_L,Kenyon_Cell,cb_intrinsic,L,,acetylcholine,1,0,KC,gamma,1,2,,
172324,113466,KCab-c,KCab-c_L,Kenyon_Cell,cb_intrinsic,L,,acetylcholine,1,0,KC,ab,1,0,,
172355,113475,KCab-c,KCab-c_L,Kenyon_Cell,cb_intrinsic,L,,acetylcholine,1,0,KC,ab,1,0,,
172379,113482,KCab-m,KCab-m_L,Kenyon_Cell,cb_intrinsic,L,,acetylcholine,1,0,KC,ab,2,0,,
172492,113509,KCg-m,KCg-m_L,Kenyon_Cell,cb_intrinsic,L,,acetylcholine,1,0,KC,gamma,1,2,,
172635,113544,KCab-m,KCab-m_R,Kenyon_Cell,cb_intrinsic,R,,acetylcholine,1,0,KC,ab,1,0,,
172748,113569,KCab-c,KCab-c_L,Kenyon_Cell,cb_intrinsic,L,,acetylcholine,1,0,KC,ab,1,0,,
172801,113580,KCab-c,KCab-c_L,Kenyon_Cell,cb_intrinsic,L,,acetylcholine,1,0,KC,ab,1,0,,
173081,113651,KCab-c,KCab-c_L,Kenyon_Cell,cb_intrinsic,L,,acetylcholine,1,0,KC,ab,1,0,,
173082,113652,KCab-c,KCab-c_L,Kenyon_Cell,cb_intrinsic,L,,acetylcholine,1,0,KC,ab,1,0,,
173137,113666,KCab-c,KCab-c_L,Kenyon_Cell,cb_intrinsic,L,,acetylcholine,1,0,KC,ab,1,0,,
173157,113672,KCab-m,KCab-m_R,Kenyon_Cell,cb_intrinsic,R,,acetylcholine,1,0,KC,ab,1,0,,
173188,113680,KCab-s,KCab-s_R,Kenyon_Cell,cb_intrinsic,R,,acetylcholine,1,0,KC,ab,1,0,,
173322,113713,KCg-m,KCg-m_R,Kenyon_Cell,cb_intrinsic,R,,acetylcholine,1,0,KC,gamma,1,2,,
173332,113717,KCab-c,KCab-c_L,Kenyon_Cell,cb_intrinsic,L,,acetylcholine,1,0,KC,ab,1,0,,
173472,113747,KCab-c,KCab-c_L,Kenyon_Cell,cb_intrinsic,L,,acetylcholine,1,0,KC,ab,1,0,,
173570,113762,KCab-c,KCab-c_L,Kenyon_Cell,cb_intrinsic,L,,acetylcholine,1,0,KC,ab,1,0,,
173573,113765,KCab-c,KCab-c_R,Kenyon_Cell,cb_intrinsic,R,,acetylcholine,1,0,KC,ab,1,0,,
173781,113809,KCab-m,KCab-m_L,Kenyon_Cell,cb_intrinsic,L,,acetylcholine,1,0,KC,ab,2,0,,
173807,113817,KCab-s,KCab-s_R,Kenyon_Cell,cb_intrinsic,R,,acetylcholine,1,0,KC,ab,1,0,,
173882,113839,KCab-s,KCab-s_R,Kenyon_Cell,cb_intrinsic,R,,acetylcholine,1,0,KC,ab,1,0,,
173951,113855,KCab-s,KCab-s_L,Kenyon_Cell,cb_intrinsic,L,,acetylcholine,1,0,KC,ab,1,0,,
173970,113859,KCab-c,KCab-c_L,Kenyon_Cell,cb_intrinsic,L,,acetylcholine,1,0,KC,ab,1,0,,
174029,113873,KCab-m,KCab-m_L,Kenyon_Cell,cb_intrinsic,L,,acetylcholine,1,0,KC,ab,2,0,,
174047,113881,KCab-s,KCab-s_L,Kenyon_Cell,cb_intrinsic,L,,acetylcholine,1,0,KC,ab,1,0,,
174060,113882,KCab-c,KCab-c_R,Kenyon_Cell,cb_intrinsic,R,,acetylcholine,1,0,KC,ab,1,0,,
174127,113899,KCa'b'-m,KCa'b'-m_L,Kenyon_Cell,cb_intrinsic,L,,acetylcholine,1,0,KC,apbp,0,2,,
174181,113915,KCab-s,KCab-s_L,Kenyon_Cell,cb_intrinsic,L,,acetylcholine,1,0,KC,ab,2,0,,
174185,113917,KCab-m,KCab-m_L,Kenyon_Cell,cb_intrinsic,L,,acetylcholine,1,0,KC,ab,1,0,,
174194,113919,KCab-c,KCab-c_L,Kenyon_Cell,cb_intrinsic,L,,acetylcholine,1,0,KC,ab,1,0,,
174255,113935,PAM14,PAM14(B'1m)_L,DAN,cb_intrinsic,L,,dopamine,1,1,DAN,,0,0,,
174384,113966,PAM03,PAM03(B2B'2a)_R,DAN,cb_intrinsic,R,,dopamine,1,1,DAN,,0,0,,
174546,114017,KCab-p,KCab-p_L,Kenyon_Cell,cb_intrinsic,L,,acetylcholine,1,0,KC,ab,0,0,,
174587,114028,KCab-m,KCab-m_R,Kenyon_Cell,cb_intrinsic,R,,acetylcholine,1,0,KC,ab,2,0,,
174608,114033,KCab-c,KCab-c_L,Kenyon_Cell,cb_intrinsic,L,,acetylcholine,1,0,KC,ab,1,0,,
174672,114052,PAM08,PAM08(y4)_L,DAN,cb_intrinsic,L,,dopamine,1,1,DAN,,0,0,,
174813,114086,KCab-c,KCab-c_L,Kenyon_Cell,cb_intrinsic,L,,acetylcholine,1,0,KC,ab,1,0,,
174862,114098,PAM08,PAM08(y4)_R,DAN,cb_intrinsic,R,,dopamine,1,1,DAN,,0,0,,
175168,114154,KCab-s,KCab-s_L,Kenyon_Cell,cb_intrinsic,L,,acetylcholine,1,0,KC,ab,2,0,,
175232,114178,PAM13,PAM13(B'1ap)_L,DAN,cb_intrinsic,L,,dopamine,1,1,DAN,,0,0,,
175308,114198,KCab-c,KCab-c_L,Kenyon_Cell,cb_intrinsic,L,,acetylcholine,1,0,KC,ab,1,0,,
175328,114203,KCab-c,KCab-c_L,Kenyon_Cell,cb_intrinsic,L,,acetylcholine,1,0,KC,ab,1,0,,
175459,114235,PAM08,PAM08(y4)_L,DAN,cb_intrinsic,L,,dopamine,1,1,DAN,,0,0,,
175490,114242,KCab-c,KCab-c_L,Kenyon_Cell,cb_intrinsic,L,,acetylcholine,1,0,KC,ab,1,0,,
175745,114301,KCab-m,KCab-m_L,Kenyon_Cell,cb_intrinsic,L,,acetylcholine,1,0,KC,ab,1,0,,
175766,114306,KCab-c,KCab-c_R,Kenyon_Cell,cb_intrinsic,R,,acetylcholine,1,0,KC,ab,1,0,,
175767,114307,KCg-m,KCg-m_L,Kenyon_Cell,cb_intrinsic,L,,acetylcholine,1,0,KC,gamma,1,2,,
175807,114313,KCab-s,KCab-s_L,Kenyon_Cell,cb_intrinsic,L,,acetylcholine,1,0,KC,ab,1,0,,
175918,114337,KCg-m,KCg-m_L,Kenyon_Cell,cb_intrinsic,L,,acetylcholine,1,0,KC,gamma,1,2,,
175964,114348,PAM08,PAM08(y4)_R,DAN,cb_intrinsic,R,,dopamine,1,1,DAN,,0,0,,
175976,114350,KCab-c,KCab-c_R,Kenyon_Cell,cb_intrinsic,R,,acetylcholine,1,0,KC,ab,1,0,,
176077,114367,CB2711,CB2711_L,ALPN,cb_intrinsic,L,,gaba,-1,0,ALPN,,0,0,,
176147,114386,KCab-m,KCab-m_L,Kenyon_Cell,cb_intrinsic,L,,acetylcholine,1,0,KC,ab,1,0,,
176169,114390,KCab-c,KCab-c_L,Kenyon_Cell,cb_intrinsic,L,,acetylcholine,1,0,KC,ab,1,0,,
176320,114424,KCab-c,KCab-c_R,Kenyon_Cell,cb_intrinsic,R,,acetylcholine,1,0,KC,ab,1,0,,
176429,114444,PAM04,PAM04(B2)_L,DAN,cb_intrinsic,L,,dopamine,1,1,DAN,,0,0,,
176460,114449,PAM15,PAM15(y5B'2a)_R,DAN,cb_intrinsic,R,,dopamine,1,1,DAN,,0,0,,
176508,114460,KCab-m,KCab-m_L,Kenyon_Cell,cb_intrinsic,L,,acetylcholine,1,0,KC,ab,2,0,,
176770,114515,KCg-m,KCg-m_R,Kenyon_Cell,cb_intrinsic,R,,acetylcholine,1,0,KC,gamma,1,2,,
176984,114562,KCab-m,KCab-m_L,Kenyon_Cell,cb_intrinsic,L,,acetylcholine,1,0,KC,ab,2,0,,
177010,114567,KCab-m,KCab-m_L,Kenyon_Cell,cb_intrinsic,L,,acetylcholine,1,0,KC,ab,1,0,,
177085,114583,KCab-m,KCab-m_L,Kenyon_Cell,cb_intrinsic,L,,acetylcholine,1,0,KC,ab,1,0,,
177202,114606,PAM03,PAM03(B2B'2a)_L,DAN,cb_intrinsic,L,,dopamine,1,1,DAN,,0,0,,
177383,114647,KCab-c,KCab-c_R,Kenyon_Cell,cb_intrinsic,R,,acetylcholine,1,0,KC,ab,1,0,,
177603,114690,PAM04,PAM04(B2)_L,DAN,cb_intrinsic,L,,dopamine,1,1,DAN,,0,0,,
177799,114742,KCab-c,KCab-c_L,Kenyon_Cell,cb_intrinsic,L,,acetylcholine,1,0,KC,ab,1,0,,
177800,114743,PAM04,PAM04(B2)_L,DAN,cb_intrinsic,L,,dopamine,1,1,DAN,,0,0,,
177835,114750,KCab-m,KCab-m_L,Kenyon_Cell,cb_intrinsic,L,,acetylcholine,1,0,KC,ab,1,0,,
178101,114807,PAM08,PAM08(y4)_L,DAN,cb_intrinsic,L,,dopamine,1,1,DAN,,0,0,,
178189,114824,KCab-m,KCab-m_L,Kenyon_Cell,cb_intrinsic,L,,acetylcholine,1,0,KC,ab,1,0,,
178307,114853,KCab-c,KCab-c_R,Kenyon_Cell,cb_intrinsic,R,,acetylcholine,1,0,KC,ab,1,0,,
178377,114868,KCab-c,KCab-c_L,Kenyon_Cell,cb_intrinsic,L,,acetylcholine,1,0,KC,ab,1,0,,
178476,114886,KCab-s,KCab-s_R,Kenyon_Cell,cb_intrinsic,R,,acetylcholine,1,0,KC,ab,2,0,,
178487,114888,PAM08,PAM08(y4)_R,DAN,cb_intrinsic,R,,dopamine,1,1,DAN,,0,0,,
178539,114896,PAM04,PAM04(B2)_R,DAN,cb_intrinsic,R,,dopamine,1,1,DAN,,0,0,,
178768,114939,KCab-c,KCab-c_L,Kenyon_Cell,cb_intrinsic,L,,acetylcholine,1,0,KC,ab,1,0,,
178810,114944,KCab-m,KCab-m_R,Kenyon_Cell,cb_intrinsic,R,,acetylcholine,1,0,KC,ab,2,0,,
178917,114961,KCab-m,KCab-m_L,Kenyon_Cell,cb_intrinsic,L,,acetylcholine,1,0,KC,ab,1,0,,
178945,114966,PAM10,PAM10(B1)_R,DAN,cb_intrinsic,R,,dopamine,1,1,DAN,,0,0,,
179084,114996,KCab-s,KCab-s_L,Kenyon_Cell,cb_intrinsic,L,,acetylcholine,1,0,KC,ab,1,0,,
179219,115023,KCab-s,KCab-s_R,Kenyon_Cell,cb_intrinsic,R,,acetylcholine,1,0,KC,ab,2,0,,
179398,115066,KCg-m,KCg-m_L,Kenyon_Cell,cb_intrinsic,L,,acetylcholine,1,0,KC,gamma,1,2,,
179489,115088,KCab-c,KCab-c_R,Kenyon_Cell,cb_intrinsic,R,,acetylcholine,1,0,KC,ab,1,0,,
179529,115098,KCab-m,KCab-m_L,Kenyon_Cell,cb_intrinsic,L,,acetylcholine,1,0,KC,ab,1,0,,
179669,115131,KCab-m,KCab-m_L,Kenyon_Cell,cb_intrinsic,L,,acetylcholine,1,0,KC,ab,2,0,,
179774,115155,KCab-c,KCab-c_L,Kenyon_Cell,cb_intrinsic,L,,acetylcholine,1,0,KC,ab,1,0,,
179899,115178,KCab-c,KCab-c_L,Kenyon_Cell,cb_intrinsic,L,,acetylcholine,1,0,KC,ab,1,0,,
180332,115261,KCa'b'-m,KCa'b'-m_R,Kenyon_Cell,cb_intrinsic,R,,acetylcholine,1,0,KC,apbp,0,2,,
180403,115277,PAM09,PAM09(B1ped)_R,DAN,cb_intrinsic,R,,dopamine,1,1,DAN,,0,0,,
180422,115282,KCab-c,KCab-c_R,Kenyon_Cell,cb_intrinsic,R,,acetylcholine,1,0,KC,ab,1,0,,
180494,115293,KCg-m,KCg-m_L,Kenyon_Cell,cb_intrinsic,L,,acetylcholine,1,0,KC,gamma,1,2,,
180588,115310,KCg-m,KCg-m_R,Kenyon_Cell,cb_intrinsic,R,,acetylcholine,1,0,KC,gamma,1,3,,
180728,115337,KCa'b'-ap2,KCa'b'-ap2_R,Kenyon_Cell,cb_intrinsic,R,,acetylcholine,1,0,KC,apbp,1,2,,
180757,115342,KCg-m,KCg-m_L,Kenyon_Cell,cb_intrinsic,L,,acetylcholine,1,0,KC,gamma,1,3,,
180812,115350,KCg-m,KCg-m_R,Kenyon_Cell,cb_intrinsic,R,,acetylcholine,1,0,KC,gamma,1,2,,
180859,115361,KCab-s,KCab-s_L,Kenyon_Cell,cb_intrinsic,L,,acetylcholine,1,0,KC,ab,2,0,,
180876,115364,KCab-s,KCab-s_L,Kenyon_Cell,cb_intrinsic,L,,acetylcholine,1,0,KC,ab,1,0,,
180905,115366,KCg-m,KCg-m_R,Kenyon_Cell,cb_intrinsic,R,,acetylcholine,1,0,KC,gamma,1,2,,
180920,115370,KCab-s,KCab-s_R,Kenyon_Cell,cb_intrinsic,R,,acetylcholine,1,0,KC,ab,2,0,,
180939,115374,KCab-s,KCab-s_R,Kenyon_Cell,cb_intrinsic,R,,acetylcholine,1,0,KC,ab,2,0,,
181180,115420,KCab-c,KCab-c_R,Kenyon_Cell,cb_intrinsic,R,,acetylcholine,1,0,KC,ab,1,0,,
181464,115468,KCab-m,KCab-m_R,Kenyon_Cell,cb_intrinsic,R,,acetylcholine,1,0,KC,ab,1,0,,
181516,115482,KCab-c,KCab-c_L,Kenyon_Cell,cb_intrinsic,L,,acetylcholine,1,0,KC,ab,1,0,,
181795,115535,KCab-c,KCab-c_L,Kenyon_Cell,cb_intrinsic,L,,acetylcholine,1,0,KC,ab,1,0,,
181884,115552,KCab-m,KCab-m_L,Kenyon_Cell,cb_intrinsic,L,,acetylcholine,1,0,KC,ab,1,0,,
181924,115562,PAM01,PAM01(y5)_L,DAN,cb_intrinsic,L,,dopamine,1,1,DAN,,0,0,,
182596,115699,KCab-s,KCab-s_R,Kenyon_Cell,cb_intrinsic,R,,acetylcholine,1,0,KC,ab,2,0,,
182674,115710,KCab-c,KCab-c_L,Kenyon_Cell,cb_intrinsic,L,,acetylcholine,1,0,KC,ab,1,0,,
182702,115717,KCa'b'-ap1,KCa'b'-ap1_R,Kenyon_Cell,cb_intrinsic,R,,acetylcholine,1,0,KC,apbp,1,3,,
182780,115730,KCab-c,KCab-c_L,Kenyon_Cell,cb_intrinsic,L,,acetylcholine,1,0,KC,ab,2,0,,
182857,115747,KCab-c,KCab-c_L,Kenyon_Cell,cb_intrinsic,L,,acetylcholine,1,0,KC,ab,1,0,,
183527,115889,KCab-c,KCab-c_L,Kenyon_Cell,cb_intrinsic,L,,acetylcholine,1,0,KC,ab,1,0,,
183567,115897,PAM13,PAM13(B'1ap)_L,DAN,cb_intrinsic,L,,dopamine,1,1,DAN,,0,0,,
183652,115917,KCab-c,KCab-c_L,Kenyon_Cell,cb_intrinsic,L,,acetylcholine,1,0,KC,ab,1,0,,
183659,115919,KCab-s,KCab-s_L,Kenyon_Cell,cb_intrinsic,L,,acetylcholine,1,0,KC,ab,1,0,,
183749,115939,KCab-c,KCab-c_L,Kenyon_Cell,cb_intrinsic,L,,acetylcholine,1,0,KC,ab,1,0,,
184536,116101,KCab-p,KCab-p_R,Kenyon_Cell,cb_intrinsic,R,,acetylcholine,1,0,KC,ab,1,0,,
184619,116122,KCg-m,KCg-m_L,Kenyon_Cell,cb_intrinsic,L,,acetylcholine,1,0,KC,gamma,1,2,,
184778,116158,PAM08,PAM08(y4)_R,DAN,cb_intrinsic,R,,dopamine,1,1,DAN,,0,0,,
185076,116225,KCab-c,KCab-c_L,Kenyon_Cell,cb_intrinsic,L,,acetylcholine,1,0,KC,ab,1,0,,
185154,116239,KCab-s,KCab-s_L,Kenyon_Cell,cb_intrinsic,L,,acetylcholine,1,0,KC,ab,2,0,,
185386,116285,KCg-m,KCg-m_L,Kenyon_Cell,cb_intrinsic,L,,acetylcholine,1,0,KC,gamma,1,2,,
185506,116309,KCab-c,KCab-c_L,Kenyon_Cell,cb_intrinsic,L,,acetylcholine,1,0,KC,ab,1,0,,
185518,116310,PAM01,PAM01(y5)_L,DAN,cb_intrinsic,L,,dopamine,1,1,DAN,,0,0,,
185639,116330,KCg-m,KCg-m_L,Kenyon_Cell,cb_intrinsic,L,,acetylcholine,1,0,KC,gamma,1,2,,
185655,116331,KCab-s,KCab-s_L,Kenyon_Cell,cb_intrinsic,L,,acetylcholine,1,0,KC,ab,1,0,,
185892,116364,KCab-m,KCab-m_L,Kenyon_Cell,cb_intrinsic,L,,acetylcholine,1,0,KC,ab,2,0,,
186043,116395,KCab-m,KCab-m_R,Kenyon_Cell,cb_intrinsic,R,,acetylcholine,1,0,KC,ab,2,0,,
186170,116418,KCab-m,KCab-m_L,Kenyon_Cell,cb_intrinsic,L,,acetylcholine,1,0,KC,ab,1,0,,
186305,116454,KCa'b'-ap2,KCa'b'-ap2_R,Kenyon_Cell,cb_intrinsic,R,,acetylcholine,1,0,KC,apbp,1,2,,
186566,116492,PAM04,PAM04(B2)_R,DAN,cb_intrinsic,R,,dopamine,1,1,DAN,,0,0,,
186613,116496,KCab-c,KCab-c_R,Kenyon_Cell,cb_intrinsic,R,,acetylcholine,1,0,KC,ab,1,0,,
186833,116537,KCab-m,KCab-m_R,Kenyon_Cell,cb_intrinsic,R,,acetylcholine,1,0,KC,ab,2,0,,
186977,116572,KCa'b'-m,KCa'b'-m_R,Kenyon_Cell,cb_intrinsic,R,,acetylcholine,1,0,KC,apbp,1,2,,
187266,116625,KCab-s,KCab-s_R,Kenyon_Cell,cb_intrinsic,R,,acetylcholine,1,0,KC,ab,2,0,,
187741,116703,MBON15-like,MBON15-like(a'1a'2)_R,MBON,cb_intrinsic,R,,acetylcholine,1,0,MBON,,0,0,,
187909,116724,KCab-c,KCab-c_L,Kenyon_Cell,cb_intrinsic,L,,acetylcholine,1,0,KC,ab,1,0,,
188103,116773,KCab-c,KCab-c_L,Kenyon_Cell,cb_intrinsic,L,,acetylcholine,1,0,KC,ab,1,0,,
188114,116777,KCab-m,KCab-m_L,Kenyon_Cell,cb_intrinsic,L,,acetylcholine,1,0,KC,ab,1,0,,
188198,116798,KCg-m,KCg-m_L,Kenyon_Cell,cb_intrinsic,L,,acetylcholine,1,0,KC,gamma,2,2,,
188253,116807,KCab-s,KCab-s_R,Kenyon_Cell,cb_intrinsic,R,,acetylcholine,1,0,KC,ab,1,0,,
188606,116875,KCab-c,KCab-c_R,Kenyon_Cell,cb_intrinsic,R,,acetylcholine,1,0,KC,ab,1,0,,
189047,116959,KCg-m,KCg-m_R,Kenyon_Cell,cb_intrinsic,R,,acetylcholine,1,0,KC,gamma,1,3,,
189068,116965,KCab-m,KCab-m_R,Kenyon_Cell,cb_intrinsic,R,,acetylcholine,1,0,KC,ab,1,0,,
189744,117093,KCab-s,KCab-s_R,Kenyon_Cell,cb_intrinsic,R,,acetylcholine,1,0,KC,ab,1,0,,
189868,117107,KCab-c,KCab-c_L,Kenyon_Cell,cb_intrinsic,L,,acetylcholine,1,0,KC,ab,1,0,,
190056,117141,KCab-p,KCab-p_L,Kenyon_Cell,cb_intrinsic,L,,acetylcholine,1,0,KC,ab,1,0,,
190256,117181,KCab-c,KCab-c_L,Kenyon_Cell,cb_intrinsic,L,,acetylcholine,1,0,KC,ab,1,0,,
190296,117192,PAM02,PAM02(B'2a)_R,DAN,cb_intrinsic,R,,dopamine,1,1,DAN,,0,0,,
190297,117193,PAM03,PAM03(B2B'2a)_L,DAN,cb_intrinsic,L,,dopamine,1,1,DAN,,0,0,,
190302,117195,KCab-s,KCab-s_R,Kenyon_Cell,cb_intrinsic,R,,acetylcholine,1,0,KC,ab,1,0,,
190305,117197,KCab-c,KCab-c_L,Kenyon_Cell,cb_intrinsic,L,,acetylcholine,1,0,KC,ab,2,0,,
190635,117263,PAM05,PAM05(B'2p)_R,DAN,cb_intrinsic,R,,dopamine,1,1,DAN,,0,0,,
191629,117450,KCg-m,KCg-m_L,Kenyon_Cell,cb_intrinsic,L,,acetylcholine,1,0,KC,gamma,1,2,,
191728,117475,KCab-m,KCab-m_L,Kenyon_Cell,cb_intrinsic,L,,acetylcholine,1,0,KC,ab,1,0,,
191843,117491,KCab-c,KCab-c_L,Kenyon_Cell,cb_intrinsic,L,,acetylcholine,1,0,KC,ab,1,0,,
191928,117508,KCab-s,KCab-s_R,Kenyon_Cell,cb_intrinsic,R,,acetylcholine,1,0,KC,ab,2,0,,
191936,117510,KCab-c,KCab-c_R,Kenyon_Cell,cb_intrinsic,R,,acetylcholine,1,0,KC,ab,1,0,,
192097,117534,KCab-s,KCab-s_L,Kenyon_Cell,cb_intrinsic,L,,acetylcholine,1,0,KC,ab,1,0,,
192146,117542,KCab-m,KCab-m_L,Kenyon_Cell,cb_intrinsic,L,,acetylcholine,1,0,KC,ab,1,0,,
192245,117565,PAM05,PAM05(B'2p)_R,DAN,cb_intrinsic,R,,dopamine,1,1,DAN,,0,0,,
192421,117600,KCab-p,KCab-p_R,Kenyon_Cell,cb_intrinsic,R,,acetylcholine,1,0,KC,ab,1,0,,
192762,117664,KCab-s,KCab-s_R,Kenyon_Cell,cb_intrinsic,R,,acetylcholine,1,0,KC,ab,1,0,,
193578,117820,KCab-s,KCab-s_L,Kenyon_Cell,cb_intrinsic,L,,acetylcholine,1,0,KC,ab,1,0,,
193963,117893,KCab-m,KCab-m_L,Kenyon_Cell,cb_intrinsic,L,,acetylcholine,1,0,KC,ab,1,0,,
194148,117931,KCab-c,KCab-c_L,Kenyon_Cell,cb_intrinsic,L,,acetylcholine,1,0,KC,ab,1,0,,
194483,117982,KCg-m,KCg-m_R,Kenyon_Cell,cb_intrinsic,R,,acetylcholine,1,0,KC,gamma,1,2,,
194600,118006,KCab-s,KCab-s_L,Kenyon_Cell,cb_intrinsic,L,,acetylcholine,1,0,KC,ab,1,0,,
194678,118021,KCa'b'-m,KCa'b'-m_R,Kenyon_Cell,cb_intrinsic,R,,acetylcholine,1,0,KC,apbp,1,2,,
194889,118064,KCab-c,KCab-c_L,Kenyon_Cell,cb_intrinsic,L,,acetylcholine,1,0,KC,ab,1,0,,
194990,118085,KCa'b'-m,KCa'b'-m_L,Kenyon_Cell,cb_intrinsic,L,,acetylcholine,1,0,KC,apbp,0,3,,
195206,118122,KCab-m,KCab-m_R,Kenyon_Cell,cb_intrinsic,R,,acetylcholine,1,0,KC,ab,1,0,,
195279,118139,KCg-m,KCg-m_R,Kenyon_Cell,cb_intrinsic,R,,acetylcholine,1,0,KC,gamma,1,2,,
195297,118144,KCa'b'-m,KCa'b'-m_R,Kenyon_Cell,cb_intrinsic,R,,acetylcholine,1,0,KC,apbp,0,2,,
195397,118168,KCab-m,KCab-m_L,Kenyon_Cell,cb_intrinsic,L,,acetylcholine,1,0,KC,ab,2,0,,
196030,118290,PAM06,PAM06(B'2m)_L,DAN,cb_intrinsic,L,,dopamine,1,1,DAN,,0,0,,
196049,118294,KCab-c,KCab-c_L,Kenyon_Cell,cb_intrinsic,L,,acetylcholine,1,0,KC,ab,1,0,,
196065,118296,KCab-s,KCab-s_L,Kenyon_Cell,cb_intrinsic,L,,acetylcholine,1,0,KC,ab,1,0,,
196228,118317,KCab-c,KCab-c_L,Kenyon_Cell,cb_intrinsic,L,,acetylcholine,1,0,KC,ab,1,0,,
196369,118341,KCab-s,KCab-s_R,Kenyon_Cell,cb_intrinsic,R,,acetylcholine,1,0,KC,ab,1,1,,
196622,118374,PAM12,PAM12(y3)_R,DAN,cb_intrinsic,R,,dopamine,1,1,DAN;away_teaching,,0,0,,
196985,118435,PAM05,PAM05(B'2p)_R,DAN,cb_intrinsic,R,,dopamine,1,1,DAN,,0,0,,
197319,118494,KCab-m,KCab-m_R,Kenyon_Cell,cb_intrinsic,R,,acetylcholine,1,0,KC,ab,2,0,,
197363,118506,KCab-p,KCab-p_R,Kenyon_Cell,cb_intrinsic,R,,acetylcholine,1,0,KC,ab,1,0,,
197691,118551,PAM01,PAM01(y5)_L,DAN,cb_intrinsic,L,,dopamine,1,1,DAN,,0,0,,
197895,118583,KCg-m,KCg-m_L,Kenyon_Cell,cb_intrinsic,L,,acetylcholine,1,0,KC,gamma,1,2,,
197920,118587,PAM08,PAM08(y4)_R,DAN,cb_intrinsic,R,,dopamine,1,1,DAN,,0,0,,
198145,118622,KCab-m,KCab-m_L,Kenyon_Cell,cb_intrinsic,L,,acetylcholine,1,0,KC,ab,1,0,,
198408,118657,KCab-c,KCab-c_L,Kenyon_Cell,cb_intrinsic,L,,acetylcholine,1,0,KC,ab,1,0,,
198431,118662,KCab-s,KCab-s_R,Kenyon_Cell,cb_intrinsic,R,,acetylcholine,1,0,KC,ab,2,0,,
198507,118676,PAM13,PAM13(B'1ap)_L,DAN,cb_intrinsic,L,,dopamine,1,1,DAN,,0,0,,
198758,118717,PAM01,PAM01(y5)_L,DAN,cb_intrinsic,L,,dopamine,1,1,DAN,,0,0,,
199291,118805,KCab-c,KCab-c_L,Kenyon_Cell,cb_intrinsic,L,,acetylcholine,1,0,KC,ab,1,0,,
200482,119008,KCg-m,KCg-m_R,Kenyon_Cell,cb_intrinsic,R,,acetylcholine,1,0,KC,gamma,1,2,,
200566,119021,KCab-s,KCab-s_L,Kenyon_Cell,cb_intrinsic,L,,acetylcholine,1,0,KC,ab,2,0,,
200684,119039,KCab-s,KCab-s_R,Kenyon_Cell,cb_intrinsic,R,,acetylcholine,1,0,KC,ab,2,0,,
200908,119073,KCa'b'-ap2,KCa'b'-ap2_R,Kenyon_Cell,cb_intrinsic,R,,acetylcholine,1,0,KC,apbp,0,2,,
200973,119083,PAM10,PAM10(B1)_R,DAN,cb_intrinsic,R,,dopamine,1,1,DAN,,0,0,,
201474,119160,M_lvPNm28,M_lvPNm28_L,ALPN,cb_intrinsic,L,,acetylcholine,1,0,ALPN,,0,0,,
201756,119199,KCab-s,KCab-s_L,Kenyon_Cell,cb_intrinsic,L,,acetylcholine,1,0,KC,ab,1,0,,
202242,119274,KCg-m,KCg-m_L,Kenyon_Cell,cb_intrinsic,L,,acetylcholine,1,0,KC,gamma,1,2,,
202330,119291,PAM13,PAM13(B'1ap)_R,DAN,cb_intrinsic,R,,dopamine,1,1,DAN,,0,0,,
202642,119331,KCab-c,KCab-c_L,Kenyon_Cell,cb_intrinsic,L,,acetylcholine,1,0,KC,ab,1,0,,
203037,119395,KCab-c,KCab-c_L,Kenyon_Cell,cb_intrinsic,L,,acetylcholine,1,0,KC,ab,2,0,,
203543,119462,KCa'b'-m,KCa'b'-m_R,Kenyon_Cell,cb_intrinsic,R,,acetylcholine,1,0,KC,apbp,1,2,,
203682,119482,PAM14,PAM14(B'1m)_R,DAN,cb_intrinsic,R,,dopamine,1,1,DAN,,0,0,,
203885,119511,PAM13,PAM13(B'1ap)_R,DAN,cb_intrinsic,R,,dopamine,1,1,DAN,,0,0,,
204930,119647,PAM11,PAM11(a1)_L,DAN,cb_intrinsic,L,,dopamine,1,1,DAN,,0,0,,
205250,119696,KCab-m,KCab-m_L,Kenyon_Cell,cb_intrinsic,L,,acetylcholine,1,0,KC,ab,1,0,,
205480,119734,KCab-c,KCab-c_L,Kenyon_Cell,cb_intrinsic,L,,acetylcholine,1,0,KC,ab,2,0,,
205561,119752,KCab-c,KCab-c_L,Kenyon_Cell,cb_intrinsic,L,,acetylcholine,1,0,KC,ab,1,0,,
205884,119798,PAM01,PAM01(y5)_R,DAN,cb_intrinsic,R,,dopamine,1,1,DAN,,0,0,,
205908,119805,KCg-m,KCg-m_R,Kenyon_Cell,cb_intrinsic,R,,acetylcholine,1,0,KC,gamma,1,2,,
206188,119836,KCab-s,KCab-s_L,Kenyon_Cell,cb_intrinsic,L,,acetylcholine,1,0,KC,ab,2,0,,
206455,119870,KCab-c,KCab-c_L,Kenyon_Cell,cb_intrinsic,L,,acetylcholine,1,0,KC,ab,1,0,,
206739,119908,KCg-s4,KCg-s4_L,Kenyon_Cell,cb_intrinsic,L,,acetylcholine,1,0,KC,gamma,2,3,,
206851,119922,PAM12,PAM12(y3)_R,DAN,cb_intrinsic,R,,dopamine,1,1,DAN;away_teaching,,0,0,,
207122,119953,PAM13,PAM13(B'1ap)_L,DAN,cb_intrinsic,L,,dopamine,1,1,DAN,,0,0,,
207353,119982,KCab-m,KCab-m_L,Kenyon_Cell,cb_intrinsic,L,,acetylcholine,1,0,KC,ab,2,0,,
207463,119997,PAM06,PAM06(B'2m)_R,DAN,cb_intrinsic,R,,dopamine,1,1,DAN,,0,0,,
208043,120072,KCab-c,KCab-c_L,Kenyon_Cell,cb_intrinsic,L,,acetylcholine,1,0,KC,ab,1,0,,
208566,120137,MBON34,MBON34(y2)_L,MBON,cb_intrinsic,L,,glutamate,-1,0,MBON,,0,0,,
209656,120289,PAM13,PAM13(B'1ap)_L,DAN,cb_intrinsic,L,,dopamine,1,1,DAN,,0,0,,
209674,120291,KCab-c,KCab-c_L,Kenyon_Cell,cb_intrinsic,L,,acetylcholine,1,0,KC,ab,1,0,,
209949,120330,KCab-c,KCab-c_R,Kenyon_Cell,cb_intrinsic,R,,acetylcholine,1,0,KC,ab,1,0,,
210440,120395,KCab-s,KCab-s_R,Kenyon_Cell,cb_intrinsic,R,,acetylcholine,1,0,KC,ab,1,0,,
210806,120444,KCab-m,KCab-m_L,Kenyon_Cell,cb_intrinsic,L,,acetylcholine,1,0,KC,ab,1,0,,
211087,120482,KCab-c,KCab-c_L,Kenyon_Cell,cb_intrinsic,L,,acetylcholine,1,0,KC,ab,1,0,,
211474,120533,KCab-m,KCab-m_R,Kenyon_Cell,cb_intrinsic,R,,acetylcholine,1,0,KC,ab,2,0,,
212085,120616,PAM01,PAM01(y5)_R,DAN,cb_intrinsic,R,,dopamine,1,1,DAN,,0,0,,
212154,120627,KCg-m,KCg-m_R,Kenyon_Cell,cb_intrinsic,R,,acetylcholine,1,0,KC,gamma,1,2,,
212160,120628,PAM08,PAM08(y4)_R,DAN,cb_intrinsic,R,,dopamine,1,1,DAN,,0,0,,
212684,120682,PAM14,PAM14(B'1m)_L,DAN,cb_intrinsic,L,,dopamine,1,1,DAN,,0,0,,
212767,120688,KCg-m,KCg-m_R,Kenyon_Cell,cb_intrinsic,R,,acetylcholine,1,0,KC,gamma,1,2,,
213743,120799,PAM05,PAM05(B'2p)_R,DAN,cb_intrinsic,R,,dopamine,1,1,DAN,,0,0,,
213934,120819,KCab-m,KCab-m_R,Kenyon_Cell,cb_intrinsic,R,,acetylcholine,1,0,KC,ab,1,0,,
213996,120829,KCab-p,KCab-p_R,Kenyon_Cell,cb_intrinsic,R,,acetylcholine,1,0,KC,ab,1,0,,
214044,120835,KCab-m,KCab-m_R,Kenyon_Cell,cb_intrinsic,R,,acetylcholine,1,0,KC,ab,2,0,,
214511,120897,KCab-c,KCab-c_L,Kenyon_Cell,cb_intrinsic,L,,acetylcholine,1,0,KC,ab,1,0,,
215931,121077,PAM11,PAM11(a1)_R,DAN,cb_intrinsic,R,,dopamine,1,1,DAN,,0,0,,
215940,121079,PAM13,PAM13(B'1ap)_L,DAN,cb_intrinsic,L,,dopamine,1,1,DAN,,0,0,,
216580,121141,KCg-d,KCg-d_L,Kenyon_Cell,cb_intrinsic,L,,acetylcholine,1,0,KC,gamma,1,2,,
217007,121181,PAM06,PAM06(B'2m)_R,DAN,cb_intrinsic,R,,dopamine,1,1,DAN,,0,0,,
217737,121260,PAM14,PAM14(B'1m)_L,DAN,cb_intrinsic,L,,dopamine,1,1,DAN,,0,0,,
218356,121317,KCab-m,KCab-m_R,Kenyon_Cell,cb_intrinsic,R,,acetylcholine,1,0,KC,ab,1,0,,
218518,121339,PAM13,PAM13(B'1ap)_R,DAN,cb_intrinsic,R,,dopamine,1,1,DAN,,0,0,,
218583,121347,PAM04,PAM04(B2)_R,DAN,cb_intrinsic,R,,dopamine,1,1,DAN,,0,0,,
218942,121378,KCg-m,KCg-m_R,Kenyon_Cell,cb_intrinsic,R,,acetylcholine,1,0,KC,gamma,1,2,,
221876,121667,KCg-m,KCg-m_R,Kenyon_Cell,cb_intrinsic,R,,acetylcholine,1,0,KC,gamma,1,2,,
222128,121685,KCab-c,KCab-c_L,Kenyon_Cell,cb_intrinsic,L,,acetylcholine,1,0,KC,ab,1,0,,
222130,121686,KCab-s,KCab-s_R,Kenyon_Cell,cb_intrinsic,R,,acetylcholine,1,0,KC,ab,1,0,,
223880,121851,KCab-m,KCab-m_R,Kenyon_Cell,cb_intrinsic,R,,acetylcholine,1,0,KC,ab,1,0,,
224160,121878,PAM14,PAM14(B'1m)_R,DAN,cb_intrinsic,R,,dopamine,1,1,DAN,,0,0,,
224205,121880,PAM09,PAM09(B1ped)_R,DAN,cb_intrinsic,R,,dopamine,1,1,DAN,,0,0,,
224500,121901,PAM11,PAM11(a1)_R,DAN,cb_intrinsic,R,,dopamine,1,1,DAN,,0,0,,
224662,121921,KCab-c,KCab-c_L,Kenyon_Cell,cb_intrinsic,L,,acetylcholine,1,0,KC,ab,1,0,,
226379,122043,KCab-s,KCab-s_R,Kenyon_Cell,cb_intrinsic,R,,acetylcholine,1,0,KC,ab,2,0,,
226452,122052,PAM05,PAM05(B'2p)_R,DAN,cb_intrinsic,R,,dopamine,1,1,DAN,,0,0,,
226708,122067,PAM08,PAM08(y4)_R,DAN,cb_intrinsic,R,,dopamine,1,1,DAN,,0,0,,
228917,122224,KCab-p,KCab-p_R,Kenyon_Cell,cb_intrinsic,R,,acetylcholine,1,0,KC,ab,1,0,,
230110,122294,VP1l+_lvPN,VP1l+_lvPN_L,ALPN,cb_intrinsic,L,,acetylcholine,1,0,ALPN,,0,0,,
230802,122341,PAM05,PAM05(B'2p)_L,DAN,cb_intrinsic,L,,dopamine,1,1,DAN,,0,0,,
231413,122388,PAM14,PAM14(B'1m)_L,DAN,cb_intrinsic,L,,dopamine,1,1,DAN,,0,0,,
236035,122643,KCg-m,KCg-m_L,Kenyon_Cell,cb_intrinsic,L,,acetylcholine,1,0,KC,gamma,1,2,,
237109,122699,KCab-s,KCab-s_R,Kenyon_Cell,cb_intrinsic,R,,acetylcholine,1,0,KC,ab,1,0,,
237248,122704,KCab-m,KCab-m_L,Kenyon_Cell,cb_intrinsic,L,,acetylcholine,1,0,KC,ab,2,0,,
238644,122768,PAM11,PAM11(a1)_R,DAN,cb_intrinsic,R,,dopamine,1,1,DAN,,0,0,,
239873,122824,PAM04,PAM04(B2)_L,DAN,cb_intrinsic,L,,dopamine,1,1,DAN,,0,0,,
241948,122920,KCab-s,KCab-s_L,Kenyon_Cell,cb_intrinsic,L,,acetylcholine,1,0,KC,ab,1,0,,
242401,122946,KCab-s,KCab-s_R,Kenyon_Cell,cb_intrinsic,R,,acetylcholine,1,0,KC,ab,2,0,,
242429,122949,PAM08,PAM08(y4)_R,DAN,cb_intrinsic,R,,dopamine,1,1,DAN,,0,0,,
243477,122988,PAM13,PAM13(B'1ap)_R,DAN,cb_intrinsic,R,,dopamine,1,1,DAN,,0,0,,
243735,122998,KCg-m,KCg-m_R,Kenyon_Cell,cb_intrinsic,R,,acetylcholine,1,0,KC,gamma,1,3,,
245271,123057,KCab-s,KCab-s_R,Kenyon_Cell,cb_intrinsic,R,,acetylcholine,1,0,KC,ab,1,0,,
245416,123060,KCab-c,KCab-c_L,Kenyon_Cell,cb_intrinsic,L,,acetylcholine,1,0,KC,ab,1,0,,
247098,123131,KCa'b'-m,KCa'b'-m_R,Kenyon_Cell,cb_intrinsic,R,,acetylcholine,1,0,KC,apbp,1,2,,
248072,123164,KCab-c,KCab-c_L,Kenyon_Cell,cb_intrinsic,L,,acetylcholine,1,0,KC,ab,1,0,,
248678,123191,KCab-s,KCab-s_R,Kenyon_Cell,cb_intrinsic,R,,acetylcholine,1,0,KC,ab,2,0,,
252045,123302,PAM01,PAM01(y5)_R,DAN,cb_intrinsic,R,,dopamine,1,1,DAN,,0,0,,
252837,123327,KCab-c,KCab-c_L,Kenyon_Cell,cb_intrinsic,L,,acetylcholine,1,0,KC,ab,1,0,,
257083,123447,KCab-m,KCab-m_L,Kenyon_Cell,cb_intrinsic,L,,acetylcholine,1,0,KC,ab,2,0,,
257650,123460,PAM02,PAM02(B'2a)_R,DAN,cb_intrinsic,R,,dopamine,1,1,DAN,,0,0,,
259089,123508,PAM02,PAM02(B'2a)_R,DAN,cb_intrinsic,R,,dopamine,1,1,DAN,,0,0,,
259486,123523,PAM04,PAM04(B2)_R,DAN,cb_intrinsic,R,,dopamine,1,1,DAN,,0,0,,
261849,123583,KCab-m,KCab-m_R,Kenyon_Cell,cb_intrinsic,R,,acetylcholine,1,0,KC,ab,1,0,,
262117,123589,KCab-m,KCab-m_R,Kenyon_Cell,cb_intrinsic,R,,acetylcholine,1,0,KC,ab,1,0,,
263358,123626,KCab-m,KCab-m_R,Kenyon_Cell,cb_intrinsic,R,,acetylcholine,1,0,KC,ab,1,0,,
263886,123636,KCab-s,KCab-s_R,Kenyon_Cell,cb_intrinsic,R,,acetylcholine,1,0,KC,ab,1,0,,
264746,123647,KCab-m,KCab-m_R,Kenyon_Cell,cb_intrinsic,R,,acetylcholine,1,0,KC,ab,1,0,,
265747,123668,KCab-c,KCab-c_L,Kenyon_Cell,cb_intrinsic,L,,acetylcholine,1,0,KC,ab,1,0,,
266449,123688,KCab-s,KCab-s_R,Kenyon_Cell,cb_intrinsic,R,,acetylcholine,1,0,KC,ab,2,0,,
268292,123730,KCab-m,KCab-m_R,Kenyon_Cell,cb_intrinsic,R,,acetylcholine,1,0,KC,ab,1,0,,
268907,123744,KCab-c,KCab-c_L,Kenyon_Cell,cb_intrinsic,L,,acetylcholine,1,0,KC,ab,1,0,,
272106,123803,KCab-m,KCab-m_R,Kenyon_Cell,cb_intrinsic,R,,acetylcholine,1,0,KC,ab,1,0,,
273182,123824,PAM11,PAM11(a1)_L,DAN,cb_intrinsic,L,,dopamine,1,1,DAN,,0,0,,
286505,124081,KCab-c,KCab-c_L,Kenyon_Cell,cb_intrinsic,L,,acetylcholine,1,0,KC,ab,1,0,,
287798,124098,KCab-s,KCab-s_R,Kenyon_Cell,cb_intrinsic,R,,acetylcholine,1,0,KC,ab,1,0,,
291665,124156,PAM02,PAM02(B'2a)_R,DAN,cb_intrinsic,R,,dopamine,1,1,DAN,,0,0,,
292203,124159,PAM04,PAM04(B2)_L,DAN,cb_intrinsic,L,,dopamine,1,1,DAN,,0,0,,
294758,124197,KCab-c,KCab-c_R,Kenyon_Cell,cb_intrinsic,R,,acetylcholine,1,0,KC,ab,1,0,,
297139,124230,PAM04,PAM04(B2)_R,DAN,cb_intrinsic,R,,dopamine,1,1,DAN,,0,0,,
303093,124326,KCab-s,KCab-s_R,Kenyon_Cell,cb_intrinsic,R,,acetylcholine,1,0,KC,ab,2,0,,
319321,124499,PAM11,PAM11(a1)_R,DAN,cb_intrinsic,R,,dopamine,1,1,DAN,,0,0,,
325731,124564,PAM01,PAM01(y5)_R,DAN,cb_intrinsic,R,,dopamine,1,1,DAN,,0,0,,
336850,124658,PAM03,PAM03(B2B'2a)_L,DAN,cb_intrinsic,L,,dopamine,1,1,DAN,,0,0,,
341512,124697,PAM04,PAM04(B2)_L,DAN,cb_intrinsic,L,,dopamine,1,1,DAN,,0,0,,
365046,124890,KCab-s,KCab-s_R,Kenyon_Cell,cb_intrinsic,R,,acetylcholine,1,0,KC,ab,1,0,,
374700,124935,KCab-p,KCab-p_R,Kenyon_Cell,cb_intrinsic,R,,acetylcholine,1,0,KC,ab,1,0,,
375168,124942,KCab-c,KCab-c_R,Kenyon_Cell,cb_intrinsic,R,,acetylcholine,1,0,KC,ab,1,0,,
394860,125062,MBON25,MBON25(y1y2)_R,MBON,cb_intrinsic,R,,glutamate,-1,0,MBON,,0,0,,
500003,125495,KCab-s,KCab-s_R,Kenyon_Cell,cb_intrinsic,R,,acetylcholine,1,0,KC,ab,2,0,,
500140,125596,KCab-s,KCab-s_R,Kenyon_Cell,cb_intrinsic,R,,acetylcholine,1,0,KC,ab,2,0,,
500143,125599,KCab-s,KCab-s_R,Kenyon_Cell,cb_intrinsic,R,,acetylcholine,1,0,KC,ab,2,0,,
500161,125612,KCab-s,KCab-s_R,Kenyon_Cell,cb_intrinsic,R,,acetylcholine,1,0,KC,ab,2,0,,
506819,125735,PAM01,PAM01(y5)_R,DAN,cb_intrinsic,R,,dopamine,1,1,DAN,,0,0,,
508595,125741,MBON35,MBON35(y2)_R,MBON,cb_intrinsic,R,,acetylcholine,1,0,MBON,,0,0,,
511807,125773,VM7d_adPN,VM7d_adPN_R,ALPN,cb_intrinsic,R,,acetylcholine,1,0,ALPN,,0,0,5,1.5
512326,126047,PPL105,PPL105(a'2a2)_L,DAN,cb_intrinsic,L,,dopamine,1,1,DAN,,0,0,,
512788,126294,MBON18,MBON18(a2sc)_L,MBON,cb_intrinsic,L,,acetylcholine,1,0,MBON,,0,0,,
512789,126295,MBON23,MBON23(a2sp)_L,MBON,cb_intrinsic,L,,acetylcholine,1,0,MBON,,0,0,,
512883,126350,DL2d_adPN,DL2d_adPN_R,ALPN,cb_intrinsic,R,,acetylcholine,1,0,ALPN,,0,0,10,-1.5
513174,126500,MBON30,MBON30(y1y2y3)_L,MBON,cb_intrinsic,L,,glutamate,-1,0,MBON,,0,0,,
513175,126501,KCg-m,KCg-m_L,Kenyon_Cell,cb_intrinsic,L,,acetylcholine,1,0,KC,gamma,1,2,,
513354,126616,PPM1202,PPM1202_L,,cb_intrinsic,L,,dopamine,1,1,,,0,0,,
513387,126634,MBON17-like,MBON17-like(a'2a'3)_L,MBON,cb_intrinsic,L,,acetylcholine,1,0,MBON,,0,0,,
513391,126636,MBON17-like,MBON17-like(a'2a'3)_R,MBON,cb_intrinsic,R,,acetylcholine,1,0,MBON,,0,0,,
513513,126688,VC3_adPN,VC3_adPN_R,ALPN,cb_intrinsic,R,,acetylcholine,1,0,ALPN,,0,0,7,0.5
514004,126956,KCg-m,KCg-m_L,Kenyon_Cell,cb_intrinsic,L,,acetylcholine,1,0,KC,gamma,1,2,,
514009,126957,M_vPNml63,M_vPNml63_L,ALPN,cb_intrinsic,L,,gaba,-1,0,ALPN,,0,0,,
514066,126993,KCa'b'-ap2,KCa'b'-ap2_R,Kenyon_Cell,cb_intrinsic,R,,acetylcholine,1,0,KC,apbp,0,2,,
514853,127463,MBON13,MBON13(a'2)_R,MBON,cb_intrinsic,R,,acetylcholine,1,0,MBON,,0,0,,
515015,127556,MBON30,MBON30(y1y2y3)_R,MBON,cb_intrinsic,R,,glutamate,-1,0,MBON,,0,0,,
515034,127563,MBON27,MBON27(y5d)_R,MBON,cb_intrinsic,R,,acetylcholine,1,0,MBON,,0,0,,
515048,127568,PPL104,PPL104(a'3)_L,DAN,cb_intrinsic,L,,dopamine,1,1,DAN,,0,0,,
515338,127736,MBON07,MBON07(a1)_R,MBON,cb_intrinsic,R,,glutamate,-1,0,MBON,,0,0,,
515440,127785,DP1m_vPN,DP1m_vPN_L,ALPN,cb_intrinsic,L,,gaba,-1,0,ALPN,,0,0,,
515549,127847,DA3_adPN,DA3_adPN_R,ALPN,cb_intrinsic,R,,acetylcholine,1,0,ALPN,,0,0,2,-1.5
515551,127848,M_l2PNm15,M_l2PNm15_L,ALPN,cb_intrinsic,L,,acetylcholine,1,0,ALPN,,0,0,,
515933,128084,ExR2,ExR2_R,CX,cb_intrinsic,R,,dopamine,1,1,,,0,0,,
516044,128157,PAM04,PAM04(B2)_R,DAN,cb_intrinsic,R,,dopamine,1,1,DAN,,0,0,,
516093,128183,M_vPNml76,M_vPNml76_L,ALPN,cb_intrinsic,L,,gaba,-1,0,ALPN,,0,0,,
516097,128185,M_ilPNm90,M_ilPNm90(M_ilPN8t91)_R,ALPN,cb_intrinsic,R,,acetylcholine,1,0,ALPN,,0,0,,
516162,128229,VC4_adPN,VC4_adPN_R,ALPN,cb_intrinsic,R,,acetylcholine,1,0,ALPN,,0,0,8,0.5
516322,128299,VL1_vPN,VL1_vPN_L,ALPN,cb_intrinsic,L,,gaba,-1,0,ALPN,,0,0,,
516433,128369,VP5+Z_adPN,VP5+Z_adPN_R,ALPN,cb_intrinsic,R,,acetylcholine,1,0,ALPN,,0,0,14,1.5
517351,128946,DL2d_adPN,DL2d_adPN_L,ALPN,cb_intrinsic,L,,acetylcholine,1,0,ALPN,,0,0,10,-1.5
517359,128951,M_lv2PN9t49_a,M_lv2PN9t49_a_L,ALPN,cb_intrinsic,L,,gaba,-1,0,ALPN,,0,0,,
517458,128992,M_imPNl92,M_imPNl92_R,ALPN,cb_intrinsic,R,,acetylcholine,1,0,ALPN,,0,0,,
517512,129023,ExR2,ExR2_L,CX,cb_intrinsic,L,,dopamine,1,1,,,0,0,,
518072,129353,PAM09,PAM09(B1ped)_L,DAN,cb_intrinsic,L,,dopamine,1,1,DAN,,0,0,,
518137,129396,PAM06,PAM06(B'2m)_L,DAN,cb_intrinsic,L,,dopamine,1,1,DAN,,0,0,,
518294,129486,VA5_lPN,VA5_lPN_R,ALPN,cb_intrinsic,R,,acetylcholine,1,0,ALPN,,0,0,1,0.5
518333,129507,KCa'b'-ap1,KCa'b'-ap1_R,Kenyon_Cell,cb_intrinsic,R,,acetylcholine,1,0,KC,apbp,1,2,,
518554,129631,KCab-s,KCab-s_R,Kenyon_Cell,cb_intrinsic,R,,acetylcholine,1,0,KC,ab,2,0,,
518555,129632,KCg-m,KCg-m_R,Kenyon_Cell,cb_intrinsic,R,,acetylcholine,1,0,KC,gamma,1,2,,
518959,129897,KCab-s,KCab-s_R,Kenyon_Cell,cb_intrinsic,R,,acetylcholine,1,0,KC,ab,1,0,,
519128,129996,MBON27,MBON27(y5d)_L,MBON,cb_intrinsic,L,,acetylcholine,1,0,MBON,,0,0,,
519131,129998,MBON32,MBON32(y2)_R,MBON,cb_intrinsic,R,,gaba,-1,0,MBON,,0,0,,
519368,130136,MBON12,MBON12(y2a'1)_R,MBON,cb_intrinsic,R,,acetylcholine,1,0,MBON,,0,0,,
519371,130137,MBON05,MBON05(y4>y1y2)_L,MBON,cb_intrinsic,L,,glutamate,-1,0,MBON,,0,0,,
519373,130138,MBON03,MBON03(B'2mp)_L,MBON,cb_intrinsic,L,,glutamate,-1,0,MBON,,0,0,,
519572,130257,DM6_adPN,DM6_adPN_R,ALPN,cb_intrinsic,R,,acetylcholine,1,0,ALPN,,0,0,4,-0.5
519616,130279,PPL107,PPL107_L,DAN,cb_intrinsic,L,,dopamine,1,1,DAN,,0,0,,
519619,130281,MBON29,MBON29(y4y5)_L,MBON,cb_intrinsic,L,,acetylcholine,1,0,MBON,,0,0,,
519842,130398,M_smPNm1,M_smPNm1_L,ALPN,cb_intrinsic,L,,gaba,-1,0,ALPN,,0,0,,
519843,130399,VP2+_adPN,VP2+_adPN_R,ALPN,cb_intrinsic,R,,acetylcholine,1,0,ALPN,,0,0,,
519850,130400,DA4m_adPN,DA4m_adPN_R,ALPN,cb_intrinsic,R,,acetylcholine,1,0,ALPN,,0,0,4,-1.5
519854,130402,KCg-m,KCg-m_R,Kenyon_Cell,cb_intrinsic,R,,acetylcholine,1,0,KC,gamma,1,2,,
519857,130403,KCg-m,KCg-m_R,Kenyon_Cell,cb_intrinsic,R,,acetylcholine,1,0,KC,gamma,1,2,,
519869,130412,M_adPNm8,M_adPNm8_R,ALPN,cb_intrinsic,R,,acetylcholine,1,0,ALPN,,0,0,9,-0.5
519947,130461,PPM1205,PPM1205_L,,cb_intrinsic,L,,dopamine,1,1,,,0,0,,
519970,130472,VA3_adPN,VA3_adPN_R,ALPN,cb_intrinsic,R,,acetylcholine,1,0,ALPN,,0,0,15,-0.5
520003,130497,DL1_adPN,DL1_adPN_R,ALPN,cb_intrinsic,R,,acetylcholine,1,0,ALPN,,0,0,9,-1.5
520146,130578,SIP106m,SIP106m_L,,cb_intrinsic,L,,dopamine,1,1,,,0,0,,
520151,130579,MBON01,MBON01(y5B'2a)_L,MBON,cb_intrinsic,L,,glutamate,-1,0,MBON,,0,0,,
520182,130597,PPL204,PPL204_R,DAN,cb_intrinsic,R,,dopamine,1,1,DAN,,0,0,,
520183,130598,KCab-s,KCab-s_R,Kenyon_Cell,cb_intrinsic,R,,acetylcholine,1,0,KC,ab,1,0,,
520185,130599,KCa'b'-ap2,KCa'b'-ap2_L,Kenyon_Cell,cb_intrinsic,L,,acetylcholine,1,0,KC,apbp,0,2,,
520186,130600,MBON16,MBON16(a'3ap)_L,MBON,cb_intrinsic,L,,acetylcholine,1,0,MBON,,0,0,,
520188,130601,AVLP610,AVLP610(hb1416796844)_L,,cb_intrinsic,L,,dopamine,1,1,,,0,0,,
520204,130610,KCg-d,KCg-d_R,Kenyon_Cell,cb_intrinsic,R,,acetylcholine,1,0,KC,gamma,1,2,,
520206,130612,KCg-d,KCg-d_R,Kenyon_Cell,cb_intrinsic,R,,acetylcholine,1,0,KC,gamma,1,2,,
520384,130695,PAM12,PAM12(y3)_R,DAN,cb_intrinsic,R,,dopamine,1,1,DAN;away_teaching,,0,0,,
520395,130703,MBON15,MBON15(a'1)_L,MBON,cb_intrinsic,L,,acetylcholine,1,0,MBON,,0,0,,
520403,130707,PAM10,PAM10(B1)_L,DAN,cb_intrinsic,L,,dopamine,1,1,DAN,,0,0,,
520466,130753,DM2_lPN,DM2_lPN_R,ALPN,cb_intrinsic,R,,acetylcholine,1,0,ALPN,,0,0,0,-0.5
520475,130758,DM5_lPN,DM5_lPN_R,ALPN,cb_intrinsic,R,,acetylcholine,1,0,ALPN,,0,0,3,-0.5
520616,130852,PAM11,PAM11(a1)_L,DAN,cb_intrinsic,L,,dopamine,1,1,DAN,,0,0,,
520823,130950,KCab-s,KCab-s_R,Kenyon_Cell,cb_intrinsic,R,,acetylcholine,1,0,KC,ab,2,0,,
520916,130990,VM6_adPN,VM6_adPN_R,ALPN,cb_intrinsic,R,,acetylcholine,1,0,ALPN,,0,0,4,1.5
521086,131044,MBON12,MBON12(y2a'1)_R,MBON,cb_intrinsic,R,,acetylcholine,1,0,MBON,,0,0,,
521108,131056,M_lv2PN9t49_b,M_lv2PN9t49_b_R,ALPN,cb_intrinsic,R,,gaba,-1,0,ALPN,,0,0,,
521156,131091,M_lvPNm25,M_lvPNm25_R,ALPN,cb_intrinsic,R,,acetylcholine,1,0,ALPN,,0,0,,
521384,131209,KCg-m,KCg-m_R,Kenyon_Cell,cb_intrinsic,R,,acetylcholine,1,0,KC,gamma,1,2,,
521437,131226,VA3_adPN,VA3_adPN_R,ALPN,cb_intrinsic,R,,acetylcholine,1,0,ALPN,,0,0,15,-0.5
521526,131276,MBON03,MBON03(B'2mp)_R,MBON,cb_intrinsic,R,,glutamate,-1,0,MBON,,0,0,,
521575,131311,DL2v_adPN,DL2v_adPN_R,ALPN,cb_intrinsic,R,,acetylcholine,1,0,ALPN,,0,0,11,-1.5
521584,131316,FB1H,FB1H(NO2/3)_L,CX,cb_intrinsic,L,,dopamine,1,1,,,0,0,,
521781,131411,KCab-s,KCab-s_R,Kenyon_Cell,cb_intrinsic,R,,acetylcholine,1,0,KC,ab,1,0,,
522377,131510,DA3_adPN,DA3_adPN_R,ALPN,cb_intrinsic,R,,acetylcholine,1,0,ALPN,,0,0,2,-1.5
522439,131541,M_lvPNm37,M_lvPNm37_R,ALPN,cb_intrinsic,R,,acetylcholine,1,0,ALPN,,0,0,,
522444,131545,MBON02,MBON02(B2B'2a)_R,MBON,cb_intrinsic,R,,glutamate,-1,0,MBON,,0,0,,
522749,131578,MBON02,MBON02(B2B'2a)_L,MBON,cb_intrinsic,L,,glutamate,-1,0,MBON,,0,0,,
522823,131622,PPM1201,PPM1201_L,,cb_intrinsic,L,,dopamine,1,1,,,0,0,,
522981,131720,KCg-m,KCg-m_L,Kenyon_Cell,cb_intrinsic,L,,acetylcholine,1,0,KC,gamma,1,2,,
523043,131762,MBON33,MBON33(y2y3)_R,MBON,cb_intrinsic,R,,acetylcholine,1,0,MBON,,0,0,,
523057,131767,KCg-m,KCg-m_R,Kenyon_Cell,cb_intrinsic,R,,acetylcholine,1,0,KC,gamma,1,2,,
523060,131769,MBON09,MBON09(y3B'1)_R,MBON,cb_intrinsic,R,,gaba,-1,0,MBON;away_readout,,0,0,,
523351,131777,DL2d_adPN,DL2d_adPN_R,ALPN,cb_intrinsic,R,,acetylcholine,1,0,ALPN,,0,0,10,-1.5
523358,131778,KCg-m,KCg-m_R,Kenyon_Cell,cb_intrinsic,R,,acetylcholine,1,0,KC,gamma,1,2,,
523382,131786,PAM08,PAM08(y4)_L,DAN,cb_intrinsic,L,,dopamine,1,1,DAN,,0,0,,
523553,131858,PAM05,PAM05(B'2p)_L,DAN,cb_intrinsic,L,,dopamine,1,1,DAN,,0,0,,
523628,131887,MBON21,MBON21(y4y5)_R,MBON,cb_intrinsic,R,,acetylcholine,1,0,MBON,,0,0,,
523630,131888,KCg-m,KCg-m_R,Kenyon_Cell,cb_intrinsic,R,,acetylcholine,1,0,KC,gamma,1,2,,
523638,131892,PAM01,PAM01(y5)_R,DAN,cb_intrinsic,R,,dopamine,1,1,DAN,,0,0,,
523775,131961,FB2A,FB2A_R,CX,cb_intrinsic,R,,dopamine,1,1,,,0,0,,
523776,131962,FB1C,FB1C_R,CX,cb_intrinsic,R,,dopamine,1,1,,,0,0,,
523791,131969,PAM04,PAM04(B2)_R,DAN,cb_intrinsic,R,,dopamine,1,1,DAN,,0,0,,
523897,132031,M_lvPNm45,M_lvPNm45_L,ALPN,cb_intrinsic,L,,acetylcholine,1,0,ALPN,,0,0,,
523941,132048,M_lvPNm35,M_lvPNm35_R,ALPN,cb_intrinsic,R,,acetylcholine,1,0,ALPN,,0,0,,
523942,132049,PAM08,PAM08(y4)_R,DAN,cb_intrinsic,R,,dopamine,1,1,DAN,,0,0,,
523987,132074,MBON29,MBON29(y4y5)_R,MBON,cb_intrinsic,R,,acetylcholine,1,0,MBON,,0,0,,
524069,132104,PAM08,PAM08(y4)_R,DAN,cb_intrinsic,R,,dopamine,1,1,DAN,,0,0,,
524207,132182,VA7m_lPN,VA7m_lPN_R,ALPN,cb_intrinsic,R,,acetylcholine,1,0,ALPN,,0,0,4,0.5
524455,132315,KCg-d,KCg-d_L,Kenyon_Cell,cb_intrinsic,L,,acetylcholine,1,0,KC,gamma,1,2,,
524472,132320,M_lvPNm48,M_lvPNm48_R,ALPN,cb_intrinsic,R,,acetylcholine,1,0,ALPN,,0,0,,
524733,132472,MBON10,MBON10(B'1)_L,MBON,cb_intrinsic,L,,gaba,-1,0,MBON,,0,0,,
524809,132508,KCg-m,KCg-m_R,Kenyon_Cell,cb_intrinsic,R,,acetylcholine,1,0,KC,gamma,1,3,,
524851,132533,KCg-m,KCg-m_R,Kenyon_Cell,cb_intrinsic,R,,acetylcholine,1,0,KC,gamma,1,2,,
524893,132551,MBON26,MBON26(b'2d)_L,MBON,cb_intrinsic,L,,acetylcholine,1,0,MBON,,0,0,,
524990,132611,VP3+_l2PN,VP3+_l2PN_L,ALPN,cb_intrinsic,L,,acetylcholine,1,0,ALPN,,0,0,,
525064,132642,VP4+_vPN,VP4+_vPN_R,ALPN,cb_intrinsic,R,,gaba,-1,0,ALPN,,0,0,,
525065,132643,VP4_vPN,VP4_vPN_R,ALPN,cb_intrinsic,R,,gaba,-1,0,ALPN,,0,0,,
525105,132659,DL5_adPN,DL5_adPN_R,ALPN,cb_intrinsic,R,,acetylcholine,1,0,ALPN,,0,0,14,-1.5
525305,132767,KCg-m,KCg-m_R,Kenyon_Cell,cb_intrinsic,R,,acetylcholine,1,0,KC,gamma,1,3,,
525662,132920,KCa'b'-m,KCa'b'-m_R,Kenyon_Cell,cb_intrinsic,R,,acetylcholine,1,0,KC,apbp,0,2,,
525780,132955,MBON04,MBON04(B'2mp_bilateral)_R,MBON,cb_intrinsic,R,,glutamate,-1,0,MBON,,0,0,,
525787,132956,PAM05,PAM05(B'2p)_L,DAN,cb_intrinsic,L,,dopamine,1,1,DAN,,0,0,,
526670,133315,KCg-m,KCg-m_R,Kenyon_Cell,cb_intrinsic,R,,acetylcholine,1,0,KC,gamma,1,2,,
526720,133325,KCa'b'-ap2,KCa'b'-ap2_R,Kenyon_Cell,cb_intrinsic,R,,acetylcholine,1,0,KC,apbp,0,2,,
526724,133326,KCa'b'-ap1,KCa'b'-ap1_R,Kenyon_Cell,cb_intrinsic,R,,acetylcholine,1,0,KC,apbp,2,2,,
526900,133394,KCg-d,KCg-d_R,Kenyon_Cell,cb_intrinsic,R,,acetylcholine,1,0,KC,gamma,1,2,,
527209,133526,KCg-m,KCg-m_R,Kenyon_Cell,cb_intrinsic,R,,acetylcholine,1,0,KC,gamma,1,2,,
527211,133527,KCg-m,KCg-m_R,Kenyon_Cell,cb_intrinsic,R,,acetylcholine,1,0,KC,gamma,1,2,,
527523,133646,VM7d_adPN,VM7d_adPN_R,ALPN,cb_intrinsic,R,,acetylcholine,1,0,ALPN,,0,0,5,1.5
527524,133647,VM5d_adPN,VM5d_adPN_R,ALPN,cb_intrinsic,R,,acetylcholine,1,0,ALPN,,0,0,2,1.5
527566,133661,M_vPNml72,M_vPNml72_R,ALPN,cb_intrinsic,R,,gaba,-1,0,ALPN,,0,0,,
527577,133666,VA6_adPN,VA6_adPN_R,ALPN,cb_intrinsic,R,,acetylcholine,1,0,ALPN,,0,0,2,0.5
528100,133720,PAM09,PAM09(B1ped)_L,DAN,cb_intrinsic,L,,dopamine,1,1,DAN,,0,0,,
529039,133774,KCab-c,KCab-c_R,Kenyon_Cell,cb_intrinsic,R,,acetylcholine,1,0,KC,ab,1,0,,
529041,133775,KCab-s,KCab-s_R,Kenyon_Cell,cb_intrinsic,R,,acetylcholine,1,0,KC,ab,2,0,,
529371,133933,KCg-m,KCg-m_L,Kenyon_Cell,cb_intrinsic,L,,acetylcholine,1,0,KC,gamma,1,2,,
529419,133957,PPM1202,PPM1202_R,,cb_intrinsic,R,,dopamine,1,1,,,0,0,,
529490,133999,KCa'b'-ap1,KCa'b'-ap1_L,Kenyon_Cell,cb_intrinsic,L,,acetylcholine,1,0,KC,apbp,0,2,,
529512,134015,PPL106,PPL106_R,DAN,cb_intrinsic,R,,dopamine,1,1,DAN,,0,0,,
529516,134017,PPL106,PPL106_L,DAN,cb_intrinsic,L,,dopamine,1,1,DAN,,0,0,,
529665,134090,VA7l_adPN,VA7l_adPN_L,ALPN,cb_intrinsic,L,,acetylcholine,1,0,ALPN,,0,0,3,0.5
529808,134165,LAL128,LAL128_L,,cb_intrinsic,L,,dopamine,1,1,,,0,0,,
529811,134166,AVLP476,AVLP476_L,,cb_intrinsic,L,,dopamine,1,1,,,0,0,,
530565,134556,KCa'b'-ap2,KCa'b'-ap2_L,Kenyon_Cell,cb_intrinsic,L,,acetylcholine,1,0,KC,apbp,0,2,,
530875,134705,MBON04,MBON04(B'2mp_bilateral)_L,MBON,cb_intrinsic,L,,glutamate,-1,0,MBON,,0,0,,
531096,134807,KCab-p,KCab-p_L,Kenyon_Cell,cb_intrinsic,L,,acetylcholine,1,0,KC,ab,1,0,,
531244,134894,M_vPNml87,M_vPNml87_L,ALPN,cb_intrinsic,L,,gaba,-1,0,ALPN,,0,0,,
531346,134954,KCg-m,KCg-m_L,Kenyon_Cell,cb_intrinsic,L,,acetylcholine,1,0,KC,gamma,1,2,,
531428,135004,KCg-d,KCg-d_R,Kenyon_Cell,cb_intrinsic,R,,acetylcholine,1,0,KC,gamma,1,2,,
531560,135058,M_vPNml83,M_vPNml83_L,ALPN,cb_intrinsic,L,,gaba,-1,0,ALPN,,0,0,,
531829,135166,MBON10,MBON10(B'1)_L,MBON,cb_intrinsic,L,,gaba,-1,0,MBON,,0,0,,
532284,135383,KCg-m,KCg-m_L,Kenyon_Cell,cb_intrinsic,L,,acetylcholine,1,0,KC,gamma,1,2,,
532287,135384,KCab-s,KCab-s_R,Kenyon_Cell,cb_intrinsic,R,,acetylcholine,1,0,KC,ab,2,0,,
532290,135385,KCab-s,KCab-s_R,Kenyon_Cell,cb_intrinsic,R,,acetylcholine,1,0,KC,ab,1,0,,
532304,135397,M_adPNm5,M_adPNm5_R,ALPN,cb_intrinsic,R,,acetylcholine,1,0,ALPN,,0,0,,
532544,135516,KCg-m,KCg-m_R,Kenyon_Cell,cb_intrinsic,R,,acetylcholine,1,0,KC,gamma,1,2,,
532662,135575,CB2711,CB2711_L,ALPN,cb_intrinsic,L,,gaba,-1,0,ALPN,,0,0,,
532715,135607,PAM05,PAM05(B'2p)_L,DAN,cb_intrinsic,L,,dopamine,1,1,DAN,,0,0,,
532766,135639,M_l2PNm16,M_l2PNm16_L,ALPN,cb_intrinsic,L,,acetylcholine,1,0,ALPN,,0,0,10,-0.5
533081,135775,KCab-s,KCab-s_R,Kenyon_Cell,cb_intrinsic,R,,acetylcholine,1,0,KC,ab,2,0,,
533103,135784,FB1H,FB1H(NO2/3)_R,CX,cb_intrinsic,R,,dopamine,1,1,,,0,0,,
533201,135834,KCg-m,KCg-m_R,Kenyon_Cell,cb_intrinsic,R,,acetylcholine,1,0,KC,gamma,1,2,,
533211,135839,KCab-p,KCab-p_R,Kenyon_Cell,cb_intrinsic,R,,acetylcholine,1,0,KC,ab,1,0,,
533220,135843,KCg-d,KCg-d_R,Kenyon_Cell,cb_intrinsic,R,,acetylcholine,1,0,KC,gamma,1,2,,
533294,135882,PAM01,PAM01(y5)_L,DAN,cb_intrinsic,L,,dopamine,1,1,DAN,,0,0,,
533345,135903,KCg-d,KCg-d_R,Kenyon_Cell,cb_intrinsic,R,,acetylcholine,1,0,KC,gamma,1,2,,
533346,135904,KCg-m,KCg-m_R,Kenyon_Cell,cb_intrinsic,R,,acetylcholine,1,0,KC,gamma,1,2,,
533371,135913,KCg-m,KCg-m_R,Kenyon_Cell,cb_intrinsic,R,,acetylcholine,1,0,KC,gamma,1,2,,
533585,136011,KCg-m,KCg-m_R,Kenyon_Cell,cb_intrinsic,R,,acetylcholine,1,0,KC,gamma,1,2,,
534136,136296,KCa'b'-ap1,KCa'b'-ap1_L,Kenyon_Cell,cb_intrinsic,L,,acetylcholine,1,0,KC,apbp,0,2,,
534175,136325,M_vPNml88,M_vPNml88_R,ALPN,cb_intrinsic,R,,gaba,-1,0,ALPN,,0,0,,
534428,136451,KCg-m,KCg-m_R,Kenyon_Cell,cb_intrinsic,R,,acetylcholine,1,0,KC,gamma,1,2,,
534582,136518,KCg-m,KCg-m_L,Kenyon_Cell,cb_intrinsic,L,,acetylcholine,1,0,KC,gamma,1,2,,
534786,136600,KCg-d,KCg-d_R,Kenyon_Cell,cb_intrinsic,R,,acetylcholine,1,0,KC,gamma,1,2,,
534983,136697,KCab-s,KCab-s_R,Kenyon_Cell,cb_intrinsic,R,,acetylcholine,1,0,KC,ab,2,0,,
535357,136853,KCg-m,KCg-m_R,Kenyon_Cell,cb_intrinsic,R,,acetylcholine,1,0,KC,gamma,1,2,,
535720,137005,KCg-d,KCg-d_R,Kenyon_Cell,cb_intrinsic,R,,acetylcholine,1,0,KC,gamma,1,2,,
535795,137032,KCg-d,KCg-d_L,Kenyon_Cell,cb_intrinsic,L,,acetylcholine,1,0,KC,gamma,1,2,,
535798,137033,KCa'b'-ap1,KCa'b'-ap1_L,Kenyon_Cell,cb_intrinsic,L,,acetylcholine,1,0,KC,apbp,1,2,,
535896,137060,VM6_lvPN,VM6_lvPN_R,ALPN,cb_intrinsic,R,,acetylcholine,1,0,ALPN,,0,0,,
536046,137121,KCg-m,KCg-m_L,Kenyon_Cell,cb_intrinsic,L,,acetylcholine,1,0,KC,gamma,1,2,,
536057,137130,FB4L,FB4L_L,CX,cb_intrinsic,L,,dopamine,1,1,,,0,0,,
536208,137163,FB5H,FB5H_R,CX,cb_intrinsic,R,,dopamine,1,1,,,0,0,,
536289,137201,KCab-s,KCab-s_R,Kenyon_Cell,cb_intrinsic,R,,acetylcholine,1,0,KC,ab,1,0,,
536292,137202,KCg-m,KCg-m_R,Kenyon_Cell,cb_intrinsic,R,,acetylcholine,1,0,KC,gamma,1,2,,
536363,137229,KCg-d,KCg-d_R,Kenyon_Cell,cb_intrinsic,R,,acetylcholine,1,0,KC,gamma,1,2,,
537061,137456,KCab-s,KCab-s_R,Kenyon_Cell,cb_intrinsic,R,,acetylcholine,1,0,KC,ab,2,0,,
537082,137461,KCg-m,KCg-m_R,Kenyon_Cell,cb_intrinsic,R,,acetylcholine,1,0,KC,gamma,1,2,,
537090,137464,KCg-d,KCg-d_L,Kenyon_Cell,cb_intrinsic,L,,acetylcholine,1,0,KC,gamma,1,2,,
537099,137467,KCg-m,KCg-m_L,Kenyon_Cell,cb_intrinsic,L,,acetylcholine,1,0,KC,gamma,1,2,,
537458,137563,KCg-m,KCg-m_L,Kenyon_Cell,cb_intrinsic,L,,acetylcholine,1,0,KC,gamma,1,2,,
537495,137578,M_vPNml86,M_vPNml86_L,ALPN,cb_intrinsic,L,,gaba,-1,0,ALPN,,0,0,,
537652,137624,KCg-m,KCg-m_R,Kenyon_Cell,cb_intrinsic,R,,acetylcholine,1,0,KC,gamma,1,2,,
537759,137650,KCg-m,KCg-m_R,Kenyon_Cell,cb_intrinsic,R,,acetylcholine,1,0,KC,gamma,1,2,,
537899,137687,LoVC18,LoVC18_R,,visual_centrifugal,R,,dopamine,1,1,,,0,0,,
538094,137761,M_adPNm8,M_adPNm8_L,ALPN,cb_intrinsic,L,,acetylcholine,1,0,ALPN,,0,0,9,-0.5
538096,137763,KCg-m,KCg-m_L,Kenyon_Cell,cb_intrinsic,L,,acetylcholine,1,0,KC,gamma,1,2,,
539227,137878,FB1C,FB1C_L,CX,cb_intrinsic,L,,dopamine,1,1,,,0,0,,
539245,137885,KCg-m,KCg-m_L,Kenyon_Cell,cb_intrinsic,L,,acetylcholine,1,0,KC,gamma,1,2,,
539249,137887,KCg-m,KCg-m_R,Kenyon_Cell,cb_intrinsic,R,,acetylcholine,1,0,KC,gamma,1,2,,
539367,137956,KCa'b'-m,KCa'b'-m_R,Kenyon_Cell,cb_intrinsic,R,,acetylcholine,1,0,KC,apbp,0,2,,
539381,137965,KCab-s,KCab-s_R,Kenyon_Cell,cb_intrinsic,R,,acetylcholine,1,0,KC,ab,1,0,,
539583,138032,KCa'b'-ap1,KCa'b'-ap1_L,Kenyon_Cell,cb_intrinsic,L,,acetylcholine,1,0,KC,apbp,0,2,,
539948,138161,KCg-m,KCg-m_L,Kenyon_Cell,cb_intrinsic,L,,acetylcholine,1,0,KC,gamma,1,2,,
540383,138254,MBON10,MBON10(B'1)_R,MBON,cb_intrinsic,R,,gaba,-1,0,MBON,,0,0,,
540535,138314,KCg-m,KCg-m_L,Kenyon_Cell,cb_intrinsic,L,,acetylcholine,1,0,KC,gamma,1,2,,
541683,138450,KCg-m,KCg-m_R,Kenyon_Cell,cb_intrinsic,R,,acetylcholine,1,0,KC,gamma,1,2,,
541716,138458,KCg-m,KCg-m_R,Kenyon_Cell,cb_intrinsic,R,,acetylcholine,1,0,KC,gamma,1,3,,
541882,138532,KCa'b'-ap1,KCa'b'-ap1_R,Kenyon_Cell,cb_intrinsic,R,,acetylcholine,1,0,KC,apbp,0,2,,
542101,138599,KCa'b'-ap2,KCa'b'-ap2_R,Kenyon_Cell,cb_intrinsic,R,,acetylcholine,1,0,KC,apbp,0,2,,
542106,138602,KCa'b'-m,KCa'b'-m_R,Kenyon_Cell,cb_intrinsic,R,,acetylcholine,1,0,KC,apbp,1,2,,
542818,138936,KCg-d,KCg-d_L,Kenyon_Cell,cb_intrinsic,L,,acetylcholine,1,0,KC,gamma,1,2,,
543037,139041,KCg-m,KCg-m_L,Kenyon_Cell,cb_intrinsic,L,,acetylcholine,1,0,KC,gamma,1,2,,
543571,139288,KCg-m,KCg-m_L,Kenyon_Cell,cb_intrinsic,L,,acetylcholine,1,0,KC,gamma,1,2,,
543605,139303,KCg-m,KCg-m_R,Kenyon_Cell,cb_intrinsic,R,,acetylcholine,1,0,KC,gamma,1,2,,
543677,139315,PAM01,PAM01(y5)_R,DAN,cb_intrinsic,R,,dopamine,1,1,DAN,,0,0,,
543682,139318,KCg-m,KCg-m_R,Kenyon_Cell,cb_intrinsic,R,,acetylcholine,1,0,KC,gamma,1,2,,
543948,139430,KCg-m,KCg-m_R,Kenyon_Cell,cb_intrinsic,R,,acetylcholine,1,0,KC,gamma,1,2,,
544257,139546,PAM10,PAM10(B1)_R,DAN,cb_intrinsic,R,,dopamine,1,1,DAN,,0,0,,
544359,139587,PAM10,PAM10(B1)_R,DAN,cb_intrinsic,R,,dopamine,1,1,DAN,,0,0,,
544476,139633,KCab-s,KCab-s_R,Kenyon_Cell,cb_intrinsic,R,,acetylcholine,1,0,KC,ab,2,0,,
544634,139701,KCg-m,KCg-m_L,Kenyon_Cell,cb_intrinsic,L,,acetylcholine,1,0,KC,gamma,1,2,,
544736,139742,KCg-m,KCg-m_R,Kenyon_Cell,cb_intrinsic,R,,acetylcholine,1,0,KC,gamma,1,2,,
544770,139758,PAM04,PAM04(B2)_R,DAN,cb_intrinsic,R,,dopamine,1,1,DAN,,0,0,,
544813,139772,KCab-m,KCab-m_L,Kenyon_Cell,cb_intrinsic,L,,acetylcholine,1,0,KC,ab,2,0,,
545066,139879,KCab-m,KCab-m_R,Kenyon_Cell,cb_intrinsic,R,,acetylcholine,1,0,KC,ab,1,0,,
545375,139984,KC,KC_L_fragment,Kenyon_Cell,cb_intrinsic,L,,acetylcholine,1,0,KC,other,0,0,,
545415,140004,KCab-s,KCab-s_L,Kenyon_Cell,cb_intrinsic,L,,acetylcholine,1,0,KC,ab,2,0,,
545597,140054,KCa'b'-ap2,KCa'b'-ap2_R,Kenyon_Cell,cb_intrinsic,R,,acetylcholine,1,0,KC,apbp,0,2,,
545674,140075,KCg-m,KCg-m_L,Kenyon_Cell,cb_intrinsic,L,,acetylcholine,1,0,KC,gamma,1,2,,
545809,140106,KCab-s,KCab-s_R,Kenyon_Cell,cb_intrinsic,R,,acetylcholine,1,0,KC,ab,1,0,,
546275,140287,KCab-p,KCab-p_L,Kenyon_Cell,cb_intrinsic,L,,acetylcholine,1,0,KC,ab,1,0,,
546905,140454,KCab-p,KCab-p_R,Kenyon_Cell,cb_intrinsic,R,,acetylcholine,1,0,KC,ab,1,0,,
546981,140472,KCg-m,KCg-m_L,Kenyon_Cell,cb_intrinsic,L,,acetylcholine,1,0,KC,gamma,1,2,,
547260,140537,PAM10,PAM10(B1)_R,DAN,cb_intrinsic,R,,dopamine,1,1,DAN,,0,0,,
547275,140540,KCg-m,KCg-m_R,Kenyon_Cell,cb_intrinsic,R,,acetylcholine,1,0,KC,gamma,1,2,,
547276,140541,KCg-m,KCg-m_R,Kenyon_Cell,cb_intrinsic,R,,acetylcholine,1,0,KC,gamma,1,2,,
547293,140542,KCa'b'-m,KCa'b'-m_R,Kenyon_Cell,cb_intrinsic,R,,acetylcholine,1,0,KC,apbp,0,2,,
547586,140606,KCab-c,KCab-c_R,Kenyon_Cell,cb_intrinsic,R,,acetylcholine,1,0,KC,ab,1,0,,
547655,140635,DL2d_adPN,DL2d_adPN_L,ALPN,cb_intrinsic,L,,acetylcholine,1,0,ALPN,,0,0,10,-1.5
548340,140790,KCab-m,KCab-m_L,Kenyon_Cell,cb_intrinsic,L,,acetylcholine,1,0,KC,ab,1,0,,
548435,140827,KCa'b'-m,KCa'b'-m_L,Kenyon_Cell,cb_intrinsic,L,,acetylcholine,1,0,KC,apbp,1,2,,
548595,140873,KCg-m,KCg-m_L,Kenyon_Cell,cb_intrinsic,L,,acetylcholine,1,0,KC,gamma,1,2,,
548654,140886,KCa'b'-ap2,KCa'b'-ap2_R,Kenyon_Cell,cb_intrinsic,R,,acetylcholine,1,0,KC,apbp,1,2,,
549323,141078,KCab-m,KCab-m_L,Kenyon_Cell,cb_intrinsic,L,,acetylcholine,1,0,KC,ab,2,0,,
549344,141090,KCa'b'-ap2,KCa'b'-ap2_R,Kenyon_Cell,cb_intrinsic,R,,acetylcholine,1,0,KC,apbp,1,2,,
550362,141405,KCab-s,KCab-s_R,Kenyon_Cell,cb_intrinsic,R,,acetylcholine,1,0,KC,ab,1,0,,
550365,141407,KCab-m,KCab-m_L,Kenyon_Cell,cb_intrinsic,L,,acetylcholine,1,0,KC,ab,1,0,,
550378,141412,KCab-s,KCab-s_L,Kenyon_Cell,cb_intrinsic,L,,acetylcholine,1,0,KC,ab,1,0,,
550403,141424,KCab-s,KCab-s_R,Kenyon_Cell,cb_intrinsic,R,,acetylcholine,1,0,KC,ab,1,0,,
550530,141479,KCab-m,KCab-m_L,Kenyon_Cell,cb_intrinsic,L,,acetylcholine,1,0,KC,ab,1,0,,
550557,141488,KCab-c,KCab-c_L,Kenyon_Cell,cb_intrinsic,L,,acetylcholine,1,0,KC,ab,2,0,,
550598,141501,KCab-s,KCab-s_R,Kenyon_Cell,cb_intrinsic,R,,acetylcholine,1,0,KC,ab,1,0,,
550671,141527,KCab-c,KCab-c_L,Kenyon_Cell,cb_intrinsic,L,,acetylcholine,1,0,KC,ab,1,0,,
550753,141576,KCab-m,KCab-m_R,Kenyon_Cell,cb_intrinsic,R,,acetylcholine,1,0,KC,ab,1,0,,
550775,141589,KCab-m,KCab-m_R,Kenyon_Cell,cb_intrinsic,R,,acetylcholine,1,0,KC,ab,1,0,,
550868,141627,KCg-m,KCg-m_R,Kenyon_Cell,cb_intrinsic,R,,acetylcholine,1,0,KC,gamma,1,2,,
550950,141664,KCab-s,KCab-s_R,Kenyon_Cell,cb_intrinsic,R,,acetylcholine,1,0,KC,ab,2,0,,
551264,141776,KCab-s,KCab-s_L,Kenyon_Cell,cb_intrinsic,L,,acetylcholine,1,0,KC,ab,1,0,,
551434,141812,KCa'b'-m,KCa'b'-m_R,Kenyon_Cell,cb_intrinsic,R,,acetylcholine,1,0,KC,apbp,1,2,,
551436,141813,KCa'b'-ap2,KCa'b'-ap2_R,Kenyon_Cell,cb_intrinsic,R,,acetylcholine,1,0,KC,apbp,1,2,,
551561,141844,KCab-s,KCab-s_R,Kenyon_Cell,cb_intrinsic,R,,acetylcholine,1,0,KC,ab,2,0,,
551700,141877,KCab-s,KCab-s_L,Kenyon_Cell,cb_intrinsic,L,,acetylcholine,1,0,KC,ab,1,0,,
552080,141944,KCa'b'-ap2,KCa'b'-ap2_R,Kenyon_Cell,cb_intrinsic,R,,acetylcholine,1,0,KC,apbp,0,2,,
552118,141954,KCg-m,KCg-m_L,Kenyon_Cell,cb_intrinsic,L,,acetylcholine,1,0,KC,gamma,1,2,,
552335,142001,KCab-c,KCab-c_L,Kenyon_Cell,cb_intrinsic,L,,acetylcholine,1,0,KC,ab,0,0,,
552362,142007,PAM12,PAM12(y3)_R,DAN,cb_intrinsic,R,,dopamine,1,1,DAN;away_teaching,,0,0,,
552553,142043,KCab-p,KCab-p_R,Kenyon_Cell,cb_intrinsic,R,,acetylcholine,1,0,KC,ab,1,0,,
552693,142078,KCg-m,KCg-m_R,Kenyon_Cell,cb_intrinsic,R,,acetylcholine,1,0,KC,gamma,1,2,,
552867,142129,KCg-m,KCg-m_R,Kenyon_Cell,cb_intrinsic,R,,acetylcholine,1,0,KC,gamma,1,2,,
553058,142166,KCab-c,KCab-c_L,Kenyon_Cell,cb_intrinsic,L,,acetylcholine,1,0,KC,ab,1,0,,
553201,142180,PAM09,PAM09(B1ped)_R,DAN,cb_intrinsic,R,,dopamine,1,1,DAN,,0,0,,
553483,142217,KCg-d,KCg-d_L,Kenyon_Cell,cb_intrinsic,L,,acetylcholine,1,0,KC,gamma,1,2,,
553756,142248,KCa'b'-ap1,KCa'b'-ap1_R,Kenyon_Cell,cb_intrinsic,R,,acetylcholine,1,0,KC,apbp,0,2,,
555966,142510,VP3+_l2PN,VP3+_l2PN_R,ALPN,cb_intrinsic,R,,acetylcholine,1,0,ALPN,,0,0,,
555967,142511,VP3+_l2PN,VP3+_l2PN_R,ALPN,cb_intrinsic,R,,acetylcholine,1,0,ALPN,,0,0,,
556005,142517,KCg-d,KCg-d_L,Kenyon_Cell,cb_intrinsic,L,,acetylcholine,1,0,KC,gamma,1,2,,
556300,142540,MBON25-like,MBON25-like(y1y2)_R,MBON,cb_intrinsic,R,,glutamate,-1,0,MBON,,0,0,,
556574,142584,M_l2PN3t18,M_l2PN3t18_L,ALPN,cb_intrinsic,L,,acetylcholine,1,0,ALPN,,0,0,,
558665,142835,MBON10,MBON10(B'1)_R,MBON,cb_intrinsic,R,,gaba,-1,0,MBON,,0,0,,
561474,143082,KCa'b'-ap1,KCa'b'-ap1_L,Kenyon_Cell,cb_intrinsic,L,,acetylcholine,1,0,KC,apbp,0,2,,
562782,143155,MBON16,MBON16(a'3ap)_R,MBON,cb_intrinsic,R,,acetylcholine,1,0,MBON,,0,0,,
562916,143164,KCa'b'-ap1,KCa'b'-ap1_R,Kenyon_Cell,cb_intrinsic,R,,acetylcholine,1,0,KC,apbp,0,2,,
563873,143201,M_lPNm11D,M_lPNm11D_L,ALPN,cb_intrinsic,L,,acetylcholine,1,0,ALPN,,0,0,11,-0.5
564174,143218,DL2d_adPN,DL2d_adPN_L,ALPN,cb_intrinsic,L,,acetylcholine,1,0,ALPN,,0,0,10,-1.5
564848,143266,M_lvPNm45,M_lvPNm45_R,ALPN,cb_intrinsic,R,,acetylcholine,1,0,ALPN,,0,0,,
564952,143273,KCa'b'-m,KCa'b'-m_R,Kenyon_Cell,cb_intrinsic,R,,acetylcholine,1,0,KC,apbp,1,2,,
566092,143327,KCg-m,KCg-m_R,Kenyon_Cell,cb_intrinsic,R,,acetylcholine,1,0,KC,gamma,1,2,,
566095,143328,KCg-m,KCg-m_R,Kenyon_Cell,cb_intrinsic,R,,acetylcholine,1,0,KC,gamma,1,2,,
566096,143329,KCg-m,KCg-m_R,Kenyon_Cell,cb_intrinsic,R,,acetylcholine,1,0,KC,gamma,1,3,,
567409,143388,PAM04,PAM04(B2)_R,DAN,cb_intrinsic,R,,dopamine,1,1,DAN,,0,0,,
567586,143399,KCa'b'-m,KCa'b'-m_R,Kenyon_Cell,cb_intrinsic,R,,acetylcholine,1,0,KC,apbp,0,2,,
567978,143407,KCg-m,KCg-m_L,Kenyon_Cell,cb_intrinsic,L,,acetylcholine,1,0,KC,gamma,1,2,,
568673,143445,KCab-m,KCab-m_L,Kenyon_Cell,cb_intrinsic,L,,acetylcholine,1,0,KC,ab,1,0,,
569213,143475,KCg-m,KCg-m_R,Kenyon_Cell,cb_intrinsic,R,,acetylcholine,1,0,KC,gamma,1,2,,
569417,143487,KCab-s,KCab-s_R,Kenyon_Cell,cb_intrinsic,R,,acetylcholine,1,0,KC,ab,1,0,,
569775,143500,KCg-m,KCg-m_R,Kenyon_Cell,cb_intrinsic,R,,acetylcholine,1,0,KC,gamma,1,2,,
570453,143540,KCa'b'-ap2,KCa'b'-ap2_L,Kenyon_Cell,cb_intrinsic,L,,acetylcholine,1,0,KC,apbp,0,2,,
570526,143546,KCg-m,KCg-m_L,Kenyon_Cell,cb_intrinsic,L,,acetylcholine,1,0,KC,gamma,1,2,,
570566,143549,KCab-m,KCab-m_L,Kenyon_Cell,cb_intrinsic,L,,acetylcholine,1,0,KC,ab,1,0,,
570938,143563,KCab-m,KCab-m_R,Kenyon_Cell,cb_intrinsic,R,,acetylcholine,1,0,KC,ab,2,0,,
571903,143600,KCab-p,KCab-p_L,Kenyon_Cell,cb_intrinsic,L,,acetylcholine,1,0,KC,ab,1,0,,
575249,143653,KCa'b'-ap2,KCa'b'-ap2_R,Kenyon_Cell,cb_intrinsic,R,,acetylcholine,1,0,KC,apbp,1,2,,
575260,143657,KCab-c,KCab-c_R,Kenyon_Cell,cb_intrinsic,R,,acetylcholine,1,0,KC,ab,1,0,,
575369,143673,KCab-s,KCab-s_L,Kenyon_Cell,cb_intrinsic,L,,acetylcholine,1,0,KC,ab,2,0,,
577933,143762,PAM06,PAM06(B'2m)_L,DAN,cb_intrinsic,L,,dopamine,1,1,DAN,,0,0,,
579717,143780,KCg-m,KCg-m_R,Kenyon_Cell,cb_intrinsic,R,,acetylcholine,1,0,KC,gamma,1,2,,
579919,143788,MBON10,MBON10(B'1)_R,MBON,cb_intrinsic,R,,gaba,-1,0,MBON,,0,0,,
579941,143798,KCab-c,KCab-c_L,Kenyon_Cell,cb_intrinsic,L,,acetylcholine,1,0,KC,ab,1,0,,
579942,143799,KCab-m,KCab-m_L,Kenyon_Cell,cb_intrinsic,L,,acetylcholine,1,0,KC,ab,1,0,,
580088,143822,KCab-s,KCab-s_L,Kenyon_Cell,cb_intrinsic,L,,acetylcholine,1,0,KC,ab,1,0,,
580215,143857,KCg-m,KCg-m_L,Kenyon_Cell,cb_intrinsic,L,,acetylcholine,1,0,KC,gamma,1,2,,
580386,143905,KCab-m,KCab-m_L,Kenyon_Cell,cb_intrinsic,L,,acetylcholine,1,0,KC,ab,2,0,,
580421,143921,KCa'b'-ap2,KCa'b'-ap2_L,Kenyon_Cell,cb_intrinsic,L,,acetylcholine,1,0,KC,apbp,0,2,,
580579,143973,PAM03,PAM03(B2B'2a)_R,DAN,cb_intrinsic,R,,dopamine,1,1,DAN,,0,0,,
580598,143979,KCab-c,KCab-c_L,Kenyon_Cell,cb_intrinsic,L,,acetylcholine,1,0,KC,ab,1,0,,
580622,143986,KCg-m,KCg-m_L,Kenyon_Cell,cb_intrinsic,L,,acetylcholine,1,0,KC,gamma,1,2,,
580641,143990,KCg-m,KCg-m_L,Kenyon_Cell,cb_intrinsic,L,,acetylcholine,1,0,KC,gamma,1,2,,
580809,144032,KCab-m,KCab-m_L,Kenyon_Cell,cb_intrinsic,L,,acetylcholine,1,0,KC,ab,1,0,,
581043,144103,KCg-m,KCg-m_L,Kenyon_Cell,cb_intrinsic,L,,acetylcholine,1,0,KC,gamma,1,3,,
581228,144150,KCab-c,KCab-c_L,Kenyon_Cell,cb_intrinsic,L,,acetylcholine,1,0,KC,ab,1,0,,
581328,144178,KCg-m,KCg-m_L,Kenyon_Cell,cb_intrinsic,L,,acetylcholine,1,0,KC,gamma,1,2,,
581393,144199,KCab-m,KCab-m_L,Kenyon_Cell,cb_intrinsic,L,,acetylcholine,1,0,KC,ab,2,0,,
583848,144228,KCg-m,KCg-m_R,Kenyon_Cell,cb_intrinsic,R,,acetylcholine,1,0,KC,gamma,1,2,,
583851,144229,KCa'b'-ap2,KCa'b'-ap2_R,Kenyon_Cell,cb_intrinsic,R,,acetylcholine,1,0,KC,apbp,0,2,,
583883,144231,KCg-m,KCg-m_R,Kenyon_Cell,cb_intrinsic,R,,acetylcholine,1,0,KC,gamma,1,2,,
591438,144303,KCg-m,KCg-m_R,Kenyon_Cell,cb_intrinsic,R,,acetylcholine,1,0,KC,gamma,1,2,,
901937,160573,KCab-p,KCab-p_L,Kenyon_Cell,cb_intrinsic,L,,acetylcholine,1,0,KC,ab,1,0,,
909818,163047,PAM03,PAM03(B2B'2a)_R,DAN,cb_intrinsic,R,,dopamine,1,1,DAN,,0,0,,
915829,163971,KCab-m,KCab-m_L,Kenyon_Cell,cb_intrinsic,L,,acetylcholine,1,0,KC,ab,1,0,,
915893,163972,KCab-p,KCab-p_L,Kenyon_Cell,cb_intrinsic,L,,acetylcholine,1,0,KC,ab,1,0,,
915901,163973,M_vPNml84,M_vPNml84_R,ALPN,cb_intrinsic,R,,gaba,-1,0,ALPN,,0,0,,
918516,164021,KCab-s,KCab-s_R,Kenyon_Cell,cb_intrinsic,R,,acetylcholine,1,0,KC,ab,1,0,,
919290,164044,KCab-c,KCab-c_L,Kenyon_Cell,cb_intrinsic,L,,acetylcholine,1,0,KC,ab,1,0,,
920537,164082,PAM09,PAM09(B1ped)_L,DAN,cb_intrinsic,L,,dopamine,1,1,DAN,,0,0,,
923406,164135,KCab-s,KCab-s_R,Kenyon_Cell,cb_intrinsic,R,,acetylcholine,1,0,KC,ab,1,0,,
933708,164440,PAM14,PAM14(B'1m)_R,DAN,cb_intrinsic,R,,dopamine,1,1,DAN,,0,0,,
945591,164834,KCab-m,KCab-m_L,Kenyon_Cell,cb_intrinsic,L,,acetylcholine,1,0,KC,ab,1,0,,
946152,164843,KCab-s,KCab-s_R,Kenyon_Cell,cb_intrinsic,R,,acetylcholine,1,0,KC,ab,2,0,,
953362,164901,KCab-m,KCab-m_L,Kenyon_Cell,cb_intrinsic,L,,acetylcholine,1,0,KC,ab,2,0,,
