csr_edge_index,pre_body_id,post_body_id,kc_type,kc_family,channel,contacts,schema3_eligible,repair_gamma_eligible
1700107,11862,10704,KCab-s,ab,home,10,1,1
2340681,13173,11402,KCab-c,ab,home,8,1,1
2802170,14292,11402,KCg-m,gamma,home,24,1,1
2802179,14292,21242,KCg-m,gamma,away,8,1,1
2802407,14292,523060,KCg-m,gamma,away,13,1,1
3079220,15103,11402,KCg-m,gamma,home,33,1,1
3079229,15103,21242,KCg-m,gamma,away,11,1,1
3079454,15103,523060,KCg-m,gamma,away,12,1,1
3812071,17488,18713,KCa'b'-ap2,apbp,away,16,1,0
3812073,17488,19267,KCa'b'-ap2,apbp,away,9,1,0
3971204,18031,18713,KCa'b'-ap2,apbp,away,14,1,0
3971205,18031,19267,KCa'b'-ap2,apbp,away,9,1,0
4110157,18540,10704,KCg-s1,gamma,home,1,1,1
4110163,18540,11402,KCg-s1,gamma,home,80,1,1
4110193,18540,21242,KCg-s1,gamma,away,58,1,1
4110805,18540,523060,KCg-s1,gamma,away,75,1,1
4265028,19083,10704,KCg-m,gamma,home,20,1,1
4265048,19083,18713,KCg-m,gamma,away,20,1,1
4265049,19083,19267,KCg-m,gamma,away,10,1,1
4269793,19102,11402,KCg-d,gamma,home,25,1,1
4269804,19102,21242,KCg-d,gamma,away,11,1,1
4269953,19102,523060,KCg-d,gamma,away,18,1,1
4439787,19788,10704,KCg-d,gamma,home,11,1,1
4439804,19788,18713,KCg-d,gamma,away,22,1,1
4439805,19788,19267,KCg-d,gamma,away,16,1,1
4572005,20322,18713,KCa'b'-ap2,apbp,away,18,1,0
4572006,20322,19267,KCa'b'-ap2,apbp,away,9,1,0
4686998,20773,10704,KCg-m,gamma,home,1,1,1
4687002,20773,11402,KCg-m,gamma,home,13,1,1
4687014,20773,21242,KCg-m,gamma,away,10,1,1
4687213,20773,523060,KCg-m,gamma,away,12,1,1
4931280,21778,10704,KCg-s1,gamma,home,57,1,1
4931309,21778,18713,KCg-s1,gamma,away,79,1,1
4931311,21778,19267,KCg-s1,gamma,away,81,1,1
4955914,21879,11402,KCg-m,gamma,home,29,1,1
4955927,21879,21242,KCg-m,gamma,away,8,1,1
4956174,21879,523060,KCg-m,gamma,away,14,1,1
4990395,22031,11402,KCg-m,gamma,home,16,1,1
4990408,22031,21242,KCg-m,gamma,away,10,1,1
4990618,22031,523060,KCg-m,gamma,away,11,1,1
5111387,22533,11402,KCg-m,gamma,home,23,1,1
5111400,22533,21242,KCg-m,gamma,away,7,1,1
5111668,22533,523060,KCg-m,gamma,away,25,1,1
5217952,22995,11402,KCa'b'-ap2,apbp,home,1,1,1
5217959,22995,18713,KCa'b'-ap2,apbp,away,14,1,0
5217961,22995,19267,KCa'b'-ap2,apbp,away,9,1,0
5226222,23037,11402,KCab-s,ab,home,7,1,1
5252798,23166,11402,KCg-m,gamma,home,14,1,1
5252811,23166,21242,KCg-m,gamma,away,14,1,1
5253039,23166,523060,KCg-m,gamma,away,17,1,1
5473960,24146,10704,KCg-s2,gamma,home,29,1,1
5474001,24146,18713,KCg-s2,gamma,away,43,1,1
5474002,24146,19267,KCg-s2,gamma,away,42,1,1
5474434,24146,523060,KCg-s2,gamma,away,1,1,1
5488502,24204,10704,KCg-m,gamma,home,1,1,1
5488506,24204,11402,KCg-m,gamma,home,27,1,1
5488517,24204,21242,KCg-m,gamma,away,19,1,1
5488748,24204,523060,KCg-m,gamma,away,14,1,1
5597877,24695,11402,KCab-m,ab,home,10,1,1
5654217,24959,11402,KCg-m,gamma,home,32,1,1
5654228,24959,21242,KCg-m,gamma,away,14,1,1
5654493,24959,523060,KCg-m,gamma,away,13,1,1
5666638,25017,11402,KCg-m,gamma,home,21,1,1
5666650,25017,21242,KCg-m,gamma,away,8,1,1
5666892,25017,523060,KCg-m,gamma,away,15,1,1
5669372,25030,11402,KCg-s2,gamma,home,63,1,1
5669403,25030,21242,KCg-s2,gamma,away,30,1,1
5669789,25030,523060,KCg-s2,gamma,away,37,1,1
5794035,25631,18713,KCa'b'-ap1,apbp,away,11,1,0
5794036,25631,19267,KCa'b'-ap1,apbp,away,18,1,0
5794038,25631,21242,KCa'b'-ap1,apbp,away,2,1,0
5844511,25879,11402,KCab-m,ab,home,3,1,1
6029021,26792,11402,KCg-m,gamma,home,20,1,1
6029036,26792,21242,KCg-m,gamma,away,14,1,1
6029299,26792,523060,KCg-m,gamma,away,17,1,1
6171131,27583,11402,KCg-m,gamma,home,23,1,1
6171142,27583,21242,KCg-m,gamma,away,13,1,1
6171387,27583,523060,KCg-m,gamma,away,8,1,1
6291543,28196,11402,KCa'b'-ap1,apbp,home,1,1,1
6291554,28196,21242,KCa'b'-ap1,apbp,away,16,1,0
6291695,28196,523060,KCa'b'-ap1,apbp,away,18,1,0
6351420,28516,11402,KCa'b'-ap1,apbp,home,1,1,1
6351430,28516,21242,KCa'b'-ap1,apbp,away,27,1,0
6351574,28516,523060,KCa'b'-ap1,apbp,away,6,1,0
6376825,28631,11402,KCg-m,gamma,home,20,1,1
6376837,28631,21242,KCg-m,gamma,away,8,1,1
6377060,28631,523060,KCg-m,gamma,away,11,1,1
6413008,28848,10704,KCg-d,gamma,home,15,1,1
6413025,28848,18713,KCg-d,gamma,away,20,1,1
6413026,28848,19267,KCg-d,gamma,away,18,1,1
6528788,29471,11402,KCab-m,ab,home,7,1,1
6575919,29728,11402,KCg-m,gamma,home,22,1,1
6575929,29728,19267,KCg-m,gamma,away,1,1,1
6575930,29728,21242,KCg-m,gamma,away,15,1,1
6576175,29728,523060,KCg-m,gamma,away,16,1,1
6695605,30397,11402,KCg-d,gamma,home,21,1,1
6695619,30397,21242,KCg-d,gamma,away,14,1,1
6695811,30397,523060,KCg-d,gamma,away,20,1,1
6920921,31720,11402,KCg-m,gamma,home,18,1,1
6920933,31720,21242,KCg-m,gamma,away,14,1,1
6921216,31720,523060,KCg-m,gamma,away,29,1,1
6971393,32035,11402,KCg-m,gamma,home,30,1,1
6971407,32035,21242,KCg-m,gamma,away,13,1,1
6971631,32035,523060,KCg-m,gamma,away,11,1,1
7030151,32386,21242,KCa'b'-ap1,apbp,away,17,1,0
7030292,32386,523060,KCa'b'-ap1,apbp,away,8,1,0
7082545,32683,10704,KCg-d,gamma,home,14,1,1
7082563,32683,18713,KCg-d,gamma,away,17,1,1
7082564,32683,19267,KCg-d,gamma,away,24,1,1
7152139,33086,21242,KCa'b'-ap2,apbp,away,18,1,0
7152320,33086,523060,KCa'b'-ap2,apbp,away,23,1,0
7249230,33673,10704,KCa'b'-ap1,apbp,home,2,1,1
7249241,33673,21242,KCa'b'-ap1,apbp,away,14,1,0
7249385,33673,523060,KCa'b'-ap1,apbp,away,17,1,0
7271027,33808,10704,KCg-m,gamma,home,15,1,1
7271050,33808,18713,KCg-m,gamma,away,15,1,1
7271052,33808,19267,KCg-m,gamma,away,12,1,1
7322778,34130,11402,KCg-m,gamma,home,29,1,1
7322790,34130,21242,KCg-m,gamma,away,14,1,1
7323058,34130,523060,KCg-m,gamma,away,13,1,1
7437042,34870,11402,KCab-p,ab,home,2,1,1
7442842,34908,10704,KCg-m,gamma,home,1,1,1
7442845,34908,11402,KCg-m,gamma,home,28,1,1
7442855,34908,21242,KCg-m,gamma,away,5,1,1
7443115,34908,523060,KCg-m,gamma,away,15,1,1
7468081,35073,21242,KCa'b'-ap2,apbp,away,20,1,0
7468271,35073,523060,KCa'b'-ap2,apbp,away,16,1,0
7485005,35180,11402,KCg-d,gamma,home,24,1,1
7485024,35180,21242,KCg-d,gamma,away,14,1,1
7485187,35180,523060,KCg-d,gamma,away,24,1,1
7534301,35489,10704,KCa'b'-ap1,apbp,home,1,1,1
7534312,35489,21242,KCa'b'-ap1,apbp,away,24,1,0
7534463,35489,523060,KCa'b'-ap1,apbp,away,10,1,0
7564913,35668,10704,KCa'b'-ap1,apbp,home,1,1,1
7564925,35668,21242,KCa'b'-ap1,apbp,away,16,1,0
7565063,35668,523060,KCa'b'-ap1,apbp,away,14,1,0
7578311,35736,18713,KCa'b'-m,apbp,away,9,1,0
7578313,35736,19267,KCa'b'-m,apbp,away,9,1,0
7584841,35775,11402,KCa'b'-ap2,apbp,home,1,1,1
7584851,35775,18713,KCa'b'-ap2,apbp,away,13,1,0
7584853,35775,19267,KCa'b'-ap2,apbp,away,10,1,0
7621902,36007,19267,KCa'b'-ap1,apbp,away,1,1,0
7621904,36007,21242,KCa'b'-ap1,apbp,away,16,1,0
7622049,36007,523060,KCa'b'-ap1,apbp,away,16,1,0
7626811,36043,10704,KCa'b'-ap2,apbp,home,1,1,1
7626823,36043,21242,KCa'b'-ap2,apbp,away,26,1,0
7627022,36043,523060,KCa'b'-ap2,apbp,away,16,1,0
7639607,36119,18713,KCa'b'-ap1,apbp,away,11,1,0
7639608,36119,19267,KCa'b'-ap1,apbp,away,11,1,0
7661628,36251,11402,KCg-m,gamma,home,23,1,1
7661639,36251,21242,KCg-m,gamma,away,14,1,1
7661861,36251,523060,KCg-m,gamma,away,14,1,1
7683983,36376,21242,KCa'b'-ap2,apbp,away,15,1,0
7684172,36376,523060,KCa'b'-ap2,apbp,away,17,1,0
7684452,36378,11402,KCg-m,gamma,home,21,1,1
7684462,36378,21242,KCg-m,gamma,away,15,1,1
7684702,36378,523060,KCg-m,gamma,away,16,1,1
7700133,36482,10704,KCab-c,ab,home,1,1,1
7700137,36482,11402,KCab-c,ab,home,10,1,1
7734325,36713,18713,KCa'b'-ap1,apbp,away,9,1,0
7734326,36713,19267,KCa'b'-ap1,apbp,away,4,1,0
7735039,36723,11402,KCg-d,gamma,home,36,1,1
7735060,36723,21242,KCg-d,gamma,away,17,1,1
7735335,36723,523060,KCg-d,gamma,away,25,1,1
7750964,36839,11402,KCg-m,gamma,home,20,1,1
7750976,36839,21242,KCg-m,gamma,away,7,1,1
7751206,36839,523060,KCg-m,gamma,away,18,1,1
7785770,37043,21242,KCa'b'-ap1,apbp,away,21,1,0
7785911,37043,523060,KCa'b'-ap1,apbp,away,16,1,0
7823772,37293,10704,KCa'b'-ap1,apbp,home,1,1,1
7823780,37293,18713,KCa'b'-ap1,apbp,away,5,1,0
7823781,37293,19267,KCa'b'-ap1,apbp,away,6,1,0
7826866,37311,11402,KCg-m,gamma,home,17,1,1
7826876,37311,18713,KCg-m,gamma,away,1,1,1
7826879,37311,21242,KCg-m,gamma,away,11,1,1
7827122,37311,523060,KCg-m,gamma,away,22,1,1
7845334,37432,11402,KCg-m,gamma,home,15,1,1
7845347,37432,21242,KCg-m,gamma,away,15,1,1
7845587,37432,523060,KCg-m,gamma,away,18,1,1
7892273,37720,10704,KCab-s,ab,home,1,1,1
7892275,37720,11402,KCab-s,ab,home,15,1,1
7914991,37860,11402,KCa'b'-ap2,apbp,home,1,1,1
7915002,37860,18713,KCa'b'-ap2,apbp,away,11,1,0
7915003,37860,19267,KCa'b'-ap2,apbp,away,6,1,0
7921705,37904,11402,KCa'b'-ap1,apbp,home,1,1,1
7921711,37904,18713,KCa'b'-ap1,apbp,away,6,1,0
7921712,37904,19267,KCa'b'-ap1,apbp,away,7,1,0
7923469,37916,10704,KCg-m,gamma,home,21,1,1
7923492,37916,18713,KCg-m,gamma,away,16,1,1
7923493,37916,19267,KCg-m,gamma,away,15,1,1
7956015,38113,10704,KCg-m,gamma,home,13,1,1
7956035,38113,18713,KCg-m,gamma,away,13,1,1
7956036,38113,19267,KCg-m,gamma,away,16,1,1
7957389,38121,10704,KCa'b'-ap1,apbp,home,1,1,1
7957392,38121,11402,KCa'b'-ap1,apbp,home,1,1,1
7957399,38121,18713,KCa'b'-ap1,apbp,away,8,1,0
7957400,38121,19267,KCa'b'-ap1,apbp,away,21,1,0
7957402,38121,21242,KCa'b'-ap1,apbp,away,2,1,0
8019491,38528,11402,KCa'b'-ap1,apbp,home,2,1,1
8019497,38528,18713,KCa'b'-ap1,apbp,away,9,1,0
8019498,38528,19267,KCa'b'-ap1,apbp,away,15,1,0
8022236,38549,10704,KCg-m,gamma,home,12,1,1
8022256,38549,18713,KCg-m,gamma,away,16,1,1
8022257,38549,19267,KCg-m,gamma,away,21,1,1
8036821,38657,11402,KCg-d,gamma,home,13,1,1
8036839,38657,18713,KCg-d,gamma,away,1,1,1
8036842,38657,21242,KCg-d,gamma,away,12,1,1
8037053,38657,523060,KCg-d,gamma,away,12,1,1
8040386,38684,10704,KCa'b'-ap1,apbp,home,2,1,1
8040398,38684,18713,KCa'b'-ap1,apbp,away,1,1,0
8040399,38684,19267,KCa'b'-ap1,apbp,away,2,1,0
8040400,38684,21242,KCa'b'-ap1,apbp,away,29,1,0
8040573,38684,523060,KCa'b'-ap1,apbp,away,16,1,0
8049380,38746,21242,KCa'b'-ap2,apbp,away,10,1,0
8049594,38746,523060,KCa'b'-ap2,apbp,away,15,1,0
8054120,38774,18713,KCa'b'-ap1,apbp,away,13,1,0
8054121,38774,19267,KCa'b'-ap1,apbp,away,19,1,0
8079999,38934,18713,KCa'b'-ap2,apbp,away,8,1,0
8080001,38934,19267,KCa'b'-ap2,apbp,away,10,1,0
8085446,38962,10704,KCg-m,gamma,home,10,1,1
8085465,38962,18713,KCg-m,gamma,away,15,1,1
8085467,38962,19267,KCg-m,gamma,away,14,1,1
8087243,38967,11402,KCg-m,gamma,home,23,1,1
8087256,38967,21242,KCg-m,gamma,away,9,1,1
8087500,38967,523060,KCg-m,gamma,away,13,1,1
8123717,39205,10704,KCa'b'-ap1,apbp,home,1,1,1
8123727,39205,18713,KCa'b'-ap1,apbp,away,15,1,0
8123728,39205,19267,KCa'b'-ap1,apbp,away,15,1,0
8141238,39316,11402,KCg-d,gamma,home,24,1,1
8141251,39316,21242,KCg-d,gamma,away,8,1,1
8141458,39316,523060,KCg-d,gamma,away,14,1,1
8161523,39456,10704,KCa'b'-ap2,apbp,home,2,1,1
8161538,39456,21242,KCa'b'-ap2,apbp,away,19,1,0
8161731,39456,523060,KCa'b'-ap2,apbp,away,17,1,0
8175516,39531,10704,KCg-m,gamma,home,17,1,1
8175535,39531,18713,KCg-m,gamma,away,12,1,1
8175536,39531,19267,KCg-m,gamma,away,18,1,1
8181895,39569,11402,KCg-m,gamma,home,32,1,1
8181905,39569,21242,KCg-m,gamma,away,2,1,1
8182143,39569,523060,KCg-m,gamma,away,12,1,1
8194942,39655,10704,KCa'b'-ap1,apbp,home,1,1,1
8194952,39655,18713,KCa'b'-ap1,apbp,away,15,1,0
8194953,39655,19267,KCa'b'-ap1,apbp,away,17,1,0
8214807,39771,11402,KCg-d,gamma,home,26,1,1
8214821,39771,21242,KCg-d,gamma,away,10,1,1
8214979,39771,523060,KCg-d,gamma,away,23,1,1
8236236,39909,11402,KCg-m,gamma,home,31,1,1
8236247,39909,21242,KCg-m,gamma,away,12,1,1
8236464,39909,523060,KCg-m,gamma,away,15,1,1
8253461,40027,10704,KCg-d,gamma,home,16,1,1
8253476,40027,18713,KCg-d,gamma,away,22,1,1
8253477,40027,19267,KCg-d,gamma,away,15,1,1
8258502,40066,11402,KCa'b'-ap2,apbp,home,2,1,1
8258512,40066,18713,KCa'b'-ap2,apbp,away,11,1,0
8258514,40066,19267,KCa'b'-ap2,apbp,away,10,1,0
8294950,40327,11402,KCg-m,gamma,home,23,1,1
8294965,40327,21242,KCg-m,gamma,away,8,1,1
8295221,40327,523060,KCg-m,gamma,away,5,1,1
8303267,40376,11402,KCg-m,gamma,home,20,1,1
8303277,40376,21242,KCg-m,gamma,away,6,1,1
8303514,40376,523060,KCg-m,gamma,away,22,1,1
8337180,40602,11402,KCg-m,gamma,home,21,1,1
8337190,40602,21242,KCg-m,gamma,away,7,1,1
8337441,40602,523060,KCg-m,gamma,away,11,1,1
8339335,40615,11402,KCa'b'-ap1,apbp,home,3,1,1
8339343,40615,18713,KCa'b'-ap1,apbp,away,6,1,0
8339344,40615,19267,KCa'b'-ap1,apbp,away,21,1,0
8364751,40788,11402,KCa'b'-ap2,apbp,home,2,1,1
8364759,40788,18713,KCa'b'-ap2,apbp,away,10,1,0
8364760,40788,19267,KCa'b'-ap2,apbp,away,14,1,0
8370201,40821,10704,KCg,gamma,home,24,1,1
8370227,40821,18713,KCg,gamma,away,20,1,1
8370229,40821,19267,KCg,gamma,away,27,1,1
8389963,40921,11402,KCg-m,gamma,home,26,1,1
8389975,40921,21242,KCg-m,gamma,away,9,1,1
8390183,40921,523060,KCg-m,gamma,away,18,1,1
8423429,41131,10704,KCg-m,gamma,home,25,1,1
8423447,41131,18713,KCg-m,gamma,away,19,1,1
8423448,41131,19267,KCg-m,gamma,away,14,1,1
8424160,41134,11402,KCg-d,gamma,home,19,1,1
8424172,41134,21242,KCg-d,gamma,away,13,1,1
8424346,41134,523060,KCg-d,gamma,away,11,1,1
8426886,41150,11402,KCg-m,gamma,home,17,1,1
8426897,41150,21242,KCg-m,gamma,away,6,1,1
8427115,41150,523060,KCg-m,gamma,away,7,1,1
8440393,41232,11402,KCg-m,gamma,home,18,1,1
8440409,41232,21242,KCg-m,gamma,away,21,1,1
8440760,41232,523060,KCg-m,gamma,away,36,1,1
8449988,41295,11402,KCg-m,gamma,home,17,1,1
8450002,41295,21242,KCg-m,gamma,away,12,1,1
8450274,41295,523060,KCg-m,gamma,away,11,1,1
8462911,41378,11402,KCg-m,gamma,home,29,1,1
8462924,41378,21242,KCg-m,gamma,away,16,1,1
8463214,41378,523060,KCg-m,gamma,away,25,1,1
8466376,41406,11402,KCab-c,ab,home,8,1,1
8477745,41480,10704,KCa'b'-m,apbp,home,1,1,1
8477750,41480,11402,KCa'b'-m,apbp,home,2,1,1
8477759,41480,21242,KCa'b'-m,apbp,away,15,1,0
8477944,41480,523060,KCa'b'-m,apbp,away,25,1,0
8482232,41509,21242,KCa'b'-ap2,apbp,away,16,1,0
8482414,41509,523060,KCa'b'-ap2,apbp,away,15,1,0
8489369,41555,10704,KCa'b'-ap1,apbp,home,1,1,1
8489384,41555,21242,KCa'b'-ap1,apbp,away,12,1,0
8489517,41555,523060,KCa'b'-ap1,apbp,away,13,1,0
8497171,41602,18713,KCa'b'-ap1,apbp,away,1,1,0
8497172,41602,19267,KCa'b'-ap1,apbp,away,3,1,0
8497173,41602,21242,KCa'b'-ap1,apbp,away,17,1,0
8497302,41602,523060,KCa'b'-ap1,apbp,away,14,1,0
8503674,41645,18713,KCa'b'-ap2,apbp,away,14,1,0
8503677,41645,19267,KCa'b'-ap2,apbp,away,11,1,0
8524872,41787,11402,KCg-m,gamma,home,28,1,1
8524885,41787,19267,KCg-m,gamma,away,1,1,1
8524886,41787,21242,KCg-m,gamma,away,10,1,1
8525134,41787,523060,KCg-m,gamma,away,15,1,1
8525934,41793,21242,KCa'b'-ap2,apbp,away,16,1,0
8526118,41793,523060,KCa'b'-ap2,apbp,away,26,1,0
8528438,41807,11402,KCg-m,gamma,home,22,1,1
8528450,41807,21242,KCg-m,gamma,away,8,1,1
8528697,41807,523060,KCg-m,gamma,away,19,1,1
8540058,41891,11402,KCg-m,gamma,home,19,1,1
8540068,41891,21242,KCg-m,gamma,away,8,1,1
8540290,41891,523060,KCg-m,gamma,away,8,1,1
8541326,41899,11402,KCa'b'-ap2,apbp,home,1,1,1
8541335,41899,18713,KCa'b'-ap2,apbp,away,8,1,0
8541337,41899,19267,KCa'b'-ap2,apbp,away,5,1,0
8545430,41920,10704,KCg-m,gamma,home,12,1,1
8545448,41920,18713,KCg-m,gamma,away,11,1,1
8545449,41920,19267,KCg-m,gamma,away,10,1,1
8550941,41968,18713,KCa'b'-ap1,apbp,away,8,1,0
8550942,41968,19267,KCa'b'-ap1,apbp,away,12,1,0
8570689,42111,11402,KCa'b'-ap1,apbp,home,1,1,1
8570700,42111,21242,KCa'b'-ap1,apbp,away,16,1,0
8570846,42111,523060,KCa'b'-ap1,apbp,away,22,1,0
8571254,42115,21242,KCa'b'-ap1,apbp,away,27,1,0
8571395,42115,523060,KCa'b'-ap1,apbp,away,11,1,0
8573751,42131,11402,KCa'b'-ap1,apbp,home,1,1,1
8573759,42131,18713,KCa'b'-ap1,apbp,away,1,1,0
8573761,42131,21242,KCa'b'-ap1,apbp,away,16,1,0
8573916,42131,523060,KCa'b'-ap1,apbp,away,15,1,0
8575133,42140,10704,KCg-m,gamma,home,20,1,1
8575152,42140,18713,KCg-m,gamma,away,18,1,1
8575153,42140,19267,KCg-m,gamma,away,20,1,1
8581695,42182,11402,KCa'b'-ap2,apbp,home,1,1,1
8581702,42182,18713,KCa'b'-ap2,apbp,away,15,1,0
8581703,42182,19267,KCa'b'-ap2,apbp,away,8,1,0
8582122,42185,11402,KCab-p,ab,home,6,1,1
8586189,42216,11402,KCg-m,gamma,home,27,1,1
8586202,42216,21242,KCg-m,gamma,away,10,1,1
8586420,42216,523060,KCg-m,gamma,away,22,1,1
8592933,42260,11402,KCa'b'-ap1,apbp,home,1,1,1
8592942,42260,18713,KCa'b'-ap1,apbp,away,9,1,0
8592944,42260,19267,KCa'b'-ap1,apbp,away,17,1,0
8608666,42370,11402,KCg-d,gamma,home,16,1,1
8608681,42370,21242,KCg-d,gamma,away,8,1,1
8608848,42370,523060,KCg-d,gamma,away,15,1,1
8613713,42409,10704,KCa'b'-ap1,apbp,home,1,1,1
8613716,42409,11402,KCa'b'-ap1,apbp,home,1,1,1
8613724,42409,18713,KCa'b'-ap1,apbp,away,1,1,0
8613726,42409,21242,KCa'b'-ap1,apbp,away,15,1,0
8613853,42409,523060,KCa'b'-ap1,apbp,away,8,1,0
8615282,42425,11402,KCg-m,gamma,home,31,1,1
8615293,42425,21242,KCg-m,gamma,away,14,1,1
8615545,42425,523060,KCg-m,gamma,away,15,1,1
8639493,42582,10704,KCab-s,ab,home,1,1,1
8639496,42582,11402,KCab-s,ab,home,12,1,1
8641925,42597,21242,KCa'b'-ap1,apbp,away,14,1,0
8642103,42597,523060,KCa'b'-ap1,apbp,away,18,1,0
8664607,42744,10704,KCg-m,gamma,home,13,1,1
8664626,42744,18713,KCg-m,gamma,away,8,1,1
8664627,42744,19267,KCg-m,gamma,away,8,1,1
8673454,42813,10704,KCa'b'-m,apbp,home,1,1,1
8673456,42813,11402,KCa'b'-m,apbp,home,1,1,1
8673468,42813,18713,KCa'b'-m,apbp,away,7,1,0
8673469,42813,19267,KCa'b'-m,apbp,away,7,1,0
8689227,42908,11402,KCg-m,gamma,home,23,1,1
8689240,42908,21242,KCg-m,gamma,away,12,1,1
8689459,42908,523060,KCg-m,gamma,away,8,1,1
8697453,42969,11402,KCg-d,gamma,home,18,1,1
8697469,42969,21242,KCg-d,gamma,away,17,1,1
8697621,42969,523060,KCg-d,gamma,away,15,1,1
8736823,43228,10704,KCa'b'-ap2,apbp,home,2,1,1
8736835,43228,21242,KCa'b'-ap2,apbp,away,16,1,0
8736991,43228,523060,KCa'b'-ap2,apbp,away,18,1,0
8739292,43246,21242,KCa'b'-ap1,apbp,away,21,1,0
8739420,43246,523060,KCa'b'-ap1,apbp,away,11,1,0
8749615,43321,11402,KCab-m,ab,home,3,1,1
8753792,43351,21242,KCa'b'-ap1,apbp,away,17,1,0
8753934,43351,523060,KCa'b'-ap1,apbp,away,10,1,0
8754227,43354,10704,KCg-m,gamma,home,10,1,1
8754245,43354,18713,KCg-m,gamma,away,18,1,1
8754246,43354,19267,KCg-m,gamma,away,12,1,1
8755200,43358,11402,KCa'b'-ap1,apbp,home,1,1,1
8755206,43358,18713,KCa'b'-ap1,apbp,away,14,1,0
8755208,43358,19267,KCa'b'-ap1,apbp,away,11,1,0
8758188,43379,21242,KCa'b'-m,apbp,away,18,1,0
8758376,43379,523060,KCa'b'-m,apbp,away,11,1,0
8758389,43380,11402,KCg-m,gamma,home,28,1,1
8758402,43380,18713,KCg-m,gamma,away,2,1,1
8758403,43380,21242,KCg-m,gamma,away,11,1,1
8758671,43380,523060,KCg-m,gamma,away,17,1,1
8770168,43462,10704,KCa'b'-ap1,apbp,home,1,1,1
8770171,43462,11402,KCa'b'-ap1,apbp,home,3,1,1
8770180,43462,18713,KCa'b'-ap1,apbp,away,8,1,0
8770181,43462,19267,KCa'b'-ap1,apbp,away,14,1,0
8771842,43474,10704,KCab-m,ab,home,1,1,1
8771845,43474,11402,KCab-m,ab,home,8,1,1
8787793,43580,21242,KCa'b'-ap2,apbp,away,13,1,0
8787964,43580,523060,KCa'b'-ap2,apbp,away,17,1,0
8789581,43597,11402,KCg-m,gamma,home,25,1,1
8789592,43597,21242,KCg-m,gamma,away,11,1,1
8789836,43597,523060,KCg-m,gamma,away,19,1,1
8791611,43616,11402,KCg-m,gamma,home,25,1,1
8791622,43616,21242,KCg-m,gamma,away,6,1,1
8791852,43616,523060,KCg-m,gamma,away,10,1,1
8795732,43639,10704,KCg-m,gamma,home,15,1,1
8795748,43639,18713,KCg-m,gamma,away,20,1,1
8795751,43639,19267,KCg-m,gamma,away,19,1,1
8799272,43658,11402,KCg-m,gamma,home,24,1,1
8799285,43658,21242,KCg-m,gamma,away,13,1,1
8799535,43658,523060,KCg-m,gamma,away,16,1,1
8816948,43775,11402,KCg-m,gamma,home,22,1,1
8816959,43775,21242,KCg-m,gamma,away,13,1,1
8817228,43775,523060,KCg-m,gamma,away,20,1,1
8823795,43811,10704,KCg-m,gamma,home,10,1,1
8823812,43811,18713,KCg-m,gamma,away,18,1,1
8823813,43811,19267,KCg-m,gamma,away,15,1,1
8830167,43850,11402,KCg-m,gamma,home,23,1,1
8830177,43850,21242,KCg-m,gamma,away,9,1,1
8830406,43850,523060,KCg-m,gamma,away,9,1,1
8830921,43856,10704,KCa'b'-ap2,apbp,home,1,1,1
8830934,43856,21242,KCa'b'-ap2,apbp,away,10,1,0
8831093,43856,523060,KCa'b'-ap2,apbp,away,14,1,0
8832601,43867,11402,KCg-d,gamma,home,25,1,1
8832620,43867,21242,KCg-d,gamma,away,17,1,1
8832774,43867,523060,KCg-d,gamma,away,21,1,1
8834113,43876,11402,KCg-m,gamma,home,32,1,1
8834127,43876,21242,KCg-m,gamma,away,15,1,1
8834423,43876,523060,KCg-m,gamma,away,21,1,1
8836698,43889,18713,KCa'b'-ap2,apbp,away,10,1,0
8836699,43889,19267,KCa'b'-ap2,apbp,away,13,1,0
8838232,43899,10704,KCa'b'-ap1,apbp,home,1,1,1
8838242,43899,18713,KCa'b'-ap1,apbp,away,9,1,0
8838243,43899,19267,KCa'b'-ap1,apbp,away,13,1,0
8849104,43980,11402,KCg-m,gamma,home,24,1,1
8849118,43980,21242,KCg-m,gamma,away,6,1,1
8849375,43980,523060,KCg-m,gamma,away,8,1,1
8856368,44024,11402,KCg-m,gamma,home,17,1,1
8856382,44024,21242,KCg-m,gamma,away,18,1,1
8856612,44024,523060,KCg-m,gamma,away,10,1,1
8858268,44035,11402,KCa'b'-ap1,apbp,home,1,1,1
8858278,44035,21242,KCa'b'-ap1,apbp,away,10,1,0
8858425,44035,523060,KCa'b'-ap1,apbp,away,7,1,0
8861096,44054,11402,KCg-m,gamma,home,29,1,1
8861109,44054,21242,KCg-m,gamma,away,4,1,1
8861366,44054,523060,KCg-m,gamma,away,6,1,1
8863131,44069,10704,KCg-d,gamma,home,31,1,1
8863156,44069,18713,KCg-d,gamma,away,32,1,1
8863158,44069,19267,KCg-d,gamma,away,28,1,1
8864900,44082,11402,KCg-m,gamma,home,22,1,1
8864914,44082,21242,KCg-m,gamma,away,8,1,1
8865146,44082,523060,KCg-m,gamma,away,17,1,1
8876560,44179,18713,KCa'b'-ap2,apbp,away,25,1,0
8889273,44260,10704,KCg-m,gamma,home,20,1,1
8889294,44260,18713,KCg-m,gamma,away,16,1,1
8889296,44260,19267,KCg-m,gamma,away,23,1,1
8897485,44314,10704,KCa'b'-ap2,apbp,home,1,1,1
8897496,44314,18713,KCa'b'-ap2,apbp,away,13,1,0
8897498,44314,19267,KCa'b'-ap2,apbp,away,9,1,0
8923125,44485,11402,KCg-d,gamma,home,19,1,1
8923141,44485,21242,KCg-d,gamma,away,14,1,1
8923289,44485,523060,KCg-d,gamma,away,17,1,1
8933292,44551,10704,KCa'b'-ap2,apbp,home,2,1,1
8933303,44551,21242,KCa'b'-ap2,apbp,away,14,1,0
8933500,44551,523060,KCa'b'-ap2,apbp,away,18,1,0
8933999,44557,10704,KCa'b'-m,apbp,home,1,1,1
8934011,44557,18713,KCa'b'-m,apbp,away,16,1,0
8934012,44557,19267,KCa'b'-m,apbp,away,6,1,0
8948047,44647,21242,KCa'b'-ap1,apbp,away,18,1,0
8948178,44647,523060,KCa'b'-ap1,apbp,away,8,1,0
8954290,44682,10704,KCg-m,gamma,home,12,1,1
8954312,44682,18713,KCg-m,gamma,away,18,1,1
8954313,44682,19267,KCg-m,gamma,away,21,1,1
8964466,44748,11402,KCa'b'-ap2,apbp,home,4,1,1
8964477,44748,18713,KCa'b'-ap2,apbp,away,11,1,0
8964479,44748,19267,KCa'b'-ap2,apbp,away,13,1,0
8966836,44766,11402,KCg-m,gamma,home,28,1,1
8966851,44766,19267,KCg-m,gamma,away,1,1,1
8966853,44766,21242,KCg-m,gamma,away,18,1,1
8967156,44766,523060,KCg-m,gamma,away,14,1,1
8976044,44820,21242,KCa'b'-ap1,apbp,away,13,1,0
8976174,44820,523060,KCa'b'-ap1,apbp,away,18,1,0
8978600,44840,11402,KCg-m,gamma,home,27,1,1
8978611,44840,21242,KCg-m,gamma,away,7,1,1
8978835,44840,523060,KCg-m,gamma,away,15,1,1
8979799,44848,18713,KCa'b'-ap1,apbp,away,1,1,0
8979801,44848,21242,KCa'b'-ap1,apbp,away,13,1,0
8979942,44848,523060,KCa'b'-ap1,apbp,away,15,1,0
8980120,44850,10704,KCg-s3,gamma,home,19,1,1
8980151,44850,18713,KCg-s3,gamma,away,26,1,1
8980153,44850,19267,KCg-s3,gamma,away,25,1,1
8994504,44940,11402,KCg-m,gamma,home,25,1,1
8994515,44940,21242,KCg-m,gamma,away,7,1,1
8994750,44940,523060,KCg-m,gamma,away,9,1,1
8995997,44948,11402,KCg-d,gamma,home,22,1,1
8996010,44948,21242,KCg-d,gamma,away,11,1,1
8996178,44948,523060,KCg-d,gamma,away,10,1,1
9005390,45016,11402,KCg-m,gamma,home,23,1,1
9005404,45016,21242,KCg-m,gamma,away,12,1,1
9005659,45016,523060,KCg-m,gamma,away,11,1,1
9008663,45032,11402,KCab-s,ab,home,8,1,1
9012882,45060,11402,KCg-m,gamma,home,25,1,1
9012895,45060,21242,KCg-m,gamma,away,12,1,1
9013151,45060,523060,KCg-m,gamma,away,15,1,1
9013968,45066,10704,KCa'b'-ap2,apbp,home,1,1,1
9013978,45066,21242,KCa'b'-ap2,apbp,away,15,1,0
9014175,45066,523060,KCa'b'-ap2,apbp,away,21,1,0
9029882,45183,11402,KCg-m,gamma,home,29,1,1
9029895,45183,21242,KCg-m,gamma,away,11,1,1
9030147,45183,523060,KCg-m,gamma,away,9,1,1
9031744,45199,10704,KCg-m,gamma,home,8,1,1
9031762,45199,18713,KCg-m,gamma,away,16,1,1
9031763,45199,19267,KCg-m,gamma,away,17,1,1
9039060,45259,10704,KCg-m,gamma,home,14,1,1
9039084,45259,18713,KCg-m,gamma,away,22,1,1
9039085,45259,19267,KCg-m,gamma,away,14,1,1
9040234,45266,21242,KCa'b'-ap2,apbp,away,17,1,0
9040400,45266,523060,KCa'b'-ap2,apbp,away,9,1,0
9057017,45380,10704,KCg-m,gamma,home,21,1,1
9057032,45380,18713,KCg-m,gamma,away,22,1,1
9057033,45380,19267,KCg-m,gamma,away,29,1,1
9058437,45388,18713,KCa'b'-ap1,apbp,away,12,1,0
9058438,45388,19267,KCa'b'-ap1,apbp,away,13,1,0
9059264,45392,10704,KCg-m,gamma,home,1,1,1
9059267,45392,11402,KCg-m,gamma,home,30,1,1
9059277,45392,21242,KCg-m,gamma,away,6,1,1
9059496,45392,523060,KCg-m,gamma,away,15,1,1
9065198,45434,10704,KCg-m,gamma,home,16,1,1
9065218,45434,18713,KCg-m,gamma,away,17,1,1
9065219,45434,19267,KCg-m,gamma,away,14,1,1
9068993,45460,10704,KCg-m,gamma,home,21,1,1
9069011,45460,18713,KCg-m,gamma,away,15,1,1
9069013,45460,19267,KCg-m,gamma,away,10,1,1
9069014,45460,21242,KCg-m,gamma,away,4,1,1
9070240,45467,10704,KCg-m,gamma,home,9,1,1
9070259,45467,18713,KCg-m,gamma,away,22,1,1
9070260,45467,19267,KCg-m,gamma,away,14,1,1
9077861,45512,11402,KCg-m,gamma,home,26,1,1
9077875,45512,21242,KCg-m,gamma,away,16,1,1
9078132,45512,523060,KCg-m,gamma,away,16,1,1
9080072,45529,11402,KCab-s,ab,home,7,1,1
9083722,45553,11402,KCg-m,gamma,home,25,1,1
9083738,45553,19267,KCg-m,gamma,away,1,1,1
9083740,45553,21242,KCg-m,gamma,away,10,1,1
9084019,45553,523060,KCg-m,gamma,away,12,1,1
9085167,45563,11402,KCg-m,gamma,home,21,1,1
9085177,45563,21242,KCg-m,gamma,away,10,1,1
9085434,45563,523060,KCg-m,gamma,away,7,1,1
9091769,45612,11402,KCg-m,gamma,home,25,1,1
9091780,45612,21242,KCg-m,gamma,away,11,1,1
9092041,45612,523060,KCg-m,gamma,away,16,1,1
9092776,45620,10704,KCg-m,gamma,home,14,1,1
9092795,45620,18713,KCg-m,gamma,away,18,1,1
9092796,45620,19267,KCg-m,gamma,away,14,1,1
9099434,45663,11402,KCg-m,gamma,home,28,1,1
9099447,45663,21242,KCg-m,gamma,away,7,1,1
9099673,45663,523060,KCg-m,gamma,away,11,1,1
9107687,45721,11402,KCab-s,ab,home,9,1,1
9109385,45736,11402,KCg-m,gamma,home,17,1,1
9109399,45736,21242,KCg-m,gamma,away,10,1,1
9109692,45736,523060,KCg-m,gamma,away,13,1,1
9112968,45761,11402,KCg-m,gamma,home,21,1,1
9112980,45761,21242,KCg-m,gamma,away,9,1,1
9113228,45761,523060,KCg-m,gamma,away,13,1,1
9118842,45807,21242,KCa'b'-m,apbp,away,19,1,0
9119001,45807,523060,KCa'b'-m,apbp,away,18,1,0
9129857,45881,11402,KCg-m,gamma,home,24,1,1
9129871,45881,21242,KCg-m,gamma,away,13,1,1
9130131,45881,523060,KCg-m,gamma,away,19,1,1
9140048,45950,10704,KCg-m,gamma,home,19,1,1
9140067,45950,18713,KCg-m,gamma,away,9,1,1
9140068,45950,19267,KCg-m,gamma,away,7,1,1
9155925,46056,11402,KCa'b'-ap2,apbp,home,1,1,1
9155936,46056,18713,KCa'b'-ap2,apbp,away,11,1,0
9155938,46056,19267,KCa'b'-ap2,apbp,away,12,1,0
9164372,46118,10704,KCa'b'-ap1,apbp,home,1,1,1
9164375,46118,11402,KCa'b'-ap1,apbp,home,1,1,1
9164381,46118,18713,KCa'b'-ap1,apbp,away,16,1,0
9164382,46118,19267,KCa'b'-ap1,apbp,away,12,1,0
9176352,46195,11402,KCg-m,gamma,home,45,1,1
9176369,46195,21242,KCg-m,gamma,away,4,1,1
9176568,46195,523060,KCg-m,gamma,away,6,1,1
9176590,46196,11402,KCg-d,gamma,home,15,1,1
9176607,46196,21242,KCg-d,gamma,away,11,1,1
9176751,46196,523060,KCg-d,gamma,away,10,1,1
9187510,46266,11402,KCg-m,gamma,home,22,1,1
9187521,46266,21242,KCg-m,gamma,away,14,1,1
9187772,46266,523060,KCg-m,gamma,away,14,1,1
9191397,46287,11402,KCg-m,gamma,home,21,1,1
9191408,46287,21242,KCg-m,gamma,away,8,1,1
9191671,46287,523060,KCg-m,gamma,away,17,1,1
9210739,46398,11402,KCab-p,ab,home,5,1,1
9210951,46400,21242,KCa'b'-ap2,apbp,away,17,1,0
9211144,46400,523060,KCa'b'-ap2,apbp,away,12,1,0
9214252,46425,10704,KCa'b'-m,apbp,home,1,1,1
9214255,46425,11402,KCa'b'-m,apbp,home,2,1,1
9214267,46425,18713,KCa'b'-m,apbp,away,16,1,0
9214269,46425,19267,KCa'b'-m,apbp,away,13,1,0
9219245,46457,11402,KCg-m,gamma,home,28,1,1
9219256,46457,18713,KCg-m,gamma,away,1,1,1
9219258,46457,21242,KCg-m,gamma,away,10,1,1
9219500,46457,523060,KCg-m,gamma,away,6,1,1
9220324,46463,11402,KCg-m,gamma,home,19,1,1
9220334,46463,21242,KCg-m,gamma,away,15,1,1
9220589,46463,523060,KCg-m,gamma,away,20,1,1
9222789,46475,11402,KCg-m,gamma,home,32,1,1
9222802,46475,18713,KCg-m,gamma,away,1,1,1
9222803,46475,21242,KCg-m,gamma,away,5,1,1
9223089,46475,523060,KCg-m,gamma,away,16,1,1
9226353,46497,10704,KCg-m,gamma,home,10,1,1
9226373,46497,18713,KCg-m,gamma,away,13,1,1
9226374,46497,19267,KCg-m,gamma,away,16,1,1
9238036,46566,21242,KCa'b'-ap2,apbp,away,17,1,0
9238213,46566,523060,KCa'b'-ap2,apbp,away,20,1,0
9241960,46592,10704,KCab-s,ab,home,1,1,1
9241962,46592,11402,KCab-s,ab,home,8,1,1
9247075,46631,21242,KCa'b'-ap1,apbp,away,17,1,0
9247233,46631,523060,KCa'b'-ap1,apbp,away,20,1,0
9252215,46670,11402,KCg-m,gamma,home,30,1,1
9252227,46670,21242,KCg-m,gamma,away,10,1,1
9252529,46670,523060,KCg-m,gamma,away,18,1,1
9271151,46806,21242,KCa'b'-ap1,apbp,away,22,1,0
9271305,46806,523060,KCa'b'-ap1,apbp,away,20,1,0
9294886,46991,11402,KCg-m,gamma,home,23,1,1
9294897,46991,21242,KCg-m,gamma,away,16,1,1
9295143,46991,523060,KCg-m,gamma,away,19,1,1
9300163,47026,11402,KCg-m,gamma,home,27,1,1
9300176,47026,21242,KCg-m,gamma,away,12,1,1
9300419,47026,523060,KCg-m,gamma,away,24,1,1
9307801,47074,21242,KCa'b'-ap1,apbp,away,18,1,0
9307946,47074,523060,KCa'b'-ap1,apbp,away,10,1,0
9311027,47101,10704,KCg-m,gamma,home,9,1,1
9311047,47101,18713,KCg-m,gamma,away,9,1,1
9311048,47101,19267,KCg-m,gamma,away,16,1,1
9313153,47117,10704,KCg-m,gamma,home,6,1,1
9313171,47117,18713,KCg-m,gamma,away,7,1,1
9313173,47117,19267,KCg-m,gamma,away,6,1,1
9313174,47117,21242,KCg-m,gamma,away,9,1,1
9313399,47117,523060,KCg-m,gamma,away,3,1,1
9322358,47181,10704,KCg-d,gamma,home,15,1,1
9322376,47181,18713,KCg-d,gamma,away,15,1,1
9322377,47181,19267,KCg-d,gamma,away,18,1,1
9324122,47193,10704,KCab-s,ab,home,4,1,1
9326098,47203,21242,KCa'b'-m,apbp,away,12,1,0
9326276,47203,523060,KCa'b'-m,apbp,away,14,1,0
9338114,47287,10704,KCg-m,gamma,home,13,1,1
9338138,47287,18713,KCg-m,gamma,away,16,1,1
9338140,47287,19267,KCg-m,gamma,away,17,1,1
9341223,47301,19267,KCa'b'-ap1,apbp,away,1,1,0
9341225,47301,21242,KCa'b'-ap1,apbp,away,22,1,0
9341391,47301,523060,KCa'b'-ap1,apbp,away,16,1,0
9348005,47354,11402,KCg-d,gamma,home,23,1,1
9348019,47354,21242,KCg-d,gamma,away,13,1,1
9348236,47354,523060,KCg-d,gamma,away,13,1,1
9351780,47380,11402,KCg-m,gamma,home,29,1,1
9351790,47380,21242,KCg-m,gamma,away,15,1,1
9352042,47380,523060,KCg-m,gamma,away,10,1,1
9353801,47391,21242,KCa'b'-ap2,apbp,away,16,1,0
9353988,47391,523060,KCa'b'-ap2,apbp,away,21,1,0
9355274,47401,21242,KCa'b'-m,apbp,away,16,1,0
9355493,47401,523060,KCa'b'-m,apbp,away,25,1,0
9359784,47435,11402,KCa'b'-ap1,apbp,home,2,1,1
9359791,47435,18713,KCa'b'-ap1,apbp,away,13,1,0
9359792,47435,19267,KCa'b'-ap1,apbp,away,15,1,0
9360778,47441,11402,KCg-m,gamma,home,26,1,1
9360789,47441,21242,KCg-m,gamma,away,9,1,1
9361021,47441,523060,KCg-m,gamma,away,17,1,1
9361537,47446,11402,KCg-m,gamma,home,36,1,1
9361549,47446,21242,KCg-m,gamma,away,5,1,1
9361787,47446,523060,KCg-m,gamma,away,15,1,1
9378195,47567,10704,KCg-d,gamma,home,9,1,1
9378211,47567,18713,KCg-d,gamma,away,15,1,1
9378212,47567,19267,KCg-d,gamma,away,12,1,1
9387736,47630,11402,KCa'b'-ap2,apbp,home,1,1,1
9387748,47630,18713,KCa'b'-ap2,apbp,away,12,1,0
9387750,47630,19267,KCa'b'-ap2,apbp,away,3,1,0
9397224,47694,10704,KCg-m,gamma,home,25,1,1
9397241,47694,18713,KCg-m,gamma,away,7,1,1
9397243,47694,19267,KCg-m,gamma,away,8,1,1
9403057,47732,11402,KCa'b'-ap1,apbp,home,2,1,1
9403065,47732,18713,KCa'b'-ap1,apbp,away,4,1,0
9403066,47732,19267,KCa'b'-ap1,apbp,away,17,1,0
9403671,47737,10704,KCa'b'-ap1,apbp,home,1,1,1
9403675,47737,11402,KCa'b'-ap1,apbp,home,2,1,1
9403682,47737,18713,KCa'b'-ap1,apbp,away,7,1,0
9403683,47737,19267,KCa'b'-ap1,apbp,away,15,1,0
9406695,47758,10704,KCg-m,gamma,home,22,1,1
9406712,47758,18713,KCg-m,gamma,away,8,1,1
9406713,47758,19267,KCg-m,gamma,away,13,1,1
9409276,47771,21242,KCa'b'-ap2,apbp,away,18,1,0
9409459,47771,523060,KCa'b'-ap2,apbp,away,20,1,0
9410245,47779,11402,KCg-m,gamma,home,18,1,1
9410257,47779,21242,KCg-m,gamma,away,15,1,1
9410515,47779,523060,KCg-m,gamma,away,12,1,1
9412379,47793,11402,KCa'b'-m,apbp,home,1,1,1
9412387,47793,18713,KCa'b'-m,apbp,away,19,1,0
9412389,47793,19267,KCa'b'-m,apbp,away,12,1,0
9418681,47834,18713,KCa'b'-ap1,apbp,away,10,1,0
9418682,47834,19267,KCa'b'-ap1,apbp,away,18,1,0
9420710,47847,11402,KCg-d,gamma,home,13,1,1
9420729,47847,21242,KCg-d,gamma,away,12,1,1
9420889,47847,523060,KCg-d,gamma,away,16,1,1
9422517,47858,11402,KCg-m,gamma,home,26,1,1
9422529,47858,21242,KCg-m,gamma,away,13,1,1
9422762,47858,523060,KCg-m,gamma,away,22,1,1
9428432,47901,11402,KCg-m,gamma,home,23,1,1
9428444,47901,21242,KCg-m,gamma,away,8,1,1
9428696,47901,523060,KCg-m,gamma,away,9,1,1
9441071,47984,11402,KCg-m,gamma,home,26,1,1
9441079,47984,21242,KCg-m,gamma,away,13,1,1
9441328,47984,523060,KCg-m,gamma,away,13,1,1
9441735,47988,10704,KCg-m,gamma,home,12,1,1
9441755,47988,18713,KCg-m,gamma,away,10,1,1
9441757,47988,19267,KCg-m,gamma,away,8,1,1
9443337,47997,11402,KCg-m,gamma,home,18,1,1
9443352,47997,21242,KCg-m,gamma,away,11,1,1
9443583,47997,523060,KCg-m,gamma,away,17,1,1
9444948,48009,11402,KCa'b'-ap2,apbp,home,1,1,1
9444958,48009,18713,KCa'b'-ap2,apbp,away,12,1,0
9444960,48009,19267,KCa'b'-ap2,apbp,away,4,1,0
9446433,48021,11402,KCg-m,gamma,home,11,1,1
9446443,48021,21242,KCg-m,gamma,away,9,1,1
9446719,48021,523060,KCg-m,gamma,away,16,1,1
9447356,48030,10704,KCab-s,ab,home,3,1,1
9447359,48030,11402,KCab-s,ab,home,1,1,1
9447521,48032,10704,KCa'b'-ap2,apbp,home,1,1,1
9447532,48032,21242,KCa'b'-ap2,apbp,away,11,1,0
9447719,48032,523060,KCa'b'-ap2,apbp,away,20,1,0
9447881,48034,21242,KCa'b'-ap2,apbp,away,19,1,0
9448057,48034,523060,KCa'b'-ap2,apbp,away,22,1,0
9455414,48100,21242,KCa'b'-ap2,apbp,away,17,1,0
9455569,48100,523060,KCa'b'-ap2,apbp,away,17,1,0
9456685,48111,11402,KCg-m,gamma,home,23,1,1
9456698,48111,21242,KCg-m,gamma,away,16,1,1
9457004,48111,523060,KCg-m,gamma,away,23,1,1
9459005,48122,10704,KCg-d,gamma,home,14,1,1
9459022,48122,18713,KCg-d,gamma,away,12,1,1
9459023,48122,19267,KCg-d,gamma,away,8,1,1
9462150,48147,11402,KCg-d,gamma,home,28,1,1
9462167,48147,21242,KCg-d,gamma,away,8,1,1
9462314,48147,523060,KCg-d,gamma,away,8,1,1
9465750,48174,10704,KCa'b'-ap1,apbp,home,1,1,1
9465759,48174,18713,KCa'b'-ap1,apbp,away,8,1,0
9465760,48174,19267,KCa'b'-ap1,apbp,away,12,1,0
9470990,48219,11402,KCab-p,ab,home,5,1,1
9483513,48309,10704,KCg-m,gamma,home,1,1,1
9483516,48309,11402,KCg-m,gamma,home,12,1,1
9483529,48309,21242,KCg-m,gamma,away,15,1,1
9483781,48309,523060,KCg-m,gamma,away,13,1,1
9484370,48313,11402,KCg-m,gamma,home,21,1,1
9484384,48313,21242,KCg-m,gamma,away,14,1,1
9484644,48313,523060,KCg-m,gamma,away,18,1,1
9487424,48337,10704,KCg-m,gamma,home,27,1,1
9487442,48337,18713,KCg-m,gamma,away,20,1,1
9487444,48337,19267,KCg-m,gamma,away,12,1,1
9489489,48347,11402,KCg-m,gamma,home,15,1,1
9489502,48347,21242,KCg-m,gamma,away,12,1,1
9489718,48347,523060,KCg-m,gamma,away,14,1,1
9501744,48438,11402,KCg-d,gamma,home,17,1,1
9501760,48438,21242,KCg-d,gamma,away,14,1,1
9501904,48438,523060,KCg-d,gamma,away,17,1,1
9502285,48443,18713,KCa'b'-ap1,apbp,away,8,1,0
9502286,48443,19267,KCa'b'-ap1,apbp,away,11,1,0
9502288,48443,21242,KCa'b'-ap1,apbp,away,1,1,0
9511140,48502,11402,KCa'b'-ap2,apbp,home,1,1,1
9511149,48502,21242,KCa'b'-ap2,apbp,away,15,1,0
9511349,48502,523060,KCa'b'-ap2,apbp,away,16,1,0
9513499,48515,11402,KCg-m,gamma,home,20,1,1
9513510,48515,21242,KCg-m,gamma,away,10,1,1
9513731,48515,523060,KCg-m,gamma,away,16,1,1
9513907,48517,18713,KCa'b'-ap1,apbp,away,9,1,0
9513908,48517,19267,KCa'b'-ap1,apbp,away,12,1,0
9516999,48533,11402,KCg-d,gamma,home,22,1,1
9517016,48533,21242,KCg-d,gamma,away,10,1,1
9517166,48533,523060,KCg-d,gamma,away,15,1,1
9526118,48596,10704,KCg-m,gamma,home,15,1,1
9526133,48596,18713,KCg-m,gamma,away,13,1,1
9526135,48596,19267,KCg-m,gamma,away,14,1,1
9531835,48632,11402,KCg-d,gamma,home,15,1,1
9531846,48632,21242,KCg-d,gamma,away,8,1,1
9532006,48632,523060,KCg-d,gamma,away,12,1,1
9533969,48641,11402,KCg-d,gamma,home,16,1,1
9533983,48641,21242,KCg-d,gamma,away,10,1,1
9534147,48641,523060,KCg-d,gamma,away,10,1,1
9545599,48729,11402,KCa'b'-ap1,apbp,home,3,1,1
9545605,48729,18713,KCa'b'-ap1,apbp,away,5,1,0
9545606,48729,19267,KCa'b'-ap1,apbp,away,6,1,0
9545758,48729,523060,KCa'b'-ap1,apbp,away,1,1,0
9550501,48759,10704,KCg-m,gamma,home,26,1,1
9550520,48759,18713,KCg-m,gamma,away,15,1,1
9550521,48759,19267,KCg-m,gamma,away,18,1,1
9553368,48779,18713,KCa'b'-ap2,apbp,away,4,1,0
9553370,48779,19267,KCa'b'-ap2,apbp,away,10,1,0
9560255,48829,18713,KCa'b'-ap1,apbp,away,8,1,0
9560256,48829,19267,KCa'b'-ap1,apbp,away,14,1,0
9567731,48886,11402,KCg-m,gamma,home,18,1,1
9567743,48886,21242,KCg-m,gamma,away,14,1,1
9568006,48886,523060,KCg-m,gamma,away,18,1,1
9569795,48904,11402,KCg-m,gamma,home,29,1,1
9569807,48904,21242,KCg-m,gamma,away,9,1,1
9570043,48904,523060,KCg-m,gamma,away,10,1,1
9571277,48912,11402,KCa'b'-ap2,apbp,home,3,1,1
9571285,48912,18713,KCa'b'-ap2,apbp,away,12,1,0
9571287,48912,19267,KCa'b'-ap2,apbp,away,2,1,0
9579634,48975,11402,KCg-m,gamma,home,23,1,1
9579646,48975,19267,KCg-m,gamma,away,1,1,1
9579648,48975,21242,KCg-m,gamma,away,20,1,1
9579905,48975,523060,KCg-m,gamma,away,12,1,1
9580366,48978,11402,KCg-d,gamma,home,20,1,1
9580383,48978,21242,KCg-d,gamma,away,16,1,1
9580531,48978,523060,KCg-d,gamma,away,11,1,1
9586394,49019,11402,KCg-m,gamma,home,21,1,1
9586407,49019,21242,KCg-m,gamma,away,20,1,1
9586696,49019,523060,KCg-m,gamma,away,19,1,1
9586925,49022,21242,KCa'b'-ap1,apbp,away,15,1,0
9587061,49022,523060,KCa'b'-ap1,apbp,away,15,1,0
9592056,49052,11402,KCg-d,gamma,home,22,1,1
9592071,49052,21242,KCg-d,gamma,away,11,1,1
9592246,49052,523060,KCg-d,gamma,away,15,1,1
9594933,49073,11402,KCg-m,gamma,home,11,1,1
9594941,49073,21242,KCg-m,gamma,away,10,1,1
9595134,49073,523060,KCg-m,gamma,away,8,1,1
9601804,49124,10704,KCg-m,gamma,home,17,1,1
9601821,49124,18713,KCg-m,gamma,away,20,1,1
9601824,49124,19267,KCg-m,gamma,away,20,1,1
9606920,49160,10704,KCg-m,gamma,home,15,1,1
9606937,49160,18713,KCg-m,gamma,away,14,1,1
9606939,49160,19267,KCg-m,gamma,away,13,1,1
9621147,49254,11402,KCg-m,gamma,home,22,1,1
9621161,49254,21242,KCg-m,gamma,away,4,1,1
9621370,49254,523060,KCg-m,gamma,away,18,1,1
9624237,49279,11402,KCg-m,gamma,home,20,1,1
9624251,49279,21242,KCg-m,gamma,away,7,1,1
9624486,49279,523060,KCg-m,gamma,away,26,1,1
9633759,49345,11402,KCg-d,gamma,home,16,1,1
9633776,49345,21242,KCg-d,gamma,away,13,1,1
9633910,49345,523060,KCg-d,gamma,away,9,1,1
9635371,49354,11402,KCab-c,ab,home,4,1,1
9636844,49363,21242,KCa'b'-ap2,apbp,away,13,1,0
9637019,49363,523060,KCa'b'-ap2,apbp,away,12,1,0
9637175,49365,11402,KCab-s,ab,home,2,1,1
9640465,49394,21242,KCa'b'-ap2,apbp,away,16,1,0
9640632,49394,523060,KCa'b'-ap2,apbp,away,27,1,0
9643836,49420,11402,KCa'b'-m,apbp,home,1,1,1
9643846,49420,21242,KCa'b'-m,apbp,away,16,1,0
9644032,49420,523060,KCa'b'-m,apbp,away,20,1,0
9647762,49450,21242,KCa'b'-ap2,apbp,away,10,1,0
9647925,49450,523060,KCa'b'-ap2,apbp,away,10,1,0
9651367,49480,10704,KCa'b'-ap1,apbp,home,1,1,1
9651380,49480,21242,KCa'b'-ap1,apbp,away,17,1,0
9651549,49480,523060,KCa'b'-ap1,apbp,away,22,1,0
9658198,49526,10704,KCg-m,gamma,home,20,1,1
9658214,49526,18713,KCg-m,gamma,away,15,1,1
9658216,49526,19267,KCg-m,gamma,away,15,1,1
9659290,49535,21242,KCa'b'-ap2,apbp,away,13,1,0
9659450,49535,523060,KCa'b'-ap2,apbp,away,7,1,0
9661008,49544,10704,KCg-m,gamma,home,15,1,1
9661025,49544,18713,KCg-m,gamma,away,13,1,1
9661026,49544,19267,KCg-m,gamma,away,19,1,1
9661302,49545,10704,KCg-m,gamma,home,21,1,1
9661319,49545,18713,KCg-m,gamma,away,12,1,1
9661321,49545,19267,KCg-m,gamma,away,13,1,1
9664237,49569,11402,KCg-m,gamma,home,17,1,1
9664249,49569,21242,KCg-m,gamma,away,12,1,1
9664481,49569,523060,KCg-m,gamma,away,13,1,1
9667753,49594,11402,KCab-s,ab,home,8,1,1
9672575,49632,11402,KCg-m,gamma,home,18,1,1
9672585,49632,21242,KCg-m,gamma,away,11,1,1
9672837,49632,523060,KCg-m,gamma,away,16,1,1
9676173,49661,11402,KCa'b'-ap1,apbp,home,1,1,1
9676180,49661,18713,KCa'b'-ap1,apbp,away,9,1,0
9676181,49661,19267,KCa'b'-ap1,apbp,away,15,1,0
9679893,49687,11402,KCg-m,gamma,home,23,1,1
9679902,49687,18713,KCg-m,gamma,away,2,1,1
9679903,49687,21242,KCg-m,gamma,away,6,1,1
9680151,49687,523060,KCg-m,gamma,away,16,1,1
9682892,49709,11402,KCg-d,gamma,home,26,1,1
9682907,49709,21242,KCg-d,gamma,away,14,1,1
9683050,49709,523060,KCg-d,gamma,away,11,1,1
9683070,49710,11402,KCg-d,gamma,home,22,1,1
9683083,49710,21242,KCg-d,gamma,away,8,1,1
9683257,49710,523060,KCg-d,gamma,away,21,1,1
9688531,49750,11402,KCa'b'-ap2,apbp,home,2,1,1
9688540,49750,18713,KCa'b'-ap2,apbp,away,12,1,0
9688542,49750,19267,KCa'b'-ap2,apbp,away,18,1,0
9688742,49752,11402,KCg-m,gamma,home,26,1,1
9688755,49752,21242,KCg-m,gamma,away,14,1,1
9689001,49752,523060,KCg-m,gamma,away,18,1,1
9692032,49774,18713,KCa'b'-m,apbp,away,11,1,0
9692034,49774,19267,KCa'b'-m,apbp,away,8,1,0
9695777,49805,11402,KCg-m,gamma,home,35,1,1
9695787,49805,18713,KCg-m,gamma,away,1,1,1
9695788,49805,21242,KCg-m,gamma,away,18,1,1
9696082,49805,523060,KCg-m,gamma,away,15,1,1
9703918,49867,10704,KCg-m,gamma,home,18,1,1
9703937,49867,18713,KCg-m,gamma,away,14,1,1
9703938,49867,19267,KCg-m,gamma,away,20,1,1
9708930,49899,11402,KCa'b'-m,apbp,home,1,1,1
9708938,49899,18713,KCa'b'-m,apbp,away,6,1,0
9708940,49899,19267,KCa'b'-m,apbp,away,9,1,0
9709548,49903,11402,KCg-m,gamma,home,31,1,1
9709562,49903,19267,KCg-m,gamma,away,1,1,1
9709563,49903,21242,KCg-m,gamma,away,7,1,1
9709839,49903,523060,KCg-m,gamma,away,21,1,1
9716202,49950,21242,KCa'b'-m,apbp,away,16,1,0
9716365,49950,523060,KCa'b'-m,apbp,away,25,1,0
9720131,49978,10704,KCa'b'-ap1,apbp,home,1,1,1
9720141,49978,18713,KCa'b'-ap1,apbp,away,12,1,0
9720142,49978,19267,KCa'b'-ap1,apbp,away,10,1,0
9721514,49987,10704,KCg-m,gamma,home,3,1,1
9721520,49987,11402,KCg-m,gamma,home,31,1,1
9721532,49987,21242,KCg-m,gamma,away,8,1,1
9721801,49987,523060,KCg-m,gamma,away,14,1,1
9727677,50035,11402,KCg-m,gamma,home,22,1,1
9727690,50035,21242,KCg-m,gamma,away,16,1,1
9727910,50035,523060,KCg-m,gamma,away,21,1,1
9730095,50057,11402,KCa'b'-ap1,apbp,home,1,1,1
9730103,50057,18713,KCa'b'-ap1,apbp,away,14,1,0
9730104,50057,19267,KCa'b'-ap1,apbp,away,22,1,0
9731388,50065,11402,KCa'b'-ap1,apbp,home,3,1,1
9731398,50065,18713,KCa'b'-ap1,apbp,away,7,1,0
9731399,50065,19267,KCa'b'-ap1,apbp,away,23,1,0
9740081,50122,21242,KCa'b'-ap2,apbp,away,17,1,0
9740260,50122,523060,KCa'b'-ap2,apbp,away,17,1,0
9740276,50123,11402,KCab-s,ab,home,11,1,1
9748170,50185,11402,KCg-m,gamma,home,29,1,1
9748184,50185,21242,KCg-m,gamma,away,13,1,1
9748431,50185,523060,KCg-m,gamma,away,24,1,1
9757417,50256,11402,KCg-m,gamma,home,30,1,1
9757429,50256,21242,KCg-m,gamma,away,4,1,1
9757652,50256,523060,KCg-m,gamma,away,13,1,1
9760923,50291,11402,KCg-m,gamma,home,19,1,1
9760936,50291,21242,KCg-m,gamma,away,15,1,1
9761194,50291,523060,KCg-m,gamma,away,24,1,1
9762741,50304,11402,KCg-m,gamma,home,31,1,1
9762755,50304,21242,KCg-m,gamma,away,14,1,1
9763005,50304,523060,KCg-m,gamma,away,13,1,1
9777966,50411,10704,KCg-m,gamma,home,13,1,1
9777985,50411,18713,KCg-m,gamma,away,20,1,1
9777986,50411,19267,KCg-m,gamma,away,24,1,1
9780692,50427,11402,KCab-s,ab,home,4,1,1
9784176,50454,18713,KCa'b'-m,apbp,away,12,1,0
9784178,50454,19267,KCa'b'-m,apbp,away,3,1,0
9786331,50471,10704,KCa'b'-ap1,apbp,home,1,1,1
9786343,50471,21242,KCa'b'-ap1,apbp,away,13,1,0
9786488,50471,523060,KCa'b'-ap1,apbp,away,17,1,0
9799766,50568,10704,KCg-m,gamma,home,15,1,1
9799788,50568,18713,KCg-m,gamma,away,13,1,1
9799789,50568,19267,KCg-m,gamma,away,12,1,1
9799790,50568,21242,KCg-m,gamma,away,1,1,1
9801685,50582,11402,KCg-d,gamma,home,19,1,1
9801700,50582,21242,KCg-d,gamma,away,12,1,1
9801853,50582,523060,KCg-d,gamma,away,10,1,1
9803234,50591,10704,KCg-m,gamma,home,23,1,1
9803252,50591,18713,KCg-m,gamma,away,15,1,1
9803254,50591,19267,KCg-m,gamma,away,12,1,1
9803529,50591,523060,KCg-m,gamma,away,1,1,1
9813824,50659,10704,KCab-c,ab,home,2,1,1
9813828,50659,11402,KCab-c,ab,home,6,1,1
9819747,50698,21242,KCa'b'-ap2,apbp,away,9,1,0
9819913,50698,523060,KCa'b'-ap2,apbp,away,17,1,0
9820251,50705,10704,KCa'b'-ap2,apbp,home,2,1,1
9820262,50705,21242,KCa'b'-ap2,apbp,away,17,1,0
9820442,50705,523060,KCa'b'-ap2,apbp,away,23,1,0
9821291,50712,21242,KCa'b'-ap1,apbp,away,18,1,0
9821427,50712,523060,KCa'b'-ap1,apbp,away,15,1,0
9824712,50744,11402,KCg-m,gamma,home,21,1,1
9824727,50744,21242,KCg-m,gamma,away,17,1,1
9824981,50744,523060,KCg-m,gamma,away,14,1,1
9825124,50746,18713,KCa'b'-ap1,apbp,away,8,1,0
9825125,50746,19267,KCa'b'-ap1,apbp,away,6,1,0
9825272,50746,523060,KCa'b'-ap1,apbp,away,2,1,0
9829122,50776,10704,KCab-s,ab,home,2,1,1
9829125,50776,11402,KCab-s,ab,home,11,1,1
9831044,50791,10704,KCg-m,gamma,home,20,1,1
9831065,50791,18713,KCg-m,gamma,away,11,1,1
9831066,50791,19267,KCg-m,gamma,away,18,1,1
9835289,50820,10704,KCg-m,gamma,home,17,1,1
9835307,50820,18713,KCg-m,gamma,away,11,1,1
9835309,50820,19267,KCg-m,gamma,away,16,1,1
9837938,50839,11402,KCg-m,gamma,home,17,1,1
9837948,50839,21242,KCg-m,gamma,away,11,1,1
9838204,50839,523060,KCg-m,gamma,away,8,1,1
9850234,50933,10704,KCg-d,gamma,home,19,1,1
9850252,50933,18713,KCg-d,gamma,away,20,1,1
9850254,50933,19267,KCg-d,gamma,away,24,1,1
9861337,51010,18713,KCa'b'-ap1,apbp,away,11,1,0
9861339,51010,19267,KCa'b'-ap1,apbp,away,17,1,0
9866693,51053,10704,KCg-m,gamma,home,8,1,1
9866709,51053,18713,KCg-m,gamma,away,14,1,1
9866710,51053,19267,KCg-m,gamma,away,15,1,1
9866959,51054,18713,KCa'b'-ap2,apbp,away,10,1,0
9866961,51054,19267,KCa'b'-ap2,apbp,away,6,1,0
9867170,51055,10704,KCg-m,gamma,home,10,1,1
9867189,51055,18713,KCg-m,gamma,away,11,1,1
9867190,51055,19267,KCg-m,gamma,away,20,1,1
9873338,51093,11402,KCg-m,gamma,home,22,1,1
9873348,51093,21242,KCg-m,gamma,away,9,1,1
9873579,51093,523060,KCg-m,gamma,away,11,1,1
9873638,51095,11402,KCg-m,gamma,home,15,1,1
9873650,51095,21242,KCg-m,gamma,away,18,1,1
9873857,51095,523060,KCg-m,gamma,away,5,1,1
9875962,51113,11402,KCg-m,gamma,home,20,1,1
9875973,51113,21242,KCg-m,gamma,away,11,1,1
9876228,51113,523060,KCg-m,gamma,away,13,1,1
9877095,51121,11402,KCg-m,gamma,home,18,1,1
9877108,51121,21242,KCg-m,gamma,away,7,1,1
9877308,51121,523060,KCg-m,gamma,away,13,1,1
9887156,51195,11402,KCg-m,gamma,home,33,1,1
9887168,51195,21242,KCg-m,gamma,away,10,1,1
9887405,51195,523060,KCg-m,gamma,away,15,1,1
9894025,51254,11402,KCa'b'-ap2,apbp,home,2,1,1
9894039,51254,18713,KCa'b'-ap2,apbp,away,17,1,0
9894042,51254,19267,KCa'b'-ap2,apbp,away,2,1,0
9902600,51318,18713,KCa'b'-ap2,apbp,away,13,1,0
9902602,51318,19267,KCa'b'-ap2,apbp,away,4,1,0
9904098,51330,10704,KCg-m,gamma,home,18,1,1
9904115,51330,18713,KCg-m,gamma,away,10,1,1
9904116,51330,19267,KCg-m,gamma,away,12,1,1
9904781,51334,21242,KCa'b'-ap1,apbp,away,18,1,0
9904937,51334,523060,KCa'b'-ap1,apbp,away,10,1,0
9907678,51354,11402,KCg-m,gamma,home,20,1,1
9907687,51354,21242,KCg-m,gamma,away,7,1,1
9907926,51354,523060,KCg-m,gamma,away,17,1,1
9911965,51383,10704,KCa'b'-ap1,apbp,home,2,1,1
9911969,51383,11402,KCa'b'-ap1,apbp,home,2,1,1
9911979,51383,18713,KCa'b'-ap1,apbp,away,7,1,0
9911980,51383,19267,KCa'b'-ap1,apbp,away,23,1,0
9913207,51391,11402,KCg-m,gamma,home,16,1,1
9913222,51391,21242,KCg-m,gamma,away,9,1,1
9913451,51391,523060,KCg-m,gamma,away,6,1,1
9913756,51394,11402,KCab-p,ab,home,4,1,1
9915806,51408,11402,KCg-m,gamma,home,16,1,1
9915817,51408,21242,KCg-m,gamma,away,7,1,1
9916058,51408,523060,KCg-m,gamma,away,3,1,1
9918141,51428,11402,KCg-m,gamma,home,19,1,1
9918151,51428,21242,KCg-m,gamma,away,11,1,1
9918425,51428,523060,KCg-m,gamma,away,19,1,1
9918524,51430,11402,KCg-m,gamma,home,25,1,1
9918536,51430,21242,KCg-m,gamma,away,19,1,1
9918786,51430,523060,KCg-m,gamma,away,17,1,1
9923014,51459,10704,KCg-m,gamma,home,22,1,1
9923032,51459,18713,KCg-m,gamma,away,16,1,1
9923033,51459,19267,KCg-m,gamma,away,21,1,1
9930009,51516,11402,KCg-m,gamma,home,26,1,1
9930020,51516,21242,KCg-m,gamma,away,8,1,1
9930245,51516,523060,KCg-m,gamma,away,7,1,1
9932716,51535,10704,KCg-m,gamma,home,17,1,1
9932732,51535,18713,KCg-m,gamma,away,11,1,1
9932733,51535,19267,KCg-m,gamma,away,13,1,1
9933295,51538,21242,KCa'b'-ap1,apbp,away,18,1,0
9933434,51538,523060,KCa'b'-ap1,apbp,away,16,1,0
9934622,51552,10704,KCg-m,gamma,home,13,1,1
9934639,51552,18713,KCg-m,gamma,away,23,1,1
9934640,51552,19267,KCg-m,gamma,away,19,1,1
9934909,51553,10704,KCg-m,gamma,home,7,1,1
9934929,51553,18713,KCg-m,gamma,away,19,1,1
9934932,51553,19267,KCg-m,gamma,away,21,1,1
9935673,51556,10704,KCa'b'-ap1,apbp,home,1,1,1
9935677,51556,11402,KCa'b'-ap1,apbp,home,7,1,1
9935684,51556,18713,KCa'b'-ap1,apbp,away,9,1,0
9935685,51556,19267,KCa'b'-ap1,apbp,away,13,1,0
9938787,51583,10704,KCg-m,gamma,home,11,1,1
9938803,51583,18713,KCg-m,gamma,away,15,1,1
9938804,51583,19267,KCg-m,gamma,away,21,1,1
9941075,51600,11402,KCab-p,ab,home,3,1,1
9949717,51667,11402,KCg-m,gamma,home,30,1,1
9949729,51667,21242,KCg-m,gamma,away,11,1,1
9949919,51667,523060,KCg-m,gamma,away,16,1,1
9951096,51679,11402,KCg-d,gamma,home,19,1,1
9951112,51679,21242,KCg-d,gamma,away,9,1,1
9951250,51679,523060,KCg-d,gamma,away,16,1,1
9951745,51686,11402,KCab-p,ab,home,9,1,1
9952099,51688,11402,KCa'b'-ap2,apbp,home,3,1,1
9952109,51688,18713,KCa'b'-ap2,apbp,away,7,1,0
9952111,51688,19267,KCa'b'-ap2,apbp,away,9,1,0
9955433,51715,21242,KCa'b'-ap1,apbp,away,11,1,0
9955579,51715,523060,KCa'b'-ap1,apbp,away,21,1,0
9959458,51742,10704,KCg-m,gamma,home,6,1,1
9959477,51742,18713,KCg-m,gamma,away,18,1,1
9959479,51742,19267,KCg-m,gamma,away,18,1,1
9960063,51745,18713,KCa'b'-m,apbp,away,8,1,0
9960065,51745,19267,KCa'b'-m,apbp,away,7,1,0
9961128,51751,10704,KCg-m,gamma,home,9,1,1
9961146,51751,18713,KCg-m,gamma,away,11,1,1
9961147,51751,19267,KCg-m,gamma,away,12,1,1
9961634,51753,18713,KCa'b'-m,apbp,away,6,1,0
9961636,51753,19267,KCa'b'-m,apbp,away,8,1,0
9966438,51795,21242,KCa'b'-m,apbp,away,21,1,0
9966615,51795,523060,KCa'b'-m,apbp,away,27,1,0
9975228,51855,11402,KCg-m,gamma,home,18,1,1
9975239,51855,21242,KCg-m,gamma,away,8,1,1
9975489,51855,523060,KCg-m,gamma,away,8,1,1
9976878,51865,10704,KCg-m,gamma,home,17,1,1
9976896,51865,18713,KCg-m,gamma,away,15,1,1
9976897,51865,19267,KCg-m,gamma,away,14,1,1
9977137,51866,11402,KCg-m,gamma,home,26,1,1
9977149,51866,21242,KCg-m,gamma,away,12,1,1
9977410,51866,523060,KCg-m,gamma,away,17,1,1
9979861,51883,11402,KCg-m,gamma,home,19,1,1
9979872,51883,21242,KCg-m,gamma,away,9,1,1
9980130,51883,523060,KCg-m,gamma,away,12,1,1
9981261,51894,11402,KCa'b'-ap2,apbp,home,1,1,1
9981269,51894,18713,KCa'b'-ap2,apbp,away,9,1,0
9981270,51894,19267,KCa'b'-ap2,apbp,away,13,1,0
9986184,51937,10704,KCg-m,gamma,home,16,1,1
9986203,51937,18713,KCg-m,gamma,away,5,1,1
9986205,51937,19267,KCg-m,gamma,away,8,1,1
9993135,51998,11402,KCg-d,gamma,home,9,1,1
9993153,51998,21242,KCg-d,gamma,away,10,1,1
9993295,51998,523060,KCg-d,gamma,away,16,1,1
9996743,52022,11402,KCg-m,gamma,home,21,1,1
9996756,52022,21242,KCg-m,gamma,away,11,1,1
9996987,52022,523060,KCg-m,gamma,away,18,1,1
10011542,52140,10704,KCa'b'-ap1,apbp,home,1,1,1
10011547,52140,11402,KCa'b'-ap1,apbp,home,1,1,1
10011554,52140,18713,KCa'b'-ap1,apbp,away,2,1,0
10011555,52140,19267,KCa'b'-ap1,apbp,away,20,1,0
10011556,52140,21242,KCa'b'-ap1,apbp,away,2,1,0
10011722,52141,10704,KCa'b'-ap1,apbp,home,1,1,1
10011735,52141,21242,KCa'b'-ap1,apbp,away,16,1,0
10011865,52141,523060,KCa'b'-ap1,apbp,away,17,1,0
10013576,52156,11402,KCg-m,gamma,home,23,1,1
10013584,52156,21242,KCg-m,gamma,away,8,1,1
10013826,52156,523060,KCg-m,gamma,away,12,1,1
10016801,52189,10704,KCa'b'-ap2,apbp,home,2,1,1
10016805,52189,11402,KCa'b'-ap2,apbp,home,1,1,1
10016815,52189,21242,KCa'b'-ap2,apbp,away,10,1,0
10017004,52189,523060,KCa'b'-ap2,apbp,away,18,1,0
10020215,52220,11402,KCg-m,gamma,home,28,1,1
10020228,52220,18713,KCg-m,gamma,away,1,1,1
10020229,52220,21242,KCg-m,gamma,away,8,1,1
10020482,52220,523060,KCg-m,gamma,away,7,1,1
10027837,52267,18713,KCa'b'-m,apbp,away,11,1,0
10027839,52267,19267,KCa'b'-m,apbp,away,6,1,0
10036554,52318,10704,KCg-m,gamma,home,22,1,1
10036573,52318,18713,KCg-m,gamma,away,12,1,1
10036574,52318,19267,KCg-m,gamma,away,18,1,1
10039050,52337,18713,KCa'b'-ap2,apbp,away,20,1,0
10039052,52337,19267,KCa'b'-ap2,apbp,away,5,1,0
10048962,52402,11402,KCg-m,gamma,home,23,1,1
10048972,52402,21242,KCg-m,gamma,away,8,1,1
10049203,52402,523060,KCg-m,gamma,away,17,1,1
10065445,52513,21242,KCa'b'-ap1,apbp,away,19,1,0
10065580,52513,523060,KCa'b'-ap1,apbp,away,21,1,0
10066163,52518,11402,KCg-m,gamma,home,27,1,1
10066177,52518,21242,KCg-m,gamma,away,7,1,1
10066396,52518,523060,KCg-m,gamma,away,15,1,1
10072551,52564,10704,KCg-m,gamma,home,23,1,1
10072570,52564,18713,KCg-m,gamma,away,10,1,1
10072571,52564,19267,KCg-m,gamma,away,16,1,1
10074334,52575,11402,KCg-m,gamma,home,26,1,1
10074346,52575,21242,KCg-m,gamma,away,7,1,1
10074593,52575,523060,KCg-m,gamma,away,7,1,1
10075042,52581,10704,KCa'b'-ap1,apbp,home,1,1,1
10075046,52581,11402,KCa'b'-ap1,apbp,home,2,1,1
10075054,52581,18713,KCa'b'-ap1,apbp,away,9,1,0
10075056,52581,19267,KCa'b'-ap1,apbp,away,15,1,0
10076420,52594,11402,KCg-d,gamma,home,13,1,1
10076443,52594,21242,KCg-d,gamma,away,18,1,1
10076588,52594,523060,KCg-d,gamma,away,16,1,1
10078846,52613,11402,KCa'b'-m,apbp,home,1,1,1
10078855,52613,18713,KCa'b'-m,apbp,away,8,1,0
10078857,52613,19267,KCa'b'-m,apbp,away,9,1,0
10092467,52704,10704,KCab-s,ab,home,9,1,1
10092778,52706,18713,KCa'b'-m,apbp,away,13,1,0
10092780,52706,19267,KCa'b'-m,apbp,away,9,1,0
10098637,52751,11402,KCg-d,gamma,home,17,1,1
10098651,52751,21242,KCg-d,gamma,away,16,1,1
10098788,52751,523060,KCg-d,gamma,away,13,1,1
10100666,52773,11402,KCg-m,gamma,home,23,1,1
10100676,52773,21242,KCg-m,gamma,away,8,1,1
10100922,52773,523060,KCg-m,gamma,away,13,1,1
10102681,52789,18713,KCa'b'-ap2,apbp,away,9,1,0
10102684,52789,19267,KCa'b'-ap2,apbp,away,7,1,0
10108145,52824,10704,KCab-s,ab,home,6,1,1
10111529,52856,10704,KCg-m,gamma,home,13,1,1
10111545,52856,18713,KCg-m,gamma,away,21,1,1
10111546,52856,19267,KCg-m,gamma,away,19,1,1
10114676,52877,18713,KCa'b'-ap2,apbp,away,7,1,0
10114678,52877,19267,KCa'b'-ap2,apbp,away,7,1,0
10119160,52907,11402,KCg-d,gamma,home,20,1,1
10119175,52907,21242,KCg-d,gamma,away,13,1,1
10119325,52907,523060,KCg-d,gamma,away,22,1,1
10121479,52923,10704,KCa'b'-ap1,apbp,home,3,1,1
10121493,52923,21242,KCa'b'-ap1,apbp,away,17,1,0
10121645,52923,523060,KCa'b'-ap1,apbp,away,13,1,0
10122675,52933,18713,KCa'b'-ap2,apbp,away,14,1,0
10122676,52933,19267,KCa'b'-ap2,apbp,away,7,1,0
10123473,52938,10704,KCg-m,gamma,home,9,1,1
10123492,52938,18713,KCg-m,gamma,away,18,1,1
10123494,52938,19267,KCg-m,gamma,away,25,1,1
10126964,52972,11402,KCa'b'-m,apbp,home,3,1,1
10126971,52972,18713,KCa'b'-m,apbp,away,14,1,0
10126973,52972,19267,KCa'b'-m,apbp,away,7,1,0
10132638,53014,11402,KCab-s,ab,home,1,1,1
10137719,53050,11402,KCg-m,gamma,home,22,1,1
10137729,53050,21242,KCg-m,gamma,away,7,1,1
10137960,53050,523060,KCg-m,gamma,away,14,1,1
10143672,53099,11402,KCg-m,gamma,home,28,1,1
10143685,53099,21242,KCg-m,gamma,away,14,1,1
10143918,53099,523060,KCg-m,gamma,away,14,1,1
10150340,53144,11402,KCg-m,gamma,home,22,1,1
10150354,53144,21242,KCg-m,gamma,away,17,1,1
10150614,53144,523060,KCg-m,gamma,away,16,1,1
10151818,53154,11402,KCg-m,gamma,home,24,1,1
10151831,53154,18713,KCg-m,gamma,away,1,1,1
10151833,53154,21242,KCg-m,gamma,away,13,1,1
10152085,53154,523060,KCg-m,gamma,away,14,1,1
10154593,53173,11402,KCg-m,gamma,home,17,1,1
10154608,53173,21242,KCg-m,gamma,away,25,1,1
10154878,53173,523060,KCg-m,gamma,away,24,1,1
10155345,53178,11402,KCg-m,gamma,home,29,1,1
10155357,53178,21242,KCg-m,gamma,away,17,1,1
10155637,53178,523060,KCg-m,gamma,away,21,1,1
10160956,53217,11402,KCg-d,gamma,home,22,1,1
10160971,53217,21242,KCg-d,gamma,away,14,1,1
10161152,53217,523060,KCg-d,gamma,away,20,1,1
10161484,53221,11402,KCa'b'-ap2,apbp,home,3,1,1
10161494,53221,18713,KCa'b'-ap2,apbp,away,11,1,0
10161496,53221,19267,KCa'b'-ap2,apbp,away,6,1,0
10164038,53241,10704,KCa'b'-ap2,apbp,home,1,1,1
10164050,53241,21242,KCa'b'-ap2,apbp,away,16,1,0
10164238,53241,523060,KCa'b'-ap2,apbp,away,20,1,0
10165371,53250,10704,KCa'b'-ap2,apbp,home,1,1,1
10165375,53250,11402,KCa'b'-ap2,apbp,home,4,1,1
10165385,53250,18713,KCa'b'-ap2,apbp,away,12,1,0
10165387,53250,19267,KCa'b'-ap2,apbp,away,1,1,0
10167299,53267,11402,KCg-m,gamma,home,20,1,1
10167310,53267,18713,KCg-m,gamma,away,1,1,1
10167313,53267,21242,KCg-m,gamma,away,11,1,1
10167570,53267,523060,KCg-m,gamma,away,15,1,1
10168134,53271,10704,KCg-d,gamma,home,13,1,1
10168148,53271,18713,KCg-d,gamma,away,20,1,1
10168149,53271,19267,KCg-d,gamma,away,14,1,1
10169353,53278,10704,KCa'b'-ap1,apbp,home,1,1,1
10169366,53278,21242,KCa'b'-ap1,apbp,away,24,1,0
10169509,53278,523060,KCa'b'-ap1,apbp,away,20,1,0
10176639,53331,19267,KCa'b'-ap1,apbp,away,1,1,0
10176641,53331,21242,KCa'b'-ap1,apbp,away,21,1,0
10176797,53331,523060,KCa'b'-ap1,apbp,away,16,1,0
10179136,53354,21242,KCa'b'-ap2,apbp,away,22,1,0
10179309,53354,523060,KCa'b'-ap2,apbp,away,15,1,0
10183577,53382,11402,KCa'b'-ap2,apbp,home,1,1,1
10183586,53382,18713,KCa'b'-ap2,apbp,away,15,1,0
10183588,53382,19267,KCa'b'-ap2,apbp,away,12,1,0
10183800,53383,11402,KCg-m,gamma,home,30,1,1
10183812,53383,21242,KCg-m,gamma,away,5,1,1
10184057,53383,523060,KCg-m,gamma,away,15,1,1
10186087,53397,21242,KCa'b'-ap2,apbp,away,16,1,0
10186255,53397,523060,KCa'b'-ap2,apbp,away,19,1,0
10190679,53430,10704,KCab-p,ab,home,5,1,1
10193051,53448,10704,KCa'b'-m,apbp,home,1,1,1
10193063,53448,18713,KCa'b'-m,apbp,away,13,1,0
10193065,53448,19267,KCa'b'-m,apbp,away,11,1,0
10193067,53448,21242,KCa'b'-m,apbp,away,1,1,0
10193216,53448,523060,KCa'b'-m,apbp,away,1,1,0
10195905,53472,11402,KCg-m,gamma,home,31,1,1
10195917,53472,21242,KCg-m,gamma,away,10,1,1
10196160,53472,523060,KCg-m,gamma,away,17,1,1
10200104,53505,11402,KCg-d,gamma,home,15,1,1
10200116,53505,21242,KCg-d,gamma,away,9,1,1
10200264,53505,523060,KCg-d,gamma,away,21,1,1
10203497,53535,18713,KCa'b'-ap1,apbp,away,8,1,0
10203498,53535,19267,KCa'b'-ap1,apbp,away,13,1,0
10211495,53592,11402,KCa'b'-ap1,apbp,home,2,1,1
10211502,53592,18713,KCa'b'-ap1,apbp,away,20,1,0
10211503,53592,19267,KCa'b'-ap1,apbp,away,14,1,0
10216737,53633,11402,KCg-m,gamma,home,16,1,1
10216749,53633,21242,KCg-m,gamma,away,15,1,1
10217021,53633,523060,KCg-m,gamma,away,25,1,1
10218887,53645,10704,KCa'b'-ap2,apbp,home,1,1,1
10218898,53645,18713,KCa'b'-ap2,apbp,away,10,1,0
10218900,53645,19267,KCa'b'-ap2,apbp,away,12,1,0
10220168,53655,11402,KCg-m,gamma,home,26,1,1
10220179,53655,21242,KCg-m,gamma,away,15,1,1
10220416,53655,523060,KCg-m,gamma,away,11,1,1
10223344,53680,10704,KCg-d,gamma,home,15,1,1
10223363,53680,18713,KCg-d,gamma,away,14,1,1
10223364,53680,19267,KCg-d,gamma,away,10,1,1
10224308,53686,18713,KCa'b'-ap2,apbp,away,19,1,0
10224310,53686,19267,KCa'b'-ap2,apbp,away,9,1,0
10224556,53688,11402,KCg-m,gamma,home,21,1,1
10224570,53688,21242,KCg-m,gamma,away,5,1,1
10224810,53688,523060,KCg-m,gamma,away,17,1,1
10234617,53756,10704,KCg-m,gamma,home,17,1,1
10234639,53756,18713,KCg-m,gamma,away,13,1,1
10234640,53756,19267,KCg-m,gamma,away,14,1,1
10236416,53766,11402,KCa'b'-ap2,apbp,home,1,1,1
10236428,53766,18713,KCa'b'-ap2,apbp,away,10,1,0
10236430,53766,19267,KCa'b'-ap2,apbp,away,8,1,0
10244663,53833,11402,KCa'b'-m,apbp,home,3,1,1
10244676,53833,18713,KCa'b'-m,apbp,away,11,1,0
10244678,53833,19267,KCa'b'-m,apbp,away,6,1,0
10245156,53836,11402,KCg-m,gamma,home,26,1,1
10245166,53836,21242,KCg-m,gamma,away,6,1,1
10245424,53836,523060,KCg-m,gamma,away,16,1,1
10248340,53851,18713,KCa'b'-ap2,apbp,away,7,1,0
10248342,53851,19267,KCa'b'-ap2,apbp,away,10,1,0
10250149,53863,11402,KCab-c,ab,home,9,1,1
10252902,53881,11402,KCa'b'-m,apbp,home,2,1,1
10252911,53881,21242,KCa'b'-m,apbp,away,21,1,0
10253068,53881,523060,KCa'b'-m,apbp,away,18,1,0
10257470,53914,18713,KCa'b'-m,apbp,away,12,1,0
10257472,53914,19267,KCa'b'-m,apbp,away,11,1,0
10262440,53947,11402,KCg-m,gamma,home,32,1,1
10262450,53947,21242,KCg-m,gamma,away,7,1,1
10262716,53947,523060,KCg-m,gamma,away,17,1,1
10264138,53957,11402,KCa'b'-m,apbp,home,1,1,1
10264148,53957,18713,KCa'b'-m,apbp,away,16,1,0
10264150,53957,19267,KCa'b'-m,apbp,away,4,1,0
10268086,53987,10704,KCg-m,gamma,home,25,1,1
10268106,53987,18713,KCg-m,gamma,away,16,1,1
10268108,53987,19267,KCg-m,gamma,away,22,1,1
10269556,53994,11402,KCg-m,gamma,home,30,1,1
10269569,53994,21242,KCg-m,gamma,away,10,1,1
10269819,53994,523060,KCg-m,gamma,away,17,1,1
10281451,54067,18713,KCa'b'-ap1,apbp,away,1,1,0
10281453,54067,21242,KCa'b'-ap1,apbp,away,18,1,0
10281590,54067,523060,KCa'b'-ap1,apbp,away,17,1,0
10299534,54192,18713,KCa'b'-ap1,apbp,away,15,1,0
10299535,54192,19267,KCa'b'-ap1,apbp,away,11,1,0
10300335,54202,10704,KCg-m,gamma,home,14,1,1
10300341,54202,11402,KCg-m,gamma,home,1,1,1
10300354,54202,18713,KCg-m,gamma,away,22,1,1
10300355,54202,19267,KCg-m,gamma,away,11,1,1
10307756,54255,10704,KCg-m,gamma,home,14,1,1
10307774,54255,18713,KCg-m,gamma,away,29,1,1
10307775,54255,19267,KCg-m,gamma,away,16,1,1
10318287,54345,11402,KCg-m,gamma,home,19,1,1
10318304,54345,21242,KCg-m,gamma,away,9,1,1
10318526,54345,523060,KCg-m,gamma,away,7,1,1
10326119,54398,10704,KCab-s,ab,home,8,1,1
10330485,54429,21242,KCa'b'-m,apbp,away,14,1,0
10330654,54429,523060,KCa'b'-m,apbp,away,21,1,0
10333634,54455,11402,KCg-m,gamma,home,25,1,1
10333647,54455,18713,KCg-m,gamma,away,1,1,1
10333649,54455,21242,KCg-m,gamma,away,8,1,1
10333883,54455,523060,KCg-m,gamma,away,11,1,1
10346702,54549,21242,KCa'b'-ap1,apbp,away,12,1,0
10346847,54549,523060,KCa'b'-ap1,apbp,away,22,1,0
10359410,54641,21242,KCa'b'-ap1,apbp,away,22,1,0
10359575,54641,523060,KCa'b'-ap1,apbp,away,16,1,0
10360161,54647,21242,KCa'b'-ap1,apbp,away,13,1,0
10360311,54647,523060,KCa'b'-ap1,apbp,away,16,1,0
10361373,54661,11402,KCab-s,ab,home,7,1,1
10365569,54702,18713,KCa'b'-ap1,apbp,away,6,1,0
10365570,54702,19267,KCa'b'-ap1,apbp,away,9,1,0
10365719,54702,523060,KCa'b'-ap1,apbp,away,1,1,0
10367830,54717,10704,KCa'b'-m,apbp,home,1,1,1
10367841,54717,21242,KCa'b'-m,apbp,away,21,1,0
10368024,54717,523060,KCa'b'-m,apbp,away,19,1,0
10369656,54729,21242,KCa'b'-ap1,apbp,away,13,1,0
10369806,54729,523060,KCa'b'-ap1,apbp,away,19,1,0
10371723,54746,11402,KCg-m,gamma,home,17,1,1
10371737,54746,21242,KCg-m,gamma,away,13,1,1
10371981,54746,523060,KCg-m,gamma,away,16,1,1
10397435,54936,11402,KCg-m,gamma,home,31,1,1
10397450,54936,21242,KCg-m,gamma,away,22,1,1
10397694,54936,523060,KCg-m,gamma,away,15,1,1
10400285,54957,11402,KCa'b'-m,apbp,home,2,1,1
10400294,54957,18713,KCa'b'-m,apbp,away,14,1,0
10400296,54957,19267,KCa'b'-m,apbp,away,4,1,0
10404643,54996,18713,KCa'b'-ap2,apbp,away,5,1,0
10404644,54996,19267,KCa'b'-ap2,apbp,away,9,1,0
10405849,55003,21242,KCa'b'-ap1,apbp,away,21,1,0
10405996,55003,523060,KCa'b'-ap1,apbp,away,15,1,0
10413636,55062,11402,KCg-m,gamma,home,26,1,1
10413648,55062,18713,KCg-m,gamma,away,1,1,1
10413650,55062,21242,KCg-m,gamma,away,16,1,1
10413884,55062,523060,KCg-m,gamma,away,18,1,1
10416844,55083,18713,KCa'b'-ap1,apbp,away,8,1,0
10416845,55083,19267,KCa'b'-ap1,apbp,away,14,1,0
10422567,55123,21242,KCa'b'-ap2,apbp,away,16,1,0
10422754,55123,523060,KCa'b'-ap2,apbp,away,23,1,0
10425505,55141,18713,KCa'b'-ap2,apbp,away,11,1,0
10425508,55141,19267,KCa'b'-ap2,apbp,away,4,1,0
10435718,55216,11402,KCa'b'-m,apbp,home,1,1,1
10435725,55216,18713,KCa'b'-m,apbp,away,16,1,0
10435727,55216,19267,KCa'b'-m,apbp,away,5,1,0
10436935,55227,11402,KCab-c,ab,home,5,1,1
10443278,55278,11402,KCg-m,gamma,home,26,1,1
10443290,55278,21242,KCg-m,gamma,away,9,1,1
10443545,55278,523060,KCg-m,gamma,away,11,1,1
10449116,55316,10704,KCab-p,ab,home,1,1,1
10467381,55460,11402,KCa'b'-ap2,apbp,home,2,1,1
10467391,55460,18713,KCa'b'-ap2,apbp,away,14,1,0
10467393,55460,19267,KCa'b'-ap2,apbp,away,8,1,0
10469962,55480,21242,KCa'b'-m,apbp,away,21,1,0
10470118,55480,523060,KCa'b'-m,apbp,away,16,1,0
10470472,55485,10704,KCa'b'-ap1,apbp,home,1,1,1
10470484,55485,21242,KCa'b'-ap1,apbp,away,18,1,0
10470631,55485,523060,KCa'b'-ap1,apbp,away,22,1,0
10476163,55528,10704,KCab-s,ab,home,2,1,1
10476166,55528,11402,KCab-s,ab,home,9,1,1
10478435,55542,10704,KCg-m,gamma,home,20,1,1
10478452,55542,18713,KCg-m,gamma,away,24,1,1
10478454,55542,19267,KCg-m,gamma,away,17,1,1
10484660,55586,21242,KCa'b'-ap1,apbp,away,10,1,0
10484838,55586,523060,KCa'b'-ap1,apbp,away,19,1,0
10494635,55670,11402,KCg-m,gamma,home,16,1,1
10494645,55670,21242,KCg-m,gamma,away,7,1,1
10494866,55670,523060,KCg-m,gamma,away,14,1,1
10505272,55755,11402,KCab-c,ab,home,9,1,1
10506331,55765,21242,KCa'b'-m,apbp,away,15,1,0
10506488,55765,523060,KCa'b'-m,apbp,away,28,1,0
10516648,55850,11402,KCg-m,gamma,home,27,1,1
10516660,55850,21242,KCg-m,gamma,away,10,1,1
10516946,55850,523060,KCg-m,gamma,away,15,1,1
10517205,55853,10704,KCg-m,gamma,home,16,1,1
10517223,55853,18713,KCg-m,gamma,away,19,1,1
10517225,55853,19267,KCg-m,gamma,away,22,1,1
10517821,55857,11402,KCg-m,gamma,home,24,1,1
10517834,55857,18713,KCg-m,gamma,away,1,1,1
10517836,55857,21242,KCg-m,gamma,away,8,1,1
10518085,55857,523060,KCg-m,gamma,away,13,1,1
10521111,55884,10704,KCa'b'-m,apbp,home,1,1,1
10521124,55884,21242,KCa'b'-m,apbp,away,21,1,0
10521305,55884,523060,KCa'b'-m,apbp,away,19,1,0
10525170,55919,18713,KCa'b'-ap1,apbp,away,7,1,0
10525171,55919,19267,KCa'b'-ap1,apbp,away,12,1,0
10527799,55935,10704,KCa'b'-ap2,apbp,home,1,1,1
10527813,55935,21242,KCa'b'-ap2,apbp,away,17,1,0
10527995,55935,523060,KCa'b'-ap2,apbp,away,20,1,0
10528713,55946,11402,KCab-p,ab,home,3,1,1
10529700,55955,10704,KCab-s,ab,home,4,1,1
10535138,55998,11402,KCg-m,gamma,home,23,1,1
10535151,55998,21242,KCg-m,gamma,away,12,1,1
10535343,55998,523060,KCg-m,gamma,away,17,1,1
10535483,56000,10704,KCa'b'-ap1,apbp,home,1,1,1
10535491,56000,18713,KCa'b'-ap1,apbp,away,15,1,0
10535492,56000,19267,KCa'b'-ap1,apbp,away,8,1,0
10535493,56000,21242,KCa'b'-ap1,apbp,away,2,1,0
10552787,56130,18713,KCa'b'-ap2,apbp,away,11,1,0
10552788,56130,19267,KCa'b'-ap2,apbp,away,13,1,0
10555158,56145,10704,KCg-d,gamma,home,11,1,1
10555173,56145,18713,KCg-d,gamma,away,26,1,1
10555174,56145,19267,KCg-d,gamma,away,18,1,1
10565440,56223,11402,KCg-m,gamma,home,17,1,1
10565459,56223,21242,KCg-m,gamma,away,8,1,1
10565691,56223,523060,KCg-m,gamma,away,14,1,1
10569490,56251,10704,KCg-m,gamma,home,6,1,1
10569510,56251,18713,KCg-m,gamma,away,21,1,1
10569511,56251,19267,KCg-m,gamma,away,11,1,1
10573114,56274,10704,KCab-s,ab,home,1,1,1
10573117,56274,11402,KCab-s,ab,home,13,1,1
10574488,56284,11402,KCg-d,gamma,home,20,1,1
10574500,56284,21242,KCg-d,gamma,away,9,1,1
10574650,56284,523060,KCg-d,gamma,away,10,1,1
10575970,56297,11402,KCg-m,gamma,home,23,1,1
10575978,56297,21242,KCg-m,gamma,away,12,1,1
10576214,56297,523060,KCg-m,gamma,away,12,1,1
10578277,56315,11402,KCg-m,gamma,home,35,1,1
10578290,56315,21242,KCg-m,gamma,away,7,1,1
10578545,56315,523060,KCg-m,gamma,away,10,1,1
10583109,56352,10704,KCab-p,ab,home,2,1,1
10592705,56424,11402,KCg-m,gamma,home,15,1,1
10592715,56424,21242,KCg-m,gamma,away,3,1,1
10592917,56424,523060,KCg-m,gamma,away,7,1,1
10593622,56430,11402,KCg-m,gamma,home,24,1,1
10593634,56430,21242,KCg-m,gamma,away,9,1,1
10593852,56430,523060,KCg-m,gamma,away,13,1,1
10598334,56461,11402,KCa'b'-ap2,apbp,home,5,1,1
10598344,56461,18713,KCa'b'-ap2,apbp,away,16,1,0
10598346,56461,19267,KCa'b'-ap2,apbp,away,6,1,0
10621571,56650,10704,KCg-m,gamma,home,17,1,1
10621595,56650,18713,KCg-m,gamma,away,14,1,1
10621597,56650,19267,KCg-m,gamma,away,19,1,1
10623661,56666,11402,KCg-m,gamma,home,23,1,1
10623676,56666,21242,KCg-m,gamma,away,14,1,1
10623947,56666,523060,KCg-m,gamma,away,18,1,1
10627245,56692,19267,KCa'b'-ap1,apbp,away,1,1,0
10627246,56692,21242,KCa'b'-ap1,apbp,away,17,1,0
10627387,56692,523060,KCa'b'-ap1,apbp,away,21,1,0
10634349,56749,10704,KCa'b'-m,apbp,home,1,1,1
10634358,56749,18713,KCa'b'-m,apbp,away,17,1,0
10634360,56749,19267,KCa'b'-m,apbp,away,11,1,0
10650155,56866,10704,KCg-m,gamma,home,23,1,1
10650177,56866,18713,KCg-m,gamma,away,19,1,1
10650179,56866,19267,KCg-m,gamma,away,18,1,1
10659564,56936,18713,KCa'b'-ap2,apbp,away,9,1,0
10659566,56936,19267,KCa'b'-ap2,apbp,away,4,1,0
10660354,56943,18713,KCa'b'-ap2,apbp,away,10,1,0
10660356,56943,19267,KCa'b'-ap2,apbp,away,8,1,0
10668257,57015,11402,KCa'b'-ap2,apbp,home,3,1,1
10668266,57015,18713,KCa'b'-ap2,apbp,away,11,1,0
10668268,57015,19267,KCa'b'-ap2,apbp,away,4,1,0
10676737,57075,11402,KCg-m,gamma,home,28,1,1
10676752,57075,21242,KCg-m,gamma,away,13,1,1
10677037,57075,523060,KCg-m,gamma,away,14,1,1
10680347,57106,18713,KCa'b'-ap2,apbp,away,7,1,0
10680348,57106,19267,KCa'b'-ap2,apbp,away,6,1,0
10685302,57152,10704,KCg-m,gamma,home,14,1,1
10685319,57152,18713,KCg-m,gamma,away,19,1,1
10685320,57152,19267,KCg-m,gamma,away,22,1,1
10687756,57171,11402,KCg-m,gamma,home,27,1,1
10687767,57171,21242,KCg-m,gamma,away,18,1,1
10687960,57171,523060,KCg-m,gamma,away,20,1,1
10688837,57179,11402,KCg-m,gamma,home,24,1,1
10688851,57179,21242,KCg-m,gamma,away,12,1,1
10689136,57179,523060,KCg-m,gamma,away,25,1,1
10693819,57219,11402,KCab-s,ab,home,14,1,1
10704599,57302,11402,KCg-d,gamma,home,14,1,1
10704611,57302,21242,KCg-d,gamma,away,12,1,1
10704800,57302,523060,KCg-d,gamma,away,25,1,1
10705459,57314,11402,KCg-m,gamma,home,33,1,1
10705470,57314,18713,KCg-m,gamma,away,1,1,1
10705472,57314,21242,KCg-m,gamma,away,15,1,1
10705705,57314,523060,KCg-m,gamma,away,12,1,1
10708932,57341,11402,KCa'b'-m,apbp,home,1,1,1
10708943,57341,18713,KCa'b'-m,apbp,away,7,1,0
10708945,57341,19267,KCa'b'-m,apbp,away,8,1,0
10710772,57355,11402,KCg-m,gamma,home,20,1,1
10710782,57355,21242,KCg-m,gamma,away,10,1,1
10711013,57355,523060,KCg-m,gamma,away,12,1,1
10711035,57356,11402,KCg-m,gamma,home,25,1,1
10711045,57356,21242,KCg-m,gamma,away,5,1,1
10711295,57356,523060,KCg-m,gamma,away,8,1,1
10715830,57387,21242,KCa'b'-m,apbp,away,18,1,0
10715995,57387,523060,KCa'b'-m,apbp,away,28,1,0
10718645,57403,18713,KCa'b'-ap1,apbp,away,14,1,0
10718646,57403,19267,KCa'b'-ap1,apbp,away,20,1,0
10719896,57413,11402,KCg-d,gamma,home,13,1,1
10719911,57413,21242,KCg-d,gamma,away,18,1,1
10720081,57413,523060,KCg-d,gamma,away,19,1,1
10720896,57425,11402,KCab-s,ab,home,11,1,1
10724491,57460,11402,KCg-d,gamma,home,12,1,1
10724504,57460,21242,KCg-d,gamma,away,17,1,1
10724666,57460,523060,KCg-d,gamma,away,23,1,1
10730328,57498,11402,KCg-d,gamma,home,23,1,1
10730338,57498,21242,KCg-d,gamma,away,17,1,1
10730512,57498,523060,KCg-d,gamma,away,10,1,1
10735325,57532,11402,KCg-m,gamma,home,26,1,1
10735340,57532,21242,KCg-m,gamma,away,13,1,1
10735555,57532,523060,KCg-m,gamma,away,10,1,1
10737102,57545,11402,KCg-d,gamma,home,12,1,1
10737119,57545,21242,KCg-d,gamma,away,8,1,1
10737258,57545,523060,KCg-d,gamma,away,14,1,1
10737769,57550,11402,KCg-d,gamma,home,18,1,1
10737785,57550,21242,KCg-d,gamma,away,13,1,1
10737958,57550,523060,KCg-d,gamma,away,18,1,1
10740163,57568,11402,KCg-m,gamma,home,26,1,1
10740173,57568,21242,KCg-m,gamma,away,11,1,1
10740423,57568,523060,KCg-m,gamma,away,11,1,1
10751429,57661,21242,KCa'b'-ap1,apbp,away,17,1,0
10751582,57661,523060,KCa'b'-ap1,apbp,away,12,1,0
10752795,57669,11402,KCg-m,gamma,home,30,1,1
10752809,57669,21242,KCg-m,gamma,away,12,1,1
10753061,57669,523060,KCg-m,gamma,away,13,1,1
10753476,57673,21242,KCa'b'-ap2,apbp,away,16,1,0
10753667,57673,523060,KCa'b'-ap2,apbp,away,19,1,0
10755020,57684,11402,KCg-m,gamma,home,15,1,1
10755032,57684,21242,KCg-m,gamma,away,7,1,1
10755293,57684,523060,KCg-m,gamma,away,19,1,1
10760884,57729,10704,KCab-s,ab,home,1,1,1
10760886,57729,11402,KCab-s,ab,home,8,1,1
10767160,57770,10704,KCg-m,gamma,home,14,1,1
10767179,57770,18713,KCg-m,gamma,away,17,1,1
10767180,57770,19267,KCg-m,gamma,away,18,1,1
10771475,57796,10704,KCa'b'-ap2,apbp,home,1,1,1
10771485,57796,21242,KCa'b'-ap2,apbp,away,7,1,0
10771646,57796,523060,KCa'b'-ap2,apbp,away,10,1,0
10772972,57806,10704,KCg-m,gamma,home,15,1,1
10772989,57806,18713,KCg-m,gamma,away,10,1,1
10772990,57806,19267,KCg-m,gamma,away,17,1,1
10780949,57865,11402,KCab-p,ab,home,1,1,1
10782449,57879,10704,KCab-s,ab,home,1,1,1
10782454,57879,11402,KCab-s,ab,home,14,1,1
10785329,57902,10704,KCab-s,ab,home,4,1,1
10795242,57977,10704,KCa'b'-ap1,apbp,home,2,1,1
10795249,57977,18713,KCa'b'-ap1,apbp,away,5,1,0
10795250,57977,19267,KCa'b'-ap1,apbp,away,13,1,0
10795408,57977,523060,KCa'b'-ap1,apbp,away,1,1,0
10795427,57978,11402,KCg-m,gamma,home,17,1,1
10795440,57978,18713,KCg-m,gamma,away,1,1,1
10795441,57978,19267,KCg-m,gamma,away,2,1,1
10795442,57978,21242,KCg-m,gamma,away,9,1,1
10795680,57978,523060,KCg-m,gamma,away,18,1,1
10799965,58013,11402,KCg-m,gamma,home,28,1,1
10799976,58013,21242,KCg-m,gamma,away,5,1,1
10800195,58013,523060,KCg-m,gamma,away,10,1,1
10800220,58014,11402,KCg-m,gamma,home,22,1,1
10800230,58014,21242,KCg-m,gamma,away,10,1,1
10800469,58014,523060,KCg-m,gamma,away,8,1,1
10806864,58058,10704,KCg-m,gamma,home,14,1,1
10806883,58058,18713,KCg-m,gamma,away,17,1,1
10806885,58058,19267,KCg-m,gamma,away,15,1,1
10812434,58097,10704,KCa'b'-ap1,apbp,home,1,1,1
10812447,58097,21242,KCa'b'-ap1,apbp,away,16,1,0
10812597,58097,523060,KCa'b'-ap1,apbp,away,18,1,0
10813804,58111,10704,KCa'b'-ap1,apbp,home,2,1,1
10813814,58111,18713,KCa'b'-ap1,apbp,away,13,1,0
10813815,58111,19267,KCa'b'-ap1,apbp,away,7,1,0
10815647,58130,11402,KCa'b'-ap1,apbp,home,1,1,1
10815656,58130,18713,KCa'b'-ap1,apbp,away,9,1,0
10815657,58130,19267,KCa'b'-ap1,apbp,away,18,1,0
10820783,58169,11402,KCab-p,ab,home,8,1,1
10823310,58183,11402,KCg-m,gamma,home,24,1,1
10823323,58183,21242,KCg-m,gamma,away,4,1,1
10823546,58183,523060,KCg-m,gamma,away,7,1,1
10835384,58275,10704,KCab-s,ab,home,6,1,1
10835387,58275,11402,KCab-s,ab,home,1,1,1
10838831,58295,11402,KCab-p,ab,home,9,1,1
10849093,58387,11402,KCab-s,ab,home,1,1,1
10859485,58471,10704,KCg-m,gamma,home,8,1,1
10859502,58471,18713,KCg-m,gamma,away,20,1,1
10859503,58471,19267,KCg-m,gamma,away,20,1,1
10862298,58487,11402,KCg-m,gamma,home,19,1,1
10862314,58487,21242,KCg-m,gamma,away,15,1,1
10862522,58487,523060,KCg-m,gamma,away,12,1,1
10863773,58501,11402,KCg-d,gamma,home,16,1,1
10863787,58501,19267,KCg-d,gamma,away,1,1,1
10863789,58501,21242,KCg-d,gamma,away,7,1,1
10863945,58501,523060,KCg-d,gamma,away,17,1,1
10866957,58524,11402,KCg-d,gamma,home,17,1,1
10866970,58524,21242,KCg-d,gamma,away,7,1,1
10867135,58524,523060,KCg-d,gamma,away,12,1,1
10872534,58570,18713,KCa'b'-ap2,apbp,away,11,1,0
10872535,58570,19267,KCa'b'-ap2,apbp,away,1,1,0
10874734,58586,11402,KCg-m,gamma,home,32,1,1
10874749,58586,21242,KCg-m,gamma,away,15,1,1
10875005,58586,523060,KCg-m,gamma,away,19,1,1
10884629,58662,10704,KCab-s,ab,home,11,1,1
10898128,58782,11402,KCg-d,gamma,home,19,1,1
10898142,58782,21242,KCg-d,gamma,away,12,1,1
10898289,58782,523060,KCg-d,gamma,away,19,1,1
10900565,58802,10704,KCg-d,gamma,home,14,1,1
10900585,58802,18713,KCg-d,gamma,away,18,1,1
10900586,58802,19267,KCg-d,gamma,away,12,1,1
10901343,58805,10704,KCa'b'-m,apbp,home,1,1,1
10901346,58805,11402,KCa'b'-m,apbp,home,3,1,1
10901358,58805,18713,KCa'b'-m,apbp,away,19,1,0
10901359,58805,19267,KCa'b'-m,apbp,away,5,1,0
10910955,58884,21242,KCa'b'-m,apbp,away,12,1,0
10911155,58884,523060,KCa'b'-m,apbp,away,18,1,0
10920477,58950,11402,KCg-m,gamma,home,14,1,1
10920494,58950,21242,KCg-m,gamma,away,17,1,1
10920744,58950,523060,KCg-m,gamma,away,22,1,1
10921989,58961,11402,KCg-m,gamma,home,27,1,1
10922002,58961,21242,KCg-m,gamma,away,14,1,1
10922252,58961,523060,KCg-m,gamma,away,22,1,1
10924549,58980,21242,KCa'b'-ap2,apbp,away,19,1,0
10924722,58980,523060,KCa'b'-ap2,apbp,away,22,1,0
10927347,59001,21242,KCa'b'-ap2,apbp,away,15,1,0
10927526,59001,523060,KCa'b'-ap2,apbp,away,19,1,0
10937450,59078,21242,KCa'b'-m,apbp,away,19,1,0
10937595,59078,523060,KCa'b'-m,apbp,away,19,1,0
10939170,59090,18713,KCa'b'-ap2,apbp,away,14,1,0
10939172,59090,19267,KCa'b'-ap2,apbp,away,2,1,0
10949079,59174,11402,KCg-m,gamma,home,17,1,1
10949089,59174,21242,KCg-m,gamma,away,8,1,1
10949296,59174,523060,KCg-m,gamma,away,5,1,1
10959548,59261,11402,KCg-m,gamma,home,21,1,1
10959560,59261,21242,KCg-m,gamma,away,13,1,1
10959811,59261,523060,KCg-m,gamma,away,12,1,1
10962574,59286,11402,KCg-m,gamma,home,23,1,1
10962586,59286,21242,KCg-m,gamma,away,8,1,1
10962861,59286,523060,KCg-m,gamma,away,18,1,1
10967147,59320,11402,KCa'b'-ap2,apbp,home,2,1,1
10967156,59320,18713,KCa'b'-ap2,apbp,away,14,1,0
10967159,59320,19267,KCa'b'-ap2,apbp,away,6,1,0
10975551,59384,11402,KCg-m,gamma,home,14,1,1
10975566,59384,21242,KCg-m,gamma,away,12,1,1
10975766,59384,523060,KCg-m,gamma,away,8,1,1
10982961,59442,11402,KCg-m,gamma,home,33,1,1
10982973,59442,21242,KCg-m,gamma,away,11,1,1
10983217,59442,523060,KCg-m,gamma,away,16,1,1
10985637,59463,18713,KCa'b'-ap2,apbp,away,1,1,0
10985640,59463,21242,KCa'b'-ap2,apbp,away,21,1,0
10985824,59463,523060,KCa'b'-ap2,apbp,away,14,1,0
10989312,59494,11402,KCg-m,gamma,home,23,1,1
10989326,59494,18713,KCg-m,gamma,away,1,1,1
10989328,59494,19267,KCg-m,gamma,away,1,1,1
10989329,59494,21242,KCg-m,gamma,away,9,1,1
10989569,59494,523060,KCg-m,gamma,away,11,1,1
11003407,59616,10704,KCa'b'-ap2,apbp,home,2,1,1
11003418,59616,21242,KCa'b'-ap2,apbp,away,10,1,0
11003603,59616,523060,KCa'b'-ap2,apbp,away,20,1,0
11014884,59715,18713,KCa'b'-ap2,apbp,away,13,1,0
11014886,59715,19267,KCa'b'-ap2,apbp,away,8,1,0
11020877,59765,18713,KCa'b'-m,apbp,away,11,1,0
11020879,59765,19267,KCa'b'-m,apbp,away,9,1,0
11023413,59787,11402,KCab-p,ab,home,9,1,1
11026786,59818,11402,KCab-s,ab,home,9,1,1
11036649,59901,18713,KCa'b'-ap2,apbp,away,10,1,0
11036650,59901,19267,KCa'b'-ap2,apbp,away,14,1,0
11038657,59923,11402,KCg-m,gamma,home,21,1,1
11038667,59923,21242,KCg-m,gamma,away,9,1,1
11038921,59923,523060,KCg-m,gamma,away,12,1,1
11039640,59932,11402,KCg-m,gamma,home,22,1,1
11039652,59932,21242,KCg-m,gamma,away,6,1,1
11039885,59932,523060,KCg-m,gamma,away,5,1,1
11046013,59978,11402,KCg-m,gamma,home,31,1,1
11046025,59978,21242,KCg-m,gamma,away,4,1,1
11046282,59978,523060,KCg-m,gamma,away,8,1,1
11050217,60011,10704,KCg-m,gamma,home,18,1,1
11050239,60011,18713,KCg-m,gamma,away,15,1,1
11050241,60011,19267,KCg-m,gamma,away,20,1,1
11059660,60083,10704,KCa'b'-m,apbp,home,2,1,1
11059672,60083,21242,KCa'b'-m,apbp,away,9,1,0
11059827,60083,523060,KCa'b'-m,apbp,away,19,1,0
11061862,60098,18713,KCa'b'-m,apbp,away,13,1,0
11061863,60098,19267,KCa'b'-m,apbp,away,8,1,0
11061865,60098,21242,KCa'b'-m,apbp,away,1,1,0
11070694,60166,10704,KCab-p,ab,home,1,1,1
11071709,60172,11402,KCg-m,gamma,home,17,1,1
11071720,60172,21242,KCg-m,gamma,away,13,1,1
11071967,60172,523060,KCg-m,gamma,away,20,1,1
11075635,60200,11402,KCg-m,gamma,home,20,1,1
11075648,60200,18713,KCg-m,gamma,away,1,1,1
11075653,60200,21242,KCg-m,gamma,away,11,1,1
11075895,60200,523060,KCg-m,gamma,away,12,1,1
11078895,60227,11402,KCg-m,gamma,home,29,1,1
11078907,60227,21242,KCg-m,gamma,away,7,1,1
11079122,60227,523060,KCg-m,gamma,away,9,1,1
11089314,60314,18713,KCa'b'-m,apbp,away,12,1,0
11089316,60314,19267,KCa'b'-m,apbp,away,4,1,0
11090441,60329,11402,KCg-m,gamma,home,32,1,1
11090456,60329,21242,KCg-m,gamma,away,11,1,1
11090650,60329,523060,KCg-m,gamma,away,16,1,1
11092487,60344,11402,KCg-d,gamma,home,27,1,1
11092504,60344,21242,KCg-d,gamma,away,14,1,1
11092656,60344,523060,KCg-d,gamma,away,26,1,1
11093255,60349,21242,KCa'b'-ap1,apbp,away,21,1,0
11093437,60349,523060,KCa'b'-ap1,apbp,away,23,1,0
11093888,60354,18713,KCa'b'-ap1,apbp,away,13,1,0
11093889,60354,19267,KCa'b'-ap1,apbp,away,20,1,0
11098695,60388,10704,KCg-m,gamma,home,16,1,1
11098714,60388,18713,KCg-m,gamma,away,22,1,1
11098716,60388,19267,KCg-m,gamma,away,13,1,1
11099297,60391,21242,KCa'b'-ap2,apbp,away,12,1,0
11099469,60391,523060,KCa'b'-ap2,apbp,away,20,1,0
11105462,60443,18713,KCa'b'-ap2,apbp,away,14,1,0
11105464,60443,19267,KCa'b'-ap2,apbp,away,10,1,0
11108673,60471,10704,KCg-m,gamma,home,20,1,1
11108692,60471,18713,KCg-m,gamma,away,15,1,1
11108693,60471,19267,KCg-m,gamma,away,22,1,1
11111821,60494,21242,KCa'b'-ap2,apbp,away,7,1,0
11111993,60494,523060,KCa'b'-ap2,apbp,away,14,1,0
11113020,60505,18713,KCa'b'-m,apbp,away,16,1,0
11113022,60505,19267,KCa'b'-m,apbp,away,7,1,0
11113996,60516,11402,KCg-m,gamma,home,25,1,1
11114011,60516,21242,KCg-m,gamma,away,5,1,1
11114234,60516,523060,KCg-m,gamma,away,7,1,1
11117106,60539,21242,KCa'b'-ap1,apbp,away,16,1,0
11117272,60539,523060,KCa'b'-ap1,apbp,away,18,1,0
11117521,60545,10704,KCg-m,gamma,home,17,1,1
11117544,60545,18713,KCg-m,gamma,away,6,1,1
11117545,60545,19267,KCg-m,gamma,away,10,1,1
11135641,60697,10704,KCa'b'-ap1,apbp,home,2,1,1
11135654,60697,21242,KCa'b'-ap1,apbp,away,19,1,0
11135792,60697,523060,KCa'b'-ap1,apbp,away,16,1,0
11137136,60708,11402,KCg-d,gamma,home,11,1,1
11137151,60708,21242,KCg-d,gamma,away,13,1,1
11137356,60708,523060,KCg-d,gamma,away,19,1,1
11139457,60729,11402,KCa'b'-ap2,apbp,home,1,1,1
11139471,60729,18713,KCa'b'-ap2,apbp,away,9,1,0
11139473,60729,19267,KCa'b'-ap2,apbp,away,4,1,0
11140079,60732,10704,KCab-s,ab,home,3,1,1
11140082,60732,11402,KCab-s,ab,home,1,1,1
11141137,60739,11402,KCg-m,gamma,home,17,1,1
11141153,60739,21242,KCg-m,gamma,away,15,1,1
11141379,60739,523060,KCg-m,gamma,away,22,1,1
11144592,60763,11402,KCg-m,gamma,home,15,1,1
11144608,60763,21242,KCg-m,gamma,away,7,1,1
11144844,60763,523060,KCg-m,gamma,away,10,1,1
11145404,60768,11402,KCg-m,gamma,home,34,1,1
11145417,60768,21242,KCg-m,gamma,away,8,1,1
11145648,60768,523060,KCg-m,gamma,away,12,1,1
11147566,60787,10704,KCab-s,ab,home,1,1,1
11152442,60829,11402,KCg-d,gamma,home,18,1,1
11152454,60829,21242,KCg-d,gamma,away,10,1,1
11152589,60829,523060,KCg-d,gamma,away,11,1,1
11152914,60834,10704,KCg-m,gamma,home,18,1,1
11152934,60834,18713,KCg-m,gamma,away,10,1,1
11152935,60834,19267,KCg-m,gamma,away,21,1,1
11159081,60890,11402,KCab-s,ab,home,9,1,1
11167055,60948,10704,KCab-s,ab,home,7,1,1
11167059,60948,11402,KCab-s,ab,home,1,1,1
11168163,60957,10704,KCg-m,gamma,home,1,1,1
11168165,60957,11402,KCg-m,gamma,home,15,1,1
11168177,60957,21242,KCg-m,gamma,away,12,1,1
11168422,60957,523060,KCg-m,gamma,away,7,1,1
11168572,60960,11402,KCa'b'-ap2,apbp,home,1,1,1
11168583,60960,18713,KCa'b'-ap2,apbp,away,11,1,0
11168584,60960,19267,KCa'b'-ap2,apbp,away,5,1,0
11172114,60983,11402,KCa'b'-m,apbp,home,1,1,1
11172122,60983,18713,KCa'b'-m,apbp,away,9,1,0
11172124,60983,19267,KCa'b'-m,apbp,away,3,1,0
11172474,60986,10704,KCab-s,ab,home,5,1,1
11177908,61033,11402,KCa'b'-m,apbp,home,2,1,1
11177918,61033,18713,KCa'b'-m,apbp,away,13,1,0
11177920,61033,19267,KCa'b'-m,apbp,away,6,1,0
11181151,61056,11402,KCg-d,gamma,home,27,1,1
11181169,61056,21242,KCg-d,gamma,away,12,1,1
11181339,61056,523060,KCg-d,gamma,away,9,1,1
11182395,61071,21242,KCa'b'-ap1,apbp,away,10,1,0
11182538,61071,523060,KCa'b'-ap1,apbp,away,22,1,0
11187247,61113,11402,KCg-m,gamma,home,31,1,1
11187262,61113,19267,KCg-m,gamma,away,1,1,1
11187263,61113,21242,KCg-m,gamma,away,23,1,1
11187524,61113,523060,KCg-m,gamma,away,14,1,1
11187669,61115,11402,KCa'b'-ap2,apbp,home,1,1,1
11187679,61115,18713,KCa'b'-ap2,apbp,away,9,1,0
11187681,61115,19267,KCa'b'-ap2,apbp,away,9,1,0
11187862,61116,10704,KCab-s,ab,home,5,1,1
11188012,61116,523060,KCab-s,ab,away,1,1,0
11188324,61120,10704,KCab-s,ab,home,6,1,1
11188327,61120,11402,KCab-s,ab,home,1,1,1
11189078,61126,11402,KCg-m,gamma,home,19,1,1
11189091,61126,21242,KCg-m,gamma,away,15,1,1
11189343,61126,523060,KCg-m,gamma,away,26,1,1
11196535,61178,11402,KCg-m,gamma,home,31,1,1
11196547,61178,21242,KCg-m,gamma,away,18,1,1
11196793,61178,523060,KCg-m,gamma,away,14,1,1
11202556,61237,11402,KCg-m,gamma,home,23,1,1
11202568,61237,21242,KCg-m,gamma,away,10,1,1
11202784,61237,523060,KCg-m,gamma,away,17,1,1
11204881,61253,21242,KCa'b'-ap1,apbp,away,16,1,0
11205024,61253,523060,KCa'b'-ap1,apbp,away,14,1,0
11205519,61259,10704,KCab-s,ab,home,6,1,1
11208411,61279,11402,KCg-m,gamma,home,20,1,1
11208422,61279,21242,KCg-m,gamma,away,7,1,1
11208692,61279,523060,KCg-m,gamma,away,9,1,1
11211810,61312,10704,KCg-m,gamma,home,19,1,1
11211828,61312,18713,KCg-m,gamma,away,13,1,1
11211829,61312,19267,KCg-m,gamma,away,17,1,1
11214218,61333,10704,KCab-s,ab,home,7,1,1
11214423,61334,21242,KCa'b'-m,apbp,away,11,1,0
11214603,61334,523060,KCa'b'-m,apbp,away,23,1,0
11215054,61339,11402,KCa'b'-ap2,apbp,home,1,1,1
11215063,61339,18713,KCa'b'-ap2,apbp,away,13,1,0
11215065,61339,19267,KCa'b'-ap2,apbp,away,11,1,0
11220885,61382,11402,KCg-m,gamma,home,30,1,1
11220894,61382,21242,KCg-m,gamma,away,9,1,1
11221145,61382,523060,KCg-m,gamma,away,15,1,1
11229482,61456,11402,KCg-m,gamma,home,17,1,1
11229494,61456,21242,KCg-m,gamma,away,6,1,1
11229733,61456,523060,KCg-m,gamma,away,15,1,1
11230196,61464,11402,KCab-s,ab,home,9,1,1
11231632,61475,10704,KCa'b'-ap1,apbp,home,1,1,1
11231642,61475,18713,KCa'b'-ap1,apbp,away,9,1,0
11231643,61475,19267,KCa'b'-ap1,apbp,away,21,1,0
11231797,61475,523060,KCa'b'-ap1,apbp,away,1,1,0
11236542,61517,10704,KCab-s,ab,home,10,1,1
11236546,61517,11402,KCab-s,ab,home,1,1,1
11240480,61555,18713,KCa'b'-ap1,apbp,away,11,1,0
11240481,61555,19267,KCa'b'-ap1,apbp,away,11,1,0
11242492,61570,21242,KCa'b'-ap2,apbp,away,18,1,0
11242650,61570,523060,KCa'b'-ap2,apbp,away,12,1,0
11243644,61579,10704,KCg-m,gamma,home,18,1,1
11243664,61579,18713,KCg-m,gamma,away,13,1,1
11243665,61579,19267,KCg-m,gamma,away,14,1,1
11247120,61605,11402,KCg-m,gamma,home,32,1,1
11247132,61605,21242,KCg-m,gamma,away,8,1,1
11247362,61605,523060,KCg-m,gamma,away,15,1,1
11251504,61639,11402,KCa'b'-m,apbp,home,2,1,1
11251514,61639,21242,KCa'b'-m,apbp,away,7,1,0
11251700,61639,523060,KCa'b'-m,apbp,away,15,1,0
11270940,61802,10704,KCg-m,gamma,home,21,1,1
11270959,61802,18713,KCg-m,gamma,away,19,1,1
11270960,61802,19267,KCg-m,gamma,away,13,1,1
11271603,61806,11402,KCab-s,ab,home,5,1,1
11289573,61936,11402,KCa'b'-ap2,apbp,home,2,1,1
11289582,61936,18713,KCa'b'-ap2,apbp,away,14,1,0
11289583,61936,19267,KCa'b'-ap2,apbp,away,6,1,0
11289978,61938,11402,KCa'b'-m,apbp,home,1,1,1
11289989,61938,18713,KCa'b'-m,apbp,away,17,1,0
11289991,61938,19267,KCa'b'-m,apbp,away,12,1,0
11290887,61947,10704,KCab-p,ab,home,1,1,1
11290889,61947,11402,KCab-p,ab,home,5,1,1
11293472,61962,11402,KCg-m,gamma,home,14,1,1
11293484,61962,18713,KCg-m,gamma,away,1,1,1
11293487,61962,21242,KCg-m,gamma,away,11,1,1
11293756,61962,523060,KCg-m,gamma,away,13,1,1
11294166,61967,11402,KCg-m,gamma,home,31,1,1
11294175,61967,21242,KCg-m,gamma,away,11,1,1
11294386,61967,523060,KCg-m,gamma,away,19,1,1
11296034,61981,11402,KCg-m,gamma,home,19,1,1
11296040,61981,21242,KCg-m,gamma,away,9,1,1
11296279,61981,523060,KCg-m,gamma,away,20,1,1
11298266,62003,11402,KCg-m,gamma,home,29,1,1
11298280,62003,21242,KCg-m,gamma,away,7,1,1
11298570,62003,523060,KCg-m,gamma,away,11,1,1
11304990,62057,18713,KCa'b'-m,apbp,away,14,1,0
11304992,62057,19267,KCa'b'-m,apbp,away,7,1,0
11305593,62062,11402,KCg-m,gamma,home,9,1,1
11305601,62062,21242,KCg-m,gamma,away,11,1,1
11305834,62062,523060,KCg-m,gamma,away,19,1,1
11307367,62076,11402,KCg-d,gamma,home,15,1,1
11307384,62076,18713,KCg-d,gamma,away,3,1,1
11307387,62076,21242,KCg-d,gamma,away,9,1,1
11307538,62076,523060,KCg-d,gamma,away,16,1,1
11308373,62087,11402,KCab-p,ab,home,10,1,1
11317019,62159,11402,KCg-m,gamma,home,15,1,1
11317027,62159,21242,KCg-m,gamma,away,19,1,1
11317307,62159,523060,KCg-m,gamma,away,18,1,1
11318451,62174,11402,KCg-m,gamma,home,19,1,1
11318461,62174,21242,KCg-m,gamma,away,10,1,1
11318735,62174,523060,KCg-m,gamma,away,12,1,1
11320140,62188,21242,KCa'b'-m,apbp,away,18,1,0
11320330,62188,523060,KCa'b'-m,apbp,away,25,1,0
11328399,62241,11402,KCg-m,gamma,home,23,1,1
11328412,62241,21242,KCg-m,gamma,away,8,1,1
11328646,62241,523060,KCg-m,gamma,away,14,1,1
11332370,62274,11402,KCg-d,gamma,home,12,1,1
11332383,62274,21242,KCg-d,gamma,away,7,1,1
11332556,62274,523060,KCg-d,gamma,away,14,1,1
11341110,62344,11402,KCg-m,gamma,home,12,1,1
11341119,62344,18713,KCg-m,gamma,away,1,1,1
11341120,62344,21242,KCg-m,gamma,away,11,1,1
11341353,62344,523060,KCg-m,gamma,away,11,1,1
11349518,62417,10704,KCa'b'-m,apbp,home,1,1,1
11349530,62417,21242,KCa'b'-m,apbp,away,8,1,0
11349706,62417,523060,KCa'b'-m,apbp,away,16,1,0
11351861,62436,10704,KCab-s,ab,home,5,1,1
11354195,62457,11402,KCab-p,ab,home,8,1,1
11355858,62471,11402,KCab-c,ab,home,6,1,1
11360710,62517,11402,KCab-m,ab,home,9,1,1
11366608,62559,11402,KCg-m,gamma,home,14,1,1
11366620,62559,21242,KCg-m,gamma,away,13,1,1
11366883,62559,523060,KCg-m,gamma,away,17,1,1
11374542,62624,10704,KCab-s,ab,home,1,1,1
11374545,62624,11402,KCab-s,ab,home,10,1,1
11376131,62638,11402,KCa'b'-ap1,apbp,home,1,1,1
11376141,62638,21242,KCa'b'-ap1,apbp,away,14,1,0
11376291,62638,523060,KCa'b'-ap1,apbp,away,24,1,0
11376588,62641,10704,KCab-p,ab,home,6,1,1
11376721,62643,11402,KCg-m,gamma,home,19,1,1
11376733,62643,21242,KCg-m,gamma,away,9,1,1
11376983,62643,523060,KCg-m,gamma,away,15,1,1
11377277,62645,11402,KCg-m,gamma,home,22,1,1
11377291,62645,21242,KCg-m,gamma,away,13,1,1
11377518,62645,523060,KCg-m,gamma,away,12,1,1
11379118,62660,11402,KCg-m,gamma,home,11,1,1
11379130,62660,18713,KCg-m,gamma,away,1,1,1
11379132,62660,21242,KCg-m,gamma,away,8,1,1
11379359,62660,523060,KCg-m,gamma,away,6,1,1
11383664,62703,10704,KCa'b'-ap1,apbp,home,2,1,1
11383678,62703,21242,KCa'b'-ap1,apbp,away,18,1,0
11383860,62703,523060,KCa'b'-ap1,apbp,away,24,1,0
11387250,62733,18713,KCa'b'-ap2,apbp,away,12,1,0
11387252,62733,19267,KCa'b'-ap2,apbp,away,2,1,0
11389670,62753,10704,KCab-s,ab,home,3,1,1
11400733,62840,10704,KCab-s,ab,home,1,1,1
11400736,62840,11402,KCab-s,ab,home,11,1,1
11407615,62891,10704,KCg-m,gamma,home,1,1,1
11407618,62891,11402,KCg-m,gamma,home,29,1,1
11407629,62891,21242,KCg-m,gamma,away,10,1,1
11407891,62891,523060,KCg-m,gamma,away,11,1,1
11409119,62905,11402,KCa'b'-m,apbp,home,2,1,1
11409128,62905,18713,KCa'b'-m,apbp,away,12,1,0
11409130,62905,19267,KCa'b'-m,apbp,away,4,1,0
11410745,62917,11402,KCg-m,gamma,home,12,1,1
11410758,62917,21242,KCg-m,gamma,away,12,1,1
11411013,62917,523060,KCg-m,gamma,away,10,1,1
11425414,63035,21242,KCa'b'-ap2,apbp,away,19,1,0
11425593,63035,523060,KCa'b'-ap2,apbp,away,15,1,0
11432207,63097,11402,KCg-m,gamma,home,26,1,1
11432221,63097,21242,KCg-m,gamma,away,17,1,1
11432422,63097,523060,KCg-m,gamma,away,20,1,1
11432581,63100,11402,KCg-m,gamma,home,25,1,1
11432591,63100,21242,KCg-m,gamma,away,16,1,1
11432836,63100,523060,KCg-m,gamma,away,15,1,1
11439586,63153,11402,KCg-m,gamma,home,38,1,1
11439597,63153,21242,KCg-m,gamma,away,11,1,1
11439857,63153,523060,KCg-m,gamma,away,15,1,1
11440154,63156,11402,KCab-s,ab,home,17,1,1
11444170,63189,11402,KCg-m,gamma,home,23,1,1
11444180,63189,21242,KCg-m,gamma,away,7,1,1
11444408,63189,523060,KCg-m,gamma,away,9,1,1
11445060,63199,10704,KCg-m,gamma,home,29,1,1
11445077,63199,18713,KCg-m,gamma,away,13,1,1
11445079,63199,19267,KCg-m,gamma,away,22,1,1
11446661,63209,10704,KCa'b'-ap1,apbp,home,1,1,1
11446673,63209,21242,KCa'b'-ap1,apbp,away,16,1,0
11446824,63209,523060,KCa'b'-ap1,apbp,away,18,1,0
11447032,63212,21242,KCa'b'-ap2,apbp,away,13,1,0
11447228,63212,523060,KCa'b'-ap2,apbp,away,17,1,0
11447987,63218,21242,KCa'b'-ap1,apbp,away,18,1,0
11448139,63218,523060,KCa'b'-ap1,apbp,away,17,1,0
11451102,63253,10704,KCab-s,ab,home,7,1,1
11453228,63269,11402,KCg-m,gamma,home,30,1,1
11453239,63269,21242,KCg-m,gamma,away,6,1,1
11453476,63269,523060,KCg-m,gamma,away,13,1,1
11455182,63283,21242,KCa'b'-m,apbp,away,14,1,0
11455342,63283,523060,KCa'b'-m,apbp,away,27,1,0
11461049,63327,10704,KCg-m,gamma,home,14,1,1
11461066,63327,18713,KCg-m,gamma,away,18,1,1
11461068,63327,19267,KCg-m,gamma,away,9,1,1
11463034,63345,10704,KCab-m,ab,home,9,1,1
11463037,63345,11402,KCab-m,ab,home,1,1,1
11465293,63370,11402,KCa'b'-ap2,apbp,home,1,1,1
11465301,63370,18713,KCa'b'-ap2,apbp,away,9,1,0
11465303,63370,19267,KCa'b'-ap2,apbp,away,3,1,0
11466231,63380,18713,KCa'b'-ap2,apbp,away,22,1,0
11466233,63380,19267,KCa'b'-ap2,apbp,away,16,1,0
11467748,63394,11402,KCg-m,gamma,home,17,1,1
11467760,63394,21242,KCg-m,gamma,away,20,1,1
11468039,63394,523060,KCg-m,gamma,away,22,1,1
11468556,63398,11402,KCg-m,gamma,home,20,1,1
11468566,63398,21242,KCg-m,gamma,away,14,1,1
11468806,63398,523060,KCg-m,gamma,away,13,1,1
11478907,63482,11402,KCg-m,gamma,home,22,1,1
11478918,63482,21242,KCg-m,gamma,away,11,1,1
11479170,63482,523060,KCg-m,gamma,away,19,1,1
11479188,63483,10704,KCab-s,ab,home,13,1,1
11481592,63499,18713,KCa'b'-m,apbp,away,12,1,0
11481594,63499,19267,KCa'b'-m,apbp,away,6,1,0
11482639,63506,11402,KCg-m,gamma,home,33,1,1
11482651,63506,18713,KCg-m,gamma,away,1,1,1
11482652,63506,19267,KCg-m,gamma,away,1,1,1
11482654,63506,21242,KCg-m,gamma,away,8,1,1
11482889,63506,523060,KCg-m,gamma,away,13,1,1
11483030,63508,11402,KCg-m,gamma,home,8,1,1
11483042,63508,21242,KCg-m,gamma,away,14,1,1
11483303,63508,523060,KCg-m,gamma,away,11,1,1
11487491,63543,11402,KCg-d,gamma,home,16,1,1
11487504,63543,21242,KCg-d,gamma,away,8,1,1
11487665,63543,523060,KCg-d,gamma,away,11,1,1
11492118,63578,11402,KCg-m,gamma,home,31,1,1
11492132,63578,18713,KCg-m,gamma,away,1,1,1
11492133,63578,21242,KCg-m,gamma,away,9,1,1
11492388,63578,523060,KCg-m,gamma,away,11,1,1
11493491,63590,21242,KCa'b'-ap1,apbp,away,11,1,0
11493631,63590,523060,KCa'b'-ap1,apbp,away,10,1,0
11498301,63629,11402,KCg-m,gamma,home,23,1,1
11498313,63629,21242,KCg-m,gamma,away,8,1,1
11498536,63629,523060,KCg-m,gamma,away,9,1,1
11498958,63634,10704,KCg-m,gamma,home,12,1,1
11498976,63634,18713,KCg-m,gamma,away,16,1,1
11498978,63634,19267,KCg-m,gamma,away,10,1,1
11516248,63740,10704,KCg-m,gamma,home,19,1,1
11516265,63740,18713,KCg-m,gamma,away,26,1,1
11516266,63740,19267,KCg-m,gamma,away,15,1,1
11522830,63794,11402,KCab-p,ab,home,10,1,1
11525772,63814,10704,KCab-s,ab,home,10,1,1
11526794,63823,11402,KCa'b'-m,apbp,home,1,1,1
11526802,63823,18713,KCa'b'-m,apbp,away,14,1,0
11526805,63823,19267,KCa'b'-m,apbp,away,3,1,0
11538759,63930,11402,KCg-m,gamma,home,21,1,1
11538771,63930,21242,KCg-m,gamma,away,4,1,1
11538982,63930,523060,KCg-m,gamma,away,10,1,1
11540374,63942,10704,KCg-m,gamma,home,12,1,1
11540392,63942,18713,KCg-m,gamma,away,27,1,1
11540393,63942,19267,KCg-m,gamma,away,20,1,1
11548101,64005,11402,KCa'b'-ap1,apbp,home,2,1,1
11548108,64005,18713,KCa'b'-ap1,apbp,away,6,1,0
11548109,64005,19267,KCa'b'-ap1,apbp,away,14,1,0
11549884,64023,21242,KCa'b'-ap2,apbp,away,11,1,0
11550070,64023,523060,KCa'b'-ap2,apbp,away,17,1,0
11560144,64115,11402,KCg-m,gamma,home,17,1,1
11560158,64115,21242,KCg-m,gamma,away,6,1,1
11560403,64115,523060,KCg-m,gamma,away,8,1,1
11561999,64133,11402,KCg-m,gamma,home,27,1,1
11562009,64133,21242,KCg-m,gamma,away,13,1,1
11562269,64133,523060,KCg-m,gamma,away,14,1,1
11563007,64141,11402,KCa'b'-m,apbp,home,2,1,1
11563017,64141,18713,KCa'b'-m,apbp,away,12,1,0
11563019,64141,19267,KCa'b'-m,apbp,away,5,1,0
11568995,64196,10704,KCab-c,ab,home,1,1,1
11568998,64196,11402,KCab-c,ab,home,8,1,1
11576231,64253,11402,KCab-s,ab,home,10,1,1
11581556,64302,11402,KCg-d,gamma,home,22,1,1
11581571,64302,21242,KCg-d,gamma,away,7,1,1
11581736,64302,523060,KCg-d,gamma,away,16,1,1
11582315,64310,11402,KCg-d,gamma,home,26,1,1
11582326,64310,18713,KCg-d,gamma,away,1,1,1
11582328,64310,21242,KCg-d,gamma,away,7,1,1
11582462,64310,523060,KCg-d,gamma,away,21,1,1
11590827,64376,10704,KCg-m,gamma,home,1,1,1
11590830,64376,11402,KCg-m,gamma,home,18,1,1
11590842,64376,21242,KCg-m,gamma,away,6,1,1
11591085,64376,523060,KCg-m,gamma,away,16,1,1
11591220,64378,10704,KCab-s,ab,home,10,1,1
11594818,64404,11402,KCg-m,gamma,home,14,1,1
11594825,64404,21242,KCg-m,gamma,away,18,1,1
11595080,64404,523060,KCg-m,gamma,away,21,1,1
11599119,64434,10704,KCg-m,gamma,home,14,1,1
11599136,64434,18713,KCg-m,gamma,away,7,1,1
11599137,64434,19267,KCg-m,gamma,away,11,1,1
11599374,64434,523060,KCg-m,gamma,away,1,1,1
11599673,64437,11402,KCg-m,gamma,home,26,1,1
11599683,64437,21242,KCg-m,gamma,away,4,1,1
11599922,64437,523060,KCg-m,gamma,away,14,1,1
11600153,64440,11402,KCg-m,gamma,home,19,1,1
11600165,64440,18713,KCg-m,gamma,away,1,1,1
11600166,64440,21242,KCg-m,gamma,away,11,1,1
11600402,64440,523060,KCg-m,gamma,away,11,1,1
11604463,64471,11402,KCg-m,gamma,home,22,1,1
11604479,64471,21242,KCg-m,gamma,away,17,1,1
11604715,64471,523060,KCg-m,gamma,away,12,1,1
11604741,64472,21242,KCa'b'-ap2,apbp,away,17,1,0
11604926,64472,523060,KCa'b'-ap2,apbp,away,27,1,0
11610637,64525,11402,KCg-m,gamma,home,34,1,1
11610650,64525,21242,KCg-m,gamma,away,15,1,1
11610932,64525,523060,KCg-m,gamma,away,8,1,1
11618447,64596,11402,KCg-m,gamma,home,29,1,1
11618458,64596,21242,KCg-m,gamma,away,7,1,1
11618688,64596,523060,KCg-m,gamma,away,10,1,1
11624339,64645,18713,KCa'b'-m,apbp,away,13,1,0
11624340,64645,19267,KCa'b'-m,apbp,away,11,1,0
11625314,64653,18713,KCa'b'-ap2,apbp,away,10,1,0
11625315,64653,19267,KCa'b'-ap2,apbp,away,7,1,0
11627951,64674,21242,KCa'b'-ap2,apbp,away,18,1,0
11628122,64674,523060,KCa'b'-ap2,apbp,away,19,1,0
11631121,64697,10704,KCg-m,gamma,home,12,1,1
11631141,64697,18713,KCg-m,gamma,away,13,1,1
11631142,64697,19267,KCg-m,gamma,away,13,1,1
11631893,64701,11402,KCg-m,gamma,home,20,1,1
11631904,64701,21242,KCg-m,gamma,away,9,1,1
11632156,64701,523060,KCg-m,gamma,away,12,1,1
11641171,64782,18713,KCa'b'-ap2,apbp,away,11,1,0
11641173,64782,19267,KCa'b'-ap2,apbp,away,1,1,0
11642404,64794,10704,KCab-s,ab,home,2,1,1
11642406,64794,11402,KCab-s,ab,home,11,1,1
11643068,64799,21242,KCa'b'-m,apbp,away,16,1,0
11643254,64799,523060,KCa'b'-m,apbp,away,23,1,0
11643943,64809,11402,KCg-m,gamma,home,15,1,1
11643953,64809,21242,KCg-m,gamma,away,16,1,1
11644180,64809,523060,KCg-m,gamma,away,9,1,1
11649805,64860,10704,KCg-m,gamma,home,24,1,1
11649829,64860,18713,KCg-m,gamma,away,18,1,1
11649831,64860,19267,KCg-m,gamma,away,17,1,1
11650621,64868,21242,KCa'b'-m,apbp,away,16,1,0
11650805,64868,523060,KCa'b'-m,apbp,away,19,1,0
11678718,65109,11402,KCa'b'-m,apbp,home,1,1,1
11678727,65109,21242,KCa'b'-m,apbp,away,15,1,0
11678887,65109,523060,KCa'b'-m,apbp,away,23,1,0
11680020,65121,11402,KCg-m,gamma,home,20,1,1
11680030,65121,21242,KCg-m,gamma,away,10,1,1
11680295,65121,523060,KCg-m,gamma,away,8,1,1
11680328,65122,11402,KCg-m,gamma,home,22,1,1
11680340,65122,21242,KCg-m,gamma,away,8,1,1
11680553,65122,523060,KCg-m,gamma,away,7,1,1
11684834,65161,11402,KCg-m,gamma,home,26,1,1
11684846,65161,21242,KCg-m,gamma,away,12,1,1
11685051,65161,523060,KCg-m,gamma,away,11,1,1
11689442,65205,11402,KCab-s,ab,home,10,1,1
11689623,65206,11402,KCab-s,ab,home,6,1,1
11707729,65347,10704,KCab-m,ab,home,11,1,1
11711170,65370,10704,KCg-m,gamma,home,13,1,1
11711197,65370,18713,KCg-m,gamma,away,15,1,1
11711200,65370,19267,KCg-m,gamma,away,16,1,1
11712383,65379,11402,KCg-m,gamma,home,30,1,1
11712395,65379,21242,KCg-m,gamma,away,18,1,1
11712644,65379,523060,KCg-m,gamma,away,13,1,1
11715884,65404,11402,KCab-p,ab,home,3,1,1
11717506,65420,11402,KCab-c,ab,home,6,1,1
11718327,65427,11402,KCg-m,gamma,home,34,1,1
11718338,65427,21242,KCg-m,gamma,away,6,1,1
11718597,65427,523060,KCg-m,gamma,away,21,1,1
11720676,65446,11402,KCa'b'-ap2,apbp,home,1,1,1
11720685,65446,18713,KCa'b'-ap2,apbp,away,11,1,0
11720687,65446,19267,KCa'b'-ap2,apbp,away,2,1,0
11725687,65483,11402,KCab-c,ab,home,8,1,1
11728479,65500,18713,KCa'b'-ap1,apbp,away,6,1,0
11728480,65500,19267,KCa'b'-ap1,apbp,away,20,1,0
11728482,65500,21242,KCa'b'-ap1,apbp,away,1,1,0
11728635,65500,523060,KCa'b'-ap1,apbp,away,2,1,0
11742276,65606,11402,KCg-m,gamma,home,34,1,1
11742290,65606,21242,KCg-m,gamma,away,14,1,1
11742553,65606,523060,KCg-m,gamma,away,10,1,1
11745393,65633,10704,KCab-p,ab,home,6,1,1
11754616,65708,10704,KCab-s,ab,home,4,1,1
11755071,65712,11402,KCab-s,ab,home,6,1,1
11755421,65714,21242,KCa'b'-m,apbp,away,13,1,0
11755576,65714,523060,KCa'b'-m,apbp,away,30,1,0
11757068,65729,18713,KCa'b'-ap2,apbp,away,13,1,0
11757069,65729,19267,KCa'b'-ap2,apbp,away,8,1,0
11757071,65729,21242,KCa'b'-ap2,apbp,away,1,1,0
11758056,65737,11402,KCg-m,gamma,home,29,1,1
11758070,65737,21242,KCg-m,gamma,away,13,1,1
11758324,65737,523060,KCg-m,gamma,away,12,1,1
11759309,65750,21242,KCa'b'-ap1,apbp,away,17,1,0
11759440,65750,523060,KCa'b'-ap1,apbp,away,17,1,0
11759664,65752,21242,KCa'b'-m,apbp,away,22,1,0
11759837,65752,523060,KCa'b'-m,apbp,away,34,1,0
11761570,65768,18713,KCa'b'-ap1,apbp,away,9,1,0
11761571,65768,19267,KCa'b'-ap1,apbp,away,12,1,0
11767927,65814,10704,KCa'b'-m,apbp,home,1,1,1
11767938,65814,21242,KCa'b'-m,apbp,away,16,1,0
11768090,65814,523060,KCa'b'-m,apbp,away,26,1,0
11772414,65854,11402,KCa'b'-m,apbp,home,2,1,1
11772423,65854,18713,KCa'b'-m,apbp,away,17,1,0
11772425,65854,19267,KCa'b'-m,apbp,away,9,1,0
11773624,65864,11402,KCg-m,gamma,home,20,1,1
11773635,65864,21242,KCg-m,gamma,away,17,1,1
11773837,65864,523060,KCg-m,gamma,away,16,1,1
11782357,65940,10704,KCab-s,ab,home,2,1,1
11782359,65940,11402,KCab-s,ab,home,9,1,1
11784822,65965,11402,KCg-m,gamma,home,20,1,1
11784838,65965,21242,KCg-m,gamma,away,9,1,1
11785084,65965,523060,KCg-m,gamma,away,21,1,1
11786319,65974,18713,KCa'b'-ap1,apbp,away,2,1,0
11786321,65974,21242,KCa'b'-ap1,apbp,away,14,1,0
11786468,65974,523060,KCa'b'-ap1,apbp,away,13,1,0
11786621,65977,10704,KCab-s,ab,home,2,1,1
11786625,65977,11402,KCab-s,ab,home,7,1,1
11789550,65997,11402,KCg-m,gamma,home,15,1,1
11789557,65997,21242,KCg-m,gamma,away,4,1,1
11789789,65997,523060,KCg-m,gamma,away,11,1,1
11791676,66015,10704,KCab-s,ab,home,1,1,1
11791679,66015,11402,KCab-s,ab,home,7,1,1
11793098,66028,10704,KCab-s,ab,home,10,1,1
11794166,66038,11402,KCg-m,gamma,home,20,1,1
11794174,66038,21242,KCg-m,gamma,away,12,1,1
11794441,66038,523060,KCg-m,gamma,away,18,1,1
11795235,66047,10704,KCg-m,gamma,home,12,1,1
11795240,66047,11402,KCg-m,gamma,home,4,1,1
11795252,66047,18713,KCg-m,gamma,away,16,1,1
11795253,66047,19267,KCg-m,gamma,away,9,1,1
11798612,66073,11402,KCab-c,ab,home,6,1,1
11800679,66099,11402,KCg-m,gamma,home,22,1,1
11800693,66099,21242,KCg-m,gamma,away,17,1,1
11800976,66099,523060,KCg-m,gamma,away,13,1,1
11801262,66105,10704,KCg-m,gamma,home,17,1,1
11801278,66105,18713,KCg-m,gamma,away,15,1,1
11801279,66105,19267,KCg-m,gamma,away,12,1,1
11802607,66113,10704,KCg-m,gamma,home,15,1,1
11802626,66113,18713,KCg-m,gamma,away,11,1,1
11802627,66113,19267,KCg-m,gamma,away,14,1,1
11805379,66137,11402,KCab-c,ab,home,4,1,1
11809752,66171,11402,KCa'b'-ap2,apbp,home,5,1,1
11809760,66171,18713,KCa'b'-ap2,apbp,away,7,1,0
11809762,66171,19267,KCa'b'-ap2,apbp,away,7,1,0
11810773,66179,10704,KCab-m,ab,home,10,1,1
11816101,66219,11402,KCg-m,gamma,home,19,1,1
11816114,66219,21242,KCg-m,gamma,away,12,1,1
11816348,66219,523060,KCg-m,gamma,away,8,1,1
11818343,66238,10704,KCab-s,ab,home,10,1,1
11837161,66387,11402,KCab-s,ab,home,7,1,1
11844192,66440,10704,KCab-s,ab,home,2,1,1
11846671,66458,10704,KCab-s,ab,home,8,1,1
11846674,66458,11402,KCab-s,ab,home,2,1,1
11853662,66519,11402,KCg-m,gamma,home,20,1,1
11853676,66519,21242,KCg-m,gamma,away,8,1,1
11853912,66519,523060,KCg-m,gamma,away,7,1,1
11855668,66531,10704,KCab-s,ab,home,5,1,1
11861194,66583,11402,KCg-m,gamma,home,31,1,1
11861205,66583,21242,KCg-m,gamma,away,12,1,1
11861470,66583,523060,KCg-m,gamma,away,13,1,1
11862482,66594,11402,KCg-m,gamma,home,30,1,1
11862495,66594,21242,KCg-m,gamma,away,10,1,1
11862730,66594,523060,KCg-m,gamma,away,8,1,1
11862755,66595,11402,KCg-m,gamma,home,33,1,1
11862769,66595,21242,KCg-m,gamma,away,10,1,1
11863032,66595,523060,KCg-m,gamma,away,13,1,1
11863262,66599,10704,KCab-s,ab,home,2,1,1
11863575,66601,11402,KCg-m,gamma,home,25,1,1
11863586,66601,21242,KCg-m,gamma,away,14,1,1
11863841,66601,523060,KCg-m,gamma,away,14,1,1
11864936,66611,11402,KCg-m,gamma,home,29,1,1
11864950,66611,21242,KCg-m,gamma,away,11,1,1
11865190,66611,523060,KCg-m,gamma,away,11,1,1
11865750,66617,10704,KCg-m,gamma,home,11,1,1
11865764,66617,18713,KCg-m,gamma,away,11,1,1
11865765,66617,19267,KCg-m,gamma,away,17,1,1
11869911,66659,10704,KCg-d,gamma,home,11,1,1
11869935,66659,18713,KCg-d,gamma,away,18,1,1
11869936,66659,19267,KCg-d,gamma,away,13,1,1
11876523,66711,10704,KCab-s,ab,home,6,1,1
11877621,66720,21242,KCa'b'-m,apbp,away,17,1,0
11877790,66720,523060,KCa'b'-m,apbp,away,28,1,0
11889767,66812,11402,KCg-m,gamma,home,32,1,1
11889775,66812,21242,KCg-m,gamma,away,16,1,1
11890011,66812,523060,KCg-m,gamma,away,8,1,1
11894880,66865,10704,KCab-m,ab,home,5,1,1
11897994,66891,10704,KCab-s,ab,home,1,1,1
11897995,66891,11402,KCab-s,ab,home,3,1,1
11900403,66911,11402,KCg-m,gamma,home,33,1,1
11900414,66911,21242,KCg-m,gamma,away,15,1,1
11900668,66911,523060,KCg-m,gamma,away,11,1,1
11905872,66945,11402,KCg-m,gamma,home,23,1,1
11905883,66945,21242,KCg-m,gamma,away,13,1,1
11906118,66945,523060,KCg-m,gamma,away,14,1,1
11909334,66973,11402,KCg-d,gamma,home,26,1,1
11909344,66973,21242,KCg-d,gamma,away,13,1,1
11909521,66973,523060,KCg-d,gamma,away,23,1,1
11912828,67000,10704,KCg-m,gamma,home,18,1,1
11912846,67000,18713,KCg-m,gamma,away,16,1,1
11912848,67000,19267,KCg-m,gamma,away,24,1,1
11914295,67011,21242,KCa'b'-ap2,apbp,away,12,1,0
11914450,67011,523060,KCa'b'-ap2,apbp,away,11,1,0
11915418,67022,10704,KCa'b'-ap1,apbp,home,2,1,1
11915423,67022,11402,KCa'b'-ap1,apbp,home,2,1,1
11915432,67022,21242,KCa'b'-ap1,apbp,away,21,1,0
11915572,67022,523060,KCa'b'-ap1,apbp,away,15,1,0
11921929,67058,10704,KCg-m,gamma,home,17,1,1
11921948,67058,18713,KCg-m,gamma,away,13,1,1
11921949,67058,19267,KCg-m,gamma,away,19,1,1
11926882,67102,10704,KCa'b'-ap1,apbp,home,2,1,1
11926895,67102,21242,KCa'b'-ap1,apbp,away,7,1,0
11927046,67102,523060,KCa'b'-ap1,apbp,away,11,1,0
11927450,67106,10704,KCg-m,gamma,home,15,1,1
11927465,67106,18713,KCg-m,gamma,away,13,1,1
11927466,67106,19267,KCg-m,gamma,away,13,1,1
11929170,67120,11402,KCg-m,gamma,home,32,1,1
11929182,67120,21242,KCg-m,gamma,away,5,1,1
11929431,67120,523060,KCg-m,gamma,away,9,1,1
11945754,67249,11402,KCg-m,gamma,home,25,1,1
11945767,67249,21242,KCg-m,gamma,away,14,1,1
11946022,67249,523060,KCg-m,gamma,away,12,1,1
11947040,67257,10704,KCg-m,gamma,home,18,1,1
11947062,67257,18713,KCg-m,gamma,away,13,1,1
11947063,67257,19267,KCg-m,gamma,away,14,1,1
11949099,67274,10704,KCab-s,ab,home,1,1,1
11949102,67274,11402,KCab-s,ab,home,6,1,1
11949699,67282,10704,KCab-m,ab,home,10,1,1
11949703,67282,11402,KCab-m,ab,home,1,1,1
11950224,67287,10704,KCab-s,ab,home,8,1,1
11953515,67320,11402,KCg-m,gamma,home,21,1,1
11953524,67320,19267,KCg-m,gamma,away,1,1,1
11953525,67320,21242,KCg-m,gamma,away,6,1,1
11953757,67320,523060,KCg-m,gamma,away,9,1,1
11955984,67337,11402,KCg-m,gamma,home,26,1,1
11955994,67337,21242,KCg-m,gamma,away,14,1,1
11956232,67337,523060,KCg-m,gamma,away,13,1,1
11957091,67344,10704,KCab-c,ab,home,1,1,1
11957095,67344,11402,KCab-c,ab,home,9,1,1
11957782,67355,11402,KCg-d,gamma,home,17,1,1
11957792,67355,21242,KCg-d,gamma,away,11,1,1
11957945,67355,523060,KCg-d,gamma,away,17,1,1
11957964,67356,10704,KCg-m,gamma,home,14,1,1
11957984,67356,18713,KCg-m,gamma,away,18,1,1
11957987,67356,19267,KCg-m,gamma,away,11,1,1
11958528,67359,18713,KCa'b'-m,apbp,away,11,1,0
11958530,67359,19267,KCa'b'-m,apbp,away,8,1,0
11960954,67378,10704,KCa'b'-m,apbp,home,4,1,1
11960958,67378,11402,KCa'b'-m,apbp,home,1,1,1
11960969,67378,21242,KCa'b'-m,apbp,away,20,1,0
11961140,67378,523060,KCa'b'-m,apbp,away,23,1,0
11965034,67406,10704,KCab-s,ab,home,9,1,1
11967179,67425,11402,KCg-m,gamma,home,25,1,1
11967191,67425,21242,KCg-m,gamma,away,10,1,1
11967434,67425,523060,KCg-m,gamma,away,10,1,1
11968403,67432,11402,KCg-m,gamma,home,16,1,1
11968414,67432,21242,KCg-m,gamma,away,11,1,1
11968665,67432,523060,KCg-m,gamma,away,16,1,1
11969168,67439,21242,KCa'b'-ap2,apbp,away,20,1,0
11969372,67439,523060,KCa'b'-ap2,apbp,away,19,1,0
11970443,67451,11402,KCg-m,gamma,home,22,1,1
11970457,67451,21242,KCg-m,gamma,away,15,1,1
11970686,67451,523060,KCg-m,gamma,away,6,1,1
11972556,67468,10704,KCg-m,gamma,home,10,1,1
11972577,67468,18713,KCg-m,gamma,away,24,1,1
11972578,67468,19267,KCg-m,gamma,away,23,1,1
11973317,67474,11402,KCa'b'-ap1,apbp,home,1,1,1
11973322,67474,18713,KCa'b'-ap1,apbp,away,14,1,0
11973323,67474,19267,KCa'b'-ap1,apbp,away,11,1,0
11973325,67474,21242,KCa'b'-ap1,apbp,away,2,1,0
11973492,67474,523060,KCa'b'-ap1,apbp,away,1,1,0
11973644,67479,10704,KCg-m,gamma,home,11,1,1
11973660,67479,18713,KCg-m,gamma,away,17,1,1
11973661,67479,19267,KCg-m,gamma,away,17,1,1
11978946,67535,11402,KCab-s,ab,home,4,1,1
11979743,67543,11402,KCa'b'-ap2,apbp,home,2,1,1
11979751,67543,18713,KCa'b'-ap2,apbp,away,8,1,0
11979753,67543,19267,KCa'b'-ap2,apbp,away,9,1,0
11979929,67544,10704,KCa'b'-ap1,apbp,home,1,1,1
11979938,67544,18713,KCa'b'-ap1,apbp,away,8,1,0
11979939,67544,19267,KCa'b'-ap1,apbp,away,12,1,0
11984891,67581,11402,KCab-c,ab,home,1,1,1
11992797,67654,11402,KCab-s,ab,home,7,1,1
11993738,67665,11402,KCab-s,ab,home,6,1,1
11994607,67671,11402,KCa'b'-ap2,apbp,home,1,1,1
11994615,67671,18713,KCa'b'-ap2,apbp,away,12,1,0
11994616,67671,19267,KCa'b'-ap2,apbp,away,22,1,0
11995922,67686,10704,KCab-s,ab,home,2,1,1
11995925,67686,11402,KCab-s,ab,home,13,1,1
11997039,67696,11402,KCab-s,ab,home,8,1,1
11998879,67712,11402,KCg-m,gamma,home,19,1,1
11998889,67712,21242,KCg-m,gamma,away,16,1,1
11999093,67712,523060,KCg-m,gamma,away,14,1,1
11999914,67721,11402,KCg-m,gamma,home,22,1,1
11999925,67721,21242,KCg-m,gamma,away,16,1,1
12000166,67721,523060,KCg-m,gamma,away,31,1,1
12000194,67722,11402,KCg-m,gamma,home,15,1,1
12000206,67722,21242,KCg-m,gamma,away,9,1,1
12000385,67722,523060,KCg-m,gamma,away,10,1,1
12006177,67774,11402,KCg-m,gamma,home,34,1,1
12006188,67774,21242,KCg-m,gamma,away,8,1,1
12006443,67774,523060,KCg-m,gamma,away,12,1,1
12009813,67809,21242,KCa'b'-m,apbp,away,20,1,0
12009965,67809,523060,KCa'b'-m,apbp,away,30,1,0
12011806,67828,11402,KCg-m,gamma,home,24,1,1
12011818,67828,21242,KCg-m,gamma,away,10,1,1
12012077,67828,523060,KCg-m,gamma,away,19,1,1
12014767,67853,11402,KCg-d,gamma,home,14,1,1
12014783,67853,21242,KCg-d,gamma,away,9,1,1
12014968,67853,523060,KCg-d,gamma,away,14,1,1
12021500,67912,21242,KCa'b'-m,apbp,away,10,1,0
12021699,67912,523060,KCa'b'-m,apbp,away,20,1,0
12022714,67919,10704,KCab-s,ab,home,1,1,1
12022717,67919,11402,KCab-s,ab,home,12,1,1
12029387,67977,10704,KCab-s,ab,home,1,1,1
12029391,67977,11402,KCab-s,ab,home,8,1,1
12030414,67984,11402,KCg-d,gamma,home,28,1,1
12030426,67984,21242,KCg-d,gamma,away,14,1,1
12030569,67984,523060,KCg-d,gamma,away,10,1,1
12033835,68010,11402,KCab-c,ab,home,5,1,1
12042990,68098,11402,KCab-c,ab,home,5,1,1
12047688,68137,11402,KCg-m,gamma,home,24,1,1
12047701,68137,21242,KCg-m,gamma,away,14,1,1
12047979,68137,523060,KCg-m,gamma,away,15,1,1
12050454,68162,10704,KCab-s,ab,home,5,1,1
12050457,68162,11402,KCab-s,ab,home,4,1,1
12052809,68176,11402,KCg-m,gamma,home,28,1,1
12052821,68176,21242,KCg-m,gamma,away,7,1,1
12053078,68176,523060,KCg-m,gamma,away,13,1,1
12058496,68226,11402,KCg-m,gamma,home,32,1,1
12058508,68226,21242,KCg-m,gamma,away,11,1,1
12058777,68226,523060,KCg-m,gamma,away,6,1,1
12060255,68239,10704,KCg-m,gamma,home,10,1,1
12060270,68239,18713,KCg-m,gamma,away,15,1,1
12060271,68239,19267,KCg-m,gamma,away,14,1,1
12062184,68254,10704,KCg-m,gamma,home,21,1,1
12062204,68254,18713,KCg-m,gamma,away,13,1,1
12062205,68254,19267,KCg-m,gamma,away,8,1,1
12063835,68265,11402,KCab-c,ab,home,2,1,1
12066159,68283,18713,KCa'b'-ap1,apbp,away,1,1,0
12066160,68283,21242,KCa'b'-ap1,apbp,away,18,1,0
12066307,68283,523060,KCa'b'-ap1,apbp,away,16,1,0
12066622,68287,10704,KCab-s,ab,home,1,1,1
12066623,68287,11402,KCab-s,ab,home,7,1,1
12072480,68334,18713,KCa'b'-ap2,apbp,away,20,1,0
12072482,68334,19267,KCa'b'-ap2,apbp,away,6,1,0
12073277,68339,10704,KCa'b'-ap2,apbp,home,3,1,1
12073288,68339,21242,KCa'b'-ap2,apbp,away,13,1,0
12073469,68339,523060,KCa'b'-ap2,apbp,away,20,1,0
12083270,68428,18713,KCa'b'-ap1,apbp,away,7,1,0
12083271,68428,19267,KCa'b'-ap1,apbp,away,10,1,0
12088479,68484,10704,KCab-p,ab,home,2,1,1
12088850,68487,11402,KCg-m,gamma,home,23,1,1
12088859,68487,21242,KCg-m,gamma,away,12,1,1
12089093,68487,523060,KCg-m,gamma,away,12,1,1
12090268,68495,10704,KCab-s,ab,home,1,1,1
12090270,68495,11402,KCab-s,ab,home,9,1,1
12090954,68501,10704,KCab-m,ab,home,6,1,1
12091813,68507,21242,KCa'b'-ap2,apbp,away,15,1,0
12091988,68507,523060,KCa'b'-ap2,apbp,away,17,1,0
12095037,68531,11402,KCg-m,gamma,home,14,1,1
12095046,68531,21242,KCg-m,gamma,away,13,1,1
12095291,68531,523060,KCg-m,gamma,away,9,1,1
12100728,68585,11402,KCab-s,ab,home,7,1,1
12103494,68614,10704,KCab-m,ab,home,7,1,1
12103499,68614,11402,KCab-m,ab,home,1,1,1
12106505,68635,11402,KCg-m,gamma,home,19,1,1
12106514,68635,21242,KCg-m,gamma,away,12,1,1
12106716,68635,523060,KCg-m,gamma,away,10,1,1
12115361,68708,10704,KCg-m,gamma,home,13,1,1
12115376,68708,18713,KCg-m,gamma,away,10,1,1
12115377,68708,19267,KCg-m,gamma,away,18,1,1
12118261,68729,21242,KCa'b'-ap2,apbp,away,15,1,0
12118475,68729,523060,KCa'b'-ap2,apbp,away,20,1,0
12119455,68737,11402,KCab-s,ab,home,13,1,1
12122112,68759,10704,KCg-m,gamma,home,19,1,1
12122131,68759,18713,KCg-m,gamma,away,18,1,1
12122132,68759,19267,KCg-m,gamma,away,7,1,1
12126324,68790,11402,KCg-m,gamma,home,23,1,1
12126337,68790,21242,KCg-m,gamma,away,7,1,1
12126546,68790,523060,KCg-m,gamma,away,12,1,1
12127607,68803,11402,KCg-m,gamma,home,21,1,1
12127619,68803,21242,KCg-m,gamma,away,8,1,1
12127850,68803,523060,KCg-m,gamma,away,14,1,1
12143472,68941,11402,KCa'b'-ap1,apbp,home,5,1,1
12143482,68941,18713,KCa'b'-ap1,apbp,away,5,1,0
12143483,68941,19267,KCa'b'-ap1,apbp,away,8,1,0
12143485,68941,21242,KCa'b'-ap1,apbp,away,6,1,0
12143676,68941,523060,KCa'b'-ap1,apbp,away,7,1,0
12147947,68979,10704,KCg-m,gamma,home,15,1,1
12147965,68979,18713,KCg-m,gamma,away,17,1,1
12147966,68979,19267,KCg-m,gamma,away,13,1,1
12151267,69002,11402,KCa'b'-ap2,apbp,home,1,1,1
12151279,69002,18713,KCa'b'-ap2,apbp,away,4,1,0
12151280,69002,19267,KCa'b'-ap2,apbp,away,6,1,0
12153441,69022,11402,KCab-s,ab,home,6,1,1
12155152,69037,11402,KCa'b'-ap2,apbp,home,2,1,1
12155163,69037,18713,KCa'b'-ap2,apbp,away,14,1,0
12155164,69037,19267,KCa'b'-ap2,apbp,away,5,1,0
12155476,69042,11402,KCg-m,gamma,home,21,1,1
12155487,69042,18713,KCg-m,gamma,away,1,1,1
12155489,69042,21242,KCg-m,gamma,away,12,1,1
12155745,69042,523060,KCg-m,gamma,away,13,1,1
12156146,69047,11402,KCab-p,ab,home,7,1,1
12159631,69077,11402,KCg-m,gamma,home,19,1,1
12159645,69077,21242,KCg-m,gamma,away,16,1,1
12159887,69077,523060,KCg-m,gamma,away,25,1,1
12162070,69101,11402,KCg-m,gamma,home,14,1,1
12162083,69101,21242,KCg-m,gamma,away,10,1,1
12162348,69101,523060,KCg-m,gamma,away,10,1,1
12163799,69114,10704,KCg-m,gamma,home,15,1,1
12163817,69114,18713,KCg-m,gamma,away,18,1,1
12163818,69114,19267,KCg-m,gamma,away,15,1,1
12169417,69175,11402,KCg-m,gamma,home,21,1,1
12169431,69175,21242,KCg-m,gamma,away,10,1,1
12169663,69175,523060,KCg-m,gamma,away,13,1,1
12172516,69210,21242,KCa'b'-ap2,apbp,away,17,1,0
12172690,69210,523060,KCa'b'-ap2,apbp,away,15,1,0
12174742,69223,21242,KCa'b'-m,apbp,away,16,1,0
12174911,69223,523060,KCa'b'-m,apbp,away,18,1,0
12174918,69224,10704,KCab-m,ab,home,9,1,1
12176585,69237,10704,KCg-m,gamma,home,21,1,1
12176604,69237,18713,KCg-m,gamma,away,13,1,1
12176606,69237,19267,KCg-m,gamma,away,14,1,1
12179998,69264,10704,KCg-m,gamma,home,10,1,1
12180016,69264,18713,KCg-m,gamma,away,8,1,1
12180018,69264,19267,KCg-m,gamma,away,9,1,1
12185135,69308,10704,KCab-s,ab,home,1,1,1
12185139,69308,11402,KCab-s,ab,home,14,1,1
12188369,69337,11402,KCab-p,ab,home,5,1,1
12189485,69347,11402,KCg-m,gamma,home,28,1,1
12189498,69347,21242,KCg-m,gamma,away,6,1,1
12189746,69347,523060,KCg-m,gamma,away,12,1,1
12193886,69389,10704,KCab-s,ab,home,2,1,1
12196880,69417,10704,KCg-m,gamma,home,7,1,1
12196896,69417,18713,KCg-m,gamma,away,17,1,1
12196897,69417,19267,KCg-m,gamma,away,14,1,1
12198183,69426,10704,KCg-m,gamma,home,15,1,1
12198201,69426,18713,KCg-m,gamma,away,15,1,1
12198202,69426,19267,KCg-m,gamma,away,18,1,1
12199350,69431,11402,KCg-m,gamma,home,28,1,1
12199363,69431,21242,KCg-m,gamma,away,5,1,1
12199600,69431,523060,KCg-m,gamma,away,12,1,1
12201499,69446,10704,KCab-s,ab,home,1,1,1
12201501,69446,11402,KCab-s,ab,home,10,1,1
12204210,69472,11402,KCab-s,ab,home,14,1,1
12206961,69501,10704,KCa'b'-m,apbp,home,1,1,1
12206972,69501,21242,KCa'b'-m,apbp,away,18,1,0
12207146,69501,523060,KCa'b'-m,apbp,away,25,1,0
12208157,69507,11402,KCab-s,ab,home,14,1,1
12208359,69508,11402,KCa'b'-m,apbp,home,1,1,1
12208367,69508,18713,KCa'b'-m,apbp,away,14,1,0
12208369,69508,19267,KCa'b'-m,apbp,away,4,1,0
12208776,69513,11402,KCab-s,ab,home,4,1,1
12209261,69518,11402,KCab-c,ab,home,7,1,1
12211562,69538,10704,KCab-m,ab,home,19,1,1
12211566,69538,11402,KCab-m,ab,home,2,1,1
12211790,69539,10704,KCg-m,gamma,home,8,1,1
12211810,69539,18713,KCg-m,gamma,away,11,1,1
12211811,69539,19267,KCg-m,gamma,away,10,1,1
12217329,69584,11402,KCab-c,ab,home,3,1,1
12219382,69603,10704,KCab-s,ab,home,4,1,1
12219385,69603,11402,KCab-s,ab,home,1,1,1
12220250,69611,10704,KCab-m,ab,home,13,1,1
12220255,69611,11402,KCab-m,ab,home,1,1,1
12221503,69620,11402,KCg-m,gamma,home,25,1,1
12221517,69620,21242,KCg-m,gamma,away,9,1,1
12221778,69620,523060,KCg-m,gamma,away,14,1,1
12224966,69649,11402,KCab-c,ab,home,5,1,1
12225147,69650,11402,KCg-m,gamma,home,20,1,1
12225161,69650,21242,KCg-m,gamma,away,6,1,1
12225403,69650,523060,KCg-m,gamma,away,11,1,1
12225423,69651,10704,KCab-s,ab,home,5,1,1
12225426,69651,11402,KCab-s,ab,home,1,1,1
12227317,69664,10704,KCab-s,ab,home,2,1,1
12227319,69664,11402,KCab-s,ab,home,12,1,1
12231112,69694,10704,KCab-s,ab,home,1,1,1
12231114,69694,11402,KCab-s,ab,home,14,1,1
12233143,69709,10704,KCab-m,ab,home,12,1,1
12233463,69713,10704,KCab-m,ab,home,6,1,1
12233745,69716,11402,KCg-m,gamma,home,17,1,1
12233753,69716,21242,KCg-m,gamma,away,9,1,1
12233969,69716,523060,KCg-m,gamma,away,13,1,1
12234629,69721,18713,KCa'b'-ap2,apbp,away,17,1,0
12234630,69721,19267,KCa'b'-ap2,apbp,away,15,1,0
12237337,69742,21242,KCa'b'-m,apbp,away,14,1,0
12237554,69742,523060,KCa'b'-m,apbp,away,17,1,0
12237790,69747,21242,KCa'b'-ap1,apbp,away,13,1,0
12237919,69747,523060,KCa'b'-ap1,apbp,away,19,1,0
12238698,69758,10704,KCab-m,ab,home,11,1,1
12240652,69775,10704,KCab-s,ab,home,1,1,1
12240655,69775,11402,KCab-s,ab,home,5,1,1
12248008,69842,11402,KCa'b'-ap1,apbp,home,2,1,1
12248015,69842,18713,KCa'b'-ap1,apbp,away,13,1,0
12248016,69842,19267,KCa'b'-ap1,apbp,away,11,1,0
12249309,69854,10704,KCg-m,gamma,home,17,1,1
12249328,69854,18713,KCg-m,gamma,away,21,1,1
12249329,69854,19267,KCg-m,gamma,away,18,1,1
12249612,69855,10704,KCg-m,gamma,home,12,1,1
12249630,69855,18713,KCg-m,gamma,away,13,1,1
12249631,69855,19267,KCg-m,gamma,away,21,1,1
12250314,69859,11402,KCg-m,gamma,home,16,1,1
12250321,69859,18713,KCg-m,gamma,away,1,1,1
12250322,69859,19267,KCg-m,gamma,away,1,1,1
12250323,69859,21242,KCg-m,gamma,away,5,1,1
12250543,69859,523060,KCg-m,gamma,away,12,1,1
12253356,69885,10704,KCg-d,gamma,home,10,1,1
12253374,69885,18713,KCg-d,gamma,away,16,1,1
12253375,69885,19267,KCg-d,gamma,away,13,1,1
12255700,69905,10704,KCab-s,ab,home,6,1,1
12260509,69956,11402,KCa'b'-ap1,apbp,home,1,1,1
12260516,69956,18713,KCa'b'-ap1,apbp,away,6,1,0
12260517,69956,19267,KCa'b'-ap1,apbp,away,7,1,0
12262298,69967,11402,KCg-m,gamma,home,21,1,1
12262309,69967,21242,KCg-m,gamma,away,9,1,1
12262557,69967,523060,KCg-m,gamma,away,14,1,1
12262952,69973,10704,KCab-c,ab,home,2,1,1
12262955,69973,11402,KCab-c,ab,home,11,1,1
12264270,69987,10704,KCab-s,ab,home,1,1,1
12264274,69987,11402,KCab-s,ab,home,11,1,1
12268259,70022,11402,KCg-m,gamma,home,17,1,1
12268270,70022,21242,KCg-m,gamma,away,17,1,1
12268472,70022,523060,KCg-m,gamma,away,17,1,1
12269061,70029,11402,KCg-m,gamma,home,23,1,1
12269072,70029,21242,KCg-m,gamma,away,16,1,1
12269313,70029,523060,KCg-m,gamma,away,19,1,1
12269338,70030,11402,KCg-m,gamma,home,23,1,1
12269348,70030,21242,KCg-m,gamma,away,8,1,1
12269588,70030,523060,KCg-m,gamma,away,10,1,1
12278335,70111,10704,KCab-s,ab,home,5,1,1
12279674,70124,11402,KCab-s,ab,home,8,1,1
12282927,70143,10704,KCg-m,gamma,home,8,1,1
12282943,70143,18713,KCg-m,gamma,away,16,1,1
12282944,70143,19267,KCg-m,gamma,away,21,1,1
12288034,70175,11402,KCa'b'-ap1,apbp,home,1,1,1
12288041,70175,18713,KCa'b'-ap1,apbp,away,16,1,0
12288042,70175,19267,KCa'b'-ap1,apbp,away,12,1,0
12288044,70175,21242,KCa'b'-ap1,apbp,away,1,1,0
12288182,70175,523060,KCa'b'-ap1,apbp,away,4,1,0
12289254,70185,18713,KCa'b'-ap2,apbp,away,15,1,0
12289257,70185,19267,KCa'b'-ap2,apbp,away,3,1,0
12290359,70193,11402,KCa'b'-ap2,apbp,home,2,1,1
12290370,70193,18713,KCa'b'-ap2,apbp,away,5,1,0
12290372,70193,19267,KCa'b'-ap2,apbp,away,3,1,0
12292707,70211,10704,KCab-m,ab,home,8,1,1
12293700,70223,10704,KCg-m,gamma,home,21,1,1
12293720,70223,18713,KCg-m,gamma,away,18,1,1
12293721,70223,19267,KCg-m,gamma,away,17,1,1
12294802,70235,11402,KCg-m,gamma,home,21,1,1
12294810,70235,21242,KCg-m,gamma,away,15,1,1
12295065,70235,523060,KCg-m,gamma,away,18,1,1
12297208,70261,10704,KCab-c,ab,home,2,1,1
12298365,70271,10704,KCg-m,gamma,home,18,1,1
12298380,70271,18713,KCg-m,gamma,away,9,1,1
12298381,70271,19267,KCg-m,gamma,away,10,1,1
12299999,70282,21242,KCa'b'-m,apbp,away,16,1,0
12300161,70282,523060,KCa'b'-m,apbp,away,20,1,0
12300175,70283,11402,KCg-m,gamma,home,18,1,1
12300187,70283,21242,KCg-m,gamma,away,12,1,1
12300416,70283,523060,KCg-m,gamma,away,16,1,1
12303425,70312,11402,KCg-m,gamma,home,22,1,1
12303437,70312,21242,KCg-m,gamma,away,19,1,1
12303699,70312,523060,KCg-m,gamma,away,22,1,1
12304826,70322,10704,KCg-m,gamma,home,15,1,1
12304843,70322,18713,KCg-m,gamma,away,18,1,1
12304844,70322,19267,KCg-m,gamma,away,19,1,1
12305258,70324,11402,KCg-m,gamma,home,13,1,1
12305267,70324,21242,KCg-m,gamma,away,15,1,1
12305461,70324,523060,KCg-m,gamma,away,15,1,1
12306892,70336,11402,KCab-c,ab,home,9,1,1
12311800,70378,10704,KCab-s,ab,home,1,1,1
12311802,70378,11402,KCab-s,ab,home,7,1,1
12312015,70380,11402,KCab-c,ab,home,3,1,1
12314132,70396,10704,KCab-s,ab,home,1,1,1
12314135,70396,11402,KCab-s,ab,home,5,1,1
12319397,70445,11402,KCg-m,gamma,home,27,1,1
12319409,70445,21242,KCg-m,gamma,away,22,1,1
12319672,70445,523060,KCg-m,gamma,away,18,1,1
12320948,70457,19267,KCa'b'-ap1,apbp,away,1,1,0
12320949,70457,21242,KCa'b'-ap1,apbp,away,23,1,0
12321108,70457,523060,KCa'b'-ap1,apbp,away,16,1,0
12323021,70477,10704,KCab-m,ab,home,1,1,1
12323025,70477,11402,KCab-m,ab,home,9,1,1
12324446,70489,11402,KCg-m,gamma,home,25,1,1
12324461,70489,21242,KCg-m,gamma,away,9,1,1
12324692,70489,523060,KCg-m,gamma,away,14,1,1
12325730,70501,11402,KCab-c,ab,home,7,1,1
12326715,70509,11402,KCg-m,gamma,home,22,1,1
12326729,70509,21242,KCg-m,gamma,away,8,1,1
12326988,70509,523060,KCg-m,gamma,away,13,1,1
12327199,70513,11402,KCa'b'-ap2,apbp,home,1,1,1
12327206,70513,18713,KCa'b'-ap2,apbp,away,18,1,0
12327207,70513,19267,KCa'b'-ap2,apbp,away,14,1,0
12328743,70526,11402,KCg-m,gamma,home,13,1,1
12328758,70526,21242,KCg-m,gamma,away,15,1,1
12328981,70526,523060,KCg-m,gamma,away,16,1,1
12331722,70553,11402,KCg-m,gamma,home,31,1,1
12331733,70553,21242,KCg-m,gamma,away,20,1,1
12332002,70553,523060,KCg-m,gamma,away,21,1,1
12340238,70614,10704,KCg-m,gamma,home,10,1,1
12340251,70614,18713,KCg-m,gamma,away,19,1,1
12340252,70614,19267,KCg-m,gamma,away,26,1,1
12350030,70690,10704,KCab-m,ab,home,9,1,1
12350033,70690,11402,KCab-m,ab,home,1,1,1
12356203,70740,10704,KCg-m,gamma,home,13,1,1
12356220,70740,18713,KCg-m,gamma,away,18,1,1
12356221,70740,19267,KCg-m,gamma,away,13,1,1
12356222,70740,21242,KCg-m,gamma,away,1,1,1
12357057,70747,11402,KCab-p,ab,home,2,1,1
12365383,70816,11402,KCa'b'-ap2,apbp,home,2,1,1
12365390,70816,18713,KCa'b'-ap2,apbp,away,14,1,0
12365392,70816,19267,KCa'b'-ap2,apbp,away,8,1,0
12372877,70902,11402,KCab-s,ab,home,5,1,1
12373805,70909,11402,KCab-m,ab,home,7,1,1
12375827,70928,11402,KCg-m,gamma,home,23,1,1
12375838,70928,21242,KCg-m,gamma,away,8,1,1
12376072,70928,523060,KCg-m,gamma,away,11,1,1
12378048,70950,10704,KCab-m,ab,home,9,1,1
12378373,70952,11402,KCg-m,gamma,home,21,1,1
12378383,70952,21242,KCg-m,gamma,away,8,1,1
12378624,70952,523060,KCg-m,gamma,away,15,1,1
12384847,71008,11402,KCab-m,ab,home,9,1,1
12386908,71028,11402,KCg-m,gamma,home,30,1,1
12386921,71028,21242,KCg-m,gamma,away,16,1,1
12387186,71028,523060,KCg-m,gamma,away,14,1,1
12387354,71030,10704,KCab-s,ab,home,7,1,1
12387705,71033,11402,KCg-m,gamma,home,23,1,1
12387717,71033,21242,KCg-m,gamma,away,17,1,1
12387963,71033,523060,KCg-m,gamma,away,14,1,1
12388609,71039,11402,KCab-m,ab,home,3,1,1
12390454,71053,18713,KCa'b'-ap1,apbp,away,9,1,0
12390455,71053,19267,KCa'b'-ap1,apbp,away,8,1,0
12394942,71088,11402,KCab-s,ab,home,17,1,1
12395899,71095,10704,KCa'b'-ap1,apbp,home,2,1,1
12395911,71095,21242,KCa'b'-ap1,apbp,away,17,1,0
12396049,71095,523060,KCa'b'-ap1,apbp,away,17,1,0
12397889,71120,11402,KCab-s,ab,home,11,1,1
12398111,71121,11402,KCg-m,gamma,home,17,1,1
12398125,71121,21242,KCg-m,gamma,away,4,1,1
12398352,71121,523060,KCg-m,gamma,away,10,1,1
12399065,71127,11402,KCab-c,ab,home,8,1,1
12399227,71128,10704,KCab-c,ab,home,5,1,1
12404127,71166,10704,KCg-m,gamma,home,15,1,1
12404147,71166,18713,KCg-m,gamma,away,23,1,1
12404148,71166,19267,KCg-m,gamma,away,29,1,1
12406834,71189,10704,KCab-c,ab,home,2,1,1
12406836,71189,11402,KCab-c,ab,home,5,1,1
12420821,71317,10704,KCg-m,gamma,home,14,1,1
12420840,71317,18713,KCg-m,gamma,away,15,1,1
12420841,71317,19267,KCg-m,gamma,away,15,1,1
12421927,71326,10704,KCab-s,ab,home,13,1,1
12421930,71326,11402,KCab-s,ab,home,1,1,1
12426335,71366,11402,KCab-s,ab,home,10,1,1
12431575,71406,10704,KCg-m,gamma,home,22,1,1
12431595,71406,18713,KCg-m,gamma,away,18,1,1
12431596,71406,19267,KCg-m,gamma,away,16,1,1
12437864,71469,10704,KCab-m,ab,home,4,1,1
12437869,71469,11402,KCab-m,ab,home,1,1,1
12438523,71474,10704,KCg-m,gamma,home,18,1,1
12438543,71474,18713,KCg-m,gamma,away,15,1,1
12438544,71474,19267,KCg-m,gamma,away,22,1,1
12439812,71486,11402,KCg-d,gamma,home,16,1,1
12439827,71486,18713,KCg-d,gamma,away,1,1,1
12439829,71486,21242,KCg-d,gamma,away,15,1,1
12439986,71486,523060,KCg-d,gamma,away,21,1,1
12440826,71494,10704,KCab-s,ab,home,1,1,1
12440828,71494,11402,KCab-s,ab,home,7,1,1
12441883,71501,10704,KCab-s,ab,home,3,1,1
12441887,71501,11402,KCab-s,ab,home,1,1,1
12443168,71512,11402,KCab-c,ab,home,4,1,1
12445790,71530,21242,KCa'b'-ap2,apbp,away,15,1,0
12445976,71530,523060,KCa'b'-ap2,apbp,away,16,1,0
12454455,71610,10704,KCab-m,ab,home,9,1,1
12455526,71618,10704,KCg-m,gamma,home,14,1,1
12455545,71618,18713,KCg-m,gamma,away,10,1,1
12455547,71618,19267,KCg-m,gamma,away,12,1,1
12456594,71627,10704,KCab-s,ab,home,1,1,1
12456596,71627,11402,KCab-s,ab,home,8,1,1
12461578,71676,10704,KCab-s,ab,home,1,1,1
12461581,71676,11402,KCab-s,ab,home,11,1,1
12463069,71688,11402,KCg-d,gamma,home,16,1,1
12463081,71688,21242,KCg-d,gamma,away,13,1,1
12463252,71688,523060,KCg-d,gamma,away,22,1,1
12463381,71691,11402,KCab-c,ab,home,7,1,1
12472305,71770,11402,KCg-m,gamma,home,12,1,1
12472316,71770,21242,KCg-m,gamma,away,10,1,1
12472569,71770,523060,KCg-m,gamma,away,20,1,1
12475640,71800,18713,KCa'b'-ap2,apbp,away,17,1,0
12475642,71800,19267,KCa'b'-ap2,apbp,away,7,1,0
12477337,71814,18713,KCa'b'-ap2,apbp,away,12,1,0
12477339,71814,19267,KCa'b'-ap2,apbp,away,7,1,0
12480190,71840,11402,KCa'b'-ap2,apbp,home,1,1,1
12480200,71840,18713,KCa'b'-ap2,apbp,away,15,1,0
12480201,71840,19267,KCa'b'-ap2,apbp,away,15,1,0
12486575,71902,11402,KCg-m,gamma,home,15,1,1
12486584,71902,18713,KCg-m,gamma,away,1,1,1
12486585,71902,21242,KCg-m,gamma,away,13,1,1
12486832,71902,523060,KCg-m,gamma,away,13,1,1
12487146,71907,10704,KCab-m,ab,home,9,1,1
12487149,71907,11402,KCab-m,ab,home,2,1,1
12487309,71908,10704,KCa'b'-m,apbp,home,1,1,1
12487321,71908,18713,KCa'b'-m,apbp,away,15,1,0
12487323,71908,19267,KCa'b'-m,apbp,away,5,1,0
12494079,71970,10704,KCab-s,ab,home,4,1,1
12497640,72002,10704,KCg-m,gamma,home,14,1,1
12497658,72002,18713,KCg-m,gamma,away,13,1,1
12497660,72002,19267,KCg-m,gamma,away,15,1,1
12501367,72032,11402,KCg-m,gamma,home,21,1,1
12501381,72032,21242,KCg-m,gamma,away,6,1,1
12501612,72032,523060,KCg-m,gamma,away,11,1,1
12503179,72049,11402,KCg-m,gamma,home,22,1,1
12503191,72049,21242,KCg-m,gamma,away,17,1,1
12503405,72049,523060,KCg-m,gamma,away,18,1,1
12507508,72097,10704,KCg-m,gamma,home,18,1,1
12507524,72097,18713,KCg-m,gamma,away,22,1,1
12507525,72097,19267,KCg-m,gamma,away,16,1,1
12509219,72111,11402,KCg-m,gamma,home,26,1,1
12509232,72111,21242,KCg-m,gamma,away,13,1,1
12509502,72111,523060,KCg-m,gamma,away,8,1,1
12510270,72116,10704,KCg-m,gamma,home,17,1,1
12510290,72116,18713,KCg-m,gamma,away,12,1,1
12510291,72116,19267,KCg-m,gamma,away,16,1,1
12512618,72141,11402,KCg-m,gamma,home,19,1,1
12512628,72141,21242,KCg-m,gamma,away,20,1,1
12512853,72141,523060,KCg-m,gamma,away,21,1,1
12516006,72166,11402,KCab-m,ab,home,5,1,1
12519121,72195,10704,KCa'b'-ap1,apbp,home,1,1,1
12519126,72195,11402,KCa'b'-ap1,apbp,home,2,1,1
12519137,72195,18713,KCa'b'-ap1,apbp,away,17,1,0
12519138,72195,19267,KCa'b'-ap1,apbp,away,16,1,0
12519395,72196,21242,KCa'b'-ap2,apbp,away,21,1,0
12519589,72196,523060,KCa'b'-ap2,apbp,away,15,1,0
12519893,72201,10704,KCab-c,ab,home,7,1,1
12523969,72230,11402,KCg-d,gamma,home,17,1,1
12523983,72230,21242,KCg-d,gamma,away,13,1,1
12524146,72230,523060,KCg-d,gamma,away,13,1,1
12524716,72234,11402,KCab-s,ab,home,10,1,1
12525639,72239,11402,KCab-s,ab,home,8,1,1
12526162,72242,21242,KCa'b'-ap2,apbp,away,21,1,0
12526349,72242,523060,KCa'b'-ap2,apbp,away,17,1,0
12532803,72299,11402,KCab-c,ab,home,13,1,1
12537850,72344,18713,KCa'b'-ap2,apbp,away,13,1,0
12537853,72344,19267,KCa'b'-ap2,apbp,away,8,1,0
12538406,72350,10704,KCg-m,gamma,home,12,1,1
12538425,72350,18713,KCg-m,gamma,away,13,1,1
12538426,72350,19267,KCg-m,gamma,away,22,1,1
12539694,72359,11402,KCab-s,ab,home,4,1,1
12540185,72362,18713,KCa'b'-m,apbp,away,11,1,0
12540187,72362,19267,KCa'b'-m,apbp,away,9,1,0
12541940,72375,11402,KCab-m,ab,home,7,1,1
12543349,72387,11402,KCg-m,gamma,home,19,1,1
12543359,72387,21242,KCg-m,gamma,away,11,1,1
12543603,72387,523060,KCg-m,gamma,away,9,1,1
12548599,72433,11402,KCab-c,ab,home,6,1,1
12549093,72438,11402,KCab-p,ab,home,12,1,1
12555272,72495,10704,KCab-s,ab,home,1,1,1
12555273,72495,11402,KCab-s,ab,home,18,1,1
12556685,72512,11402,KCg-d,gamma,home,18,1,1
12556695,72512,21242,KCg-d,gamma,away,18,1,1
12556847,72512,523060,KCg-d,gamma,away,17,1,1
12557091,72516,10704,KCab-m,ab,home,6,1,1
12558168,72523,11402,KCg-m,gamma,home,26,1,1
12558182,72523,21242,KCg-m,gamma,away,12,1,1
12558446,72523,523060,KCg-m,gamma,away,6,1,1
12559514,72538,10704,KCab-s,ab,home,1,1,1
12559516,72538,11402,KCab-s,ab,home,11,1,1
12561695,72559,10704,KCab-s,ab,home,5,1,1
12567635,72604,10704,KCg-m,gamma,home,15,1,1
12567655,72604,18713,KCg-m,gamma,away,14,1,1
12567656,72604,19267,KCg-m,gamma,away,9,1,1
12567900,72606,10704,KCg-m,gamma,home,21,1,1
12567918,72606,18713,KCg-m,gamma,away,11,1,1
12567919,72606,19267,KCg-m,gamma,away,9,1,1
12568580,72610,10704,KCab-m,ab,home,10,1,1
12571468,72643,21242,KCg-m,gamma,away,14,1,1
12571697,72643,523060,KCg-m,gamma,away,7,1,1
12571838,72645,10704,KCab-s,ab,home,1,1,1
12571840,72645,11402,KCab-s,ab,home,9,1,1
12575707,72678,10704,KCg-m,gamma,home,21,1,1
12575726,72678,18713,KCg-m,gamma,away,13,1,1
12575727,72678,19267,KCg-m,gamma,away,7,1,1
12576116,72681,10704,KCab-m,ab,home,2,1,1
12576120,72681,11402,KCab-m,ab,home,1,1,1
12576361,72684,10704,KCg-m,gamma,home,11,1,1
12576376,72684,18713,KCg-m,gamma,away,16,1,1
12576377,72684,19267,KCg-m,gamma,away,14,1,1
12577382,72693,18713,KCa'b'-ap2,apbp,away,13,1,0
12577383,72693,19267,KCa'b'-ap2,apbp,away,3,1,0
12577598,72694,11402,KCa'b'-m,apbp,home,3,1,1
12577607,72694,18713,KCa'b'-m,apbp,away,4,1,0
12577609,72694,19267,KCa'b'-m,apbp,away,10,1,0
12577811,72695,11402,KCg-m,gamma,home,16,1,1
12577824,72695,21242,KCg-m,gamma,away,15,1,1
12578081,72695,523060,KCg-m,gamma,away,27,1,1
12581874,72723,21242,KCa'b'-ap2,apbp,away,16,1,0
12582070,72723,523060,KCa'b'-ap2,apbp,away,14,1,0
12584317,72755,11402,KCa'b'-ap2,apbp,home,1,1,1
12584325,72755,18713,KCa'b'-ap2,apbp,away,14,1,0
12584327,72755,19267,KCa'b'-ap2,apbp,away,18,1,0
12594418,72854,10704,KCg-m,gamma,home,18,1,1
12594436,72854,18713,KCg-m,gamma,away,15,1,1
12594438,72854,19267,KCg-m,gamma,away,16,1,1
12594724,72855,10704,KCab-s,ab,home,2,1,1
12595650,72865,18713,KCa'b'-ap2,apbp,away,13,1,0
12595652,72865,19267,KCa'b'-ap2,apbp,away,12,1,0
12600581,72913,10704,KCab-s,ab,home,1,1,1
12600585,72913,11402,KCab-s,ab,home,8,1,1
12600907,72916,11402,KCg-m,gamma,home,27,1,1
12600920,72916,21242,KCg-m,gamma,away,9,1,1
12601133,72916,523060,KCg-m,gamma,away,11,1,1
12603276,72939,11402,KCg-m,gamma,home,21,1,1
12603288,72939,21242,KCg-m,gamma,away,9,1,1
12603502,72939,523060,KCg-m,gamma,away,15,1,1
12606673,72978,11402,KCab-s,ab,home,7,1,1
12609838,73006,11402,KCab-s,ab,home,5,1,1
12610564,73013,10704,KCg-m,gamma,home,9,1,1
12610585,73013,18713,KCg-m,gamma,away,13,1,1
12610586,73013,19267,KCg-m,gamma,away,15,1,1
12613302,73039,18713,KCa'b'-ap2,apbp,away,11,1,0
12613303,73039,19267,KCa'b'-ap2,apbp,away,12,1,0
12621996,73125,10704,KCg-m,gamma,home,14,1,1
12622015,73125,18713,KCg-m,gamma,away,8,1,1
12622017,73125,19267,KCg-m,gamma,away,17,1,1
12624299,73146,21242,KCa'b'-ap2,apbp,away,19,1,0
12624504,73146,523060,KCa'b'-ap2,apbp,away,20,1,0
12625945,73161,11402,KCg-m,gamma,home,20,1,1
12625953,73161,21242,KCg-m,gamma,away,15,1,1
12626197,73161,523060,KCg-m,gamma,away,18,1,1
12629889,73191,11402,KCab-s,ab,home,13,1,1
12630356,73195,11402,KCg-m,gamma,home,18,1,1
12630366,73195,21242,KCg-m,gamma,away,16,1,1
12630574,73195,523060,KCg-m,gamma,away,17,1,1
12630594,73196,10704,KCg-m,gamma,home,9,1,1
12630613,73196,18713,KCg-m,gamma,away,8,1,1
12630614,73196,19267,KCg-m,gamma,away,10,1,1
12630873,73197,10704,KCg-m,gamma,home,11,1,1
12630890,73197,18713,KCg-m,gamma,away,15,1,1
12630891,73197,19267,KCg-m,gamma,away,13,1,1
12633705,73227,11402,KCg-d,gamma,home,20,1,1
12633720,73227,21242,KCg-d,gamma,away,10,1,1
12633858,73227,523060,KCg-d,gamma,away,13,1,1
12635808,73248,11402,KCab-c,ab,home,1,1,1
12641281,73296,11402,KCg-m,gamma,home,17,1,1
12641297,73296,21242,KCg-m,gamma,away,8,1,1
12641556,73296,523060,KCg-m,gamma,away,18,1,1
12642670,73306,10704,KCab-s,ab,home,1,1,1
12642671,73306,11402,KCab-s,ab,home,11,1,1
12645572,73335,10704,KCg-m,gamma,home,14,1,1
12645589,73335,18713,KCg-m,gamma,away,15,1,1
12645591,73335,19267,KCg-m,gamma,away,14,1,1
12645979,73337,10704,KCab-m,ab,home,6,1,1
12645983,73337,11402,KCab-m,ab,home,1,1,1
12647692,73354,10704,KCg-m,gamma,home,10,1,1
12647710,73354,18713,KCg-m,gamma,away,20,1,1
12647711,73354,19267,KCg-m,gamma,away,15,1,1
12657913,73442,11402,KCab-m,ab,home,10,1,1
12659304,73453,21242,KCa'b'-ap2,apbp,away,16,1,0
12659481,73453,523060,KCa'b'-ap2,apbp,away,21,1,0
12659687,73457,11402,KCg-m,gamma,home,15,1,1
12659700,73457,21242,KCg-m,gamma,away,8,1,1
12659939,73457,523060,KCg-m,gamma,away,19,1,1
12662360,73487,10704,KCab-m,ab,home,1,1,1
12662365,73487,11402,KCab-m,ab,home,7,1,1
12664630,73508,11402,KCab-c,ab,home,16,1,1
12670167,73570,11402,KCab-c,ab,home,15,1,1
12671240,73583,10704,KCa'b'-m,apbp,home,1,1,1
12671248,73583,18713,KCa'b'-m,apbp,away,12,1,0
12671250,73583,19267,KCa'b'-m,apbp,away,11,1,0
12671655,73588,10704,KCab-s,ab,home,5,1,1
12671658,73588,11402,KCab-s,ab,home,7,1,1
12675569,73645,10704,KCab-m,ab,home,1,1,1
12675573,73645,11402,KCab-m,ab,home,15,1,1
12675952,73650,11402,KCa'b'-m,apbp,home,1,1,1
12675961,73650,21242,KCa'b'-m,apbp,away,10,1,0
12676137,73650,523060,KCa'b'-m,apbp,away,29,1,0
12683767,73721,11402,KCab-s,ab,home,9,1,1
12686261,73742,11402,KCab-c,ab,home,7,1,1
12686552,73744,10704,KCg-m,gamma,home,16,1,1
12686573,73744,18713,KCg-m,gamma,away,10,1,1
12686574,73744,19267,KCg-m,gamma,away,9,1,1
12687499,73750,11402,KCg-m,gamma,home,2,1,1
12687508,73750,19267,KCg-m,gamma,away,1,1,1
12687510,73750,21242,KCg-m,gamma,away,13,1,1
12687728,73750,523060,KCg-m,gamma,away,21,1,1
12691861,73783,10704,KCg-m,gamma,home,16,1,1
12691879,73783,18713,KCg-m,gamma,away,16,1,1
12691881,73783,19267,KCg-m,gamma,away,16,1,1
12695410,73814,11402,KCg-m,gamma,home,22,1,1
12695424,73814,21242,KCg-m,gamma,away,16,1,1
12695648,73814,523060,KCg-m,gamma,away,15,1,1
12699130,73850,11402,KCg-m,gamma,home,15,1,1
12699141,73850,21242,KCg-m,gamma,away,15,1,1
12699366,73850,523060,KCg-m,gamma,away,9,1,1
12711280,73970,10704,KCg-m,gamma,home,15,1,1
12711297,73970,18713,KCg-m,gamma,away,17,1,1
12711298,73970,19267,KCg-m,gamma,away,22,1,1
12715425,74016,10704,KCab-m,ab,home,6,1,1
12715431,74016,11402,KCab-m,ab,home,2,1,1
12720916,74064,10704,KCa'b'-ap2,apbp,home,2,1,1
12720928,74064,21242,KCa'b'-ap2,apbp,away,10,1,0
12721086,74064,523060,KCa'b'-ap2,apbp,away,20,1,0
12724036,74094,11402,KCg-d,gamma,home,19,1,1
12724049,74094,21242,KCg-d,gamma,away,7,1,1
12724234,74094,523060,KCg-d,gamma,away,17,1,1
12725281,74103,10704,KCab-m,ab,home,1,1,1
12725284,74103,11402,KCab-m,ab,home,10,1,1
12726657,74106,10704,KCab-m,ab,home,1,1,1
12726659,74106,11402,KCab-m,ab,home,10,1,1
12727245,74110,10704,KCg-m,gamma,home,14,1,1
12727260,74110,18713,KCg-m,gamma,away,15,1,1
12727261,74110,19267,KCg-m,gamma,away,15,1,1
12728097,74116,21242,KCa'b'-m,apbp,away,22,1,0
12728250,74116,523060,KCa'b'-m,apbp,away,20,1,0
12730477,74135,10704,KCab-s,ab,home,1,1,1
12730480,74135,11402,KCab-s,ab,home,12,1,1
12731122,74141,18713,KCa'b'-m,apbp,away,12,1,0
12731124,74141,19267,KCa'b'-m,apbp,away,6,1,0
12735966,74190,11402,KCg-m,gamma,home,22,1,1
12735979,74190,21242,KCg-m,gamma,away,9,1,1
12736205,74190,523060,KCg-m,gamma,away,11,1,1
12737338,74203,10704,KCg-m,gamma,home,18,1,1
12737361,74203,18713,KCg-m,gamma,away,16,1,1
12737362,74203,19267,KCg-m,gamma,away,13,1,1
12739316,74222,10704,KCg-m,gamma,home,16,1,1
12739321,74222,11402,KCg-m,gamma,home,1,1,1
12739337,74222,18713,KCg-m,gamma,away,12,1,1
12739338,74222,19267,KCg-m,gamma,away,13,1,1
12740716,74239,18713,KCa'b'-ap2,apbp,away,8,1,0
12740719,74239,19267,KCa'b'-ap2,apbp,away,8,1,0
12743414,74260,11402,KCg-m,gamma,home,26,1,1
12743426,74260,21242,KCg-m,gamma,away,21,1,1
12743682,74260,523060,KCg-m,gamma,away,12,1,1
12744410,74269,11402,KCg-d,gamma,home,20,1,1
12744423,74269,21242,KCg-d,gamma,away,16,1,1
12744620,74269,523060,KCg-d,gamma,away,15,1,1
12746538,74289,10704,KCab-m,ab,home,7,1,1
12746542,74289,11402,KCab-m,ab,home,2,1,1
12747559,74301,11402,KCab-m,ab,home,11,1,1
12748074,74307,18713,KCa'b'-ap2,apbp,away,12,1,0
12748076,74307,19267,KCa'b'-ap2,apbp,away,8,1,0
12750437,74328,11402,KCab-c,ab,home,5,1,1
12753562,74362,10704,KCg-d,gamma,home,10,1,1
12753577,74362,18713,KCg-d,gamma,away,14,1,1
12753578,74362,19267,KCg-d,gamma,away,12,1,1
12754676,74368,11402,KCg-m,gamma,home,18,1,1
12754687,74368,21242,KCg-m,gamma,away,2,1,1
12756121,74380,10704,KCa'b'-ap1,apbp,home,1,1,1
12756129,74380,18713,KCa'b'-ap1,apbp,away,11,1,0
12756130,74380,19267,KCa'b'-ap1,apbp,away,7,1,0
12756132,74380,21242,KCa'b'-ap1,apbp,away,1,1,0
12758899,74403,11402,KCg-m,gamma,home,21,1,1
12758910,74403,21242,KCg-m,gamma,away,10,1,1
12759183,74403,523060,KCg-m,gamma,away,11,1,1
12761378,74421,11402,KCab-c,ab,home,2,1,1
12762590,74434,10704,KCg-m,gamma,home,21,1,1
12762613,74434,18713,KCg-m,gamma,away,13,1,1
12762614,74434,19267,KCg-m,gamma,away,15,1,1
12762615,74434,21242,KCg-m,gamma,away,1,1,1
12765759,74461,11402,KCab-m,ab,home,9,1,1
12772974,74518,10704,KCab-s,ab,home,5,1,1
12774697,74531,21242,KCa'b'-m,apbp,away,16,1,0
12774855,74531,523060,KCa'b'-m,apbp,away,32,1,0
12776035,74542,11402,KCg-d,gamma,home,22,1,1
12776052,74542,21242,KCg-d,gamma,away,14,1,1
12776196,74542,523060,KCg-d,gamma,away,11,1,1
12776470,74548,18713,KCa'b'-ap1,apbp,away,13,1,0
12776471,74548,19267,KCa'b'-ap1,apbp,away,9,1,0
12776636,74549,10704,KCab-s,ab,home,2,1,1
12777263,74553,11402,KCab-m,ab,home,11,1,1
12779539,74568,11402,KCab-c,ab,home,2,1,1
12784042,74610,10704,KCab-c,ab,home,4,1,1
12785017,74620,10704,KCab-m,ab,home,4,1,1
12785374,74623,11402,KCa'b'-ap2,apbp,home,4,1,1
12785384,74623,18713,KCa'b'-ap2,apbp,away,3,1,0
12785386,74623,19267,KCa'b'-ap2,apbp,away,10,1,0
12788777,74663,10704,KCa'b'-ap1,apbp,home,1,1,1
12788789,74663,21242,KCa'b'-ap1,apbp,away,16,1,0
12788924,74663,523060,KCa'b'-ap1,apbp,away,12,1,0
12788940,74665,11402,KCa'b'-ap2,apbp,home,2,1,1
12788949,74665,18713,KCa'b'-ap2,apbp,away,13,1,0
12788951,74665,19267,KCa'b'-ap2,apbp,away,10,1,0
12789308,74668,11402,KCa'b'-ap1,apbp,home,1,1,1
12789313,74668,18713,KCa'b'-ap1,apbp,away,7,1,0
12789314,74668,19267,KCa'b'-ap1,apbp,away,11,1,0
12789473,74668,523060,KCa'b'-ap1,apbp,away,4,1,0
12790559,74682,11402,KCab-s,ab,home,6,1,1
12790751,74683,18713,KCa'b'-ap2,apbp,away,14,1,0
12790752,74683,19267,KCa'b'-ap2,apbp,away,11,1,0
12791984,74698,10704,KCg-m,gamma,home,14,1,1
12792000,74698,18713,KCg-m,gamma,away,15,1,1
12792001,74698,19267,KCg-m,gamma,away,18,1,1
12792256,74698,523060,KCg-m,gamma,away,4,1,1
12793369,74708,10704,KCg-m,gamma,home,15,1,1
12793386,74708,18713,KCg-m,gamma,away,19,1,1
12793387,74708,19267,KCg-m,gamma,away,23,1,1
12794993,74721,10704,KCab-s,ab,home,2,1,1
12794994,74721,11402,KCab-s,ab,home,5,1,1
12796876,74740,10704,KCab-s,ab,home,1,1,1
12796878,74740,11402,KCab-s,ab,home,7,1,1
12799488,74760,10704,KCab-c,ab,home,5,1,1
12803742,74803,11402,KCab-s,ab,home,8,1,1
12804989,74812,11402,KCab-s,ab,home,7,1,1
12809397,74851,11402,KCab-m,ab,home,8,1,1
12812179,74869,11402,KCab-s,ab,home,12,1,1
12815065,74899,11402,KCab-m,ab,home,5,1,1
12817810,74926,10704,KCg-m,gamma,home,9,1,1
12817830,74926,18713,KCg-m,gamma,away,10,1,1
12817831,74926,19267,KCg-m,gamma,away,14,1,1
12824796,74992,10704,KCg-m,gamma,home,14,1,1
12824813,74992,18713,KCg-m,gamma,away,17,1,1
12824814,74992,19267,KCg-m,gamma,away,24,1,1
12828886,75029,11402,KCg-m,gamma,home,15,1,1
12828915,75029,21242,KCg-m,gamma,away,13,1,1
12829273,75029,523060,KCg-m,gamma,away,13,1,1
12829452,75031,10704,KCa'b'-ap1,apbp,home,1,1,1
12829463,75031,18713,KCa'b'-ap1,apbp,away,10,1,0
12829464,75031,19267,KCa'b'-ap1,apbp,away,10,1,0
12830470,75042,10704,KCab-c,ab,home,1,1,1
12830769,75045,11402,KCg-m,gamma,home,18,1,1
12830781,75045,19267,KCg-m,gamma,away,2,1,1
12830783,75045,21242,KCg-m,gamma,away,10,1,1
12831016,75045,523060,KCg-m,gamma,away,7,1,1
12831637,75050,11402,KCab-s,ab,home,12,1,1
12832143,75053,10704,KCa'b'-ap2,apbp,home,1,1,1
12832158,75053,21242,KCa'b'-ap2,apbp,away,17,1,0
12832329,75053,523060,KCa'b'-ap2,apbp,away,19,1,0
12832766,75058,10704,KCab-c,ab,home,4,1,1
12833881,75066,11402,KCab-c,ab,home,10,1,1
12834325,75070,10704,KCg-m,gamma,home,8,1,1
12834348,75070,18713,KCg-m,gamma,away,13,1,1
12834349,75070,19267,KCg-m,gamma,away,17,1,1
12834581,75070,523060,KCg-m,gamma,away,1,1,1
12834747,75072,11402,KCg-m,gamma,home,18,1,1
12834759,75072,21242,KCg-m,gamma,away,13,1,1
12834997,75072,523060,KCg-m,gamma,away,14,1,1
12835121,75075,11402,KCa'b'-ap2,apbp,home,2,1,1
12835131,75075,18713,KCa'b'-ap2,apbp,away,12,1,0
12835133,75075,19267,KCa'b'-ap2,apbp,away,3,1,0
12838254,75106,11402,KCab-c,ab,home,11,1,1
12839733,75122,11402,KCa'b'-ap2,apbp,home,1,1,1
12839742,75122,18713,KCa'b'-ap2,apbp,away,12,1,0
12839744,75122,19267,KCa'b'-ap2,apbp,away,3,1,0
12844439,75149,11402,KCab-s,ab,home,13,1,1
12844834,75155,10704,KCab-m,ab,home,14,1,1
12844838,75155,11402,KCab-m,ab,home,1,1,1
12847581,75181,10704,KCab-s,ab,home,10,1,1
12847585,75181,11402,KCab-s,ab,home,1,1,1
12847882,75185,21242,KCa'b'-ap2,apbp,away,10,1,0
12848067,75185,523060,KCa'b'-ap2,apbp,away,17,1,0
12851160,75216,11402,KCa'b'-m,apbp,home,1,1,1
12851173,75216,18713,KCa'b'-m,apbp,away,16,1,0
12851174,75216,19267,KCa'b'-m,apbp,away,9,1,0
12852361,75225,21242,KCa'b'-ap1,apbp,away,22,1,0
12852510,75225,523060,KCa'b'-ap1,apbp,away,15,1,0
12856547,75260,10704,KCa'b'-ap1,apbp,home,2,1,1
12856559,75260,18713,KCa'b'-ap1,apbp,away,15,1,0
12856560,75260,19267,KCa'b'-ap1,apbp,away,14,1,0
12857200,75265,10704,KCa'b'-ap1,apbp,home,1,1,1
12857204,75265,11402,KCa'b'-ap1,apbp,home,1,1,1
12857210,75265,18713,KCa'b'-ap1,apbp,away,12,1,0
12857211,75265,19267,KCa'b'-ap1,apbp,away,17,1,0
12859879,75288,11402,KCg-m,gamma,home,26,1,1
12859892,75288,21242,KCg-m,gamma,away,8,1,1
12860149,75288,523060,KCg-m,gamma,away,13,1,1
12861181,75300,11402,KCab-s,ab,home,13,1,1
12862050,75310,10704,KCg-m,gamma,home,15,1,1
12862067,75310,18713,KCg-m,gamma,away,14,1,1
12862068,75310,19267,KCg-m,gamma,away,21,1,1
12862332,75312,10704,KCg-m,gamma,home,22,1,1
12862350,75312,18713,KCg-m,gamma,away,12,1,1
12862352,75312,19267,KCg-m,gamma,away,9,1,1
12865852,75347,10704,KCg-m,gamma,home,19,1,1
12865869,75347,18713,KCg-m,gamma,away,17,1,1
12865871,75347,19267,KCg-m,gamma,away,21,1,1
12867395,75368,10704,KCg-m,gamma,home,10,1,1
12867411,75368,18713,KCg-m,gamma,away,18,1,1
12867412,75368,19267,KCg-m,gamma,away,16,1,1
12870124,75384,11402,KCab-s,ab,home,8,1,1
12875340,75428,10704,KCab-m,ab,home,9,1,1
12875343,75428,11402,KCab-m,ab,home,2,1,1
12877180,75446,10704,KCab-s,ab,home,7,1,1
12884019,75507,10704,KCab-c,ab,home,2,1,1
12884023,75507,11402,KCab-c,ab,home,11,1,1
12884896,75513,10704,KCg-m,gamma,home,8,1,1
12884915,75513,18713,KCg-m,gamma,away,16,1,1
12884916,75513,19267,KCg-m,gamma,away,22,1,1
12891979,75578,11402,KCa'b'-ap2,apbp,home,2,1,1
12891988,75578,18713,KCa'b'-ap2,apbp,away,13,1,0
12891990,75578,19267,KCa'b'-ap2,apbp,away,2,1,0
12894526,75597,10704,KCg-m,gamma,home,18,1,1
12894544,75597,18713,KCg-m,gamma,away,16,1,1
12894545,75597,19267,KCg-m,gamma,away,15,1,1
12896909,75611,11402,KCa'b'-ap2,apbp,home,1,1,1
12896920,75611,21242,KCa'b'-ap2,apbp,away,16,1,0
12897107,75611,523060,KCa'b'-ap2,apbp,away,20,1,0
12901133,75650,21242,KCa'b'-ap1,apbp,away,12,1,0
12901275,75650,523060,KCa'b'-ap1,apbp,away,16,1,0
12901400,75652,11402,KCg-m,gamma,home,18,1,1
12901413,75652,21242,KCg-m,gamma,away,10,1,1
12901698,75652,523060,KCg-m,gamma,away,16,1,1
12908545,75718,10704,KCa'b'-ap1,apbp,home,1,1,1
12908548,75718,11402,KCa'b'-ap1,apbp,home,1,1,1
12908557,75718,18713,KCa'b'-ap1,apbp,away,11,1,0
12908558,75718,19267,KCa'b'-ap1,apbp,away,10,1,0
12908705,75718,523060,KCa'b'-ap1,apbp,away,1,1,0
12912850,75756,21242,KCa'b'-ap1,apbp,away,19,1,0
12913007,75756,523060,KCa'b'-ap1,apbp,away,16,1,0
12913142,75758,10704,KCg-m,gamma,home,25,1,1
12913165,75758,18713,KCg-m,gamma,away,11,1,1
12913166,75758,19267,KCg-m,gamma,away,13,1,1
12914812,75774,11402,KCg-m,gamma,home,16,1,1
12914824,75774,21242,KCg-m,gamma,away,15,1,1
12915051,75774,523060,KCg-m,gamma,away,12,1,1
12915499,75780,10704,KCa'b'-ap1,apbp,home,2,1,1
12915511,75780,19267,KCa'b'-ap1,apbp,away,1,1,0
12915513,75780,21242,KCa'b'-ap1,apbp,away,18,1,0
12915678,75780,523060,KCa'b'-ap1,apbp,away,16,1,0
12915828,75782,21242,KCa'b'-ap1,apbp,away,21,1,0
12916012,75782,523060,KCa'b'-ap1,apbp,away,23,1,0
12918533,75802,11402,KCab-c,ab,home,7,1,1
12920654,75830,10704,KCg-m,gamma,home,13,1,1
12920679,75830,18713,KCg-m,gamma,away,18,1,1
12920680,75830,19267,KCg-m,gamma,away,21,1,1
12926149,75880,11402,KCg-m,gamma,home,16,1,1
12926161,75880,21242,KCg-m,gamma,away,13,1,1
12926356,75880,523060,KCg-m,gamma,away,7,1,1
12926554,75882,10704,KCab-s,ab,home,1,1,1
12926556,75882,11402,KCab-s,ab,home,11,1,1
12929530,75907,10704,KCg-m,gamma,home,22,1,1
12929554,75907,18713,KCg-m,gamma,away,12,1,1
12929555,75907,19267,KCg-m,gamma,away,10,1,1
12929831,75908,10704,KCab-m,ab,home,8,1,1
12933421,75942,10704,KCab-s,ab,home,3,1,1
12935449,75958,10704,KCab-m,ab,home,8,1,1
12935452,75958,11402,KCab-m,ab,home,1,1,1
12936007,75964,10704,KCab-s,ab,home,7,1,1
12936474,75968,10704,KCab-m,ab,home,4,1,1
12936478,75968,11402,KCab-m,ab,home,2,1,1
12939891,75997,11402,KCab-s,ab,home,9,1,1
12941047,76005,11402,KCab-c,ab,home,2,1,1
12941552,76009,10704,KCab-s,ab,home,5,1,1
12941556,76009,11402,KCab-s,ab,home,1,1,1
12943182,76023,11402,KCg-d,gamma,home,15,1,1
12943195,76023,21242,KCg-d,gamma,away,18,1,1
12943370,76023,523060,KCg-d,gamma,away,12,1,1
12947473,76056,21242,KCa'b'-ap2,apbp,away,15,1,0
12947635,76056,523060,KCa'b'-ap2,apbp,away,13,1,0
12948260,76063,11402,KCg-m,gamma,home,21,1,1
12948271,76063,21242,KCg-m,gamma,away,15,1,1
12948508,76063,523060,KCg-m,gamma,away,19,1,1
12949374,76069,21242,KCa'b'-ap2,apbp,away,15,1,0
12949571,76069,523060,KCa'b'-ap2,apbp,away,21,1,0
12949637,76072,10704,KCab-s,ab,home,8,1,1
12950143,76076,11402,KCg-d,gamma,home,16,1,1
12950157,76076,21242,KCg-d,gamma,away,11,1,1
12950305,76076,523060,KCg-d,gamma,away,15,1,1
12951078,76085,10704,KCg-m,gamma,home,9,1,1
12951096,76085,18713,KCg-m,gamma,away,10,1,1
12951098,76085,19267,KCg-m,gamma,away,9,1,1
12951811,76091,10704,KCab-p,ab,home,6,1,1
12955423,76122,10704,KCg-m,gamma,home,10,1,1
12955439,76122,18713,KCg-m,gamma,away,15,1,1
12955441,76122,19267,KCg-m,gamma,away,23,1,1
12964601,76203,10704,KCa'b'-ap1,apbp,home,1,1,1
12964614,76203,21242,KCa'b'-ap1,apbp,away,12,1,0
12964772,76203,523060,KCa'b'-ap1,apbp,away,20,1,0
12971446,76265,10704,KCab-m,ab,home,1,1,1
12971450,76265,11402,KCab-m,ab,home,12,1,1
12972152,76271,11402,KCab-s,ab,home,7,1,1
12972355,76272,10704,KCab-c,ab,home,1,1,1
12972357,76272,11402,KCab-c,ab,home,4,1,1
12974004,76287,21242,KCa'b'-m,apbp,away,7,1,0
12974164,76287,523060,KCa'b'-m,apbp,away,17,1,0
12975131,76299,21242,KCa'b'-ap2,apbp,away,18,1,0
12975303,76299,523060,KCa'b'-ap2,apbp,away,18,1,0
12976104,76309,10704,KCg-m,gamma,home,13,1,1
12976121,76309,18713,KCg-m,gamma,away,15,1,1
12976122,76309,19267,KCg-m,gamma,away,18,1,1
12977315,76317,11402,KCg-m,gamma,home,14,1,1
12977325,76317,21242,KCg-m,gamma,away,9,1,1
12977558,76317,523060,KCg-m,gamma,away,18,1,1
12981249,76352,21242,KCa'b'-ap2,apbp,away,12,1,0
12981429,76352,523060,KCa'b'-ap2,apbp,away,16,1,0
12981542,76354,11402,KCa'b'-ap2,apbp,home,1,1,1
12981550,76354,18713,KCa'b'-ap2,apbp,away,10,1,0
12981552,76354,19267,KCa'b'-ap2,apbp,away,17,1,0
12984236,76370,21242,KCa'b'-ap2,apbp,away,18,1,0
12984420,76370,523060,KCa'b'-ap2,apbp,away,15,1,0
12991204,76429,18713,KCa'b'-ap1,apbp,away,10,1,0
12991205,76429,19267,KCa'b'-ap1,apbp,away,14,1,0
12991377,76431,10704,KCg-m,gamma,home,25,1,1
12991393,76431,18713,KCg-m,gamma,away,14,1,1
12991395,76431,19267,KCg-m,gamma,away,15,1,1
12991916,76436,10704,KCab-s,ab,home,1,1,1
12991918,76436,11402,KCab-s,ab,home,4,1,1
12992644,76443,11402,KCg-m,gamma,home,26,1,1
12992661,76443,21242,KCg-m,gamma,away,16,1,1
12992893,76443,523060,KCg-m,gamma,away,14,1,1
12992917,76444,10704,KCab-c,ab,home,1,1,1
12992921,76444,11402,KCab-c,ab,home,6,1,1
12993842,76455,10704,KCg-d,gamma,home,11,1,1
12993857,76455,18713,KCg-d,gamma,away,19,1,1
12993858,76455,19267,KCg-d,gamma,away,18,1,1
12996177,76476,10704,KCg-m,gamma,home,18,1,1
12996196,76476,18713,KCg-m,gamma,away,20,1,1
12996197,76476,19267,KCg-m,gamma,away,9,1,1
12997505,76488,10704,KCg-m,gamma,home,13,1,1
12997525,76488,18713,KCg-m,gamma,away,18,1,1
12997526,76488,19267,KCg-m,gamma,away,18,1,1
12998275,76493,11402,KCg-m,gamma,home,24,1,1
12998287,76493,21242,KCg-m,gamma,away,10,1,1
12998565,76493,523060,KCg-m,gamma,away,17,1,1
13000013,76508,10704,KCg-m,gamma,home,11,1,1
13000033,76508,18713,KCg-m,gamma,away,11,1,1
13000034,76508,19267,KCg-m,gamma,away,12,1,1
13001745,76523,10704,KCab-s,ab,home,2,1,1
13001747,76523,11402,KCab-s,ab,home,11,1,1
13003008,76531,11402,KCab-c,ab,home,5,1,1
13006749,76564,10704,KCg-m,gamma,home,17,1,1
13006769,76564,18713,KCg-m,gamma,away,20,1,1
13006770,76564,19267,KCg-m,gamma,away,13,1,1
13007191,76566,10704,KCab-m,ab,home,4,1,1
13007194,76566,11402,KCab-m,ab,home,1,1,1
13009268,76582,11402,KCab-s,ab,home,8,1,1
13009761,76587,11402,KCg-m,gamma,home,19,1,1
13009772,76587,21242,KCg-m,gamma,away,20,1,1
13010019,76587,523060,KCg-m,gamma,away,26,1,1
13010460,76593,10704,KCab-s,ab,home,3,1,1
13010462,76593,11402,KCab-s,ab,home,9,1,1
13010654,76594,10704,KCab-m,ab,home,8,1,1
13010657,76594,11402,KCab-m,ab,home,1,1,1
13011717,76605,10704,KCab-m,ab,home,5,1,1
13011721,76605,11402,KCab-m,ab,home,1,1,1
13011990,76608,10704,KCab-m,ab,home,5,1,1
13011994,76608,11402,KCab-m,ab,home,2,1,1
13013032,76615,11402,KCab-m,ab,home,11,1,1
13017523,76648,11402,KCab-s,ab,home,9,1,1
13018748,76660,10704,KCab-s,ab,home,5,1,1
13018751,76660,11402,KCab-s,ab,home,10,1,1
13019359,76665,21242,KCa'b'-m,apbp,away,17,1,0
13019561,76665,523060,KCa'b'-m,apbp,away,29,1,0
13020329,76676,10704,KCab-m,ab,home,9,1,1
13020332,76676,11402,KCab-m,ab,home,1,1,1
13021264,76688,10704,KCab-p,ab,home,2,1,1
13022146,76702,11402,KCab-p,ab,home,4,1,1
13024887,76727,10704,KCab-m,ab,home,8,1,1
13027112,76750,10704,KCab-s,ab,home,3,1,1
13027115,76750,11402,KCab-s,ab,home,17,1,1
13029611,76774,10704,KCab-m,ab,home,2,1,1
13029615,76774,11402,KCab-m,ab,home,1,1,1
13033955,76807,11402,KCab-c,ab,home,4,1,1
13034475,76811,10704,KCab-s,ab,home,1,1,1
13034478,76811,11402,KCab-s,ab,home,9,1,1
13037737,76837,11402,KCg-m,gamma,home,15,1,1
13037750,76837,21242,KCg-m,gamma,away,12,1,1
13037981,76837,523060,KCg-m,gamma,away,11,1,1
13039277,76850,19267,KCa'b'-ap1,apbp,away,1,1,0
13039278,76850,21242,KCa'b'-ap1,apbp,away,18,1,0
13039428,76850,523060,KCa'b'-ap1,apbp,away,15,1,0
13040345,76862,11402,KCab-s,ab,home,9,1,1
13040693,76867,11402,KCa'b'-ap2,apbp,home,1,1,1
13040704,76867,18713,KCa'b'-ap2,apbp,away,12,1,0
13040705,76867,19267,KCa'b'-ap2,apbp,away,4,1,0
13043111,76889,10704,KCa'b'-ap1,apbp,home,1,1,1
13043123,76889,21242,KCa'b'-ap1,apbp,away,12,1,0
13043266,76889,523060,KCa'b'-ap1,apbp,away,9,1,0
13044299,76898,11402,KCab-s,ab,home,7,1,1
13048791,76933,21242,KCa'b'-ap2,apbp,away,17,1,0
13049002,76933,523060,KCa'b'-ap2,apbp,away,15,1,0
13050238,76949,10704,KCg-m,gamma,home,10,1,1
13050255,76949,18713,KCg-m,gamma,away,6,1,1
13050256,76949,19267,KCg-m,gamma,away,23,1,1
13052181,76973,11402,KCg-m,gamma,home,23,1,1
13052193,76973,21242,KCg-m,gamma,away,17,1,1
13052455,76973,523060,KCg-m,gamma,away,14,1,1
13053430,76984,11402,KCab-p,ab,home,1,1,1
13057390,77022,11402,KCab-c,ab,home,3,1,1
13059900,77054,11402,KCg-m,gamma,home,19,1,1
13059915,77054,19267,KCg-m,gamma,away,1,1,1
13059916,77054,21242,KCg-m,gamma,away,8,1,1
13060180,77054,523060,KCg-m,gamma,away,6,1,1
13060851,77060,11402,KCa'b'-ap2,apbp,home,1,1,1
13060858,77060,18713,KCa'b'-ap2,apbp,away,8,1,0
13060859,77060,19267,KCa'b'-ap2,apbp,away,15,1,0
13061789,77068,21242,KCa'b'-m,apbp,away,14,1,0
13061958,77068,523060,KCa'b'-m,apbp,away,19,1,0
13062598,77076,10704,KCab-s,ab,home,7,1,1
13062601,77076,11402,KCab-s,ab,home,1,1,1
13064351,77093,10704,KCg-m,gamma,home,24,1,1
13064368,77093,18713,KCg-m,gamma,away,12,1,1
13064369,77093,19267,KCg-m,gamma,away,15,1,1
13066114,77108,10704,KCg-m,gamma,home,10,1,1
13066133,77108,18713,KCg-m,gamma,away,11,1,1
13066134,77108,19267,KCg-m,gamma,away,13,1,1
13067776,77126,11402,KCg-m,gamma,home,28,1,1
13067789,77126,21242,KCg-m,gamma,away,6,1,1
13068029,77126,523060,KCg-m,gamma,away,14,1,1
13068484,77131,11402,KCab-c,ab,home,8,1,1
13068668,77132,11402,KCg-m,gamma,home,16,1,1
13068678,77132,21242,KCg-m,gamma,away,10,1,1
13068900,77132,523060,KCg-m,gamma,away,9,1,1
13071685,77158,11402,KCg-m,gamma,home,22,1,1
13071697,77158,21242,KCg-m,gamma,away,13,1,1
13071958,77158,523060,KCg-m,gamma,away,12,1,1
13072691,77164,11402,KCab-c,ab,home,8,1,1
13076426,77199,18713,KCa'b'-m,apbp,away,20,1,0
13076428,77199,19267,KCa'b'-m,apbp,away,6,1,0
13078276,77219,10704,KCab-s,ab,home,1,1,1
13078278,77219,11402,KCab-s,ab,home,4,1,1
13085410,77281,11402,KCg-m,gamma,home,12,1,1
13085425,77281,21242,KCg-m,gamma,away,12,1,1
13085645,77281,523060,KCg-m,gamma,away,17,1,1
13090900,77324,11402,KCab-c,ab,home,5,1,1
13095665,77367,10704,KCg-m,gamma,home,19,1,1
13095688,77367,18713,KCg-m,gamma,away,19,1,1
13095690,77367,19267,KCg-m,gamma,away,16,1,1
13097474,77382,11402,KCab-m,ab,home,9,1,1
13098280,77390,10704,KCab-s,ab,home,1,1,1
13098281,77390,11402,KCab-s,ab,home,12,1,1
13099588,77409,21242,KCa'b'-ap1,apbp,away,21,1,0
13099744,77409,523060,KCa'b'-ap1,apbp,away,17,1,0
13101352,77433,11402,KCab-s,ab,home,5,1,1
13102345,77442,11402,KCg-m,gamma,home,19,1,1
13102354,77442,21242,KCg-m,gamma,away,10,1,1
13102631,77442,523060,KCg-m,gamma,away,3,1,1
13103500,77449,11402,KCg-m,gamma,home,16,1,1
13103516,77449,21242,KCg-m,gamma,away,14,1,1
13103795,77449,523060,KCg-m,gamma,away,15,1,1
13104008,77451,11402,KCg-m,gamma,home,15,1,1
13104023,77451,21242,KCg-m,gamma,away,14,1,1
13104276,77451,523060,KCg-m,gamma,away,11,1,1
13104564,77454,10704,KCg-m,gamma,home,11,1,1
13104582,77454,18713,KCg-m,gamma,away,28,1,1
13104583,77454,19267,KCg-m,gamma,away,22,1,1
13107058,77479,11402,KCg-m,gamma,home,20,1,1
13107069,77479,21242,KCg-m,gamma,away,4,1,1
13107309,77479,523060,KCg-m,gamma,away,7,1,1
13109865,77505,10704,KCab-m,ab,home,3,1,1
13111752,77523,11402,KCg-m,gamma,home,26,1,1
13111765,77523,21242,KCg-m,gamma,away,14,1,1
13112013,77523,523060,KCg-m,gamma,away,9,1,1
13113337,77539,21242,KCa'b'-ap2,apbp,away,14,1,0
13113516,77539,523060,KCa'b'-ap2,apbp,away,20,1,0
13121114,77628,10704,KCg-m,gamma,home,17,1,1
13121131,77628,18713,KCg-m,gamma,away,16,1,1
13121133,77628,19267,KCg-m,gamma,away,12,1,1
13121467,77631,10704,KCg-m,gamma,home,14,1,1
13121486,77631,18713,KCg-m,gamma,away,20,1,1
13121487,77631,19267,KCg-m,gamma,away,21,1,1
13122339,77637,11402,KCg-m,gamma,home,14,1,1
13122348,77637,21242,KCg-m,gamma,away,12,1,1
13122556,77637,523060,KCg-m,gamma,away,13,1,1
13126812,77679,11402,KCa'b'-ap1,apbp,home,1,1,1
13126817,77679,18713,KCa'b'-ap1,apbp,away,8,1,0
13126818,77679,19267,KCa'b'-ap1,apbp,away,12,1,0
13130424,77719,10704,KCg-m,gamma,home,15,1,1
13130442,77719,18713,KCg-m,gamma,away,15,1,1
13130443,77719,19267,KCg-m,gamma,away,13,1,1
13131749,77729,11402,KCab-s,ab,home,8,1,1
13132591,77735,11402,KCab-c,ab,home,9,1,1
13134261,77755,18713,KCa'b'-ap1,apbp,away,12,1,0
13134262,77755,19267,KCa'b'-ap1,apbp,away,11,1,0
13134814,77760,11402,KCab-s,ab,home,16,1,1
13137436,77790,11402,KCab-c,ab,home,3,1,1
13139479,77810,11402,KCab-m,ab,home,6,1,1
13144713,77858,21242,KCa'b'-m,apbp,away,12,1,0
13144884,77858,523060,KCa'b'-m,apbp,away,24,1,0
13150142,77914,10704,KCab-s,ab,home,3,1,1
13156017,77975,11402,KCg-m,gamma,home,24,1,1
13156029,77975,21242,KCg-m,gamma,away,15,1,1
13156255,77975,523060,KCg-m,gamma,away,18,1,1
13160334,78013,10704,KCab-s,ab,home,2,1,1
13160338,78013,11402,KCab-s,ab,home,12,1,1
13164480,78060,11402,KCab-s,ab,home,11,1,1
13165414,78066,10704,KCg-m,gamma,home,21,1,1
13165436,78066,18713,KCg-m,gamma,away,10,1,1
13165437,78066,19267,KCg-m,gamma,away,12,1,1
13166285,78073,10704,KCa'b'-ap1,apbp,home,1,1,1
13166299,78073,21242,KCa'b'-ap1,apbp,away,16,1,0
13166424,78073,523060,KCa'b'-ap1,apbp,away,23,1,0
13168545,78097,10704,KCab-s,ab,home,1,1,1
13168547,78097,11402,KCab-s,ab,home,12,1,1
13171717,78118,10704,KCab-c,ab,home,6,1,1
13174977,78147,18713,KCa'b'-ap2,apbp,away,12,1,0
13174978,78147,19267,KCa'b'-ap2,apbp,away,6,1,0
13175353,78150,21242,KCa'b'-m,apbp,away,15,1,0
13175527,78150,523060,KCa'b'-m,apbp,away,22,1,0
13176197,78155,11402,KCab-c,ab,home,4,1,1
13179501,78189,21242,KCa'b'-m,apbp,away,19,1,0
13179680,78189,523060,KCa'b'-m,apbp,away,29,1,0
13179896,78194,21242,KCa'b'-m,apbp,away,13,1,0
13180072,78194,523060,KCa'b'-m,apbp,away,14,1,0
13181002,78203,10704,KCab-s,ab,home,1,1,1
13181005,78203,11402,KCab-s,ab,home,11,1,1
13182560,78222,10704,KCab-m,ab,home,9,1,1
13183713,78234,11402,KCab-s,ab,home,8,1,1
13185350,78251,11402,KCg-m,gamma,home,37,1,1
13185361,78251,21242,KCg-m,gamma,away,10,1,1
13185621,78251,523060,KCg-m,gamma,away,19,1,1
13186530,78261,10704,KCab-m,ab,home,13,1,1
13195624,78356,11402,KCab-s,ab,home,7,1,1
13195995,78359,18713,KCa'b'-ap2,apbp,away,8,1,0
13195997,78359,19267,KCa'b'-ap2,apbp,away,4,1,0
13196297,78361,11402,KCg-m,gamma,home,11,1,1
13196308,78361,21242,KCg-m,gamma,away,15,1,1
13196573,78361,523060,KCg-m,gamma,away,21,1,1
13196730,78363,10704,KCab-m,ab,home,7,1,1
13198170,78379,18713,KCa'b'-ap2,apbp,away,10,1,0
13198172,78379,19267,KCa'b'-ap2,apbp,away,12,1,0
13205792,78458,11402,KCg-m,gamma,home,27,1,1
13205804,78458,21242,KCg-m,gamma,away,9,1,1
13205974,78458,523060,KCg-m,gamma,away,20,1,1
13208033,78476,10704,KCab-c,ab,home,7,1,1
13208485,78480,18713,KCa'b'-ap2,apbp,away,17,1,0
13208486,78480,19267,KCa'b'-ap2,apbp,away,19,1,0
13208981,78483,10704,KCg-m,gamma,home,16,1,1
13209004,78483,18713,KCg-m,gamma,away,14,1,1
13209006,78483,19267,KCg-m,gamma,away,22,1,1
13210089,78494,11402,KCab-c,ab,home,8,1,1
13211712,78512,21242,KCa'b'-ap2,apbp,away,15,1,0
13211895,78512,523060,KCa'b'-ap2,apbp,away,21,1,0
13212036,78514,10704,KCg-m,gamma,home,9,1,1
13212054,78514,18713,KCg-m,gamma,away,23,1,1
13212056,78514,19267,KCg-m,gamma,away,19,1,1
13212057,78514,21242,KCg-m,gamma,away,1,1,1
13213964,78531,11402,KCab-m,ab,home,6,1,1
13215615,78544,10704,KCab-s,ab,home,1,1,1
13215616,78544,11402,KCab-s,ab,home,9,1,1
13219947,78589,11402,KCab-s,ab,home,6,1,1
13236320,78747,10704,KCab-s,ab,home,7,1,1
13236324,78747,11402,KCab-s,ab,home,1,1,1
13238555,78768,11402,KCg-d,gamma,home,12,1,1
13238569,78768,21242,KCg-d,gamma,away,12,1,1
13238728,78768,523060,KCg-d,gamma,away,13,1,1
13239127,78772,10704,KCab-c,ab,home,1,1,1
13239132,78772,11402,KCab-c,ab,home,5,1,1
13242743,78803,11402,KCab-s,ab,home,11,1,1
13243627,78811,11402,KCg-m,gamma,home,21,1,1
13243637,78811,21242,KCg-m,gamma,away,16,1,1
13243863,78811,523060,KCg-m,gamma,away,16,1,1
13247920,78858,11402,KCg-m,gamma,home,33,1,1
13247934,78858,18713,KCg-m,gamma,away,1,1,1
13247936,78858,21242,KCg-m,gamma,away,8,1,1
13248170,78858,523060,KCg-m,gamma,away,4,1,1
13248439,78862,10704,KCg-m,gamma,home,14,1,1
13248459,78862,18713,KCg-m,gamma,away,18,1,1
13248461,78862,19267,KCg-m,gamma,away,17,1,1
13249424,78872,10704,KCg-m,gamma,home,12,1,1
13249445,78872,18713,KCg-m,gamma,away,11,1,1
13249446,78872,19267,KCg-m,gamma,away,10,1,1
13250250,78880,10704,KCg-m,gamma,home,17,1,1
13250267,78880,18713,KCg-m,gamma,away,14,1,1
13250268,78880,19267,KCg-m,gamma,away,16,1,1
13252784,78909,11402,KCab-c,ab,home,10,1,1
13254054,78920,11402,KCg-m,gamma,home,23,1,1
13254065,78920,21242,KCg-m,gamma,away,14,1,1
13254320,78920,523060,KCg-m,gamma,away,11,1,1
13254369,78924,11402,KCab-s,ab,home,7,1,1
13254925,78928,11402,KCab-s,ab,home,9,1,1
13256838,78946,11402,KCab-s,ab,home,10,1,1
13258010,78959,11402,KCab-m,ab,home,12,1,1
13260571,78984,10704,KCab-s,ab,home,2,1,1
13260573,78984,11402,KCab-s,ab,home,7,1,1
13261418,78992,10704,KCg-m,gamma,home,26,1,1
13261433,78992,18713,KCg-m,gamma,away,8,1,1
13261434,78992,19267,KCg-m,gamma,away,6,1,1
13262210,78997,18713,KCa'b'-m,apbp,away,13,1,0
13262212,78997,19267,KCa'b'-m,apbp,away,2,1,0
13263916,79013,10704,KCab-m,ab,home,3,1,1
13263920,79013,11402,KCab-m,ab,home,4,1,1
13265906,79038,11402,KCab-c,ab,home,8,1,1
13268000,79052,21242,KCa'b'-ap1,apbp,away,21,1,0
13268172,79052,523060,KCa'b'-ap1,apbp,away,20,1,0
13271958,79092,11402,KCab-c,ab,home,11,1,1
13280530,79184,11402,KCab-p,ab,home,5,1,1
13282191,79199,18713,KCa'b'-ap2,apbp,away,21,1,0
13282192,79199,19267,KCa'b'-ap2,apbp,away,3,1,0
13282741,79203,10704,KCab-c,ab,home,1,1,1
13282744,79203,11402,KCab-c,ab,home,13,1,1
13284592,79218,10704,KCab-c,ab,home,5,1,1
13285174,79224,11402,KCa'b'-m,apbp,home,1,1,1
13285183,79224,21242,KCa'b'-m,apbp,away,20,1,0
13285346,79224,523060,KCa'b'-m,apbp,away,18,1,0
13290218,79275,10704,KCg-m,gamma,home,24,1,1
13290234,79275,18713,KCg-m,gamma,away,8,1,1
13290236,79275,19267,KCg-m,gamma,away,16,1,1
13293402,79299,10704,KCab-s,ab,home,5,1,1
13300144,79362,11402,KCg-s3,gamma,home,30,1,1
13300170,79362,21242,KCg-s3,gamma,away,17,1,1
13300420,79362,523060,KCg-s3,gamma,away,16,1,1
13300635,79364,18713,KCa'b'-ap1,apbp,away,7,1,0
13300636,79364,19267,KCa'b'-ap1,apbp,away,15,1,0
13300638,79364,21242,KCa'b'-ap1,apbp,away,1,1,0
13301746,79372,11402,KCg-m,gamma,home,21,1,1
13301757,79372,19267,KCg-m,gamma,away,1,1,1
13301758,79372,21242,KCg-m,gamma,away,9,1,1
13302014,79372,523060,KCg-m,gamma,away,17,1,1
13305878,79419,10704,KCg-d,gamma,home,18,1,1
13305897,79419,18713,KCg-d,gamma,away,16,1,1
13305898,79419,19267,KCg-d,gamma,away,18,1,1
13308370,79444,11402,KCg-m,gamma,home,26,1,1
13308387,79444,21242,KCg-m,gamma,away,6,1,1
13308617,79444,523060,KCg-m,gamma,away,9,1,1
13311226,79476,10704,KCa'b'-ap1,apbp,home,2,1,1
13311234,79476,18713,KCa'b'-ap1,apbp,away,12,1,0
13311235,79476,19267,KCa'b'-ap1,apbp,away,11,1,0
13313612,79504,11402,KCab-c,ab,home,6,1,1
13313961,79508,10704,KCab-s,ab,home,2,1,1
13313965,79508,11402,KCab-s,ab,home,10,1,1
13315260,79522,11402,KCab-p,ab,home,6,1,1
13316379,79536,11402,KCab-s,ab,home,14,1,1
13319347,79562,10704,KCab-c,ab,home,2,1,1
13319351,79562,11402,KCab-c,ab,home,4,1,1
13321828,79590,11402,KCab-c,ab,home,11,1,1
13325009,79622,10704,KCg-m,gamma,home,15,1,1
13325023,79622,18713,KCg-m,gamma,away,17,1,1
13325024,79622,19267,KCg-m,gamma,away,26,1,1
13328623,79653,11402,KCg-m,gamma,home,13,1,1
13328635,79653,21242,KCg-m,gamma,away,10,1,1
13328902,79653,523060,KCg-m,gamma,away,13,1,1
13329012,79656,21242,KCa'b'-ap2,apbp,away,20,1,0
13329176,79656,523060,KCa'b'-ap2,apbp,away,15,1,0
13332429,79684,11402,KCa'b'-m,apbp,home,2,1,1
13332437,79684,18713,KCa'b'-m,apbp,away,12,1,0
13332439,79684,19267,KCa'b'-m,apbp,away,12,1,0
13333066,79690,10704,KCg-m,gamma,home,15,1,1
13333081,79690,18713,KCg-m,gamma,away,23,1,1
13333082,79690,19267,KCg-m,gamma,away,12,1,1
13337279,79735,11402,KCab-c,ab,home,1,1,1
13339803,79761,10704,KCg-m,gamma,home,10,1,1
13339819,79761,18713,KCg-m,gamma,away,16,1,1
13339820,79761,19267,KCg-m,gamma,away,11,1,1
13341318,79776,10704,KCg-m,gamma,home,16,1,1
13341336,79776,18713,KCg-m,gamma,away,13,1,1
13341337,79776,19267,KCg-m,gamma,away,12,1,1
13341562,79777,11402,KCab-c,ab,home,5,1,1
13342019,79783,10704,KCg-m,gamma,home,15,1,1
13342036,79783,18713,KCg-m,gamma,away,22,1,1
13342037,79783,19267,KCg-m,gamma,away,16,1,1
13342038,79783,21242,KCg-m,gamma,away,2,1,1
13343578,79793,11402,KCa'b'-m,apbp,home,2,1,1
13343587,79793,21242,KCa'b'-m,apbp,away,21,1,0
13343765,79793,523060,KCa'b'-m,apbp,away,16,1,0
13343793,79795,10704,KCab-m,ab,home,11,1,1
13343797,79795,11402,KCab-m,ab,home,1,1,1
13346111,79821,10704,KCab-s,ab,home,1,1,1
13346115,79821,11402,KCab-s,ab,home,10,1,1
13347263,79831,10704,KCab-c,ab,home,1,1,1
13347267,79831,11402,KCab-c,ab,home,1,1,1
13347413,79832,11402,KCg-m,gamma,home,19,1,1
13347426,79832,21242,KCg-m,gamma,away,14,1,1
13347691,79832,523060,KCg-m,gamma,away,14,1,1
13348955,79846,11402,KCa'b'-m,apbp,home,1,1,1
13348966,79846,18713,KCa'b'-m,apbp,away,13,1,0
13348967,79846,19267,KCa'b'-m,apbp,away,11,1,0
13350590,79860,18713,KCa'b'-m,apbp,away,6,1,0
13350592,79860,19267,KCa'b'-m,apbp,away,1,1,0
13352162,79877,11402,KCab-c,ab,home,9,1,1
13353604,79893,21242,KCa'b'-ap2,apbp,away,12,1,0
13353784,79893,523060,KCa'b'-ap2,apbp,away,13,1,0
13354402,79899,18713,KCa'b'-ap2,apbp,away,15,1,0
13354404,79899,19267,KCa'b'-ap2,apbp,away,11,1,0
13355756,79911,10704,KCab-m,ab,home,7,1,1
13356680,79920,11402,KCab-c,ab,home,7,1,1
13357971,79931,11402,KCg-m,gamma,home,23,1,1
13357980,79931,21242,KCg-m,gamma,away,8,1,1
13358228,79931,523060,KCg-m,gamma,away,15,1,1
13359532,79945,10704,KCab-c,ab,home,1,1,1
13359536,79945,11402,KCab-c,ab,home,7,1,1
13360271,79950,10704,KCg-m,gamma,home,14,1,1
13360292,79950,18713,KCg-m,gamma,away,21,1,1
13360294,79950,19267,KCg-m,gamma,away,20,1,1
13362537,79972,11402,KCab-m,ab,home,8,1,1
13366539,80009,10704,KCab-c,ab,home,1,1,1
13366541,80009,11402,KCab-c,ab,home,13,1,1
13367113,80013,10704,KCab-s,ab,home,1,1,1
13367115,80013,11402,KCab-s,ab,home,12,1,1
13368623,80027,11402,KCg-m,gamma,home,26,1,1
13368634,80027,18713,KCg-m,gamma,away,2,1,1
13368635,80027,21242,KCg-m,gamma,away,18,1,1
13368847,80027,523060,KCg-m,gamma,away,15,1,1
13373268,80076,10704,KCab-m,ab,home,12,1,1
13373593,80079,11402,KCg-m,gamma,home,23,1,1
13373603,80079,21242,KCg-m,gamma,away,8,1,1
13373872,80079,523060,KCg-m,gamma,away,14,1,1
13374129,80082,10704,KCab-s,ab,home,2,1,1
13374132,80082,11402,KCab-s,ab,home,13,1,1
13374349,80083,11402,KCg-m,gamma,home,15,1,1
13374358,80083,21242,KCg-m,gamma,away,8,1,1
13374641,80083,523060,KCg-m,gamma,away,14,1,1
13376157,80094,10704,KCg-m,gamma,home,21,1,1
13376176,80094,18713,KCg-m,gamma,away,15,1,1
13376177,80094,19267,KCg-m,gamma,away,9,1,1
13379124,80123,11402,KCg-m,gamma,home,29,1,1
13379135,80123,21242,KCg-m,gamma,away,8,1,1
13379396,80123,523060,KCg-m,gamma,away,15,1,1
13379749,80128,11402,KCg-s4,gamma,home,20,1,1
13379762,80128,21242,KCg-s4,gamma,away,17,1,1
13379953,80128,523060,KCg-s4,gamma,away,11,1,1
13380296,80131,10704,KCab-s,ab,home,3,1,1
13380298,80131,11402,KCab-s,ab,home,10,1,1
13381582,80143,10704,KCg-m,gamma,home,9,1,1
13381598,80143,18713,KCg-m,gamma,away,14,1,1
13381600,80143,19267,KCg-m,gamma,away,9,1,1
13382871,80155,11402,KCab-s,ab,home,12,1,1
13383833,80168,11402,KCab-c,ab,home,3,1,1
13384227,80172,11402,KCab-s,ab,home,16,1,1
13387190,80201,10704,KCab-s,ab,home,1,1,1
13387191,80201,11402,KCab-s,ab,home,8,1,1
13395792,80274,21242,KCa'b'-m,apbp,away,17,1,0
13395963,80274,523060,KCa'b'-m,apbp,away,31,1,0
13399544,80309,10704,KCab-m,ab,home,11,1,1
13400537,80325,10704,KCg-m,gamma,home,19,1,1
13400555,80325,18713,KCg-m,gamma,away,19,1,1
13400557,80325,19267,KCg-m,gamma,away,28,1,1
13403173,80348,10704,KCab-m,ab,home,3,1,1
13405860,80380,10704,KCg-m,gamma,home,4,1,1
13405880,80380,18713,KCg-m,gamma,away,14,1,1
13405881,80380,19267,KCg-m,gamma,away,17,1,1
13406207,80382,11402,KCab-c,ab,home,8,1,1
13407567,80395,10704,KCab-c,ab,home,6,1,1
13407836,80397,11402,KCg-m,gamma,home,15,1,1
13407849,80397,21242,KCg-m,gamma,away,13,1,1
13408090,80397,523060,KCg-m,gamma,away,23,1,1
13408996,80409,10704,KCab-m,ab,home,7,1,1
13409000,80409,11402,KCab-m,ab,home,2,1,1
13421864,80532,10704,KCg-m,gamma,home,8,1,1
13421879,80532,18713,KCg-m,gamma,away,14,1,1
13421880,80532,19267,KCg-m,gamma,away,19,1,1
13422668,80539,11402,KCab-s,ab,home,10,1,1
13423284,80543,11402,KCab-p,ab,home,9,1,1
13425173,80562,10704,KCab-s,ab,home,1,1,1
13425176,80562,11402,KCab-s,ab,home,13,1,1
13425781,80566,21242,KCa'b'-ap2,apbp,away,26,1,0
13425983,80566,523060,KCa'b'-ap2,apbp,away,10,1,0
13430339,80611,21242,KCa'b'-ap1,apbp,away,17,1,0
13430515,80611,523060,KCa'b'-ap1,apbp,away,23,1,0
13430527,80612,10704,KCab-p,ab,home,6,1,1
13430678,80614,11402,KCg-m,gamma,home,15,1,1
13430688,80614,21242,KCg-m,gamma,away,11,1,1
13430893,80614,523060,KCg-m,gamma,away,11,1,1
13432155,80637,18713,KCa'b'-ap2,apbp,away,15,1,0
13432158,80637,19267,KCa'b'-ap2,apbp,away,10,1,0
13434090,80663,10704,KCg-m,gamma,home,15,1,1
13434107,80663,18713,KCg-m,gamma,away,10,1,1
13434108,80663,19267,KCg-m,gamma,away,12,1,1
13438661,80704,10704,KCg-m,gamma,home,8,1,1
13438679,80704,18713,KCg-m,gamma,away,16,1,1
13438681,80704,19267,KCg-m,gamma,away,14,1,1
13439102,80708,10704,KCg-m,gamma,home,8,1,1
13439118,80708,18713,KCg-m,gamma,away,10,1,1
13439120,80708,19267,KCg-m,gamma,away,13,1,1
13439121,80708,21242,KCg-m,gamma,away,1,1,1
13442321,80733,11402,KCab-c,ab,home,7,1,1
13442604,80735,11402,KCa'b'-m,apbp,home,1,1,1
13442615,80735,21242,KCa'b'-m,apbp,away,13,1,0
13442810,80735,523060,KCa'b'-m,apbp,away,20,1,0
13444272,80747,10704,KCab-s,ab,home,4,1,1
13447433,80779,10704,KCg-m,gamma,home,15,1,1
13447449,80779,18713,KCg-m,gamma,away,23,1,1
13447450,80779,19267,KCg-m,gamma,away,15,1,1
13451247,80814,10704,KCab-m,ab,home,3,1,1
13453098,80832,18713,KCa'b'-ap1,apbp,away,11,1,0
13453099,80832,19267,KCa'b'-ap1,apbp,away,9,1,0
13459971,80905,10704,KCg-d,gamma,home,17,1,1
13459987,80905,18713,KCg-d,gamma,away,17,1,1
13459988,80905,19267,KCg-d,gamma,away,14,1,1
13461237,80918,10704,KCab-c,ab,home,6,1,1
13462237,80924,10704,KCg-d,gamma,home,13,1,1
13462256,80924,18713,KCg-d,gamma,away,17,1,1
13462257,80924,19267,KCg-d,gamma,away,17,1,1
13467633,80970,10704,KCg-m,gamma,home,12,1,1
13467650,80970,18713,KCg-m,gamma,away,7,1,1
13467651,80970,19267,KCg-m,gamma,away,12,1,1
13468216,80978,11402,KCab-m,ab,home,11,1,1
13470789,81000,11402,KCg-m,gamma,home,17,1,1
13470799,81000,21242,KCg-m,gamma,away,5,1,1
13471018,81000,523060,KCg-m,gamma,away,11,1,1
13471040,81001,10704,KCg-m,gamma,home,18,1,1
13471057,81001,18713,KCg-m,gamma,away,20,1,1
13471058,81001,19267,KCg-m,gamma,away,19,1,1
13471593,81004,11402,KCg-m,gamma,home,9,1,1
13471606,81004,21242,KCg-m,gamma,away,11,1,1
13471834,81004,523060,KCg-m,gamma,away,15,1,1
13471864,81005,11402,KCg-m,gamma,home,27,1,1
13471874,81005,19267,KCg-m,gamma,away,1,1,1
13471876,81005,21242,KCg-m,gamma,away,8,1,1
13472136,81005,523060,KCg-m,gamma,away,10,1,1
13475849,81049,11402,KCab-p,ab,home,6,1,1
13476080,81053,11402,KCab-m,ab,home,9,1,1
13476456,81056,11402,KCg-d,gamma,home,18,1,1
13476472,81056,21242,KCg-d,gamma,away,10,1,1
13476639,81056,523060,KCg-d,gamma,away,24,1,1
13480897,81093,10704,KCg-m,gamma,home,5,1,1
13480914,81093,18713,KCg-m,gamma,away,10,1,1
13480915,81093,19267,KCg-m,gamma,away,9,1,1
13481295,81095,11402,KCa'b'-ap2,apbp,home,1,1,1
13481303,81095,18713,KCa'b'-ap2,apbp,away,9,1,0
13481305,81095,19267,KCa'b'-ap2,apbp,away,8,1,0
13485290,81129,11402,KCa'b'-m,apbp,home,1,1,1
13485300,81129,21242,KCa'b'-m,apbp,away,19,1,0
13485442,81129,523060,KCa'b'-m,apbp,away,15,1,0
13486636,81141,10704,KCab-s,ab,home,3,1,1
13486639,81141,11402,KCab-s,ab,home,16,1,1
13486956,81143,10704,KCg-m,gamma,home,13,1,1
13486972,81143,18713,KCg-m,gamma,away,16,1,1
13486974,81143,19267,KCg-m,gamma,away,30,1,1
13491381,81177,11402,KCg-d,gamma,home,22,1,1
13491393,81177,21242,KCg-d,gamma,away,13,1,1
13491558,81177,523060,KCg-d,gamma,away,13,1,1
13492523,81187,18713,KCa'b'-m,apbp,away,11,1,0
13492525,81187,19267,KCa'b'-m,apbp,away,5,1,0
13493483,81197,11402,KCab-m,ab,home,5,1,1
13493999,81202,10704,KCab-s,ab,home,1,1,1
13494002,81202,11402,KCab-s,ab,home,10,1,1
13494205,81203,11402,KCab-p,ab,home,3,1,1
13494471,81207,10704,KCab-s,ab,home,2,1,1
13494473,81207,11402,KCab-s,ab,home,17,1,1
13497659,81233,11402,KCg-m,gamma,home,24,1,1
13497670,81233,21242,KCg-m,gamma,away,7,1,1
13497882,81233,523060,KCg-m,gamma,away,13,1,1
13498328,81239,18713,KCa'b'-m,apbp,away,12,1,0
13498330,81239,19267,KCa'b'-m,apbp,away,14,1,0
13500039,81251,10704,KCg-m,gamma,home,14,1,1
13500056,81251,18713,KCg-m,gamma,away,12,1,1
13500057,81251,19267,KCg-m,gamma,away,9,1,1
13502042,81273,11402,KCa'b'-ap2,apbp,home,1,1,1
13502048,81273,18713,KCa'b'-ap2,apbp,away,9,1,0
13502049,81273,19267,KCa'b'-ap2,apbp,away,1,1,0
13502643,81278,10704,KCab-c,ab,home,5,1,1
13508645,81338,10704,KCg-m,gamma,home,12,1,1
13508663,81338,18713,KCg-m,gamma,away,19,1,1
13508664,81338,19267,KCg-m,gamma,away,17,1,1
13509996,81348,11402,KCa'b'-m,apbp,home,2,1,1
13510006,81348,18713,KCa'b'-m,apbp,away,9,1,0
13510008,81348,19267,KCa'b'-m,apbp,away,6,1,0
13510152,81349,10704,KCg-m,gamma,home,9,1,1
13510168,81349,18713,KCg-m,gamma,away,20,1,1
13510169,81349,19267,KCg-m,gamma,away,23,1,1
13512435,81369,10704,KCg-m,gamma,home,15,1,1
13512451,81369,18713,KCg-m,gamma,away,21,1,1
13512453,81369,19267,KCg-m,gamma,away,11,1,1
13513179,81374,10704,KCg-m,gamma,home,11,1,1
13513197,81374,18713,KCg-m,gamma,away,12,1,1
13513201,81374,19267,KCg-m,gamma,away,13,1,1
13513554,81377,10704,KCab-m,ab,home,1,1,1
13513558,81377,11402,KCab-m,ab,home,7,1,1
13514493,81385,10704,KCg-m,gamma,home,15,1,1
13514515,81385,18713,KCg-m,gamma,away,14,1,1
13514516,81385,19267,KCg-m,gamma,away,19,1,1
13518110,81427,11402,KCg-m,gamma,home,19,1,1
13518126,81427,21242,KCg-m,gamma,away,7,1,1
13518380,81427,523060,KCg-m,gamma,away,16,1,1
13520150,81453,11402,KCab-c,ab,home,5,1,1
13523857,81492,21242,KCa'b'-ap2,apbp,away,13,1,0
13524045,81492,523060,KCa'b'-ap2,apbp,away,13,1,0
13524943,81502,10704,KCg-m,gamma,home,11,1,1
13524963,81502,18713,KCg-m,gamma,away,12,1,1
13524965,81502,19267,KCg-m,gamma,away,11,1,1
13525378,81506,11402,KCg-m,gamma,home,25,1,1
13525390,81506,21242,KCg-m,gamma,away,11,1,1
13525600,81506,523060,KCg-m,gamma,away,9,1,1
13530541,81563,11402,KCg-m,gamma,home,18,1,1
13530555,81563,21242,KCg-m,gamma,away,8,1,1
13530797,81563,523060,KCg-m,gamma,away,18,1,1
13532041,81577,10704,KCg-d,gamma,home,8,1,1
13532055,81577,18713,KCg-d,gamma,away,15,1,1
13532056,81577,19267,KCg-d,gamma,away,12,1,1
13533191,81589,10704,KCab-m,ab,home,7,1,1
13534229,81601,11402,KCg-m,gamma,home,20,1,1
13534239,81601,18713,KCg-m,gamma,away,1,1,1
13534240,81601,21242,KCg-m,gamma,away,7,1,1
13534473,81601,523060,KCg-m,gamma,away,8,1,1
13534746,81606,11402,KCg-m,gamma,home,21,1,1
13534756,81606,21242,KCg-m,gamma,away,14,1,1
13535004,81606,523060,KCg-m,gamma,away,19,1,1
13537475,81628,11402,KCg-m,gamma,home,21,1,1
13537487,81628,21242,KCg-m,gamma,away,10,1,1
13537710,81628,523060,KCg-m,gamma,away,13,1,1
13537905,81630,10704,KCg-m,gamma,home,17,1,1
13537920,81630,18713,KCg-m,gamma,away,9,1,1
13537922,81630,19267,KCg-m,gamma,away,28,1,1
13538226,81631,10704,KCab-p,ab,home,5,1,1
13539170,81645,10704,KCab-c,ab,home,7,1,1
13539653,81651,11402,KCg-m,gamma,home,15,1,1
13539664,81651,21242,KCg-m,gamma,away,7,1,1
13539894,81651,523060,KCg-m,gamma,away,13,1,1
13540127,81656,11402,KCg-d,gamma,home,16,1,1
13540141,81656,21242,KCg-d,gamma,away,15,1,1
13540319,81656,523060,KCg-d,gamma,away,23,1,1
13540341,81657,11402,KCab-m,ab,home,10,1,1
13542026,81671,10704,KCg-m,gamma,home,17,1,1
13542046,81671,18713,KCg-m,gamma,away,8,1,1
13542047,81671,19267,KCg-m,gamma,away,7,1,1
13544029,81700,11402,KCab-m,ab,home,12,1,1
13547653,81740,10704,KCg-m,gamma,home,16,1,1
13547671,81740,18713,KCg-m,gamma,away,12,1,1
13547673,81740,19267,KCg-m,gamma,away,13,1,1
13552126,81781,10704,KCg-d,gamma,home,10,1,1
13552140,81781,18713,KCg-d,gamma,away,15,1,1
13552141,81781,19267,KCg-d,gamma,away,16,1,1
13556043,81820,11402,KCg-m,gamma,home,14,1,1
13556053,81820,18713,KCg-m,gamma,away,1,1,1
13556054,81820,21242,KCg-m,gamma,away,9,1,1
13556270,81820,523060,KCg-m,gamma,away,10,1,1
13558875,81851,11402,KCab-s,ab,home,12,1,1
13562094,81885,11402,KCab-p,ab,home,8,1,1
13565477,81925,10704,KCab-s,ab,home,11,1,1
13565480,81925,11402,KCab-s,ab,home,4,1,1
13566671,81934,11402,KCab-c,ab,home,6,1,1
13568880,81956,21242,KCa'b'-m,apbp,away,17,1,0
13569073,81956,523060,KCa'b'-m,apbp,away,26,1,0
13570133,81967,11402,KCg-m,gamma,home,24,1,1
13570144,81967,21242,KCg-m,gamma,away,16,1,1
13570404,81967,523060,KCg-m,gamma,away,16,1,1
13570421,81968,10704,KCab-c,ab,home,9,1,1
13571437,81976,21242,KCa'b'-ap2,apbp,away,15,1,0
13571607,81976,523060,KCa'b'-ap2,apbp,away,14,1,0
13571881,81979,11402,KCa'b'-ap2,apbp,home,2,1,1
13571891,81979,18713,KCa'b'-ap2,apbp,away,7,1,0
13571892,81979,19267,KCa'b'-ap2,apbp,away,2,1,0
13576595,82025,11402,KCa'b'-m,apbp,home,3,1,1
13576602,82025,18713,KCa'b'-m,apbp,away,13,1,0
13576604,82025,19267,KCa'b'-m,apbp,away,6,1,0
13577048,82028,21242,KCa'b'-ap2,apbp,away,16,1,0
13577244,82028,523060,KCa'b'-ap2,apbp,away,16,1,0
13580541,82062,11402,KCab-m,ab,home,9,1,1
13581315,82068,11402,KCab-s,ab,home,11,1,1
13586086,82118,11402,KCg-m,gamma,home,16,1,1
13586096,82118,21242,KCg-m,gamma,away,9,1,1
13586343,82118,523060,KCg-m,gamma,away,8,1,1
13587833,82132,11402,KCg-m,gamma,home,17,1,1
13587845,82132,21242,KCg-m,gamma,away,13,1,1
13588078,82132,523060,KCg-m,gamma,away,14,1,1
13590712,82161,11402,KCg-m,gamma,home,23,1,1
13590722,82161,21242,KCg-m,gamma,away,11,1,1
13590959,82161,523060,KCg-m,gamma,away,7,1,1
13593887,82188,11402,KCg-m,gamma,home,17,1,1
13593899,82188,21242,KCg-m,gamma,away,14,1,1
13594167,82188,523060,KCg-m,gamma,away,18,1,1
13594481,82192,10704,KCg-m,gamma,home,19,1,1
13594501,82192,18713,KCg-m,gamma,away,10,1,1
13594503,82192,19267,KCg-m,gamma,away,11,1,1
13596432,82210,11402,KCab-c,ab,home,7,1,1
13597820,82225,18713,KCa'b'-ap1,apbp,away,8,1,0
13597821,82225,19267,KCa'b'-ap1,apbp,away,10,1,0
13603748,82284,11402,KCg-m,gamma,home,23,1,1
13603759,82284,21242,KCg-m,gamma,away,8,1,1
13603988,82284,523060,KCg-m,gamma,away,12,1,1
13604809,82292,10704,KCg-m,gamma,home,6,1,1
13604827,82292,18713,KCg-m,gamma,away,17,1,1
13604828,82292,19267,KCg-m,gamma,away,19,1,1
13605414,82296,18713,KCa'b'-ap2,apbp,away,11,1,0
13605415,82296,19267,KCa'b'-ap2,apbp,away,12,1,0
13607116,82315,11402,KCab-c,ab,home,2,1,1
13607520,82319,10704,KCab-c,ab,home,6,1,1
13611274,82358,11402,KCab-s,ab,home,9,1,1
13614510,82386,11402,KCg-m,gamma,home,28,1,1
13614522,82386,21242,KCg-m,gamma,away,12,1,1
13614763,82386,523060,KCg-m,gamma,away,11,1,1
13616064,82399,10704,KCg-m,gamma,home,14,1,1
13616084,82399,18713,KCg-m,gamma,away,11,1,1
13616085,82399,19267,KCg-m,gamma,away,16,1,1
13620872,82440,11402,KCg-m,gamma,home,36,1,1
13620883,82440,21242,KCg-m,gamma,away,12,1,1
13621151,82440,523060,KCg-m,gamma,away,20,1,1
13622678,82460,21242,KCa'b'-ap1,apbp,away,18,1,0
13622820,82460,523060,KCa'b'-ap1,apbp,away,15,1,0
13623894,82472,11402,KCab-c,ab,home,2,1,1
13624215,82474,11402,KCa'b'-m,apbp,home,4,1,1
13624224,82474,18713,KCa'b'-m,apbp,away,14,1,0
13624226,82474,19267,KCa'b'-m,apbp,away,6,1,0
13624637,82480,21242,KCa'b'-m,apbp,away,15,1,0
13624786,82480,523060,KCa'b'-m,apbp,away,24,1,0
13630287,82538,11402,KCab-m,ab,home,4,1,1
13630888,82543,10704,KCg-m,gamma,home,12,1,1
13630908,82543,18713,KCg-m,gamma,away,22,1,1
13630909,82543,19267,KCg-m,gamma,away,11,1,1
13633818,82570,18713,KCa'b'-ap2,apbp,away,12,1,0
13633819,82570,19267,KCa'b'-ap2,apbp,away,11,1,0
13635498,82582,11402,KCg-m,gamma,home,15,1,1
13635513,82582,21242,KCg-m,gamma,away,9,1,1
13635759,82582,523060,KCg-m,gamma,away,11,1,1
13636806,82594,10704,KCab-s,ab,home,5,1,1
13640435,82635,10704,KCab-s,ab,home,3,1,1
13640439,82635,11402,KCab-s,ab,home,9,1,1
13641435,82646,10704,KCg-m,gamma,home,9,1,1
13641454,82646,18713,KCg-m,gamma,away,14,1,1
13641456,82646,19267,KCg-m,gamma,away,14,1,1
13641732,82648,11402,KCa'b'-m,apbp,home,2,1,1
13641741,82648,18713,KCa'b'-m,apbp,away,13,1,0
13641743,82648,19267,KCa'b'-m,apbp,away,10,1,0
13642186,82652,11402,KCab-m,ab,home,8,1,1
13644446,82672,10704,KCg-m,gamma,home,14,1,1
13644463,82672,18713,KCg-m,gamma,away,18,1,1
13644465,82672,19267,KCg-m,gamma,away,19,1,1
13644712,82673,11402,KCab-s,ab,home,9,1,1
13646774,82693,10704,KCg-m,gamma,home,16,1,1
13646789,82693,18713,KCg-m,gamma,away,11,1,1
13646791,82693,19267,KCg-m,gamma,away,13,1,1
13651060,82728,10704,KCg-d,gamma,home,15,1,1
13651081,82728,18713,KCg-d,gamma,away,10,1,1
13651083,82728,19267,KCg-d,gamma,away,20,1,1
13652669,82744,11402,KCa'b'-m,apbp,home,2,1,1
13652676,82744,18713,KCa'b'-m,apbp,away,9,1,0
13652678,82744,19267,KCa'b'-m,apbp,away,6,1,0
13654212,82761,10704,KCg-m,gamma,home,5,1,1
13654229,82761,18713,KCg-m,gamma,away,10,1,1
13654230,82761,19267,KCg-m,gamma,away,18,1,1
13654231,82761,21242,KCg-m,gamma,away,1,1,1
13656916,82789,11402,KCab-s,ab,home,12,1,1
13658189,82798,11402,KCab-s,ab,home,9,1,1
13658693,82804,21242,KCa'b'-m,apbp,away,20,1,0
13658896,82804,523060,KCa'b'-m,apbp,away,22,1,0
13669312,82895,11402,KCg-m,gamma,home,20,1,1
13669322,82895,21242,KCg-m,gamma,away,17,1,1
13669533,82895,523060,KCg-m,gamma,away,21,1,1
13670549,82904,10704,KCg-m,gamma,home,12,1,1
13670568,82904,18713,KCg-m,gamma,away,20,1,1
13670570,82904,19267,KCg-m,gamma,away,15,1,1
13670924,82906,11402,KCa'b'-m,apbp,home,6,1,1
13670935,82906,18713,KCa'b'-m,apbp,away,14,1,0
13670937,82906,19267,KCa'b'-m,apbp,away,7,1,0
13671404,82911,11402,KCab-c,ab,home,1,1,1
13674171,82939,11402,KCg-m,gamma,home,22,1,1
13674185,82939,21242,KCg-m,gamma,away,9,1,1
13674438,82939,523060,KCg-m,gamma,away,11,1,1
13679938,82996,10704,KCg-m,gamma,home,9,1,1
13679954,82996,18713,KCg-m,gamma,away,12,1,1
13679955,82996,19267,KCg-m,gamma,away,16,1,1
13684867,83052,10704,KCab-p,ab,home,2,1,1
13684869,83052,11402,KCab-p,ab,home,9,1,1
13685333,83058,10704,KCg-m,gamma,home,21,1,1
13685354,83058,18713,KCg-m,gamma,away,11,1,1
13685356,83058,19267,KCg-m,gamma,away,17,1,1
13686824,83072,21242,KCa'b'-m,apbp,away,17,1,0
13686974,83072,523060,KCa'b'-m,apbp,away,18,1,0
13688044,83089,10704,KCab-m,ab,home,11,1,1
13688049,83089,11402,KCab-m,ab,home,1,1,1
13688251,83091,10704,KCab-m,ab,home,2,1,1
13688255,83091,11402,KCab-m,ab,home,2,1,1
13688669,83094,11402,KCab-m,ab,home,6,1,1
13688845,83095,10704,KCab-m,ab,home,16,1,1
13688849,83095,11402,KCab-m,ab,home,1,1,1
13689648,83108,10704,KCab-m,ab,home,8,1,1
13690883,83121,10704,KCab-c,ab,home,4,1,1
13694102,83162,11402,KCg-m,gamma,home,11,1,1
13694112,83162,21242,KCg-m,gamma,away,5,1,1
13694403,83162,523060,KCg-m,gamma,away,17,1,1
13694926,83166,21242,KCa'b'-ap2,apbp,away,17,1,0
13695084,83166,523060,KCa'b'-ap2,apbp,away,13,1,0
13695171,83168,11402,KCab-s,ab,home,10,1,1
13696254,83181,10704,KCab-s,ab,home,1,1,1
13696256,83181,11402,KCab-s,ab,home,1,1,1
13700503,83221,11402,KCa'b'-ap2,apbp,home,1,1,1
13700511,83221,18713,KCa'b'-ap2,apbp,away,14,1,0
13700513,83221,19267,KCa'b'-ap2,apbp,away,9,1,0
13705260,83270,10704,KCg-m,gamma,home,8,1,1
13705280,83270,18713,KCg-m,gamma,away,18,1,1
13705281,83270,19267,KCg-m,gamma,away,11,1,1
13706215,83278,11402,KCab-m,ab,home,8,1,1
13710697,83329,11402,KCab-m,ab,home,6,1,1
13711721,83341,11402,KCg-m,gamma,home,24,1,1
13711729,83341,21242,KCg-m,gamma,away,15,1,1
13711968,83341,523060,KCg-m,gamma,away,9,1,1
13714357,83360,11402,KCg-m,gamma,home,13,1,1
13714371,83360,21242,KCg-m,gamma,away,21,1,1
13714627,83360,523060,KCg-m,gamma,away,23,1,1
13715463,83371,10704,KCg-m,gamma,home,15,1,1
13715479,83371,18713,KCg-m,gamma,away,19,1,1
13715480,83371,19267,KCg-m,gamma,away,16,1,1
13717728,83392,11402,KCab-m,ab,home,9,1,1
13719969,83413,10704,KCab-c,ab,home,8,1,1
13719971,83413,11402,KCab-c,ab,home,1,1,1
13720341,83418,11402,KCab-c,ab,home,11,1,1
13723832,83456,21242,KCa'b'-m,apbp,away,11,1,0
13723994,83456,523060,KCa'b'-m,apbp,away,19,1,0
13726419,83481,21242,KCa'b'-m,apbp,away,11,1,0
13726575,83481,523060,KCa'b'-m,apbp,away,24,1,0
13727344,83489,10704,KCab-s,ab,home,5,1,1
13727348,83489,11402,KCab-s,ab,home,1,1,1
13728021,83494,11402,KCg-m,gamma,home,22,1,1
13728034,83494,21242,KCg-m,gamma,away,12,1,1
13728252,83494,523060,KCg-m,gamma,away,8,1,1
13733675,83557,10704,KCab-m,ab,home,2,1,1
13733680,83557,11402,KCab-m,ab,home,12,1,1
13734206,83563,11402,KCab-c,ab,home,4,1,1
13735223,83576,11402,KCg-m,gamma,home,25,1,1
13735233,83576,21242,KCg-m,gamma,away,10,1,1
13735488,83576,523060,KCg-m,gamma,away,16,1,1
13736225,83584,11402,KCg-d,gamma,home,21,1,1
13736240,83584,21242,KCg-d,gamma,away,12,1,1
13736399,83584,523060,KCg-d,gamma,away,15,1,1
13738095,83604,11402,KCab-s,ab,home,9,1,1
13738435,83608,11402,KCg-m,gamma,home,27,1,1
13738446,83608,21242,KCg-m,gamma,away,8,1,1
13738729,83608,523060,KCg-m,gamma,away,12,1,1
13738762,83611,21242,KCa'b'-ap2,apbp,away,11,1,0
13738934,83611,523060,KCa'b'-ap2,apbp,away,11,1,0
13738943,83612,11402,KCab-c,ab,home,5,1,1
13739962,83624,11402,KCab-s,ab,home,8,1,1
13740995,83632,11402,KCab-c,ab,home,3,1,1
13743191,83656,10704,KCab-m,ab,home,6,1,1
13743193,83656,11402,KCab-m,ab,home,2,1,1
13745838,83678,10704,KCa'b'-ap2,apbp,home,1,1,1
13745849,83678,21242,KCa'b'-ap2,apbp,away,18,1,0
13746052,83678,523060,KCa'b'-ap2,apbp,away,18,1,0
13746751,83684,10704,KCab-s,ab,home,1,1,1
13746754,83684,11402,KCab-s,ab,home,12,1,1
13747521,83691,10704,KCg-m,gamma,home,12,1,1
13747539,83691,18713,KCg-m,gamma,away,13,1,1
13747541,83691,19267,KCg-m,gamma,away,9,1,1
13749623,83715,11402,KCa'b'-ap2,apbp,home,1,1,1
13749632,83715,18713,KCa'b'-ap2,apbp,away,9,1,0
13749634,83715,19267,KCa'b'-ap2,apbp,away,5,1,0
13751196,83737,18713,KCa'b'-ap2,apbp,away,10,1,0
13751197,83737,19267,KCa'b'-ap2,apbp,away,13,1,0
13751953,83743,11402,KCab-s,ab,home,4,1,1
13754567,83777,21242,KCa'b'-ap1,apbp,away,18,1,0
13754735,83777,523060,KCa'b'-ap1,apbp,away,23,1,0
13755032,83783,10704,KCg-m,gamma,home,15,1,1
13755048,83783,18713,KCg-m,gamma,away,19,1,1
13755050,83783,19267,KCg-m,gamma,away,12,1,1
13757955,83820,11402,KCg-m,gamma,home,28,1,1
13757965,83820,21242,KCg-m,gamma,away,20,1,1
13758200,83820,523060,KCg-m,gamma,away,19,1,1
13759876,83833,11402,KCg-m,gamma,home,19,1,1
13759887,83833,21242,KCg-m,gamma,away,13,1,1
13760168,83833,523060,KCg-m,gamma,away,17,1,1
13760306,83835,11402,KCab-m,ab,home,10,1,1
13766784,83894,18713,KCa'b'-m,apbp,away,6,1,0
13766786,83894,19267,KCa'b'-m,apbp,away,14,1,0
13768853,83914,10704,KCab-c,ab,home,7,1,1
13769535,83921,11402,KCg-m,gamma,home,22,1,1
13769547,83921,19267,KCg-m,gamma,away,1,1,1
13769548,83921,21242,KCg-m,gamma,away,18,1,1
13769793,83921,523060,KCg-m,gamma,away,17,1,1
13770029,83924,11402,KCab-p,ab,home,3,1,1
13772822,83961,11402,KCab-s,ab,home,12,1,1
13773203,83965,10704,KCg-m,gamma,home,17,1,1
13773223,83965,18713,KCg-m,gamma,away,13,1,1
13773224,83965,19267,KCg-m,gamma,away,18,1,1
13774701,83978,10704,KCab-s,ab,home,6,1,1
13775945,83989,10704,KCab-s,ab,home,6,1,1
13775950,83989,11402,KCab-s,ab,home,1,1,1
13777686,84007,11402,KCg-m,gamma,home,20,1,1
13777699,84007,21242,KCg-m,gamma,away,16,1,1
13777941,84007,523060,KCg-m,gamma,away,16,1,1
13778515,84011,11402,KCg-d,gamma,home,20,1,1
13778533,84011,21242,KCg-d,gamma,away,15,1,1
13778700,84011,523060,KCg-d,gamma,away,15,1,1
13781359,84037,10704,KCa'b'-ap2,apbp,home,1,1,1
13781372,84037,21242,KCa'b'-ap2,apbp,away,24,1,0
13781555,84037,523060,KCa'b'-ap2,apbp,away,22,1,0
13790489,84131,21242,KCa'b'-ap2,apbp,away,17,1,0
13790670,84131,523060,KCa'b'-ap2,apbp,away,24,1,0
13791412,84137,18713,KCa'b'-ap2,apbp,away,22,1,0
13791413,84137,19267,KCa'b'-ap2,apbp,away,15,1,0
13801511,84241,10704,KCab-c,ab,home,3,1,1
13801967,84244,21242,KCa'b'-ap1,apbp,away,21,1,0
13802134,84244,523060,KCa'b'-ap1,apbp,away,13,1,0
13802265,84247,21242,KCa'b'-ap2,apbp,away,15,1,0
13802431,84247,523060,KCa'b'-ap2,apbp,away,10,1,0
13805966,84278,11402,KCab-s,ab,home,10,1,1
13807842,84295,11402,KCab-s,ab,home,9,1,1
13808575,84299,10704,KCab-m,ab,home,6,1,1
13808579,84299,11402,KCab-m,ab,home,1,1,1
13810549,84319,10704,KCg-m,gamma,home,13,1,1
13810570,84319,18713,KCg-m,gamma,away,12,1,1
13810571,84319,19267,KCg-m,gamma,away,11,1,1
13811811,84334,11402,KCab-s,ab,home,14,1,1
13812037,84335,10704,KCab-m,ab,home,5,1,1
13813673,84353,10704,KCab-c,ab,home,2,1,1
13818177,84400,10704,KCg-m,gamma,home,15,1,1
13818194,84400,18713,KCg-m,gamma,away,13,1,1
13818195,84400,19267,KCg-m,gamma,away,14,1,1
13822894,84446,10704,KCg-m,gamma,home,15,1,1
13822912,84446,18713,KCg-m,gamma,away,21,1,1
13822913,84446,19267,KCg-m,gamma,away,26,1,1
13825472,84472,10704,KCab-p,ab,home,1,1,1
13827001,84485,11402,KCab-m,ab,home,7,1,1
13828036,84498,11402,KCa'b'-ap2,apbp,home,2,1,1
13828044,84498,18713,KCa'b'-ap2,apbp,away,8,1,0
13828046,84498,19267,KCa'b'-ap2,apbp,away,6,1,0
13831486,84536,21242,KCa'b'-ap2,apbp,away,17,1,0
13831665,84536,523060,KCa'b'-ap2,apbp,away,22,1,0
13838304,84598,10704,KCab-m,ab,home,8,1,1
13838649,84602,21242,KCa'b'-m,apbp,away,18,1,0
13838835,84602,523060,KCa'b'-m,apbp,away,26,1,0
13841149,84628,11402,KCg-d,gamma,home,25,1,1
13841164,84628,21242,KCg-d,gamma,away,4,1,1
13841312,84628,523060,KCg-d,gamma,away,10,1,1
13842241,84638,11402,KCab-m,ab,home,12,1,1
13842669,84641,10704,KCab-s,ab,home,3,1,1
13842671,84641,11402,KCab-s,ab,home,14,1,1
13844162,84657,21242,KCa'b'-ap2,apbp,away,13,1,0
13844334,84657,523060,KCa'b'-ap2,apbp,away,16,1,0
13845311,84664,11402,KCg-m,gamma,home,9,1,1
13845322,84664,21242,KCg-m,gamma,away,10,1,1
13845538,84664,523060,KCg-m,gamma,away,13,1,1
13854990,84765,11402,KCab-s,ab,home,8,1,1
13856255,84777,10704,KCab-s,ab,home,3,1,1
13856257,84777,11402,KCab-s,ab,home,6,1,1
13859564,84811,10704,KCab-s,ab,home,1,1,1
13859567,84811,11402,KCab-s,ab,home,11,1,1
13860727,84822,10704,KCab-s,ab,home,3,1,1
13865687,84884,10704,KCg-m,gamma,home,20,1,1
13865706,84884,18713,KCg-m,gamma,away,12,1,1
13865707,84884,19267,KCg-m,gamma,away,14,1,1
13868002,84902,11402,KCab-c,ab,home,3,1,1
13870467,84926,10704,KCg-m,gamma,home,13,1,1
13870486,84926,18713,KCg-m,gamma,away,22,1,1
13870487,84926,19267,KCg-m,gamma,away,19,1,1
13870874,84929,10704,KCab-m,ab,home,1,1,1
13870877,84929,11402,KCab-m,ab,home,9,1,1
13871419,84932,10704,KCg-m,gamma,home,12,1,1
13871439,84932,18713,KCg-m,gamma,away,16,1,1
13871441,84932,19267,KCg-m,gamma,away,15,1,1
13872208,84941,11402,KCab-m,ab,home,5,1,1
13875667,84972,11402,KCg-m,gamma,home,23,1,1
13875676,84972,21242,KCg-m,gamma,away,7,1,1
13875888,84972,523060,KCg-m,gamma,away,11,1,1
13875997,84974,11402,KCab-m,ab,home,7,1,1
13877238,84987,10704,KCg-m,gamma,home,10,1,1
13877254,84987,18713,KCg-m,gamma,away,16,1,1
13877255,84987,19267,KCg-m,gamma,away,19,1,1
13877771,84989,10704,KCg-m,gamma,home,18,1,1
13877789,84989,18713,KCg-m,gamma,away,19,1,1
13877790,84989,19267,KCg-m,gamma,away,17,1,1
13878157,84991,10704,KCab-s,ab,home,2,1,1
13878159,84991,11402,KCab-s,ab,home,11,1,1
13879953,85012,11402,KCab-c,ab,home,6,1,1
13880453,85017,10704,KCab-c,ab,home,1,1,1
13880456,85017,11402,KCab-c,ab,home,13,1,1
13882318,85033,11402,KCab-p,ab,home,7,1,1
13884304,85054,11402,KCab-m,ab,home,7,1,1
13888379,85091,10704,KCg-m,gamma,home,18,1,1
13888395,85091,18713,KCg-m,gamma,away,18,1,1
13888396,85091,19267,KCg-m,gamma,away,19,1,1
13890417,85110,10704,KCab-s,ab,home,2,1,1
13890419,85110,11402,KCab-s,ab,home,8,1,1
13891400,85121,10704,KCg-m,gamma,home,11,1,1
13891419,85121,18713,KCg-m,gamma,away,17,1,1
13891420,85121,19267,KCg-m,gamma,away,16,1,1
13892698,85137,11402,KCg-m,gamma,home,20,1,1
13892708,85137,18713,KCg-m,gamma,away,1,1,1
13892711,85137,21242,KCg-m,gamma,away,7,1,1
13892953,85137,523060,KCg-m,gamma,away,10,1,1
13893021,85141,11402,KCg-m,gamma,home,35,1,1
13893035,85141,21242,KCg-m,gamma,away,4,1,1
13893334,85141,523060,KCg-m,gamma,away,11,1,1
13900615,85213,10704,KCg-d,gamma,home,13,1,1
13900631,85213,18713,KCg-d,gamma,away,10,1,1
13900632,85213,19267,KCg-d,gamma,away,9,1,1
13900888,85216,10704,KCg-m,gamma,home,16,1,1
13900907,85216,18713,KCg-m,gamma,away,18,1,1
13900908,85216,19267,KCg-m,gamma,away,15,1,1
13903658,85242,18713,KCa'b'-m,apbp,away,7,1,0
13903659,85242,19267,KCa'b'-m,apbp,away,4,1,0
13904845,85257,11402,KCab-s,ab,home,8,1,1
13911201,85321,10704,KCab-s,ab,home,1,1,1
13911204,85321,11402,KCab-s,ab,home,10,1,1
13911745,85325,10704,KCg-m,gamma,home,8,1,1
13911761,85325,18713,KCg-m,gamma,away,15,1,1
13911762,85325,19267,KCg-m,gamma,away,18,1,1
13913378,85340,10704,KCg-m,gamma,home,10,1,1
13913399,85340,18713,KCg-m,gamma,away,15,1,1
13913401,85340,19267,KCg-m,gamma,away,14,1,1
13913755,85342,10704,KCab-s,ab,home,2,1,1
13913757,85342,11402,KCab-s,ab,home,7,1,1
13914137,85349,11402,KCg-d,gamma,home,13,1,1
13914151,85349,21242,KCg-d,gamma,away,22,1,1
13914310,85349,523060,KCg-d,gamma,away,15,1,1
13915929,85368,10704,KCg-d,gamma,home,7,1,1
13915946,85368,18713,KCg-d,gamma,away,12,1,1
13915947,85368,19267,KCg-d,gamma,away,17,1,1
13916799,85377,11402,KCab-m,ab,home,7,1,1
13918042,85389,11402,KCab-c,ab,home,7,1,1
13918295,85391,10704,KCab-s,ab,home,1,1,1
13918297,85391,11402,KCab-s,ab,home,16,1,1
13919862,85403,10704,KCab-m,ab,home,12,1,1
13919866,85403,11402,KCab-m,ab,home,1,1,1
13921679,85428,10704,KCab-p,ab,home,1,1,1
13923018,85442,10704,KCab-m,ab,home,1,1,1
13923020,85442,11402,KCab-m,ab,home,14,1,1
13923603,85452,18713,KCa'b'-ap2,apbp,away,11,1,0
13923604,85452,19267,KCa'b'-ap2,apbp,away,9,1,0
13926107,85482,11402,KCa'b'-ap2,apbp,home,1,1,1
13926117,85482,21242,KCa'b'-ap2,apbp,away,18,1,0
13926312,85482,523060,KCa'b'-ap2,apbp,away,18,1,0
13929108,85512,10704,KCg-m,gamma,home,15,1,1
13929129,85512,18713,KCg-m,gamma,away,17,1,1
13929131,85512,19267,KCg-m,gamma,away,23,1,1
13929666,85516,11402,KCg-m,gamma,home,15,1,1
13929678,85516,21242,KCg-m,gamma,away,21,1,1
13929901,85516,523060,KCg-m,gamma,away,11,1,1
13930383,85522,11402,KCab-s,ab,home,6,1,1
13931771,85531,11402,KCab-s,ab,home,8,1,1
13933738,85547,10704,KCg-m,gamma,home,10,1,1
13933756,85547,18713,KCg-m,gamma,away,24,1,1
13933757,85547,19267,KCg-m,gamma,away,18,1,1
13933758,85547,21242,KCg-m,gamma,away,2,1,1
13938074,85590,11402,KCab-m,ab,home,7,1,1
13944782,85665,10704,KCg-m,gamma,home,29,1,1
13944801,85665,18713,KCg-m,gamma,away,11,1,1
13944803,85665,19267,KCg-m,gamma,away,11,1,1
13944804,85665,21242,KCg-m,gamma,away,1,1,1
13950189,85711,11402,KCab-s,ab,home,9,1,1
13953577,85750,21242,KCa'b'-m,apbp,away,13,1,0
13953733,85750,523060,KCa'b'-m,apbp,away,26,1,0
13953876,85752,10704,KCab-m,ab,home,2,1,1
13953879,85752,11402,KCab-m,ab,home,11,1,1
13958585,85805,10704,KCg-m,gamma,home,15,1,1
13958601,85805,18713,KCg-m,gamma,away,16,1,1
13958602,85805,19267,KCg-m,gamma,away,14,1,1
13960036,85819,11402,KCab-c,ab,home,5,1,1
13961756,85846,10704,KCab-m,ab,home,5,1,1
13961760,85846,11402,KCab-m,ab,home,1,1,1
13962313,85851,11402,KCg-d,gamma,home,27,1,1
13962328,85851,21242,KCg-d,gamma,away,11,1,1
13962512,85851,523060,KCg-d,gamma,away,9,1,1
13965984,85900,21242,KCa'b'-ap2,apbp,away,21,1,0
13966177,85900,523060,KCa'b'-ap2,apbp,away,23,1,0
13967965,85920,11402,KCab-s,ab,home,12,1,1
13968348,85923,11402,KCg-d,gamma,home,29,1,1
13968361,85923,21242,KCg-d,gamma,away,7,1,1
13968515,85923,523060,KCg-d,gamma,away,21,1,1
13974113,85986,11402,KCab-s,ab,home,10,1,1
13977603,86020,10704,KCg-m,gamma,home,13,1,1
13977622,86020,18713,KCg-m,gamma,away,21,1,1
13977623,86020,19267,KCg-m,gamma,away,26,1,1
13978153,86024,10704,KCg-m,gamma,home,8,1,1
13978171,86024,18713,KCg-m,gamma,away,20,1,1
13978173,86024,19267,KCg-m,gamma,away,20,1,1
13978762,86028,10704,KCg-m,gamma,home,11,1,1
13978781,86028,18713,KCg-m,gamma,away,18,1,1
13978783,86028,19267,KCg-m,gamma,away,8,1,1
13980247,86041,10704,KCab-m,ab,home,6,1,1
13983797,86072,11402,KCab-s,ab,home,9,1,1
13984450,86079,11402,KCab-s,ab,home,9,1,1
13989137,86137,11402,KCg-m,gamma,home,19,1,1
13989148,86137,21242,KCg-m,gamma,away,11,1,1
13989368,86137,523060,KCg-m,gamma,away,11,1,1
13989786,86142,21242,KCa'b'-ap2,apbp,away,17,1,0
13989960,86142,523060,KCa'b'-ap2,apbp,away,24,1,0
13990735,86153,10704,KCab-c,ab,home,2,1,1
13990737,86153,11402,KCab-c,ab,home,6,1,1
13992826,86168,10704,KCab-s,ab,home,2,1,1
13992828,86168,11402,KCab-s,ab,home,9,1,1
13993007,86170,10704,KCab-c,ab,home,5,1,1
13993589,86180,11402,KCab-m,ab,home,12,1,1
13993884,86183,11402,KCg-d,gamma,home,23,1,1
13993898,86183,21242,KCg-d,gamma,away,16,1,1
13994131,86183,523060,KCg-d,gamma,away,28,1,1
13995801,86209,10704,KCg-m,gamma,home,15,1,1
13995820,86209,18713,KCg-m,gamma,away,16,1,1
13995821,86209,19267,KCg-m,gamma,away,21,1,1
13998093,86231,11402,KCab-c,ab,home,1,1,1
14005791,86306,18713,KCa'b'-ap1,apbp,away,12,1,0
14005792,86306,19267,KCa'b'-ap1,apbp,away,9,1,0
14005955,86306,523060,KCa'b'-ap1,apbp,away,1,1,0
14007976,86324,10704,KCab-s,ab,home,6,1,1
14007981,86324,11402,KCab-s,ab,home,1,1,1
14010405,86349,10704,KCab-m,ab,home,6,1,1
14012224,86372,10704,KCg-d,gamma,home,13,1,1
14012242,86372,18713,KCg-d,gamma,away,17,1,1
14012243,86372,19267,KCg-d,gamma,away,16,1,1
14013613,86395,10704,KCg-m,gamma,home,10,1,1
14013628,86395,18713,KCg-m,gamma,away,14,1,1
14013629,86395,19267,KCg-m,gamma,away,20,1,1
14018106,86432,10704,KCab-s,ab,home,3,1,1
14018108,86432,11402,KCab-s,ab,home,8,1,1
14018696,86437,18713,KCa'b'-m,apbp,away,14,1,0
14018698,86437,19267,KCa'b'-m,apbp,away,14,1,0
14021539,86468,11402,KCab-s,ab,home,10,1,1
14026955,86528,11402,KCab-m,ab,home,8,1,1
14029236,86553,11402,KCg-m,gamma,home,26,1,1
14029248,86553,21242,KCg-m,gamma,away,13,1,1
14029458,86553,523060,KCg-m,gamma,away,13,1,1
14029480,86554,11402,KCab-c,ab,home,1,1,1
14029641,86555,10704,KCg-m,gamma,home,14,1,1
14029660,86555,18713,KCg-m,gamma,away,13,1,1
14029662,86555,19267,KCg-m,gamma,away,18,1,1
14029946,86555,523060,KCg-m,gamma,away,1,1,1
14032209,86583,10704,KCg-m,gamma,home,10,1,1
14032227,86583,18713,KCg-m,gamma,away,12,1,1
14032228,86583,19267,KCg-m,gamma,away,15,1,1
14034983,86608,10704,KCg-m,gamma,home,16,1,1
14035000,86608,18713,KCg-m,gamma,away,10,1,1
14035002,86608,19267,KCg-m,gamma,away,12,1,1
14035373,86610,10704,KCg-m,gamma,home,18,1,1
14035395,86610,18713,KCg-m,gamma,away,16,1,1
14035396,86610,19267,KCg-m,gamma,away,15,1,1
14037985,86639,10704,KCab-s,ab,home,2,1,1
14037987,86639,11402,KCab-s,ab,home,11,1,1
14041030,86670,11402,KCab-m,ab,home,5,1,1
14045241,86717,10704,KCab-s,ab,home,3,1,1
14048148,86751,11402,KCg-m,gamma,home,12,1,1
14048160,86751,21242,KCg-m,gamma,away,12,1,1
14048409,86751,523060,KCg-m,gamma,away,23,1,1
14049061,86758,10704,KCab-s,ab,home,5,1,1
14049064,86758,11402,KCab-s,ab,home,8,1,1
14049900,86768,10704,KCab-s,ab,home,1,1,1
14049902,86768,11402,KCab-s,ab,home,12,1,1
14053403,86811,10704,KCab-s,ab,home,2,1,1
14053404,86811,11402,KCab-s,ab,home,8,1,1
14053685,86814,11402,KCg-m,gamma,home,21,1,1
14053700,86814,21242,KCg-m,gamma,away,14,1,1
14053966,86814,523060,KCg-m,gamma,away,16,1,1
14056513,86850,10704,KCab-s,ab,home,10,1,1
14056516,86850,11402,KCab-s,ab,home,1,1,1
14058710,86876,11402,KCg-m,gamma,home,18,1,1
14058724,86876,21242,KCg-m,gamma,away,14,1,1
14058953,86876,523060,KCg-m,gamma,away,16,1,1
14059067,86878,10704,KCab-s,ab,home,11,1,1
14061507,86899,10704,KCab-s,ab,home,3,1,1
14062556,86909,11402,KCg-d,gamma,home,23,1,1
14062570,86909,21242,KCg-d,gamma,away,12,1,1
14062723,86909,523060,KCg-d,gamma,away,11,1,1
14065740,86940,10704,KCg-d,gamma,home,6,1,1
14065756,86940,18713,KCg-d,gamma,away,7,1,1
14065758,86940,19267,KCg-d,gamma,away,14,1,1
14068644,86967,10704,KCg-m,gamma,home,16,1,1
14068661,86967,18713,KCg-m,gamma,away,21,1,1
14068663,86967,19267,KCg-m,gamma,away,12,1,1
14069192,86970,11402,KCa'b'-ap2,apbp,home,1,1,1
14069202,86970,18713,KCa'b'-ap2,apbp,away,2,1,0
14069204,86970,19267,KCa'b'-ap2,apbp,away,4,1,0
14070775,86985,11402,KCg-m,gamma,home,26,1,1
14070787,86985,21242,KCg-m,gamma,away,13,1,1
14071028,86985,523060,KCg-m,gamma,away,10,1,1
14076200,87052,10704,KCg-m,gamma,home,11,1,1
14076218,87052,18713,KCg-m,gamma,away,12,1,1
14076220,87052,19267,KCg-m,gamma,away,20,1,1
14080428,87103,10704,KCg-m,gamma,home,11,1,1
14080446,87103,18713,KCg-m,gamma,away,9,1,1
14080447,87103,19267,KCg-m,gamma,away,12,1,1
14080448,87103,21242,KCg-m,gamma,away,1,1,1
14083572,87138,10704,KCab-c,ab,home,3,1,1
14084675,87155,11402,KCg-m,gamma,home,26,1,1
14084686,87155,18713,KCg-m,gamma,away,1,1,1
14084688,87155,21242,KCg-m,gamma,away,13,1,1
14084915,87155,523060,KCg-m,gamma,away,11,1,1
14085316,87163,11402,KCab-c,ab,home,6,1,1
14089434,87219,11402,KCa'b'-ap2,apbp,home,1,1,1
14089442,87219,18713,KCa'b'-ap2,apbp,away,22,1,0
14089444,87219,19267,KCa'b'-ap2,apbp,away,10,1,0
14090351,87232,18713,KCa'b'-ap2,apbp,away,10,1,0
14090352,87232,19267,KCa'b'-ap2,apbp,away,11,1,0
14092268,87254,10704,KCab-s,ab,home,1,1,1
14092271,87254,11402,KCab-s,ab,home,14,1,1
14092863,87261,11402,KCab-s,ab,home,7,1,1
14093961,87276,10704,KCg-m,gamma,home,18,1,1
14093981,87276,18713,KCg-m,gamma,away,17,1,1
14093983,87276,19267,KCg-m,gamma,away,18,1,1
14094472,87281,10704,KCa'b'-ap1,apbp,home,1,1,1
14094485,87281,21242,KCa'b'-ap1,apbp,away,18,1,0
14094624,87281,523060,KCa'b'-ap1,apbp,away,15,1,0
14096083,87304,10704,KCg-m,gamma,home,14,1,1
14096107,87304,18713,KCg-m,gamma,away,13,1,1
14096108,87304,19267,KCg-m,gamma,away,11,1,1
14096637,87308,10704,KCg-m,gamma,home,9,1,1
14096654,87308,18713,KCg-m,gamma,away,22,1,1
14096656,87308,19267,KCg-m,gamma,away,28,1,1
14098564,87324,11402,KCab-p,ab,home,9,1,1
14099578,87334,10704,KCa'b'-ap2,apbp,home,1,1,1
14099588,87334,21242,KCa'b'-ap2,apbp,away,16,1,0
14099768,87334,523060,KCa'b'-ap2,apbp,away,25,1,0
14102198,87364,11402,KCa'b'-m,apbp,home,1,1,1
14102208,87364,18713,KCa'b'-m,apbp,away,15,1,0
14102210,87364,19267,KCa'b'-m,apbp,away,3,1,0
14103834,87382,11402,KCg-m,gamma,home,26,1,1
14103845,87382,21242,KCg-m,gamma,away,5,1,1
14104073,87382,523060,KCg-m,gamma,away,15,1,1
14104440,87387,11402,KCg-d,gamma,home,17,1,1
14104452,87387,21242,KCg-d,gamma,away,12,1,1
14104590,87387,523060,KCg-d,gamma,away,15,1,1
14108650,87437,11402,KCg-m,gamma,home,18,1,1
14108662,87437,21242,KCg-m,gamma,away,16,1,1
14108899,87437,523060,KCg-m,gamma,away,22,1,1
14118536,87533,21242,KCa'b'-m,apbp,away,12,1,0
14118686,87533,523060,KCa'b'-m,apbp,away,25,1,0
14121993,87576,11402,KCab-s,ab,home,4,1,1
14128091,87642,11402,KCg-m,gamma,home,31,1,1
14128101,87642,21242,KCg-m,gamma,away,16,1,1
14128366,87642,523060,KCg-m,gamma,away,19,1,1
14130273,87660,11402,KCg-m,gamma,home,20,1,1
14130285,87660,21242,KCg-m,gamma,away,7,1,1
14130530,87660,523060,KCg-m,gamma,away,14,1,1
14130809,87667,21242,KCa'b'-m,apbp,away,17,1,0
14130974,87667,523060,KCa'b'-m,apbp,away,20,1,0
14133523,87697,10704,KCg-m,gamma,home,13,1,1
14133547,87697,18713,KCg-m,gamma,away,6,1,1
14133549,87697,19267,KCg-m,gamma,away,11,1,1
14135638,87719,11402,KCab-s,ab,home,8,1,1
14136687,87728,11402,KCab-s,ab,home,12,1,1
14137001,87731,10704,KCab-s,ab,home,3,1,1
14137188,87732,10704,KCab-c,ab,home,2,1,1
14137192,87732,11402,KCab-c,ab,home,1,1,1
14139378,87758,11402,KCab-s,ab,home,8,1,1
14139565,87759,11402,KCg-m,gamma,home,16,1,1
14139578,87759,21242,KCg-m,gamma,away,4,1,1
14139804,87759,523060,KCg-m,gamma,away,9,1,1
14141097,87776,11402,KCab-p,ab,home,10,1,1
14141848,87784,10704,KCab-s,ab,home,1,1,1
14141850,87784,11402,KCab-s,ab,home,7,1,1
14142254,87788,11402,KCab-m,ab,home,10,1,1
14147333,87844,11402,KCg-m,gamma,home,30,1,1
14147348,87844,21242,KCg-m,gamma,away,9,1,1
14147581,87844,523060,KCg-m,gamma,away,12,1,1
14149501,87868,10704,KCg-d,gamma,home,19,1,1
14149520,87868,18713,KCg-d,gamma,away,14,1,1
14149521,87868,19267,KCg-d,gamma,away,21,1,1
14155840,87946,11402,KCab-s,ab,home,12,1,1
14160817,88000,10704,KCg-m,gamma,home,13,1,1
14160837,88000,18713,KCg-m,gamma,away,16,1,1
14160838,88000,19267,KCg-m,gamma,away,17,1,1
14163421,88023,10704,KCab-m,ab,home,1,1,1
14163424,88023,11402,KCab-m,ab,home,11,1,1
14164132,88028,10704,KCg-m,gamma,home,9,1,1
14164150,88028,18713,KCg-m,gamma,away,15,1,1
14164152,88028,19267,KCg-m,gamma,away,22,1,1
14165988,88046,10704,KCab-c,ab,home,1,1,1
14168318,88068,10704,KCab-s,ab,home,1,1,1
14168321,88068,11402,KCab-s,ab,home,7,1,1
14173434,88108,10704,KCg-m,gamma,home,9,1,1
14173451,88108,18713,KCg-m,gamma,away,14,1,1
14173452,88108,19267,KCg-m,gamma,away,23,1,1
14173731,88109,18713,KCa'b'-ap2,apbp,away,10,1,0
14173732,88109,19267,KCa'b'-ap2,apbp,away,3,1,0
14175416,88132,10704,KCg-m,gamma,home,9,1,1
14175434,88132,18713,KCg-m,gamma,away,19,1,1
14175435,88132,19267,KCg-m,gamma,away,25,1,1
14179957,88185,21242,KCa'b'-ap2,apbp,away,24,1,0
14180126,88185,523060,KCa'b'-ap2,apbp,away,14,1,0
14180932,88192,11402,KCab-c,ab,home,10,1,1
14187743,88283,11402,KCa'b'-m,apbp,home,1,1,1
14187752,88283,18713,KCa'b'-m,apbp,away,13,1,0
14187753,88283,19267,KCa'b'-m,apbp,away,14,1,0
14188041,88290,11402,KCg-m,gamma,home,21,1,1
14188055,88290,21242,KCg-m,gamma,away,8,1,1
14188255,88290,523060,KCg-m,gamma,away,17,1,1
14197416,88404,10704,KCab-s,ab,home,8,1,1
14197736,88407,11402,KCab-s,ab,home,17,1,1
14199513,88428,10704,KCg-m,gamma,home,8,1,1
14199531,88428,18713,KCg-m,gamma,away,19,1,1
14199532,88428,19267,KCg-m,gamma,away,16,1,1
14203385,88476,11402,KCa'b'-ap1,apbp,home,1,1,1
14203394,88476,21242,KCa'b'-ap1,apbp,away,17,1,0
14203544,88476,523060,KCa'b'-ap1,apbp,away,15,1,0
14210341,88554,10704,KCab-m,ab,home,7,1,1
14210346,88554,11402,KCab-m,ab,home,1,1,1
14213043,88584,11402,KCg-m,gamma,home,30,1,1
14213055,88584,21242,KCg-m,gamma,away,10,1,1
14213310,88584,523060,KCg-m,gamma,away,14,1,1
14213547,88588,11402,KCab-m,ab,home,6,1,1
14217439,88631,10704,KCab-m,ab,home,4,1,1
14219146,88653,10704,KCab-s,ab,home,1,1,1
14219148,88653,11402,KCab-s,ab,home,4,1,1
14219374,88655,11402,KCg-m,gamma,home,28,1,1
14219386,88655,21242,KCg-m,gamma,away,10,1,1
14219618,88655,523060,KCg-m,gamma,away,17,1,1
14222383,88703,11402,KCg-m,gamma,home,35,1,1
14222395,88703,21242,KCg-m,gamma,away,13,1,1
14222653,88703,523060,KCg-m,gamma,away,17,1,1
14223250,88711,11402,KCa'b'-m,apbp,home,1,1,1
14223258,88711,21242,KCa'b'-m,apbp,away,12,1,0
14223457,88711,523060,KCa'b'-m,apbp,away,20,1,0
14228436,88775,10704,KCab-s,ab,home,1,1,1
14228438,88775,11402,KCab-s,ab,home,14,1,1
14231492,88808,21242,KCa'b'-m,apbp,away,10,1,0
14231664,88808,523060,KCa'b'-m,apbp,away,16,1,0
14232832,88822,18713,KCa'b'-ap1,apbp,away,9,1,0
14232833,88822,19267,KCa'b'-ap1,apbp,away,6,1,0
14233135,88824,11402,KCab-p,ab,home,6,1,1
14234103,88834,21242,KCa'b'-m,apbp,away,19,1,0
14234286,88834,523060,KCa'b'-m,apbp,away,23,1,0
14235085,88845,10704,KCg-m,gamma,home,15,1,1
14235107,88845,18713,KCg-m,gamma,away,3,1,1
14235108,88845,19267,KCg-m,gamma,away,6,1,1
14237172,88869,10704,KCg-m,gamma,home,12,1,1
14237190,88869,18713,KCg-m,gamma,away,17,1,1
14237191,88869,19267,KCg-m,gamma,away,16,1,1
14238945,88884,11402,KCg-m,gamma,home,15,1,1
14238954,88884,21242,KCg-m,gamma,away,9,1,1
14239191,88884,523060,KCg-m,gamma,away,21,1,1
14239968,88899,11402,KCab-p,ab,home,6,1,1
14243650,88938,11402,KCab-s,ab,home,6,1,1
14246948,88980,10704,KCab-m,ab,home,7,1,1
14249548,89003,11402,KCab-m,ab,home,5,1,1
14252574,89041,10704,KCg-m,gamma,home,9,1,1
14252594,89041,18713,KCg-m,gamma,away,9,1,1
14252596,89041,19267,KCg-m,gamma,away,7,1,1
14254793,89067,10704,KCab-m,ab,home,2,1,1
14254796,89067,11402,KCab-m,ab,home,1,1,1
14255229,89071,10704,KCab-s,ab,home,7,1,1
14255233,89071,11402,KCab-s,ab,home,1,1,1
14261214,89158,10704,KCg-m,gamma,home,23,1,1
14261234,89158,18713,KCg-m,gamma,away,4,1,1
14261235,89158,19267,KCg-m,gamma,away,4,1,1
14262402,89170,11402,KCab-s,ab,home,11,1,1
14271036,89269,10704,KCg-m,gamma,home,11,1,1
14271053,89269,18713,KCg-m,gamma,away,23,1,1
14271054,89269,19267,KCg-m,gamma,away,18,1,1
14275820,89323,10704,KCab-s,ab,home,14,1,1
14275824,89323,11402,KCab-s,ab,home,1,1,1
14276184,89327,11402,KCg-d,gamma,home,19,1,1
14276195,89327,21242,KCg-d,gamma,away,9,1,1
14276346,89327,523060,KCg-d,gamma,away,11,1,1
14276754,89338,10704,KCab-m,ab,home,10,1,1
14281004,89384,11402,KCab-m,ab,home,13,1,1
14283475,89419,21242,KCa'b'-m,apbp,away,6,1,0
14283659,89419,523060,KCa'b'-m,apbp,away,24,1,0
14284928,89435,10704,KCab-s,ab,home,1,1,1
14284930,89435,11402,KCab-s,ab,home,9,1,1
14285505,89442,10704,KCg-m,gamma,home,19,1,1
14285523,89442,18713,KCg-m,gamma,away,15,1,1
14285525,89442,19267,KCg-m,gamma,away,10,1,1
14285746,89442,523060,KCg-m,gamma,away,1,1,1
14287009,89461,18713,KCa'b'-ap2,apbp,away,23,1,0
14287011,89461,19267,KCa'b'-ap2,apbp,away,7,1,0
14288155,89471,11402,KCg-m,gamma,home,10,1,1
14288167,89471,21242,KCg-m,gamma,away,14,1,1
14288411,89471,523060,KCg-m,gamma,away,16,1,1
14291436,89505,10704,KCab-s,ab,home,1,1,1
14291439,89505,11402,KCab-s,ab,home,13,1,1
14293395,89530,11402,KCa'b'-ap2,apbp,home,1,1,1
14293403,89530,18713,KCa'b'-ap2,apbp,away,18,1,0
14293405,89530,19267,KCa'b'-ap2,apbp,away,11,1,0
14293916,89536,10704,KCg-m,gamma,home,16,1,1
14293932,89536,18713,KCg-m,gamma,away,15,1,1
14293934,89536,19267,KCg-m,gamma,away,16,1,1
14295702,89552,11402,KCab-c,ab,home,5,1,1
14297235,89574,11402,KCab-s,ab,home,9,1,1
14300968,89617,10704,KCab-c,ab,home,8,1,1
14300972,89617,11402,KCab-c,ab,home,1,1,1
14301847,89623,11402,KCab-m,ab,home,6,1,1
14304418,89658,11402,KCab-s,ab,home,14,1,1
14304640,89659,11402,KCab-c,ab,home,5,1,1
14308100,89707,10704,KCa'b'-m,apbp,home,1,1,1
14308110,89707,21242,KCa'b'-m,apbp,away,22,1,0
14308265,89707,523060,KCa'b'-m,apbp,away,20,1,0
14309046,89718,11402,KCab-s,ab,home,13,1,1
14309235,89719,11402,KCab-m,ab,home,7,1,1
14312313,89761,11402,KCg-m,gamma,home,16,1,1
14312325,89761,21242,KCg-m,gamma,away,9,1,1
14312558,89761,523060,KCg-m,gamma,away,20,1,1
14314442,89782,10704,KCg-m,gamma,home,16,1,1
14314460,89782,18713,KCg-m,gamma,away,17,1,1
14314461,89782,19267,KCg-m,gamma,away,20,1,1
14316610,89804,10704,KCab-c,ab,home,1,1,1
14316613,89804,11402,KCab-c,ab,home,6,1,1
14319367,89834,11402,KCab-m,ab,home,12,1,1
14319759,89839,11402,KCg-m,gamma,home,18,1,1
14319769,89839,21242,KCg-m,gamma,away,12,1,1
14320028,89839,523060,KCg-m,gamma,away,11,1,1
14320168,89841,11402,KCg-m,gamma,home,16,1,1
14320180,89841,21242,KCg-m,gamma,away,12,1,1
14320425,89841,523060,KCg-m,gamma,away,25,1,1
14321595,89858,10704,KCg-m,gamma,home,19,1,1
14321611,89858,18713,KCg-m,gamma,away,9,1,1
14321612,89858,19267,KCg-m,gamma,away,12,1,1
14322044,89862,10704,KCab-s,ab,home,3,1,1
14322047,89862,11402,KCab-s,ab,home,11,1,1
14341556,90091,21242,KCa'b'-m,apbp,away,14,1,0
14341702,90091,523060,KCa'b'-m,apbp,away,23,1,0
14342398,90098,10704,KCab-s,ab,home,1,1,1
14342402,90098,11402,KCab-s,ab,home,17,1,1
14345009,90138,10704,KCab-m,ab,home,1,1,1
14345013,90138,11402,KCab-m,ab,home,16,1,1
14345212,90139,10704,KCab-c,ab,home,8,1,1
14346649,90153,21242,KCa'b'-ap1,apbp,away,10,1,0
14346792,90153,523060,KCa'b'-ap1,apbp,away,14,1,0
14348992,90181,10704,KCab-s,ab,home,5,1,1
14348994,90181,11402,KCab-s,ab,home,18,1,1
14349473,90189,10704,KCg-m,gamma,home,11,1,1
14349490,90189,18713,KCg-m,gamma,away,15,1,1
14349491,90189,19267,KCg-m,gamma,away,17,1,1
14355554,90266,11402,KCab-m,ab,home,5,1,1
14357833,90291,11402,KCa'b'-m,apbp,home,1,1,1
14357843,90291,18713,KCa'b'-m,apbp,away,16,1,0
14357845,90291,19267,KCa'b'-m,apbp,away,7,1,0
14358322,90296,10704,KCg-m,gamma,home,12,1,1
14358342,90296,18713,KCg-m,gamma,away,21,1,1
14358343,90296,19267,KCg-m,gamma,away,14,1,1
14360382,90323,10704,KCa'b'-ap1,apbp,home,1,1,1
14360390,90323,18713,KCa'b'-ap1,apbp,away,12,1,0
14360392,90323,19267,KCa'b'-ap1,apbp,away,14,1,0
14362945,90352,10704,KCab-s,ab,home,1,1,1
14362948,90352,11402,KCab-s,ab,home,4,1,1
14363869,90363,10704,KCg-m,gamma,home,6,1,1
14363888,90363,18713,KCg-m,gamma,away,12,1,1
14363889,90363,19267,KCg-m,gamma,away,17,1,1
14364408,90367,11402,KCg-m,gamma,home,18,1,1
14364421,90367,21242,KCg-m,gamma,away,10,1,1
14364682,90367,523060,KCg-m,gamma,away,20,1,1
14367093,90393,10704,KCg-m,gamma,home,18,1,1
14367112,90393,18713,KCg-m,gamma,away,16,1,1
14367113,90393,19267,KCg-m,gamma,away,15,1,1
14368110,90403,10704,KCab-s,ab,home,1,1,1
14368112,90403,11402,KCab-s,ab,home,10,1,1
14370625,90439,11402,KCab-m,ab,home,1,1,1
14372431,90459,11402,KCab-c,ab,home,14,1,1
14373821,90473,10704,KCab-s,ab,home,1,1,1
14373824,90473,11402,KCab-s,ab,home,11,1,1
14377790,90525,11402,KCa'b'-m,apbp,home,1,1,1
14377802,90525,21242,KCa'b'-m,apbp,away,27,1,0
14377958,90525,523060,KCa'b'-m,apbp,away,25,1,0
14381380,90569,10704,KCg-m,gamma,home,18,1,1
14381399,90569,18713,KCg-m,gamma,away,20,1,1
14381400,90569,19267,KCg-m,gamma,away,18,1,1
14385099,90614,21242,KCa'b'-m,apbp,away,12,1,0
14385265,90614,523060,KCa'b'-m,apbp,away,27,1,0
14386801,90640,10704,KCg-m,gamma,home,15,1,1
14386814,90640,18713,KCg-m,gamma,away,17,1,1
14386815,90640,19267,KCg-m,gamma,away,13,1,1
14387930,90649,21242,KCa'b'-ap2,apbp,away,15,1,0
14388106,90649,523060,KCa'b'-ap2,apbp,away,23,1,0
14388121,90650,10704,KCab-s,ab,home,3,1,1
14388122,90650,11402,KCab-s,ab,home,14,1,1
14390432,90672,11402,KCab-s,ab,home,15,1,1
14402117,90790,10704,KCg-d,gamma,home,11,1,1
14402135,90790,18713,KCg-d,gamma,away,7,1,1
14402136,90790,19267,KCg-d,gamma,away,16,1,1
14403072,90805,10704,KCab-s,ab,home,1,1,1
14403074,90805,11402,KCab-s,ab,home,7,1,1
14403271,90809,10704,KCab-m,ab,home,2,1,1
14403275,90809,11402,KCab-m,ab,home,6,1,1
14403539,90812,11402,KCab-s,ab,home,7,1,1
14408362,90870,10704,KCg-m,gamma,home,17,1,1
14408382,90870,18713,KCg-m,gamma,away,11,1,1
14408384,90870,19267,KCg-m,gamma,away,12,1,1
14412075,90905,11402,KCab-s,ab,home,11,1,1
14412889,90919,10704,KCab-m,ab,home,6,1,1
14413810,90928,11402,KCab-s,ab,home,11,1,1
14414518,90935,10704,KCab-s,ab,home,1,1,1
14414522,90935,11402,KCab-s,ab,home,4,1,1
14415230,90944,10704,KCab-s,ab,home,1,1,1
14415232,90944,11402,KCab-s,ab,home,13,1,1
14422856,91041,11402,KCg-m,gamma,home,17,1,1
14422864,91041,21242,KCg-m,gamma,away,8,1,1
14423067,91041,523060,KCg-m,gamma,away,14,1,1
14426659,91091,21242,KCa'b'-ap2,apbp,away,15,1,0
14426828,91091,523060,KCa'b'-ap2,apbp,away,21,1,0
14437843,91244,11402,KCg-d,gamma,home,11,1,1
14437860,91244,21242,KCg-d,gamma,away,11,1,1
14438021,91244,523060,KCg-d,gamma,away,12,1,1
14441569,91287,10704,KCab-c,ab,home,10,1,1
14445908,91344,18713,KCg-m,gamma,away,26,1,1
14445910,91344,19267,KCg-m,gamma,away,21,1,1
14449209,91382,11402,KCab-p,ab,home,3,1,1
14449683,91386,11402,KCa'b'-m,apbp,home,2,1,1
14449690,91386,18713,KCa'b'-m,apbp,away,15,1,0
14449692,91386,19267,KCa'b'-m,apbp,away,12,1,0
14453938,91435,10704,KCab-m,ab,home,8,1,1
14453941,91435,11402,KCab-m,ab,home,1,1,1
14457871,91487,10704,KCg-d,gamma,home,14,1,1
14457887,91487,18713,KCg-d,gamma,away,12,1,1
14457889,91487,19267,KCg-d,gamma,away,14,1,1
14458725,91493,11402,KCab-s,ab,home,13,1,1
14459244,91497,18713,KCa'b'-ap2,apbp,away,9,1,0
14459245,91497,19267,KCa'b'-ap2,apbp,away,12,1,0
14463878,91544,11402,KCab-s,ab,home,13,1,1
14467718,91595,10704,KCab-s,ab,home,1,1,1
14467721,91595,11402,KCab-s,ab,home,12,1,1
14468509,91608,10704,KCg-m,gamma,home,4,1,1
14468526,91608,18713,KCg-m,gamma,away,20,1,1
14468528,91608,19267,KCg-m,gamma,away,20,1,1
14480540,91751,11402,KCab-p,ab,home,7,1,1
14484375,91800,10704,KCab-m,ab,home,6,1,1
14484379,91800,11402,KCab-m,ab,home,1,1,1
14484392,91800,19267,KCab-m,ab,away,1,1,0
14493024,91910,10704,KCg-m,gamma,home,12,1,1
14493038,91910,18713,KCg-m,gamma,away,15,1,1
14493039,91910,19267,KCg-m,gamma,away,17,1,1
14494253,91926,10704,KCg-d,gamma,home,12,1,1
14494266,91926,18713,KCg-d,gamma,away,18,1,1
14494267,91926,19267,KCg-d,gamma,away,17,1,1
14494485,91928,10704,KCg-m,gamma,home,17,1,1
14494504,91928,18713,KCg-m,gamma,away,13,1,1
14494505,91928,19267,KCg-m,gamma,away,14,1,1
14494506,91928,21242,KCg-m,gamma,away,1,1,1
14497651,91960,10704,KCab-p,ab,home,1,1,1
14497653,91960,11402,KCab-p,ab,home,8,1,1
14498907,91981,10704,KCab-m,ab,home,3,1,1
14501556,92008,10704,KCg-d,gamma,home,10,1,1
14501580,92008,18713,KCg-d,gamma,away,10,1,1
14501582,92008,19267,KCg-d,gamma,away,13,1,1
14502017,92013,10704,KCg-d,gamma,home,8,1,1
14502036,92013,18713,KCg-d,gamma,away,23,1,1
14502037,92013,19267,KCg-d,gamma,away,17,1,1
14503239,92030,10704,KCg-m,gamma,home,14,1,1
14503257,92030,18713,KCg-m,gamma,away,16,1,1
14503258,92030,19267,KCg-m,gamma,away,8,1,1
14503501,92031,11402,KCab-s,ab,home,8,1,1
14504489,92040,11402,KCab-s,ab,home,5,1,1
14510493,92106,11402,KCab-s,ab,home,3,1,1
14512848,92130,10704,KCg-m,gamma,home,11,1,1
14512867,92130,18713,KCg-m,gamma,away,11,1,1
14512868,92130,19267,KCg-m,gamma,away,15,1,1
14514486,92149,18713,KCa'b'-ap2,apbp,away,15,1,0
14514488,92149,19267,KCa'b'-ap2,apbp,away,6,1,0
14516687,92168,10704,KCg-d,gamma,home,7,1,1
14516700,92168,18713,KCg-d,gamma,away,11,1,1
14516701,92168,19267,KCg-d,gamma,away,13,1,1
14519060,92190,18713,KCa'b'-ap1,apbp,away,11,1,0
14519061,92190,19267,KCa'b'-ap1,apbp,away,27,1,0
14523393,92252,11402,KCab-m,ab,home,4,1,1
14524844,92274,11402,KCab-c,ab,home,5,1,1
14525022,92275,10704,KCab-s,ab,home,7,1,1
14525315,92278,11402,KCg-m,gamma,home,27,1,1
14525326,92278,21242,KCg-m,gamma,away,13,1,1
14525551,92278,523060,KCg-m,gamma,away,18,1,1
14526470,92294,18713,KCa'b'-m,apbp,away,10,1,0
14526471,92294,19267,KCa'b'-m,apbp,away,7,1,0
14530050,92335,11402,KCab-s,ab,home,12,1,1
14531778,92358,10704,KCab-c,ab,home,1,1,1
14535111,92402,21242,KCa'b'-m,apbp,away,21,1,0
14535261,92402,523060,KCa'b'-m,apbp,away,27,1,0
14537019,92424,10704,KCg-m,gamma,home,14,1,1
14537040,92424,18713,KCg-m,gamma,away,18,1,1
14537042,92424,19267,KCg-m,gamma,away,14,1,1
14537542,92430,11402,KCab-c,ab,home,5,1,1
14541614,92484,11402,KCab-m,ab,home,5,1,1
14542615,92494,11402,KCab-s,ab,home,9,1,1
14543364,92504,11402,KCab-s,ab,home,6,1,1
14545377,92532,11402,KCab-m,ab,home,2,1,1
14548046,92563,11402,KCab-m,ab,home,6,1,1
14549036,92574,11402,KCab-m,ab,home,6,1,1
14553386,92628,10704,KCab-s,ab,home,1,1,1
14553388,92628,11402,KCab-s,ab,home,7,1,1
14553841,92633,21242,KCa'b'-ap2,apbp,away,14,1,0
14554006,92633,523060,KCa'b'-ap2,apbp,away,14,1,0
14554023,92635,11402,KCab-m,ab,home,7,1,1
14556260,92662,18713,KCa'b'-ap1,apbp,away,6,1,0
14556261,92662,19267,KCa'b'-ap1,apbp,away,5,1,0
14557444,92679,10704,KCg-m,gamma,home,13,1,1
14557463,92679,18713,KCg-m,gamma,away,14,1,1
14557465,92679,19267,KCg-m,gamma,away,14,1,1
14558593,92687,11402,KCab-c,ab,home,12,1,1
14560587,92716,11402,KCab-s,ab,home,9,1,1
14566759,92784,11402,KCg-m,gamma,home,17,1,1
14566776,92784,21242,KCg-m,gamma,away,12,1,1
14567002,92784,523060,KCg-m,gamma,away,23,1,1
14567514,92794,11402,KCab-c,ab,home,6,1,1
14569425,92809,11402,KCab-m,ab,home,8,1,1
14572237,92847,21242,KCa'b'-ap1,apbp,away,14,1,0
14572373,92847,523060,KCa'b'-ap1,apbp,away,13,1,0
14574809,92877,11402,KCab-s,ab,home,11,1,1
14578695,92924,11402,KCg-m,gamma,home,32,1,1
14578705,92924,21242,KCg-m,gamma,away,9,1,1
14578970,92924,523060,KCg-m,gamma,away,13,1,1
14579090,92927,11402,KCg-m,gamma,home,19,1,1
14579102,92927,21242,KCg-m,gamma,away,9,1,1
14579371,92927,523060,KCg-m,gamma,away,17,1,1
14581609,92952,11402,KCab-m,ab,home,14,1,1
14582217,92960,11402,KCab-s,ab,home,11,1,1
14582751,92967,10704,KCg-d,gamma,home,10,1,1
14582767,92967,18713,KCg-d,gamma,away,13,1,1
14582769,92967,19267,KCg-d,gamma,away,13,1,1
14584201,92985,11402,KCab-m,ab,home,5,1,1
14586899,93017,21242,KCa'b'-m,apbp,away,12,1,0
14587077,93017,523060,KCa'b'-m,apbp,away,24,1,0
14589783,93044,10704,KCg-m,gamma,home,10,1,1
14589802,93044,18713,KCg-m,gamma,away,24,1,1
14589804,93044,19267,KCg-m,gamma,away,19,1,1
14590573,93050,10704,KCab-s,ab,home,6,1,1
14592092,93065,10704,KCg-m,gamma,home,16,1,1
14592109,93065,18713,KCg-m,gamma,away,14,1,1
14592111,93065,19267,KCg-m,gamma,away,9,1,1
14596399,93108,11402,KCab-p,ab,home,4,1,1
14596905,93113,11402,KCab-m,ab,home,3,1,1
14598125,93128,11402,KCab-m,ab,home,5,1,1
14600129,93150,11402,KCab-c,ab,home,3,1,1
14605527,93216,10704,KCg-m,gamma,home,6,1,1
14605544,93216,18713,KCg-m,gamma,away,25,1,1
14605545,93216,19267,KCg-m,gamma,away,19,1,1
14610014,93263,10704,KCa'b'-ap1,apbp,home,1,1,1
14610022,93263,18713,KCa'b'-ap1,apbp,away,7,1,0
14610023,93263,19267,KCa'b'-ap1,apbp,away,7,1,0
14610026,93263,21242,KCa'b'-ap1,apbp,away,1,1,0
14612420,93288,11402,KCab-s,ab,home,21,1,1
14613729,93301,11402,KCab-m,ab,home,4,1,1
14614844,93314,10704,KCab-c,ab,home,3,1,1
14614848,93314,11402,KCab-c,ab,home,2,1,1
14615893,93325,11402,KCab-m,ab,home,4,1,1
14615990,93326,10704,KCab-s,ab,home,1,1,1
14615993,93326,11402,KCab-s,ab,home,10,1,1
14616193,93327,10704,KCg-m,gamma,home,11,1,1
14616216,93327,18713,KCg-m,gamma,away,17,1,1
14616217,93327,19267,KCg-m,gamma,away,10,1,1
14616459,93327,523060,KCg-m,gamma,away,1,1,1
14621003,93380,18713,KCa'b'-ap2,apbp,away,12,1,0
14621004,93380,19267,KCa'b'-ap2,apbp,away,10,1,0
14623958,93409,10704,KCab-s,ab,home,2,1,1
14627872,93462,11402,KCg-m,gamma,home,24,1,1
14627882,93462,21242,KCg-m,gamma,away,15,1,1
14628086,93462,523060,KCg-m,gamma,away,12,1,1
14628104,93464,11402,KCab-s,ab,home,15,1,1
14629916,93485,11402,KCg-m,gamma,home,15,1,1
14629928,93485,21242,KCg-m,gamma,away,9,1,1
14630187,93485,523060,KCg-m,gamma,away,10,1,1
14637529,93582,10704,KCa'b'-m,apbp,home,1,1,1
14637533,93582,11402,KCa'b'-m,apbp,home,4,1,1
14637543,93582,18713,KCa'b'-m,apbp,away,11,1,0
14637545,93582,19267,KCa'b'-m,apbp,away,2,1,0
14638320,93593,11402,KCab-m,ab,home,5,1,1
14639582,93616,10704,KCg-m,gamma,home,15,1,1
14639604,93616,18713,KCg-m,gamma,away,9,1,1
14639605,93616,19267,KCg-m,gamma,away,5,1,1
14641764,93644,21242,KCa'b'-ap2,apbp,away,14,1,0
14641949,93644,523060,KCa'b'-ap2,apbp,away,17,1,0
14651894,93772,11402,KCg-m,gamma,home,22,1,1
14651909,93772,21242,KCg-m,gamma,away,10,1,1
14652176,93772,523060,KCg-m,gamma,away,17,1,1
14653415,93786,10704,KCab-m,ab,home,9,1,1
14654299,93797,11402,KCab-c,ab,home,3,1,1
14654688,93803,10704,KCg-m,gamma,home,12,1,1
14654705,93803,18713,KCg-m,gamma,away,15,1,1
14654707,93803,19267,KCg-m,gamma,away,18,1,1
14657276,93837,10704,KCab-s,ab,home,1,1,1
14657278,93837,11402,KCab-s,ab,home,12,1,1
14657700,93841,10704,KCab-s,ab,home,6,1,1
14657704,93841,11402,KCab-s,ab,home,1,1,1
14659253,93859,11402,KCg-m,gamma,home,24,1,1
14659263,93859,21242,KCg-m,gamma,away,14,1,1
14659513,93859,523060,KCg-m,gamma,away,10,1,1
14661722,93889,11402,KCab-m,ab,home,7,1,1
14662258,93893,11402,KCab-s,ab,home,19,1,1
14663009,93902,21242,KCa'b'-ap2,apbp,away,15,1,0
14663198,93902,523060,KCa'b'-ap2,apbp,away,17,1,0
14668482,93976,11402,KCab-p,ab,home,4,1,1
14670250,94001,11402,KCg-m,gamma,home,21,1,1
14670264,94001,21242,KCg-m,gamma,away,12,1,1
14670496,94001,523060,KCg-m,gamma,away,5,1,1
14671386,94018,11402,KCab-m,ab,home,12,1,1
14673462,94050,10704,KCab-m,ab,home,2,1,1
14673465,94050,11402,KCab-m,ab,home,13,1,1
14675890,94078,21242,KCa'b'-ap2,apbp,away,11,1,0
14676068,94078,523060,KCa'b'-ap2,apbp,away,20,1,0
14677784,94101,10704,KCab-s,ab,home,1,1,1
14677787,94101,11402,KCab-s,ab,home,9,1,1
14684235,94171,10704,KCab-m,ab,home,5,1,1
14689102,94240,10704,KCab-p,ab,home,1,1,1
14694426,94310,10704,KCg-m,gamma,home,17,1,1
14694447,94310,18713,KCg-m,gamma,away,16,1,1
14694449,94310,19267,KCg-m,gamma,away,24,1,1
14696958,94336,11402,KCab-s,ab,home,7,1,1
14704452,94430,10704,KCab-m,ab,home,7,1,1
14709450,94490,10704,KCab-s,ab,home,1,1,1
14709451,94490,11402,KCab-s,ab,home,4,1,1
14709607,94491,11402,KCab-m,ab,home,4,1,1
14710289,94509,11402,KCab-c,ab,home,4,1,1
14711207,94518,11402,KCab-m,ab,home,4,1,1
14712364,94530,10704,KCg-m,gamma,home,20,1,1
14712382,94530,18713,KCg-m,gamma,away,17,1,1
14712383,94530,19267,KCg-m,gamma,away,18,1,1
14718325,94606,10704,KCg-m,gamma,home,16,1,1
14718340,94606,18713,KCg-m,gamma,away,21,1,1
14718341,94606,19267,KCg-m,gamma,away,20,1,1
14719187,94614,10704,KCab-s,ab,home,8,1,1
14719190,94614,11402,KCab-s,ab,home,1,1,1
14719853,94622,10704,KCab-c,ab,home,1,1,1
14719857,94622,11402,KCab-c,ab,home,6,1,1
14721924,94663,10704,KCg-m,gamma,home,13,1,1
14721947,94663,18713,KCg-m,gamma,away,21,1,1
14721949,94663,19267,KCg-m,gamma,away,17,1,1
14722968,94674,11402,KCg-m,gamma,home,27,1,1
14722980,94674,21242,KCg-m,gamma,away,8,1,1
14723212,94674,523060,KCg-m,gamma,away,7,1,1
14726642,94721,11402,KCab-m,ab,home,4,1,1
14729178,94754,11402,KCab-s,ab,home,4,1,1
14731852,94785,11402,KCab-c,ab,home,7,1,1
14732432,94790,10704,KCab-s,ab,home,1,1,1
14732434,94790,11402,KCab-s,ab,home,7,1,1
14733402,94802,11402,KCa'b'-m,apbp,home,1,1,1
14733409,94802,18713,KCa'b'-m,apbp,away,12,1,0
14733411,94802,19267,KCa'b'-m,apbp,away,5,1,0
14733413,94802,21242,KCa'b'-m,apbp,away,1,1,0
14737463,94845,10704,KCab-p,ab,home,9,1,1
14742721,94914,10704,KCg-m,gamma,home,19,1,1
14742740,94914,18713,KCg-m,gamma,away,16,1,1
14742741,94914,19267,KCg-m,gamma,away,22,1,1
14747377,94974,11402,KCg-m,gamma,home,15,1,1
14747391,94974,21242,KCg-m,gamma,away,10,1,1
14747599,94974,523060,KCg-m,gamma,away,16,1,1
14748426,94993,10704,KCab-s,ab,home,4,1,1
14748428,94993,11402,KCab-s,ab,home,1,1,1
14752021,95042,10704,KCg-m,gamma,home,12,1,1
14752038,95042,18713,KCg-m,gamma,away,26,1,1
14752040,95042,19267,KCg-m,gamma,away,14,1,1
14754671,95072,10704,KCg-m,gamma,home,15,1,1
14754687,95072,18713,KCg-m,gamma,away,14,1,1
14754689,95072,19267,KCg-m,gamma,away,11,1,1
14755454,95078,10704,KCab-s,ab,home,5,1,1
14755458,95078,11402,KCab-s,ab,home,2,1,1
14755654,95081,10704,KCg-m,gamma,home,17,1,1
14755673,95081,18713,KCg-m,gamma,away,17,1,1
14755674,95081,19267,KCg-m,gamma,away,17,1,1
14756667,95092,10704,KCab-m,ab,home,12,1,1
14761873,95158,11402,KCg-m,gamma,home,23,1,1
14761891,95158,21242,KCg-m,gamma,away,8,1,1
14762132,95158,523060,KCg-m,gamma,away,11,1,1
14762548,95167,11402,KCg-m,gamma,home,18,1,1
14762561,95167,21242,KCg-m,gamma,away,12,1,1
14762812,95167,523060,KCg-m,gamma,away,15,1,1
14763888,95186,10704,KCab-c,ab,home,4,1,1
14763891,95186,11402,KCab-c,ab,home,2,1,1
14764251,95189,10704,KCg-m,gamma,home,16,1,1
14764271,95189,18713,KCg-m,gamma,away,16,1,1
14764272,95189,19267,KCg-m,gamma,away,13,1,1
14766389,95213,11402,KCg-m,gamma,home,17,1,1
14766401,95213,21242,KCg-m,gamma,away,14,1,1
14766633,95213,523060,KCg-m,gamma,away,16,1,1
14771616,95265,10704,KCab-s,ab,home,8,1,1
14774062,95291,10704,KCg-d,gamma,home,15,1,1
14774078,95291,18713,KCg-d,gamma,away,13,1,1
14774079,95291,19267,KCg-d,gamma,away,14,1,1
14775436,95307,10704,KCab-s,ab,home,6,1,1
14775439,95307,11402,KCab-s,ab,home,2,1,1
14778639,95349,10704,KCab-p,ab,home,2,1,1
14779216,95358,18713,KCa'b'-ap1,apbp,away,9,1,0
14779217,95358,19267,KCa'b'-ap1,apbp,away,14,1,0
14779979,95367,11402,KCab-m,ab,home,10,1,1
14780167,95368,10704,KCg-m,gamma,home,17,1,1
14780185,95368,18713,KCg-m,gamma,away,20,1,1
14780186,95368,19267,KCg-m,gamma,away,9,1,1
14782405,95397,11402,KCab-m,ab,home,12,1,1
14783696,95404,10704,KCg-m,gamma,home,14,1,1
14783710,95404,18713,KCg-m,gamma,away,17,1,1
14783712,95404,19267,KCg-m,gamma,away,18,1,1
14789488,95484,10704,KCg-d,gamma,home,10,1,1
14789500,95484,18713,KCg-d,gamma,away,17,1,1
14789501,95484,19267,KCg-d,gamma,away,14,1,1
14792040,95517,21242,KCa'b'-ap1,apbp,away,10,1,0
14792182,95517,523060,KCa'b'-ap1,apbp,away,19,1,0
14792202,95518,21242,KCa'b'-ap2,apbp,away,14,1,0
14792364,95518,523060,KCa'b'-ap2,apbp,away,15,1,0
14793576,95533,10704,KCab-m,ab,home,9,1,1
14794731,95548,11402,KCab-c,ab,home,4,1,1
14797490,95581,11402,KCab-c,ab,home,16,1,1
14797751,95583,10704,KCab-s,ab,home,4,1,1
14797943,95585,11402,KCab-s,ab,home,14,1,1
14798535,95590,10704,KCab-s,ab,home,1,1,1
14798537,95590,11402,KCab-s,ab,home,5,1,1
14798745,95591,11402,KCab-p,ab,home,11,1,1
14802614,95639,21242,KCa'b'-ap2,apbp,away,16,1,0
14802762,95639,523060,KCa'b'-ap2,apbp,away,11,1,0
14803850,95653,10704,KCab-c,ab,home,1,1,1
14803853,95653,11402,KCab-c,ab,home,13,1,1
14807430,95699,11402,KCab-s,ab,home,13,1,1
14808230,95707,11402,KCab-s,ab,home,7,1,1
14810685,95735,10704,KCa'b'-m,apbp,home,1,1,1
14810698,95735,21242,KCa'b'-m,apbp,away,14,1,0
14810881,95735,523060,KCa'b'-m,apbp,away,21,1,0
14813374,95778,21242,KCa'b'-ap2,apbp,away,19,1,0
14813553,95778,523060,KCa'b'-ap2,apbp,away,20,1,0
14814046,95783,11402,KCab-m,ab,home,6,1,1
14819540,95861,10704,KCg-m,gamma,home,12,1,1
14819558,95861,18713,KCg-m,gamma,away,17,1,1
14819559,95861,19267,KCg-m,gamma,away,17,1,1
14825819,95941,10704,KCg-m,gamma,home,12,1,1
14825836,95941,18713,KCg-m,gamma,away,17,1,1
14825837,95941,19267,KCg-m,gamma,away,14,1,1
14827953,95970,10704,KCab-p,ab,home,3,1,1
14832383,96041,10704,KCab-s,ab,home,4,1,1
14832386,96041,11402,KCab-s,ab,home,3,1,1
14833864,96065,11402,KCa'b'-m,apbp,home,1,1,1
14833873,96065,18713,KCa'b'-m,apbp,away,19,1,0
14833875,96065,19267,KCa'b'-m,apbp,away,3,1,0
14839637,96131,10704,KCab-s,ab,home,1,1,1
14839639,96131,11402,KCab-s,ab,home,11,1,1
14844331,96191,11402,KCab-m,ab,home,9,1,1
14847332,96231,10704,KCg-m,gamma,home,15,1,1
14847350,96231,18713,KCg-m,gamma,away,15,1,1
14847351,96231,19267,KCg-m,gamma,away,21,1,1
14850589,96263,10704,KCab-s,ab,home,8,1,1
14850593,96263,11402,KCab-s,ab,home,1,1,1
14851229,96273,10704,KCab-c,ab,home,2,1,1
14851232,96273,11402,KCab-c,ab,home,3,1,1
14851420,96274,11402,KCab-c,ab,home,9,1,1
14853972,96304,11402,KCg-d,gamma,home,21,1,1
14853989,96304,21242,KCg-d,gamma,away,9,1,1
14854163,96304,523060,KCg-d,gamma,away,21,1,1
14855651,96324,11402,KCg-m,gamma,home,29,1,1
14855665,96324,21242,KCg-m,gamma,away,3,1,1
14855892,96324,523060,KCg-m,gamma,away,9,1,1
14859583,96383,11402,KCab-s,ab,home,18,1,1
14877534,96624,10704,KCg-m,gamma,home,7,1,1
14877550,96624,18713,KCg-m,gamma,away,14,1,1
14877551,96624,19267,KCg-m,gamma,away,11,1,1
14881351,96688,10704,KCg-m,gamma,home,10,1,1
14881368,96688,18713,KCg-m,gamma,away,13,1,1
14881369,96688,19267,KCg-m,gamma,away,11,1,1
14882957,96711,11402,KCab-s,ab,home,16,1,1
14883832,96721,10704,KCg-m,gamma,home,15,1,1
14883850,96721,18713,KCg-m,gamma,away,4,1,1
14883852,96721,19267,KCg-m,gamma,away,11,1,1
14884201,96723,10704,KCab-p,ab,home,1,1,1
14886565,96746,10704,KCab-m,ab,home,4,1,1
14886568,96746,11402,KCab-m,ab,home,2,1,1
14888776,96781,11402,KCab-m,ab,home,2,1,1
14892701,96847,10704,KCab-m,ab,home,7,1,1
14892705,96847,11402,KCab-m,ab,home,2,1,1
14893009,96850,11402,KCab-c,ab,home,3,1,1
14897070,96902,10704,KCab-s,ab,home,2,1,1
14897072,96902,11402,KCab-s,ab,home,7,1,1
14901530,96961,11402,KCa'b'-ap2,apbp,home,2,1,1
14901539,96961,18713,KCa'b'-ap2,apbp,away,15,1,0
14901541,96961,19267,KCa'b'-ap2,apbp,away,7,1,0
14901716,96963,11402,KCab-s,ab,home,3,1,1
14903019,96977,10704,KCab-s,ab,home,4,1,1
14903021,96977,11402,KCab-s,ab,home,10,1,1
14907395,97024,10704,KCab-s,ab,home,4,1,1
14907400,97024,11402,KCab-s,ab,home,2,1,1
14911513,97075,10704,KCab-m,ab,home,10,1,1
14911517,97075,11402,KCab-m,ab,home,1,1,1
14920534,97181,10704,KCg-m,gamma,home,17,1,1
14920551,97181,18713,KCg-m,gamma,away,13,1,1
14920552,97181,19267,KCg-m,gamma,away,9,1,1
14925233,97239,10704,KCg-m,gamma,home,19,1,1
14925253,97239,18713,KCg-m,gamma,away,12,1,1
14925255,97239,19267,KCg-m,gamma,away,12,1,1
14927350,97258,11402,KCab-m,ab,home,11,1,1
14929959,97305,11402,KCg-m,gamma,home,15,1,1
14929972,97305,21242,KCg-m,gamma,away,12,1,1
14930193,97305,523060,KCg-m,gamma,away,13,1,1
14932682,97348,10704,KCg-m,gamma,home,14,1,1
14932699,97348,18713,KCg-m,gamma,away,19,1,1
14932700,97348,19267,KCg-m,gamma,away,15,1,1
14933351,97356,10704,KCab-c,ab,home,2,1,1
14934083,97373,11402,KCab-s,ab,home,10,1,1
14937220,97410,11402,KCab-m,ab,home,7,1,1
14944247,97497,10704,KCab-s,ab,home,4,1,1
14946196,97522,11402,KCab-m,ab,home,6,1,1
14949789,97573,11402,KCab-m,ab,home,10,1,1
14951193,97591,10704,KCg-d,gamma,home,15,1,1
14951206,97591,18713,KCg-d,gamma,away,14,1,1
14951207,97591,19267,KCg-d,gamma,away,23,1,1
14951767,97601,11402,KCab-s,ab,home,12,1,1
14953646,97624,10704,KCg-m,gamma,home,15,1,1
14953666,97624,18713,KCg-m,gamma,away,16,1,1
14953667,97624,19267,KCg-m,gamma,away,19,1,1
14958705,97689,11402,KCab-m,ab,home,4,1,1
14961090,97719,11402,KCab-s,ab,home,8,1,1
14962734,97738,10704,KCab-s,ab,home,2,1,1
14962739,97738,11402,KCab-s,ab,home,10,1,1
14965054,97772,11402,KCg-m,gamma,home,18,1,1
14965065,97772,21242,KCg-m,gamma,away,15,1,1
14965314,97772,523060,KCg-m,gamma,away,15,1,1
14968437,97823,11402,KCab-m,ab,home,4,1,1
14975030,97927,21242,KCa'b'-ap2,apbp,away,15,1,0
14975200,97927,523060,KCa'b'-ap2,apbp,away,10,1,0
14976573,97949,21242,KCa'b'-m,apbp,away,16,1,0
14976747,97949,523060,KCa'b'-m,apbp,away,21,1,0
14980234,97999,11402,KCg-m,gamma,home,25,1,1
14980246,97999,21242,KCg-m,gamma,away,17,1,1
14980503,97999,523060,KCg-m,gamma,away,12,1,1
14980907,98006,10704,KCab-s,ab,home,6,1,1
14982105,98017,11402,KCg-m,gamma,home,20,1,1
14982117,98017,21242,KCg-m,gamma,away,8,1,1
14982339,98017,523060,KCg-m,gamma,away,10,1,1
14986406,98070,10704,KCab-m,ab,home,11,1,1
14986410,98070,11402,KCab-m,ab,home,2,1,1
14989339,98104,10704,KCg-m,gamma,home,10,1,1
14989354,98104,18713,KCg-m,gamma,away,15,1,1
14989355,98104,19267,KCg-m,gamma,away,15,1,1
14989716,98107,10704,KCab-s,ab,home,12,1,1
14991099,98120,11402,KCab-c,ab,home,5,1,1
15000404,98275,10704,KCg-m,gamma,home,14,1,1
15000425,98275,18713,KCg-m,gamma,away,10,1,1
15000426,98275,19267,KCg-m,gamma,away,16,1,1
15003752,98318,10704,KCab-s,ab,home,16,1,1
15003755,98318,11402,KCab-s,ab,home,1,1,1
15006617,98359,11402,KCab-s,ab,home,8,1,1
15013387,98445,10704,KCab-m,ab,home,6,1,1
15014812,98462,10704,KCg-d,gamma,home,9,1,1
15014828,98462,18713,KCg-d,gamma,away,15,1,1
15014829,98462,19267,KCg-d,gamma,away,20,1,1
15016465,98490,11402,KCab-s,ab,home,6,1,1
15017764,98509,11402,KCab-m,ab,home,11,1,1
15023783,98582,10704,KCab-m,ab,home,13,1,1
15023788,98582,11402,KCab-m,ab,home,4,1,1
15024849,98590,10704,KCab-m,ab,home,8,1,1
15024854,98590,11402,KCab-m,ab,home,1,1,1
15026481,98614,11402,KCab-m,ab,home,3,1,1
15029934,98662,10704,KCab-m,ab,home,2,1,1
15030240,98665,10704,KCg-m,gamma,home,13,1,1
15030256,98665,18713,KCg-m,gamma,away,22,1,1
15030258,98665,19267,KCg-m,gamma,away,12,1,1
15034370,98714,10704,KCab-s,ab,home,11,1,1
15034373,98714,11402,KCab-s,ab,home,1,1,1
15039259,98782,10704,KCg-m,gamma,home,17,1,1
15039267,98782,11402,KCg-m,gamma,home,1,1,1
15039280,98782,18713,KCg-m,gamma,away,18,1,1
15039282,98782,19267,KCg-m,gamma,away,21,1,1
15041784,98813,10704,KCab-m,ab,home,11,1,1
15047581,98901,10704,KCg-d,gamma,home,6,1,1
15047598,98901,18713,KCg-d,gamma,away,14,1,1
15047599,98901,19267,KCg-d,gamma,away,11,1,1
15049372,98924,10704,KCab-s,ab,home,1,1,1
15049377,98924,11402,KCab-s,ab,home,10,1,1
15051170,98946,10704,KCg-m,gamma,home,12,1,1
15051175,98946,11402,KCg-m,gamma,home,2,1,1
15051192,98946,18713,KCg-m,gamma,away,14,1,1
15051195,98946,19267,KCg-m,gamma,away,19,1,1
15053052,98969,10704,KCab-s,ab,home,2,1,1
15053054,98969,11402,KCab-s,ab,home,10,1,1
15053612,98979,11402,KCab-s,ab,home,9,1,1
15063081,99108,11402,KCab-s,ab,home,12,1,1
15065307,99139,11402,KCg-m,gamma,home,13,1,1
15065318,99139,21242,KCg-m,gamma,away,8,1,1
15065581,99139,523060,KCg-m,gamma,away,20,1,1
15065607,99140,18713,KCa'b'-m,apbp,away,10,1,0
15065609,99140,19267,KCa'b'-m,apbp,away,7,1,0
15066519,99150,10704,KCab-m,ab,home,12,1,1
15066523,99150,11402,KCab-m,ab,home,1,1,1
15067044,99154,11402,KCab-m,ab,home,5,1,1
15070946,99195,10704,KCg-m,gamma,home,9,1,1
15070969,99195,18713,KCg-m,gamma,away,20,1,1
15070970,99195,19267,KCg-m,gamma,away,10,1,1
15073433,99225,10704,KCg-m,gamma,home,20,1,1
15073455,99225,18713,KCg-m,gamma,away,13,1,1
15073457,99225,19267,KCg-m,gamma,away,10,1,1
15075421,99248,10704,KCab-s,ab,home,2,1,1
15080876,99324,10704,KCab-c,ab,home,1,1,1
15080879,99324,11402,KCab-c,ab,home,5,1,1
15085905,99391,11402,KCg-d,gamma,home,17,1,1
15085917,99391,21242,KCg-d,gamma,away,14,1,1
15086047,99391,523060,KCg-d,gamma,away,10,1,1
15089129,99436,10704,KCg-m,gamma,home,20,1,1
15089147,99436,18713,KCg-m,gamma,away,16,1,1
15089149,99436,19267,KCg-m,gamma,away,9,1,1
15100196,99583,10704,KCa'b'-ap2,apbp,home,1,1,1
15100205,99583,18713,KCa'b'-ap2,apbp,away,13,1,0
15100207,99583,19267,KCa'b'-ap2,apbp,away,12,1,0
15102249,99608,11402,KCg-m,gamma,home,25,1,1
15102259,99608,21242,KCg-m,gamma,away,8,1,1
15102451,99608,523060,KCg-m,gamma,away,12,1,1
15105634,99659,11402,KCab-s,ab,home,8,1,1
15115209,99785,11402,KCab-c,ab,home,15,1,1
15116023,99796,11402,KCa'b'-m,apbp,home,4,1,1
15116032,99796,18713,KCa'b'-m,apbp,away,13,1,0
15116034,99796,19267,KCa'b'-m,apbp,away,9,1,0
15117862,99819,11402,KCab-m,ab,home,11,1,1
15119327,99838,10704,KCab-c,ab,home,3,1,1
15119898,99847,10704,KCg-m,gamma,home,14,1,1
15119916,99847,18713,KCg-m,gamma,away,23,1,1
15119917,99847,19267,KCg-m,gamma,away,27,1,1
15121209,99858,10704,KCg-m,gamma,home,17,1,1
15121231,99858,18713,KCg-m,gamma,away,15,1,1
15121232,99858,19267,KCg-m,gamma,away,16,1,1
15122580,99875,10704,KCg-m,gamma,home,14,1,1
15122596,99875,18713,KCg-m,gamma,away,20,1,1
15122598,99875,19267,KCg-m,gamma,away,8,1,1
15128580,99958,11402,KCab-c,ab,home,13,1,1
15137927,100076,11402,KCab-c,ab,home,7,1,1
15141895,100136,21242,KCa'b'-ap2,apbp,away,17,1,0
15142066,100136,523060,KCa'b'-ap2,apbp,away,18,1,0
15146613,100204,11402,KCab-s,ab,home,11,1,1
15149845,100237,10704,KCab-c,ab,home,5,1,1
15150774,100246,21242,KCa'b'-ap2,apbp,away,16,1,0
15150972,100246,523060,KCa'b'-ap2,apbp,away,15,1,0
15151202,100251,10704,KCg-m,gamma,home,7,1,1
15151221,100251,18713,KCg-m,gamma,away,18,1,1
15151222,100251,19267,KCg-m,gamma,away,17,1,1
15153055,100272,10704,KCg-m,gamma,home,14,1,1
15153074,100272,18713,KCg-m,gamma,away,19,1,1
15153075,100272,19267,KCg-m,gamma,away,18,1,1
15157440,100335,11402,KCab-m,ab,home,3,1,1
15158054,100341,10704,KCab-c,ab,home,1,1,1
15163770,100423,18713,KCa'b'-m,apbp,away,16,1,0
15163772,100423,19267,KCa'b'-m,apbp,away,10,1,0
15168299,100484,10704,KCab-s,ab,home,7,1,1
15169603,100497,10704,KCab-s,ab,home,3,1,1
15169606,100497,11402,KCab-s,ab,home,14,1,1
15172706,100537,11402,KCab-m,ab,home,4,1,1
15173102,100544,10704,KCab-s,ab,home,1,1,1
15173104,100544,11402,KCab-s,ab,home,12,1,1
15176908,100592,10704,KCg-d,gamma,home,10,1,1
15176927,100592,18713,KCg-d,gamma,away,11,1,1
15176928,100592,19267,KCg-d,gamma,away,11,1,1
15178172,100615,10704,KCg-m,gamma,home,19,1,1
15178184,100615,18713,KCg-m,gamma,away,14,1,1
15178185,100615,19267,KCg-m,gamma,away,12,1,1
15183523,100672,10704,KCab-c,ab,home,1,1,1
15183526,100672,11402,KCab-c,ab,home,1,1,1
15188030,100728,21242,KCa'b'-ap2,apbp,away,16,1,0
15188189,100728,523060,KCa'b'-ap2,apbp,away,15,1,0
15190905,100773,10704,KCg-m,gamma,home,15,1,1
15190925,100773,18713,KCg-m,gamma,away,18,1,1
15190927,100773,19267,KCg-m,gamma,away,9,1,1
15192606,100795,10704,KCab-s,ab,home,1,1,1
15192608,100795,11402,KCab-s,ab,home,9,1,1
15194148,100815,10704,KCab-s,ab,home,1,1,1
15194151,100815,11402,KCab-s,ab,home,11,1,1
15194846,100823,11402,KCab-m,ab,home,4,1,1
15198895,100878,10704,KCab-m,ab,home,6,1,1
15198899,100878,11402,KCab-m,ab,home,1,1,1
15199620,100885,10704,KCab-c,ab,home,5,1,1
15201300,100914,11402,KCab-c,ab,home,6,1,1
15203159,100950,10704,KCab-s,ab,home,1,1,1
15203162,100950,11402,KCab-s,ab,home,9,1,1
15207788,101010,10704,KCg-m,gamma,home,17,1,1
15207803,101010,18713,KCg-m,gamma,away,19,1,1
15207805,101010,19267,KCg-m,gamma,away,17,1,1
15217144,101133,10704,KCg-m,gamma,home,12,1,1
15217161,101133,18713,KCg-m,gamma,away,11,1,1
15217163,101133,19267,KCg-m,gamma,away,12,1,1
15226361,101257,11402,KCab-m,ab,home,10,1,1
15231269,101312,10704,KCg-m,gamma,home,10,1,1
15231287,101312,18713,KCg-m,gamma,away,19,1,1
15231288,101312,19267,KCg-m,gamma,away,21,1,1
15231520,101313,10704,KCab-m,ab,home,4,1,1
15231523,101313,11402,KCab-m,ab,home,1,1,1
15242349,101490,11402,KCab-s,ab,home,9,1,1
15245154,101524,10704,KCab-m,ab,home,6,1,1
15245157,101524,11402,KCab-m,ab,home,3,1,1
15246272,101538,10704,KCab-s,ab,home,2,1,1
15250305,101596,10704,KCab-m,ab,home,10,1,1
15250309,101596,11402,KCab-m,ab,home,1,1,1
15253398,101647,10704,KCg-d,gamma,home,13,1,1
15253421,101647,18713,KCg-d,gamma,away,13,1,1
15253422,101647,19267,KCg-d,gamma,away,20,1,1
15253618,101648,21242,KCa'b'-m,apbp,away,23,1,0
15253781,101648,523060,KCa'b'-m,apbp,away,22,1,0
15256302,101691,11402,KCab-s,ab,home,7,1,1
15263324,101786,10704,KCab-s,ab,home,5,1,1
15263329,101786,11402,KCab-s,ab,home,1,1,1
15263891,101792,10704,KCg-m,gamma,home,28,1,1
15263908,101792,18713,KCg-m,gamma,away,17,1,1
15263909,101792,19267,KCg-m,gamma,away,10,1,1
15264772,101802,10704,KCab-s,ab,home,1,1,1
15264775,101802,11402,KCab-s,ab,home,13,1,1
15265970,101816,11402,KCab-m,ab,home,4,1,1
15276635,101981,10704,KCab-m,ab,home,6,1,1
15281202,102042,10704,KCab-s,ab,home,1,1,1
15281203,102042,11402,KCab-s,ab,home,10,1,1
15284439,102084,11402,KCab-m,ab,home,7,1,1
15285618,102095,10704,KCg-m,gamma,home,10,1,1
15285634,102095,18713,KCg-m,gamma,away,28,1,1
15285635,102095,19267,KCg-m,gamma,away,14,1,1
15286730,102109,10704,KCab-m,ab,home,11,1,1
15286735,102109,11402,KCab-m,ab,home,1,1,1
15288917,102136,10704,KCg-m,gamma,home,13,1,1
15288933,102136,18713,KCg-m,gamma,away,18,1,1
15288934,102136,19267,KCg-m,gamma,away,22,1,1
15292834,102199,10704,KCg-m,gamma,home,21,1,1
15292851,102199,18713,KCg-m,gamma,away,16,1,1
15292852,102199,19267,KCg-m,gamma,away,17,1,1
15293791,102210,10704,KCab-s,ab,home,1,1,1
15293793,102210,11402,KCab-s,ab,home,6,1,1
15298215,102283,11402,KCg-d,gamma,home,5,1,1
15298231,102283,21242,KCg-d,gamma,away,15,1,1
15298395,102283,523060,KCg-d,gamma,away,17,1,1
15299663,102310,11402,KCab-s,ab,home,7,1,1
15300493,102317,10704,KCa'b'-m,apbp,home,1,1,1
15300503,102317,21242,KCa'b'-m,apbp,away,11,1,0
15300651,102317,523060,KCa'b'-m,apbp,away,14,1,0
15302673,102357,11402,KCab-c,ab,home,4,1,1
15308606,102440,10704,KCab-m,ab,home,2,1,1
15308611,102440,11402,KCab-m,ab,home,3,1,1
15309970,102457,10704,KCab-s,ab,home,1,1,1
15309973,102457,11402,KCab-s,ab,home,13,1,1
15310177,102459,10704,KCab-c,ab,home,8,1,1
15310181,102459,11402,KCab-c,ab,home,1,1,1
15310936,102468,11402,KCab-m,ab,home,6,1,1
15314693,102512,10704,KCab-s,ab,home,6,1,1
15318006,102548,10704,KCab-m,ab,home,9,1,1
15320754,102587,11402,KCab-s,ab,home,6,1,1
15323110,102621,10704,KCg-m,gamma,home,5,1,1
15323128,102621,18713,KCg-m,gamma,away,13,1,1
15323129,102621,19267,KCg-m,gamma,away,18,1,1
15327498,102671,11402,KCab-c,ab,home,3,1,1
15330479,102719,10704,KCab-s,ab,home,15,1,1
15331849,102744,10704,KCab-m,ab,home,8,1,1
15332410,102748,10704,KCab-s,ab,home,1,1,1
15332413,102748,11402,KCab-s,ab,home,5,1,1
15342009,102887,11402,KCg-m,gamma,home,23,1,1
15342019,102887,19267,KCg-m,gamma,away,1,1,1
15342020,102887,21242,KCg-m,gamma,away,8,1,1
15342305,102887,523060,KCg-m,gamma,away,17,1,1
15343246,102904,10704,KCab-m,ab,home,8,1,1
15344710,102923,11402,KCab-m,ab,home,11,1,1
15346974,102954,10704,KCg-m,gamma,home,8,1,1
15346994,102954,18713,KCg-m,gamma,away,14,1,1
15346996,102954,19267,KCg-m,gamma,away,18,1,1
15350365,102990,11402,KCab-m,ab,home,3,1,1
15350957,102997,10704,KCab-s,ab,home,2,1,1
15350960,102997,11402,KCab-s,ab,home,9,1,1
15352011,103011,11402,KCab-c,ab,home,6,1,1
15361665,103144,11402,KCg-m,gamma,home,15,1,1
15361677,103144,21242,KCg-m,gamma,away,8,1,1
15361892,103144,523060,KCg-m,gamma,away,14,1,1
15373440,103274,11402,KCab-m,ab,home,3,1,1
15373849,103278,11402,KCab-p,ab,home,8,1,1
15381971,103401,10704,KCab-s,ab,home,1,1,1
15381973,103401,11402,KCab-s,ab,home,8,1,1
15383246,103416,10704,KCg-m,gamma,home,14,1,1
15383261,103416,18713,KCg-m,gamma,away,11,1,1
15383262,103416,19267,KCg-m,gamma,away,10,1,1
15383747,103419,11402,KCab-m,ab,home,3,1,1
15384027,103421,10704,KCab-m,ab,home,3,1,1
15384030,103421,11402,KCab-m,ab,home,2,1,1
15384397,103423,10704,KCab-s,ab,home,11,1,1
15384401,103423,11402,KCab-s,ab,home,1,1,1
15385562,103436,10704,KCab-m,ab,home,7,1,1
15385566,103436,11402,KCab-m,ab,home,2,1,1
15390623,103502,10704,KCab-s,ab,home,3,1,1
15397757,103609,10704,KCg-m,gamma,home,14,1,1
15397774,103609,18713,KCg-m,gamma,away,13,1,1
15397776,103609,19267,KCg-m,gamma,away,15,1,1
15400140,103640,11402,KCab-p,ab,home,2,1,1
15401597,103663,11402,KCg-d,gamma,home,19,1,1
15401610,103663,21242,KCg-d,gamma,away,12,1,1
15401787,103663,523060,KCg-d,gamma,away,13,1,1
15403611,103704,11402,KCab-s,ab,home,7,1,1
15404261,103715,10704,KCg-d,gamma,home,8,1,1
15404279,103715,18713,KCg-d,gamma,away,18,1,1
15404280,103715,19267,KCg-d,gamma,away,18,1,1
15404770,103720,10704,KCg-m,gamma,home,16,1,1
15404786,103720,18713,KCg-m,gamma,away,16,1,1
15404788,103720,19267,KCg-m,gamma,away,7,1,1
15405420,103728,10704,KCab-s,ab,home,8,1,1
15407185,103750,10704,KCg-m,gamma,home,16,1,1
15407207,103750,18713,KCg-m,gamma,away,11,1,1
15407209,103750,19267,KCg-m,gamma,away,17,1,1
15408771,103770,10704,KCg-d,gamma,home,8,1,1
15408786,103770,18713,KCg-d,gamma,away,24,1,1
15408787,103770,19267,KCg-d,gamma,away,21,1,1
15410409,103794,21242,KCa'b'-m,apbp,away,16,1,0
15410578,103794,523060,KCa'b'-m,apbp,away,29,1,0
15413171,103832,11402,KCab-p,ab,home,10,1,1
15413763,103845,21242,KCa'b'-m,apbp,away,19,1,0
15413937,103845,523060,KCa'b'-m,apbp,away,24,1,0
15420489,103941,10704,KCab-m,ab,home,7,1,1
15420897,103945,11402,KCab-s,ab,home,4,1,1
15421515,103957,21242,KCa'b'-ap2,apbp,away,13,1,0
15421701,103957,523060,KCa'b'-ap2,apbp,away,18,1,0
15429289,104068,10704,KCg-m,gamma,home,11,1,1
15429309,104068,18713,KCg-m,gamma,away,19,1,1
15429310,104068,19267,KCg-m,gamma,away,8,1,1
15429311,104068,21242,KCg-m,gamma,away,1,1,1
15430210,104082,11402,KCab-m,ab,home,8,1,1
15430669,104086,11402,KCab-s,ab,home,12,1,1
15432821,104117,10704,KCab-m,ab,home,1,1,1
15432823,104117,11402,KCab-m,ab,home,13,1,1
15433781,104127,10704,KCab-c,ab,home,2,1,1
15435753,104149,11402,KCab-s,ab,home,14,1,1
15437129,104166,11402,KCg-m,gamma,home,24,1,1
15437143,104166,21242,KCg-m,gamma,away,13,1,1
15437410,104166,523060,KCg-m,gamma,away,28,1,1
15442096,104232,11402,KCab-m,ab,home,14,1,1
15442755,104240,11402,KCab-c,ab,home,1,1,1
15445532,104284,10704,KCab-c,ab,home,9,1,1
15446112,104293,11402,KCab-c,ab,home,2,1,1
15451168,104359,10704,KCab-m,ab,home,7,1,1
15451171,104359,11402,KCab-m,ab,home,1,1,1
15453519,104385,10704,KCg-m,gamma,home,15,1,1
15453537,104385,18713,KCg-m,gamma,away,9,1,1
15453538,104385,19267,KCg-m,gamma,away,10,1,1
15454118,104393,11402,KCab-s,ab,home,6,1,1
15457548,104448,21242,KCa'b'-m,apbp,away,17,1,0
15457730,104448,523060,KCa'b'-m,apbp,away,14,1,0
15458874,104462,10704,KCab-s,ab,home,9,1,1
15458879,104462,11402,KCab-s,ab,home,1,1,1
15461236,104490,11402,KCab-m,ab,home,7,1,1
15463188,104513,11402,KCg-d,gamma,home,9,1,1
15463204,104513,21242,KCg-d,gamma,away,2,1,1
15463503,104513,523060,KCg-d,gamma,away,4,1,1
15464437,104526,11402,KCg-m,gamma,home,18,1,1
15464448,104526,21242,KCg-m,gamma,away,9,1,1
15464689,104526,523060,KCg-m,gamma,away,18,1,1
15465456,104535,21242,KCa'b'-ap2,apbp,away,15,1,0
15465641,104535,523060,KCa'b'-ap2,apbp,away,15,1,0
15466216,104545,10704,KCab-m,ab,home,9,1,1
15466219,104545,11402,KCab-m,ab,home,4,1,1
15479586,104717,10704,KCab-s,ab,home,11,1,1
15479938,104723,11402,KCab-s,ab,home,12,1,1
15481507,104743,10704,KCab-m,ab,home,10,1,1
15481511,104743,11402,KCab-m,ab,home,3,1,1
15481783,104745,10704,KCab-s,ab,home,1,1,1
15481785,104745,11402,KCab-s,ab,home,6,1,1
15482386,104755,18713,KCa'b'-ap1,apbp,away,14,1,0
15482387,104755,19267,KCa'b'-ap1,apbp,away,15,1,0
15488336,104845,21242,KCa'b'-ap2,apbp,away,18,1,0
15488500,104845,523060,KCa'b'-ap2,apbp,away,26,1,0
15488512,104846,10704,KCab-s,ab,home,2,1,1
15488514,104846,11402,KCab-s,ab,home,7,1,1
15489898,104866,10704,KCab-c,ab,home,4,1,1
15491376,104887,11402,KCab-m,ab,home,10,1,1
15495257,104940,11402,KCab-c,ab,home,7,1,1
15497395,104970,10704,KCab-m,ab,home,7,1,1
15497399,104970,11402,KCab-m,ab,home,1,1,1
15498086,104980,11402,KCab-m,ab,home,4,1,1
15498346,104983,10704,KCg-m,gamma,home,12,1,1
15498369,104983,18713,KCg-m,gamma,away,17,1,1
15498370,104983,19267,KCg-m,gamma,away,17,1,1
15508936,105128,11402,KCg-m,gamma,home,21,1,1
15508947,105128,21242,KCg-m,gamma,away,10,1,1
15509205,105128,523060,KCg-m,gamma,away,19,1,1
15509438,105134,11402,KCab-s,ab,home,5,1,1
15517864,105264,11402,KCab-s,ab,home,6,1,1
15523224,105330,11402,KCab-s,ab,home,11,1,1
15524200,105338,10704,KCab-m,ab,home,6,1,1
15524664,105345,11402,KCab-c,ab,home,7,1,1
15525036,105349,11402,KCab-s,ab,home,8,1,1
15529981,105400,10704,KCab-c,ab,home,8,1,1
15530582,105407,10704,KCg-m,gamma,home,13,1,1
15530599,105407,18713,KCg-m,gamma,away,16,1,1
15530601,105407,19267,KCg-m,gamma,away,23,1,1
15537550,105509,10704,KCab-m,ab,home,7,1,1
15548697,105653,10704,KCab-m,ab,home,8,1,1
15549650,105662,10704,KCg-d,gamma,home,11,1,1
15549664,105662,18713,KCg-d,gamma,away,17,1,1
15549665,105662,19267,KCg-d,gamma,away,19,1,1
15550499,105676,11402,KCab-s,ab,home,16,1,1
15551187,105684,11402,KCab-p,ab,home,1,1,1
15559451,105807,10704,KCab-s,ab,home,2,1,1
15559454,105807,11402,KCab-s,ab,home,11,1,1
15567656,105929,10704,KCab-m,ab,home,4,1,1
15568143,105935,10704,KCab-s,ab,home,15,1,1
15569528,105960,10704,KCab-s,ab,home,4,1,1
15574866,106034,11402,KCab-m,ab,home,10,1,1
15580030,106115,11402,KCg-m,gamma,home,11,1,1
15580043,106115,21242,KCg-m,gamma,away,9,1,1
15580265,106115,523060,KCg-m,gamma,away,12,1,1
15580537,106124,11402,KCab-m,ab,home,5,1,1
15585735,106206,10704,KCab-s,ab,home,7,1,1
15586071,106209,10704,KCab-m,ab,home,8,1,1
15588132,106236,18713,KCa'b'-ap2,apbp,away,10,1,0
15588133,106236,19267,KCa'b'-ap2,apbp,away,11,1,0
15592377,106301,11402,KCg-d,gamma,home,16,1,1
15592393,106301,21242,KCg-d,gamma,away,19,1,1
15592541,106301,523060,KCg-d,gamma,away,21,1,1
15603868,106446,11402,KCab-m,ab,home,2,1,1
15604057,106448,10704,KCa'b'-m,apbp,home,1,1,1
15604067,106448,21242,KCa'b'-m,apbp,away,13,1,0
15604221,106448,523060,KCa'b'-m,apbp,away,18,1,0
15607376,106506,10704,KCab-s,ab,home,7,1,1
15607767,106511,10704,KCab-m,ab,home,9,1,1
15610742,106559,10704,KCa'b'-ap2,apbp,home,1,1,1
15610755,106559,21242,KCa'b'-ap2,apbp,away,16,1,0
15610941,106559,523060,KCa'b'-ap2,apbp,away,17,1,0
15618818,106691,11402,KCg-m,gamma,home,15,1,1
15618829,106691,21242,KCg-m,gamma,away,6,1,1
15619060,106691,523060,KCg-m,gamma,away,11,1,1
15619903,106711,11402,KCa'b'-ap2,apbp,home,2,1,1
15619914,106711,18713,KCa'b'-ap2,apbp,away,12,1,0
15619916,106711,19267,KCa'b'-ap2,apbp,away,1,1,0
15623469,106762,10704,KCab-m,ab,home,5,1,1
15623472,106762,11402,KCab-m,ab,home,3,1,1
15627521,106828,11402,KCab-m,ab,home,12,1,1
15628561,106846,11402,KCab-c,ab,home,2,1,1
15631182,106882,11402,KCab-m,ab,home,8,1,1
15631626,106885,10704,KCg-m,gamma,home,13,1,1
15631645,106885,18713,KCg-m,gamma,away,25,1,1
15631646,106885,19267,KCg-m,gamma,away,22,1,1
15632377,106893,11402,KCab-s,ab,home,11,1,1
15633319,106905,10704,KCg-m,gamma,home,24,1,1
15633339,106905,18713,KCg-m,gamma,away,13,1,1
15633340,106905,19267,KCg-m,gamma,away,20,1,1
15635090,106931,11402,KCa'b'-ap2,apbp,home,3,1,1
15635100,106931,18713,KCa'b'-ap2,apbp,away,22,1,0
15635102,106931,19267,KCa'b'-ap2,apbp,away,14,1,0
15635899,106942,10704,KCab-m,ab,home,6,1,1
15635903,106942,11402,KCab-m,ab,home,1,1,1
15638359,106981,11402,KCab-s,ab,home,11,1,1
15640623,107009,10704,KCab-s,ab,home,7,1,1
15641221,107019,10704,KCg-m,gamma,home,9,1,1
15641235,107019,18713,KCg-m,gamma,away,13,1,1
15641236,107019,19267,KCg-m,gamma,away,11,1,1
15641810,107027,11402,KCab-m,ab,home,4,1,1
15642803,107041,10704,KCab-s,ab,home,2,1,1
15642805,107041,11402,KCab-s,ab,home,12,1,1
15650124,107164,10704,KCg-m,gamma,home,18,1,1
15650140,107164,18713,KCg-m,gamma,away,15,1,1
15650141,107164,19267,KCg-m,gamma,away,22,1,1
15652976,107197,11402,KCg-m,gamma,home,15,1,1
15652985,107197,21242,KCg-m,gamma,away,14,1,1
15653205,107197,523060,KCg-m,gamma,away,17,1,1
15655936,107232,10704,KCg-m,gamma,home,15,1,1
15655955,107232,18713,KCg-m,gamma,away,13,1,1
15655957,107232,19267,KCg-m,gamma,away,16,1,1
15661938,107312,21242,KCa'b'-m,apbp,away,15,1,0
15662118,107312,523060,KCa'b'-m,apbp,away,20,1,0
15663411,107336,11402,KCab-m,ab,home,11,1,1
15671579,107452,11402,KCg-m,gamma,home,25,1,1
15671589,107452,21242,KCg-m,gamma,away,10,1,1
15671849,107452,523060,KCg-m,gamma,away,14,1,1
15671863,107453,10704,KCab-s,ab,home,1,1,1
15671865,107453,11402,KCab-s,ab,home,14,1,1
15675846,107516,10704,KCg-m,gamma,home,9,1,1
15675863,107516,18713,KCg-m,gamma,away,15,1,1
15675865,107516,19267,KCg-m,gamma,away,17,1,1
15678568,107550,21242,KCa'b'-ap2,apbp,away,13,1,0
15678766,107550,523060,KCa'b'-ap2,apbp,away,20,1,0
15680194,107575,10704,KCab-c,ab,home,12,1,1
15685153,107653,10704,KCab-s,ab,home,1,1,1
15685156,107653,11402,KCab-s,ab,home,12,1,1
15685644,107657,11402,KCab-s,ab,home,15,1,1
15687285,107679,10704,KCab-s,ab,home,4,1,1
15691340,107737,10704,KCab-p,ab,home,2,1,1
15693710,107761,11402,KCab-m,ab,home,5,1,1
15695329,107780,11402,KCab-m,ab,home,14,1,1
15698231,107825,10704,KCab-m,ab,home,6,1,1
15699645,107840,10704,KCab-m,ab,home,3,1,1
15699647,107840,11402,KCab-m,ab,home,10,1,1
15700463,107852,11402,KCg-m,gamma,home,25,1,1
15700472,107852,19267,KCg-m,gamma,away,2,1,1
15700473,107852,21242,KCg-m,gamma,away,11,1,1
15700708,107852,523060,KCg-m,gamma,away,8,1,1
15710061,108002,11402,KCg-m,gamma,home,14,1,1
15710073,108002,21242,KCg-m,gamma,away,15,1,1
15710317,108002,523060,KCg-m,gamma,away,14,1,1
15712922,108059,10704,KCab-s,ab,home,3,1,1
15712924,108059,11402,KCab-s,ab,home,1,1,1
15713952,108072,10704,KCab-p,ab,home,4,1,1
15713954,108072,11402,KCab-p,ab,home,1,1,1
15717593,108124,11402,KCab-m,ab,home,7,1,1
15717872,108126,11402,KCab-m,ab,home,6,1,1
15729378,108277,10704,KCab-c,ab,home,6,1,1
15729382,108277,11402,KCab-c,ab,home,1,1,1
15734381,108345,10704,KCab-s,ab,home,4,1,1
15736339,108379,10704,KCg-m,gamma,home,14,1,1
15736357,108379,18713,KCg-m,gamma,away,19,1,1
15736358,108379,19267,KCg-m,gamma,away,14,1,1
15737218,108389,10704,KCg-m,gamma,home,11,1,1
15737232,108389,18713,KCg-m,gamma,away,13,1,1
15737234,108389,19267,KCg-m,gamma,away,7,1,1
15738601,108406,18713,KCa'b'-m,apbp,away,6,1,0
15738603,108406,19267,KCa'b'-m,apbp,away,4,1,0
15743685,108481,10704,KCab-c,ab,home,1,1,1
15743688,108481,11402,KCab-c,ab,home,7,1,1
15747814,108536,10704,KCg-m,gamma,home,21,1,1
15747819,108536,11402,KCg-m,gamma,home,1,1,1
15747832,108536,18713,KCg-m,gamma,away,21,1,1
15747834,108536,19267,KCg-m,gamma,away,9,1,1
15748198,108539,10704,KCab-c,ab,home,2,1,1
15752301,108602,11402,KCab-m,ab,home,3,1,1
15752805,108610,10704,KCab-m,ab,home,3,1,1
15753662,108622,11402,KCab-m,ab,home,4,1,1
15754976,108640,10704,KCab-m,ab,home,12,1,1
15754979,108640,11402,KCab-m,ab,home,1,1,1
15756521,108661,10704,KCab-s,ab,home,5,1,1
15766531,108808,10704,KCab-c,ab,home,7,1,1
15768015,108833,11402,KCg-m,gamma,home,16,1,1
15768025,108833,21242,KCg-m,gamma,away,7,1,1
15768271,108833,523060,KCg-m,gamma,away,15,1,1
15784188,109056,11402,KCab-m,ab,home,15,1,1
15787568,109108,10704,KCab-m,ab,home,14,1,1
15787572,109108,11402,KCab-m,ab,home,2,1,1
15788278,109117,10704,KCa'b'-ap2,apbp,home,1,1,1
15788289,109117,21242,KCa'b'-ap2,apbp,away,22,1,0
15788484,109117,523060,KCa'b'-ap2,apbp,away,21,1,0
15791419,109161,10704,KCg-m,gamma,home,20,1,1
15791439,109161,18713,KCg-m,gamma,away,17,1,1
15791440,109161,19267,KCg-m,gamma,away,14,1,1
15795395,109220,21242,KCa'b'-ap2,apbp,away,24,1,0
15795585,109220,523060,KCa'b'-ap2,apbp,away,12,1,0
15798317,109263,10704,KCab-c,ab,home,6,1,1
15798320,109263,11402,KCab-c,ab,home,1,1,1
15798665,109268,11402,KCg-m,gamma,home,14,1,1
15798675,109268,21242,KCg-m,gamma,away,11,1,1
15798948,109268,523060,KCg-m,gamma,away,10,1,1
15799321,109275,10704,KCg-m,gamma,home,16,1,1
15799344,109275,18713,KCg-m,gamma,away,9,1,1
15799346,109275,19267,KCg-m,gamma,away,15,1,1
15803202,109332,11402,KCab-m,ab,home,6,1,1
15803382,109333,10704,KCab-m,ab,home,7,1,1
15803385,109333,11402,KCab-m,ab,home,1,1,1
15805860,109382,10704,KCab-m,ab,home,10,1,1
15807616,109413,10704,KCab-p,ab,home,3,1,1
15809954,109449,10704,KCg-m,gamma,home,16,1,1
15809973,109449,18713,KCg-m,gamma,away,15,1,1
15809975,109449,19267,KCg-m,gamma,away,17,1,1
15812036,109478,10704,KCab-p,ab,home,8,1,1
15813182,109492,10704,KCg-m,gamma,home,16,1,1
15813198,109492,18713,KCg-m,gamma,away,19,1,1
15813200,109492,19267,KCg-m,gamma,away,22,1,1
15814738,109512,10704,KCg-m,gamma,home,12,1,1
15814754,109512,18713,KCg-m,gamma,away,11,1,1
15814755,109512,19267,KCg-m,gamma,away,8,1,1
15817333,109550,10704,KCab-c,ab,home,5,1,1
15819310,109583,11402,KCg-m,gamma,home,19,1,1
15819323,109583,21242,KCg-m,gamma,away,11,1,1
15819577,109583,523060,KCg-m,gamma,away,13,1,1
15821216,109607,21242,KCa'b'-m,apbp,away,13,1,0
15821403,109607,523060,KCa'b'-m,apbp,away,25,1,0
15821727,109619,10704,KCab-m,ab,home,7,1,1
15824767,109655,10704,KCa'b'-ap1,apbp,home,1,1,1
15824782,109655,21242,KCa'b'-ap1,apbp,away,24,1,0
15824940,109655,523060,KCa'b'-ap1,apbp,away,20,1,0
15826343,109676,10704,KCg-m,gamma,home,15,1,1
15826359,109676,18713,KCg-m,gamma,away,12,1,1
15826361,109676,19267,KCg-m,gamma,away,12,1,1
15827628,109697,11402,KCg-m,gamma,home,10,1,1
15827637,109697,21242,KCg-m,gamma,away,10,1,1
15827862,109697,523060,KCg-m,gamma,away,14,1,1
15828509,109708,10704,KCg-m,gamma,home,8,1,1
15828524,109708,18713,KCg-m,gamma,away,12,1,1
15828526,109708,19267,KCg-m,gamma,away,15,1,1
15828527,109708,21242,KCg-m,gamma,away,1,1,1
15831380,109755,11402,KCab-s,ab,home,8,1,1
15831659,109758,10704,KCab-c,ab,home,10,1,1
15831663,109758,11402,KCab-c,ab,home,1,1,1
15835229,109802,10704,KCab-s,ab,home,6,1,1
15835232,109802,11402,KCab-s,ab,home,2,1,1
15838580,109851,10704,KCab-m,ab,home,5,1,1
15838583,109851,11402,KCab-m,ab,home,1,1,1
15838947,109853,10704,KCg-m,gamma,home,17,1,1
15838964,109853,18713,KCg-m,gamma,away,23,1,1
15838965,109853,19267,KCg-m,gamma,away,18,1,1
15839836,109862,11402,KCab-s,ab,home,10,1,1
15840686,109870,10704,KCab-m,ab,home,6,1,1
15840886,109871,10704,KCab-m,ab,home,1,1,1
15840889,109871,11402,KCab-m,ab,home,9,1,1
15841085,109873,11402,KCg-m,gamma,home,27,1,1
15841092,109873,21242,KCg-m,gamma,away,8,1,1
15841278,109873,523060,KCg-m,gamma,away,6,1,1
15843150,109910,11402,KCab-m,ab,home,14,1,1
15843719,109917,10704,KCab-s,ab,home,9,1,1
15844025,109919,10704,KCab-s,ab,home,5,1,1
15848748,109988,10704,KCab-s,ab,home,3,1,1
15848751,109988,11402,KCab-s,ab,home,10,1,1
15850420,110009,11402,KCab-m,ab,home,4,1,1
15852862,110050,10704,KCab-m,ab,home,7,1,1
15855575,110079,11402,KCab-m,ab,home,4,1,1
15856120,110090,10704,KCg-m,gamma,home,11,1,1
15856126,110090,11402,KCg-m,gamma,home,1,1,1
15856141,110090,18713,KCg-m,gamma,away,13,1,1
15856142,110090,19267,KCg-m,gamma,away,23,1,1
15857665,110112,10704,KCab-s,ab,home,5,1,1
15857670,110112,11402,KCab-s,ab,home,2,1,1
15863381,110210,10704,KCab-s,ab,home,6,1,1
15863384,110210,11402,KCab-s,ab,home,1,1,1
15867292,110269,11402,KCab-p,ab,home,1,1,1
15867451,110274,10704,KCab-m,ab,home,4,1,1
15868106,110282,10704,KCg-m,gamma,home,19,1,1
15868120,110282,18713,KCg-m,gamma,away,19,1,1
15868121,110282,19267,KCg-m,gamma,away,16,1,1
15871142,110328,10704,KCab-c,ab,home,2,1,1
15871626,110338,11402,KCab-c,ab,home,11,1,1
15874121,110375,11402,KCg-m,gamma,home,20,1,1
15874132,110375,21242,KCg-m,gamma,away,14,1,1
15874360,110375,523060,KCg-m,gamma,away,12,1,1
15874674,110380,11402,KCab-s,ab,home,12,1,1
15885411,110544,10704,KCab-s,ab,home,6,1,1
15885415,110544,11402,KCab-s,ab,home,1,1,1
15887234,110574,10704,KCg-m,gamma,home,13,1,1
15887253,110574,18713,KCg-m,gamma,away,9,1,1
15887255,110574,19267,KCg-m,gamma,away,12,1,1
15889034,110599,10704,KCab-s,ab,home,1,1,1
15889036,110599,11402,KCab-s,ab,home,11,1,1
15893752,110674,11402,KCab-s,ab,home,14,1,1
15894404,110689,10704,KCab-m,ab,home,10,1,1
15895487,110701,10704,KCab-m,ab,home,7,1,1
15895491,110701,11402,KCab-m,ab,home,2,1,1
15898536,110746,10704,KCg-d,gamma,home,10,1,1
15898550,110746,18713,KCg-d,gamma,away,13,1,1
15898551,110746,19267,KCg-d,gamma,away,15,1,1
15903024,110815,11402,KCab-m,ab,home,8,1,1
15908382,110897,11402,KCab-s,ab,home,11,1,1
15911794,110950,10704,KCg-m,gamma,home,16,1,1
15911810,110950,18713,KCg-m,gamma,away,16,1,1
15911812,110950,19267,KCg-m,gamma,away,17,1,1
15917160,111033,10704,KCab-c,ab,home,10,1,1
15919344,111060,11402,KCab-s,ab,home,10,1,1
15922604,111109,10704,KCg-m,gamma,home,17,1,1
15922622,111109,18713,KCg-m,gamma,away,15,1,1
15922623,111109,19267,KCg-m,gamma,away,12,1,1
15923886,111127,10704,KCg-m,gamma,home,13,1,1
15923905,111127,18713,KCg-m,gamma,away,19,1,1
15923906,111127,19267,KCg-m,gamma,away,15,1,1
15926713,111165,11402,KCg-m,gamma,home,7,1,1
15926723,111165,21242,KCg-m,gamma,away,11,1,1
15926965,111165,523060,KCg-m,gamma,away,17,1,1
15928279,111185,10704,KCa'b'-ap1,apbp,home,1,1,1
15928283,111185,11402,KCa'b'-ap1,apbp,home,1,1,1
15928292,111185,18713,KCa'b'-ap1,apbp,away,14,1,0
15928293,111185,19267,KCa'b'-ap1,apbp,away,12,1,0
15929029,111197,10704,KCg-d,gamma,home,6,1,1
15929043,111197,18713,KCg-d,gamma,away,21,1,1
15929044,111197,19267,KCg-d,gamma,away,19,1,1
15932907,111260,10704,KCab-m,ab,home,13,1,1
15932910,111260,11402,KCab-m,ab,home,1,1,1
15939277,111360,10704,KCab-m,ab,home,1,1,1
15939283,111360,11402,KCab-m,ab,home,11,1,1
15953151,111576,10704,KCg-m,gamma,home,12,1,1
15953169,111576,18713,KCg-m,gamma,away,18,1,1
15953170,111576,19267,KCg-m,gamma,away,12,1,1
15957367,111636,10704,KCab-m,ab,home,10,1,1
15957672,111640,10704,KCab-c,ab,home,5,1,1
15958805,111652,10704,KCab-s,ab,home,5,1,1
15958808,111652,11402,KCab-s,ab,home,1,1,1
15959003,111655,10704,KCg-m,gamma,home,13,1,1
15959018,111655,18713,KCg-m,gamma,away,22,1,1
15959019,111655,19267,KCg-m,gamma,away,14,1,1
15962016,111695,10704,KCg-m,gamma,home,10,1,1
15962035,111695,18713,KCg-m,gamma,away,15,1,1
15962036,111695,19267,KCg-m,gamma,away,11,1,1
15962711,111702,10704,KCab-c,ab,home,5,1,1
15965379,111744,11402,KCg-d,gamma,home,14,1,1
15965392,111744,21242,KCg-d,gamma,away,16,1,1
15965584,111744,523060,KCg-d,gamma,away,11,1,1
15966257,111754,10704,KCab-c,ab,home,3,1,1
15969596,111795,10704,KCg-m,gamma,home,8,1,1
15969615,111795,18713,KCg-m,gamma,away,14,1,1
15969617,111795,19267,KCg-m,gamma,away,17,1,1
15970437,111803,10704,KCg-m,gamma,home,11,1,1
15970459,111803,18713,KCg-m,gamma,away,15,1,1
15970460,111803,19267,KCg-m,gamma,away,13,1,1
15971348,111812,11402,KCab-c,ab,home,1,1,1
15976077,111878,10704,KCab-m,ab,home,8,1,1
15981289,111958,10704,KCab-c,ab,home,1,1,1
15983479,111985,10704,KCab-c,ab,home,2,1,1
15983483,111985,11402,KCab-c,ab,home,9,1,1
15984903,112009,10704,KCg-m,gamma,home,17,1,1
15984917,112009,18713,KCg-m,gamma,away,14,1,1
15984918,112009,19267,KCg-m,gamma,away,13,1,1
15985147,112009,523060,KCg-m,gamma,away,1,1,1
15985934,112023,11402,KCab-c,ab,home,11,1,1
15986253,112026,10704,KCab-m,ab,home,4,1,1
15987125,112040,11402,KCg-m,gamma,home,24,1,1
15987139,112040,18713,KCg-m,gamma,away,1,1,1
15987140,112040,21242,KCg-m,gamma,away,10,1,1
15987379,112040,523060,KCg-m,gamma,away,14,1,1
15993730,112144,21242,KCa'b'-m,apbp,away,10,1,0
15993914,112144,523060,KCa'b'-m,apbp,away,18,1,0
15996864,112189,10704,KCg-m,gamma,home,16,1,1
15996878,112189,18713,KCg-m,gamma,away,10,1,1
15996880,112189,19267,KCg-m,gamma,away,11,1,1
16003775,112293,10704,KCa'b'-m,apbp,home,1,1,1
16003787,112293,21242,KCa'b'-m,apbp,away,18,1,0
16003944,112293,523060,KCa'b'-m,apbp,away,27,1,0
16006813,112329,10704,KCab-m,ab,home,11,1,1
16008715,112359,10704,KCg-m,gamma,home,14,1,1
16008732,112359,18713,KCg-m,gamma,away,23,1,1
16008733,112359,19267,KCg-m,gamma,away,17,1,1
16010053,112378,10704,KCab-m,ab,home,6,1,1
16010057,112378,11402,KCab-m,ab,home,1,1,1
16013877,112442,10704,KCg-m,gamma,home,8,1,1
16013892,112442,18713,KCg-m,gamma,away,21,1,1
16013893,112442,19267,KCg-m,gamma,away,19,1,1
16022933,112593,10704,KCg-m,gamma,home,10,1,1
16022952,112593,18713,KCg-m,gamma,away,21,1,1
16022953,112593,19267,KCg-m,gamma,away,23,1,1
16023856,112605,10704,KCab-c,ab,home,8,1,1
16024218,112610,10704,KCab-m,ab,home,6,1,1
16025026,112621,10704,KCab-s,ab,home,6,1,1
16025029,112621,11402,KCab-s,ab,home,2,1,1
16029741,112683,10704,KCab-m,ab,home,8,1,1
16030662,112697,10704,KCg-m,gamma,home,9,1,1
16030679,112697,18713,KCg-m,gamma,away,20,1,1
16030680,112697,19267,KCg-m,gamma,away,23,1,1
16032928,112729,10704,KCab-s,ab,home,7,1,1
16034145,112749,11402,KCg-m,gamma,home,18,1,1
16034154,112749,21242,KCg-m,gamma,away,12,1,1
16034403,112749,523060,KCg-m,gamma,away,12,1,1
16038891,112834,10704,KCab-c,ab,home,3,1,1
16039026,112835,10704,KCg-m,gamma,home,13,1,1
16039040,112835,18713,KCg-m,gamma,away,13,1,1
16039041,112835,19267,KCg-m,gamma,away,16,1,1
16042663,112879,10704,KCg-m,gamma,home,14,1,1
16042683,112879,18713,KCg-m,gamma,away,18,1,1
16042684,112879,19267,KCg-m,gamma,away,17,1,1
16043957,112896,11402,KCab-m,ab,home,5,1,1
16054044,113055,11402,KCab-m,ab,home,5,1,1
16054171,113057,11402,KCab-s,ab,home,7,1,1
16055680,113074,10704,KCab-c,ab,home,6,1,1
16057122,113090,11402,KCab-c,ab,home,5,1,1
16066372,113244,10704,KCab-m,ab,home,7,1,1
16067026,113252,10704,KCab-m,ab,home,9,1,1
16067028,113252,11402,KCab-m,ab,home,2,1,1
16069284,113280,11402,KCab-c,ab,home,5,1,1
16069697,113286,10704,KCg-m,gamma,home,13,1,1
16069715,113286,18713,KCg-m,gamma,away,15,1,1
16069717,113286,19267,KCg-m,gamma,away,14,1,1
16070955,113299,10704,KCab-m,ab,home,8,1,1
16070958,113299,11402,KCab-m,ab,home,1,1,1
16076984,113394,10704,KCab-s,ab,home,1,1,1
16076986,113394,11402,KCab-s,ab,home,6,1,1
16079488,113429,10704,KCab-c,ab,home,6,1,1
16081151,113450,10704,KCab-s,ab,home,7,1,1
16086137,113528,10704,KCg-m,gamma,home,12,1,1
16086151,113528,18713,KCg-m,gamma,away,9,1,1
16086152,113528,19267,KCg-m,gamma,away,12,1,1
16091319,113606,11402,KCab-s,ab,home,11,1,1
16091861,113611,10704,KCab-s,ab,home,1,1,1
16091863,113611,11402,KCab-s,ab,home,14,1,1
16095102,113661,11402,KCab-m,ab,home,5,1,1
16099506,113741,10704,KCab-s,ab,home,8,1,1
16105278,113835,11402,KCab-m,ab,home,11,1,1
16109824,113903,11402,KCab-m,ab,home,9,1,1
16114343,113972,10704,KCg-m,gamma,home,16,1,1
16114362,113972,18713,KCg-m,gamma,away,26,1,1
16114363,113972,19267,KCg-m,gamma,away,21,1,1
16117512,114029,10704,KCg-m,gamma,home,15,1,1
16117529,114029,18713,KCg-m,gamma,away,11,1,1
16117530,114029,19267,KCg-m,gamma,away,9,1,1
16121407,114089,10704,KCab-s,ab,home,1,1,1
16121409,114089,11402,KCab-s,ab,home,3,1,1
16121580,114090,10704,KCg-m,gamma,home,10,1,1
16121601,114090,18713,KCg-m,gamma,away,18,1,1
16121602,114090,19267,KCg-m,gamma,away,19,1,1
16122337,114103,11402,KCab-m,ab,home,3,1,1
16126608,114179,10704,KCg-d,gamma,home,11,1,1
16126624,114179,18713,KCg-d,gamma,away,19,1,1
16126625,114179,19267,KCg-d,gamma,away,26,1,1
16129116,114209,11402,KCab-m,ab,home,14,1,1
16131476,114235,11402,KCg-m,gamma,home,21,1,1
16131487,114235,18713,KCg-m,gamma,away,1,1,1
16131488,114235,21242,KCg-m,gamma,away,13,1,1
16131719,114235,523060,KCg-m,gamma,away,13,1,1
16134769,114290,10704,KCab-c,ab,home,4,1,1
16134773,114290,11402,KCab-c,ab,home,2,1,1
16136181,114316,10704,KCab-s,ab,home,1,1,1
16136184,114316,11402,KCab-s,ab,home,5,1,1
16138363,114354,21242,KCa'b'-ap2,apbp,away,10,1,0
16138553,114354,523060,KCa'b'-ap2,apbp,away,20,1,0
16138937,114364,10704,KCab-m,ab,home,6,1,1
16139540,114370,18713,KCa'b'-ap1,apbp,away,12,1,0
16139541,114370,19267,KCa'b'-ap1,apbp,away,14,1,0
16144481,114440,10704,KCab-m,ab,home,7,1,1
16144485,114440,11402,KCab-m,ab,home,1,1,1
16155268,114580,10704,KCab-m,ab,home,9,1,1
16156182,114594,10704,KCg-m,gamma,home,1,1,1
16156185,114594,11402,KCg-m,gamma,home,16,1,1
16156197,114594,21242,KCg-m,gamma,away,10,1,1
16156432,114594,523060,KCg-m,gamma,away,22,1,1
16156548,114597,10704,KCab-c,ab,home,5,1,1
16160211,114649,10704,KCab-m,ab,home,9,1,1
16167934,114745,10704,KCab-s,ab,home,8,1,1
16167937,114745,11402,KCab-s,ab,home,1,1,1
16173569,114847,10704,KCab-c,ab,home,3,1,1
16173573,114847,11402,KCab-c,ab,home,1,1,1
16174461,114865,10704,KCab-m,ab,home,11,1,1
16176026,114889,10704,KCab-m,ab,home,9,1,1
16176029,114889,11402,KCab-m,ab,home,2,1,1
16176846,114902,10704,KCab-c,ab,home,8,1,1
16178657,114930,10704,KCab-c,ab,home,6,1,1
16180212,114956,10704,KCg-m,gamma,home,15,1,1
16180229,114956,18713,KCg-m,gamma,away,22,1,1
16180231,114956,19267,KCg-m,gamma,away,15,1,1
16186938,115071,11402,KCab-c,ab,home,2,1,1
16192946,115174,10704,KCab-m,ab,home,4,1,1
16196521,115234,10704,KCg-m,gamma,home,22,1,1
16196540,115234,18713,KCg-m,gamma,away,13,1,1
16196541,115234,19267,KCg-m,gamma,away,22,1,1
16196821,115234,523060,KCg-m,gamma,away,1,1,1
16197131,115240,11402,KCg-m,gamma,home,30,1,1
16197143,115240,21242,KCg-m,gamma,away,6,1,1
16197413,115240,523060,KCg-m,gamma,away,12,1,1
16198602,115267,11402,KCab-s,ab,home,4,1,1
16199788,115287,10704,KCg-m,gamma,home,12,1,1
16199807,115287,18713,KCg-m,gamma,away,14,1,1
16199808,115287,19267,KCg-m,gamma,away,15,1,1
16211400,115470,10704,KCg-d,gamma,home,9,1,1
16211416,115470,18713,KCg-d,gamma,away,19,1,1
16211417,115470,19267,KCg-d,gamma,away,18,1,1
16212069,115485,10704,KCab-s,ab,home,1,1,1
16212071,115485,11402,KCab-s,ab,home,6,1,1
16213093,115501,11402,KCab-c,ab,home,10,1,1
16215719,115540,10704,KCab-s,ab,home,4,1,1
16219501,115611,10704,KCab-c,ab,home,3,1,1
16223051,115664,10704,KCg-m,gamma,home,12,1,1
16223068,115664,18713,KCg-m,gamma,away,4,1,1
16223069,115664,19267,KCg-m,gamma,away,5,1,1
16225990,115711,10704,KCg-m,gamma,home,13,1,1
16226010,115711,18713,KCg-m,gamma,away,13,1,1
16226011,115711,19267,KCg-m,gamma,away,22,1,1
16228682,115752,10704,KCab-c,ab,home,4,1,1
16232365,115819,10704,KCab-c,ab,home,12,1,1
16247124,116057,10704,KCab-p,ab,home,3,1,1
16248622,116084,10704,KCg-m,gamma,home,11,1,1
16248641,116084,18713,KCg-m,gamma,away,24,1,1
16248642,116084,19267,KCg-m,gamma,away,15,1,1
16258862,116218,10704,KCg-m,gamma,home,15,1,1
16258882,116218,18713,KCg-m,gamma,away,12,1,1
16258883,116218,19267,KCg-m,gamma,away,11,1,1
16260307,116246,10704,KCab-c,ab,home,5,1,1
16263924,116304,10704,KCab-m,ab,home,4,1,1
16263928,116304,11402,KCab-m,ab,home,1,1,1
16271087,116436,10704,KCg-m,gamma,home,17,1,1
16271109,116436,18713,KCg-m,gamma,away,17,1,1
16271111,116436,19267,KCg-m,gamma,away,24,1,1
16272653,116458,10704,KCab-c,ab,home,4,1,1
16273251,116467,11402,KCab-m,ab,home,4,1,1
16276034,116518,10704,KCg-m,gamma,home,13,1,1
16276058,116518,18713,KCg-m,gamma,away,16,1,1
16276060,116518,19267,KCg-m,gamma,away,13,1,1
16278616,116550,10704,KCg-m,gamma,home,18,1,1
16278634,116550,18713,KCg-m,gamma,away,24,1,1
16278635,116550,19267,KCg-m,gamma,away,21,1,1
16278886,116553,10704,KCg-m,gamma,home,18,1,1
16278904,116553,18713,KCg-m,gamma,away,21,1,1
16278905,116553,19267,KCg-m,gamma,away,15,1,1
16299341,116895,10704,KCab-c,ab,home,4,1,1
16300690,116917,10704,KCg-d,gamma,home,13,1,1
16300706,116917,18713,KCg-d,gamma,away,7,1,1
16300707,116917,19267,KCg-d,gamma,away,14,1,1
16304203,116973,10704,KCg-m,gamma,home,18,1,1
16304220,116973,18713,KCg-m,gamma,away,9,1,1
16304222,116973,19267,KCg-m,gamma,away,14,1,1
16306322,117016,10704,KCab-c,ab,home,11,1,1
16307894,117038,10704,KCab-s,ab,home,12,1,1
16308277,117041,11402,KCab-m,ab,home,7,1,1
16308878,117051,10704,KCg-m,gamma,home,13,1,1
16308894,117051,18713,KCg-m,gamma,away,11,1,1
16308895,117051,19267,KCg-m,gamma,away,14,1,1
16310653,117077,10704,KCab-m,ab,home,9,1,1
16312861,117106,21242,KCa'b'-m,apbp,away,24,1,0
16313012,117106,523060,KCa'b'-m,apbp,away,20,1,0
16313118,117108,10704,KCab-c,ab,home,12,1,1
16315665,117135,10704,KCg-m,gamma,home,11,1,1
16315681,117135,18713,KCg-m,gamma,away,15,1,1
16315682,117135,19267,KCg-m,gamma,away,11,1,1
16318011,117171,10704,KCab-p,ab,home,4,1,1
16318013,117171,11402,KCab-p,ab,home,1,1,1
16319298,117192,11402,KCab-p,ab,home,3,1,1
16319642,117195,10704,KCab-s,ab,home,5,1,1
16319646,117195,11402,KCab-s,ab,home,1,1,1
16321898,117228,11402,KCab-m,ab,home,6,1,1
16323137,117243,11402,KCab-s,ab,home,14,1,1
16326257,117286,10704,KCg-m,gamma,home,16,1,1
16326277,117286,18713,KCg-m,gamma,away,17,1,1
16326278,117286,19267,KCg-m,gamma,away,17,1,1
16329708,117342,11402,KCab-s,ab,home,3,1,1
16331281,117370,10704,KCab-s,ab,home,1,1,1
16331283,117370,11402,KCab-s,ab,home,8,1,1
16331689,117375,11402,KCab-c,ab,home,6,1,1
16338354,117495,10704,KCab-c,ab,home,1,1,1
16338356,117495,11402,KCab-c,ab,home,9,1,1
16339363,117513,10704,KCg-m,gamma,home,11,1,1
16339378,117513,18713,KCg-m,gamma,away,16,1,1
16339380,117513,19267,KCg-m,gamma,away,13,1,1
16342777,117560,10704,KCab-c,ab,home,2,1,1
16348971,117660,11402,KCab-m,ab,home,7,1,1
16353357,117723,10704,KCab-c,ab,home,5,1,1
16356346,117777,11402,KCab-s,ab,home,11,1,1
16358799,117811,10704,KCab-p,ab,home,4,1,1
16363153,117883,11402,KCab-s,ab,home,11,1,1
16363428,117886,11402,KCab-c,ab,home,6,1,1
16366191,117936,10704,KCg-d,gamma,home,17,1,1
16366209,117936,18713,KCg-d,gamma,away,21,1,1
16366210,117936,19267,KCg-d,gamma,away,21,1,1
16367322,117952,11402,KCg-m,gamma,home,25,1,1
16367331,117952,21242,KCg-m,gamma,away,8,1,1
16367556,117952,523060,KCg-m,gamma,away,10,1,1
16369870,118000,10704,KCg-m,gamma,home,17,1,1
16369875,118000,11402,KCg-m,gamma,home,1,1,1
16369892,118000,18713,KCg-m,gamma,away,17,1,1
16369894,118000,19267,KCg-m,gamma,away,15,1,1
16370547,118007,10704,KCab-m,ab,home,10,1,1
16370550,118007,11402,KCab-m,ab,home,1,1,1
16371188,118021,11402,KCab-m,ab,home,3,1,1
16372096,118041,11402,KCab-c,ab,home,12,1,1
16374658,118080,10704,KCab-s,ab,home,2,1,1
16374890,118083,10704,KCab-s,ab,home,7,1,1
16374894,118083,11402,KCab-s,ab,home,1,1,1
16375974,118100,10704,KCg-m,gamma,home,17,1,1
16375992,118100,18713,KCg-m,gamma,away,9,1,1
16375994,118100,19267,KCg-m,gamma,away,13,1,1
16380859,118184,10704,KCab-p,ab,home,2,1,1
16382227,118204,10704,KCab-c,ab,home,2,1,1
16382229,118204,11402,KCab-c,ab,home,9,1,1
16387305,118280,10704,KCg-d,gamma,home,16,1,1
16387316,118280,18713,KCg-d,gamma,away,19,1,1
16387317,118280,19267,KCg-d,gamma,away,8,1,1
16390901,118341,11402,KCab-p,ab,home,7,1,1
16391308,118351,11402,KCab-s,ab,home,10,1,1
16399154,118504,10704,KCab-s,ab,home,3,1,1
16399157,118504,11402,KCab-s,ab,home,5,1,1
16399583,118507,10704,KCab-c,ab,home,2,1,1
16399787,118508,10704,KCg-m,gamma,home,14,1,1
16399803,118508,18713,KCg-m,gamma,away,19,1,1
16399805,118508,19267,KCg-m,gamma,away,13,1,1
16401110,118532,11402,KCab-c,ab,home,6,1,1
16403140,118569,11402,KCab-p,ab,home,10,1,1
16403756,118580,21242,KCa'b'-ap1,apbp,away,16,1,0
16403935,118580,523060,KCa'b'-ap1,apbp,away,25,1,0
16404724,118595,10704,KCab-c,ab,home,1,1,1
16404726,118595,11402,KCab-c,ab,home,5,1,1
16406864,118629,11402,KCg-m,gamma,home,21,1,1
16406877,118629,21242,KCg-m,gamma,away,9,1,1
16407099,118629,523060,KCg-m,gamma,away,5,1,1
16407404,118636,11402,KCa'b'-m,apbp,home,1,1,1
16407413,118636,18713,KCa'b'-m,apbp,away,13,1,0
16407415,118636,19267,KCa'b'-m,apbp,away,13,1,0
16413690,118732,10704,KCg-m,gamma,home,13,1,1
16413709,118732,18713,KCg-m,gamma,away,16,1,1
16413710,118732,19267,KCg-m,gamma,away,28,1,1
16416278,118769,11402,KCg-m,gamma,home,24,1,1
16416288,118769,21242,KCg-m,gamma,away,13,1,1
16416564,118769,523060,KCg-m,gamma,away,12,1,1
16420221,118825,10704,KCab-c,ab,home,3,1,1
16421411,118841,10704,KCab-s,ab,home,13,1,1
16433547,119055,10704,KCab-s,ab,home,11,1,1
16436059,119101,11402,KCg-m,gamma,home,14,1,1
16436072,119101,21242,KCg-m,gamma,away,5,1,1
16436304,119101,523060,KCg-m,gamma,away,9,1,1
16438749,119144,10704,KCg-m,gamma,home,16,1,1
16438755,119144,11402,KCg-m,gamma,home,3,1,1
16438768,119144,18713,KCg-m,gamma,away,17,1,1
16438769,119144,19267,KCg-m,gamma,away,18,1,1
16439470,119152,10704,KCg-m,gamma,home,15,1,1
16439494,119152,18713,KCg-m,gamma,away,14,1,1
16439495,119152,19267,KCg-m,gamma,away,20,1,1
16440447,119160,11402,KCab-c,ab,home,5,1,1
16440929,119167,10704,KCg-d,gamma,home,13,1,1
16440941,119167,18713,KCg-d,gamma,away,13,1,1
16440942,119167,19267,KCg-d,gamma,away,20,1,1
16441122,119167,523060,KCg-d,gamma,away,1,1,1
16445433,119240,10704,KCab-m,ab,home,7,1,1
16445436,119240,11402,KCab-m,ab,home,1,1,1
16447678,119278,11402,KCg-m,gamma,home,32,1,1
16447689,119278,21242,KCg-m,gamma,away,18,1,1
16447986,119278,523060,KCg-m,gamma,away,20,1,1
16448009,119280,11402,KCg-m,gamma,home,19,1,1
16448019,119280,21242,KCg-m,gamma,away,12,1,1
16448247,119280,523060,KCg-m,gamma,away,10,1,1
16451327,119348,10704,KCab-s,ab,home,8,1,1
16454867,119411,10704,KCab-m,ab,home,5,1,1
16455124,119413,10704,KCab-s,ab,home,5,1,1
16457590,119465,10704,KCab-c,ab,home,2,1,1
16457945,119468,11402,KCab-m,ab,home,3,1,1
16458249,119475,10704,KCg-m,gamma,home,14,1,1
16458268,119475,18713,KCg-m,gamma,away,7,1,1
16458269,119475,19267,KCg-m,gamma,away,12,1,1
16461379,119532,10704,KCab-s,ab,home,9,1,1
16461383,119532,11402,KCab-s,ab,home,2,1,1
16461897,119536,10704,KCg-m,gamma,home,16,1,1
16461911,119536,18713,KCg-m,gamma,away,12,1,1
16461912,119536,19267,KCg-m,gamma,away,13,1,1
16462170,119536,523060,KCg-m,gamma,away,1,1,1
16464850,119591,11402,KCg-m,gamma,home,28,1,1
16464863,119591,21242,KCg-m,gamma,away,18,1,1
16465116,119591,523060,KCg-m,gamma,away,18,1,1
16466400,119612,10704,KCg-m,gamma,home,15,1,1
16466418,119612,18713,KCg-m,gamma,away,14,1,1
16466419,119612,19267,KCg-m,gamma,away,21,1,1
16467598,119632,11402,KCg-m,gamma,home,34,1,1
16467609,119632,21242,KCg-m,gamma,away,10,1,1
16467877,119632,523060,KCg-m,gamma,away,6,1,1
16467957,119635,10704,KCab-s,ab,home,3,1,1
16479242,119852,10704,KCab-s,ab,home,1,1,1
16479245,119852,11402,KCab-s,ab,home,11,1,1
16482293,119901,10704,KCab-p,ab,home,3,1,1
16484094,119936,11402,KCg-m,gamma,home,23,1,1
16484103,119936,21242,KCg-m,gamma,away,11,1,1
16484363,119936,523060,KCg-m,gamma,away,10,1,1
16491699,120070,10704,KCab-s,ab,home,6,1,1
16491702,120070,11402,KCab-s,ab,home,1,1,1
16493098,120094,11402,KCab-m,ab,home,3,1,1
16498739,120202,10704,KCab-m,ab,home,10,1,1
16502949,120275,21242,KCa'b'-ap2,apbp,away,14,1,0
16503139,120275,523060,KCa'b'-ap2,apbp,away,12,1,0
16504270,120291,10704,KCab-s,ab,home,10,1,1
16505337,120313,10704,KCg-m,gamma,home,10,1,1
16505355,120313,18713,KCg-m,gamma,away,10,1,1
16505357,120313,19267,KCg-m,gamma,away,14,1,1
16517115,120513,10704,KCab-c,ab,home,4,1,1
16520837,120567,11402,KCab-s,ab,home,7,1,1
16524813,120642,10704,KCg-m,gamma,home,16,1,1
16524832,120642,18713,KCg-m,gamma,away,16,1,1
16524833,120642,19267,KCg-m,gamma,away,16,1,1
16525793,120660,10704,KCab-m,ab,home,8,1,1
16525796,120660,11402,KCab-m,ab,home,2,1,1
16527470,120689,11402,KCab-m,ab,home,5,1,1
16528136,120699,11402,KCab-m,ab,home,4,1,1
16529525,120726,11402,KCab-m,ab,home,10,1,1
16533099,120781,11402,KCab-c,ab,home,4,1,1
16535415,120818,10704,KCg-m,gamma,home,12,1,1
16535434,120818,18713,KCg-m,gamma,away,16,1,1
16535436,120818,19267,KCg-m,gamma,away,17,1,1
16537540,120853,10704,KCg-m,gamma,home,10,1,1
16537560,120853,18713,KCg-m,gamma,away,15,1,1
16537562,120853,19267,KCg-m,gamma,away,19,1,1
16540752,120894,10704,KCab-s,ab,home,11,1,1
16540756,120894,11402,KCab-s,ab,home,1,1,1
16541978,120914,11402,KCab-s,ab,home,10,1,1
16544113,120949,11402,KCg-d,gamma,home,21,1,1
16544127,120949,21242,KCg-d,gamma,away,13,1,1
16544307,120949,523060,KCg-d,gamma,away,22,1,1
16551415,121079,10704,KCab-c,ab,home,5,1,1
16552493,121103,11402,KCg-m,gamma,home,19,1,1
16552511,121103,21242,KCg-m,gamma,away,10,1,1
16552752,121103,523060,KCg-m,gamma,away,18,1,1
16552874,121106,10704,KCab-c,ab,home,3,1,1
16553740,121122,10704,KCab-m,ab,home,7,1,1
16553743,121122,11402,KCab-m,ab,home,3,1,1
16554911,121138,11402,KCab-m,ab,home,4,1,1
16561020,121241,11402,KCab-m,ab,home,5,1,1
16573704,121446,10704,KCab-c,ab,home,7,1,1
16576839,121501,10704,KCg-m,gamma,home,18,1,1
16576858,121501,18713,KCg-m,gamma,away,12,1,1
16576860,121501,19267,KCg-m,gamma,away,23,1,1
16582356,121597,10704,KCab-c,ab,home,2,1,1
16585487,121665,10704,KCab-m,ab,home,4,1,1
16585491,121665,11402,KCab-m,ab,home,1,1,1
16588325,121704,10704,KCab-c,ab,home,8,1,1
16588715,121712,10704,KCg-m,gamma,home,14,1,1
16588733,121712,18713,KCg-m,gamma,away,11,1,1
16588734,121712,19267,KCg-m,gamma,away,18,1,1
16592042,121769,11402,KCab-s,ab,home,11,1,1
16600350,121910,10704,KCab-c,ab,home,2,1,1
16600353,121910,11402,KCab-c,ab,home,1,1,1
16603967,121966,10704,KCab-c,ab,home,1,1,1
16603970,121966,11402,KCab-c,ab,home,9,1,1
16606093,122000,10704,KCab-s,ab,home,2,1,1
16606096,122000,11402,KCab-s,ab,home,9,1,1
16610912,122077,10704,KCg-m,gamma,home,9,1,1
16610930,122077,18713,KCg-m,gamma,away,13,1,1
16610932,122077,19267,KCg-m,gamma,away,9,1,1
16612034,122089,11402,KCab-s,ab,home,2,1,1
16613287,122110,11402,KCab-p,ab,home,4,1,1
16615476,122137,11402,KCab-m,ab,home,14,1,1
16620874,122226,10704,KCab-m,ab,home,9,1,1
16620879,122226,11402,KCab-m,ab,home,1,1,1
16621694,122240,11402,KCab-m,ab,home,3,1,1
16622401,122249,10704,KCab-s,ab,home,1,1,1
16622404,122249,11402,KCab-s,ab,home,8,1,1
16624462,122275,10704,KCab-m,ab,home,5,1,1
16625248,122285,10704,KCg-m,gamma,home,16,1,1
16625267,122285,18713,KCg-m,gamma,away,14,1,1
16625268,122285,19267,KCg-m,gamma,away,20,1,1
16625269,122285,21242,KCg-m,gamma,away,1,1,1
16626105,122293,11402,KCg-m,gamma,home,16,1,1
16626112,122293,18713,KCg-m,gamma,away,1,1,1
16626115,122293,21242,KCg-m,gamma,away,6,1,1
16626330,122293,523060,KCg-m,gamma,away,4,1,1
16628347,122326,10704,KCg-m,gamma,home,18,1,1
16628368,122326,18713,KCg-m,gamma,away,24,1,1
16628369,122326,19267,KCg-m,gamma,away,15,1,1
16630154,122354,11402,KCg-m,gamma,home,23,1,1
16630165,122354,21242,KCg-m,gamma,away,9,1,1
16630385,122354,523060,KCg-m,gamma,away,12,1,1
16632043,122378,10704,KCg-m,gamma,home,6,1,1
16632060,122378,18713,KCg-m,gamma,away,19,1,1
16632061,122378,19267,KCg-m,gamma,away,12,1,1
16635941,122463,10704,KCab-s,ab,home,9,1,1
16635944,122463,11402,KCab-s,ab,home,1,1,1
16636889,122481,10704,KCg-m,gamma,home,17,1,1
16636906,122481,18713,KCg-m,gamma,away,17,1,1
16636907,122481,19267,KCg-m,gamma,away,14,1,1
16642008,122573,11402,KCab-c,ab,home,4,1,1
16643012,122595,10704,KCg-m,gamma,home,12,1,1
16643033,122595,18713,KCg-m,gamma,away,15,1,1
16643034,122595,19267,KCg-m,gamma,away,12,1,1
16643613,122600,21242,KCa'b'-ap2,apbp,away,9,1,0
16643783,122600,523060,KCa'b'-ap2,apbp,away,14,1,0
16645165,122631,11402,KCab-s,ab,home,11,1,1
16646016,122647,10704,KCg-d,gamma,home,14,1,1
16646032,122647,18713,KCg-d,gamma,away,12,1,1
16646033,122647,19267,KCg-d,gamma,away,14,1,1
16648271,122691,21242,KCa'b'-m,apbp,away,11,1,0
16648453,122691,523060,KCa'b'-m,apbp,away,27,1,0
16648962,122703,10704,KCg-m,gamma,home,12,1,1
16648979,122703,18713,KCg-m,gamma,away,18,1,1
16648980,122703,19267,KCg-m,gamma,away,17,1,1
16657615,122865,21242,KCa'b'-ap2,apbp,away,16,1,0
16657790,122865,523060,KCa'b'-ap2,apbp,away,17,1,0
16658571,122874,21242,KCa'b'-ap2,apbp,away,17,1,0
16658747,122874,523060,KCa'b'-ap2,apbp,away,19,1,0
16659627,122892,11402,KCg-m,gamma,home,21,1,1
16659638,122892,21242,KCg-m,gamma,away,15,1,1
16659843,122892,523060,KCg-m,gamma,away,8,1,1
16664668,122979,10704,KCg-m,gamma,home,11,1,1
16664687,122979,18713,KCg-m,gamma,away,15,1,1
16664689,122979,19267,KCg-m,gamma,away,19,1,1
16667778,123035,11402,KCab-m,ab,home,1,1,1
16669596,123071,10704,KCab-m,ab,home,5,1,1
16671765,123107,10704,KCab-m,ab,home,10,1,1
16673705,123140,10704,KCab-m,ab,home,3,1,1
16676197,123169,11402,KCab-c,ab,home,12,1,1
16680618,123241,10704,KCab-m,ab,home,9,1,1
16680621,123241,11402,KCab-m,ab,home,2,1,1
16682517,123263,10704,KCg-m,gamma,home,10,1,1
16682532,123263,18713,KCg-m,gamma,away,10,1,1
16682534,123263,19267,KCg-m,gamma,away,10,1,1
16683200,123274,10704,KCab-m,ab,home,9,1,1
16683577,123280,11402,KCg-m,gamma,home,21,1,1
16683591,123280,21242,KCg-m,gamma,away,11,1,1
16683855,123280,523060,KCg-m,gamma,away,8,1,1
16689585,123380,10704,KCab-c,ab,home,3,1,1
16690572,123401,11402,KCab-m,ab,home,1,1,1
16690815,123404,10704,KCg-m,gamma,home,19,1,1
16690833,123404,18713,KCg-m,gamma,away,22,1,1
16690834,123404,19267,KCg-m,gamma,away,15,1,1
16691886,123421,11402,KCg-m,gamma,home,14,1,1
16691897,123421,19267,KCg-m,gamma,away,1,1,1
16691898,123421,21242,KCg-m,gamma,away,17,1,1
16692187,123421,523060,KCg-m,gamma,away,19,1,1
16695257,123472,10704,KCab-m,ab,home,6,1,1
16695262,123472,11402,KCab-m,ab,home,1,1,1
16695691,123477,10704,KCg-m,gamma,home,8,1,1
16695706,123477,18713,KCg-m,gamma,away,25,1,1
16695707,123477,19267,KCg-m,gamma,away,17,1,1
16696981,123494,10704,KCg-m,gamma,home,9,1,1
16696999,123494,18713,KCg-m,gamma,away,20,1,1
16697001,123494,19267,KCg-m,gamma,away,14,1,1
16698644,123523,21242,KCa'b'-m,apbp,away,26,1,0
16698778,123523,523060,KCa'b'-m,apbp,away,17,1,0
16699806,123544,11402,KCab-s,ab,home,7,1,1
16702363,123585,11402,KCg-m,gamma,home,32,1,1
16702373,123585,21242,KCg-m,gamma,away,15,1,1
16702606,123585,523060,KCg-m,gamma,away,13,1,1
16703962,123605,10704,KCa'b'-ap1,apbp,home,2,1,1
16703971,123605,18713,KCa'b'-ap1,apbp,away,14,1,0
16703972,123605,19267,KCa'b'-ap1,apbp,away,19,1,0
16707177,123648,11402,KCab-m,ab,home,10,1,1
16707508,123653,10704,KCab-c,ab,home,1,1,1
16709512,123684,10704,KCg-m,gamma,home,8,1,1
16709529,123684,18713,KCg-m,gamma,away,10,1,1
16709530,123684,19267,KCg-m,gamma,away,21,1,1
16712849,123749,11402,KCab-c,ab,home,6,1,1
16714616,123775,10704,KCab-m,ab,home,10,1,1
16717794,123841,10704,KCg-m,gamma,home,9,1,1
16717811,123841,18713,KCg-m,gamma,away,22,1,1
16717813,123841,19267,KCg-m,gamma,away,23,1,1
16721119,123894,11402,KCg-m,gamma,home,18,1,1
16721128,123894,18713,KCg-m,gamma,away,1,1,1
16721130,123894,21242,KCg-m,gamma,away,15,1,1
16721370,123894,523060,KCg-m,gamma,away,19,1,1
16723591,123939,10704,KCab-m,ab,home,7,1,1
16723595,123939,11402,KCab-m,ab,home,2,1,1
16725712,123978,10704,KCab-c,ab,home,4,1,1
16726704,123997,10704,KCab-c,ab,home,1,1,1
16728738,124021,10704,KCg-m,gamma,home,7,1,1
16728758,124021,18713,KCg-m,gamma,away,22,1,1
16728759,124021,19267,KCg-m,gamma,away,16,1,1
16730301,124046,10704,KCg-m,gamma,home,17,1,1
16730320,124046,18713,KCg-m,gamma,away,10,1,1
16730322,124046,19267,KCg-m,gamma,away,13,1,1
16730824,124055,11402,KCg-m,gamma,home,19,1,1
16730837,124055,21242,KCg-m,gamma,away,6,1,1
16731060,124055,523060,KCg-m,gamma,away,14,1,1
16733269,124097,10704,KCg-d,gamma,home,10,1,1
16733285,124097,18713,KCg-d,gamma,away,13,1,1
16733286,124097,19267,KCg-d,gamma,away,14,1,1
16735004,124128,10704,KCab-m,ab,home,7,1,1
16735009,124128,11402,KCab-m,ab,home,1,1,1
16739061,124211,10704,KCab-m,ab,home,2,1,1
16739063,124211,11402,KCab-m,ab,home,6,1,1
16741222,124242,11402,KCg-m,gamma,home,36,1,1
16741235,124242,21242,KCg-m,gamma,away,11,1,1
16741514,124242,523060,KCg-m,gamma,away,16,1,1
16747583,124370,10704,KCg-m,gamma,home,23,1,1
16747601,124370,18713,KCg-m,gamma,away,10,1,1
16747602,124370,19267,KCg-m,gamma,away,13,1,1
16748097,124376,11402,KCab-p,ab,home,6,1,1
16751234,124435,10704,KCab-c,ab,home,3,1,1
16752331,124454,10704,KCab-c,ab,home,3,1,1
16762186,124605,11402,KCab-m,ab,home,8,1,1
16763426,124624,10704,KCab-m,ab,home,7,1,1
16763430,124624,11402,KCab-m,ab,home,1,1,1
16763828,124632,11402,KCg-m,gamma,home,22,1,1
16763841,124632,21242,KCg-m,gamma,away,18,1,1
16764096,124632,523060,KCg-m,gamma,away,9,1,1
16767210,124685,11402,KCab-m,ab,home,3,1,1
16767939,124690,10704,KCg-m,gamma,home,18,1,1
16767957,124690,18713,KCg-m,gamma,away,12,1,1
16767959,124690,19267,KCg-m,gamma,away,10,1,1
16774820,124807,10704,KCab-m,ab,home,11,1,1
16774823,124807,11402,KCab-m,ab,home,2,1,1
16781866,124937,10704,KCa'b'-ap1,apbp,home,1,1,1
16781875,124937,18713,KCa'b'-ap1,apbp,away,10,1,0
16781876,124937,19267,KCa'b'-ap1,apbp,away,11,1,0
16785063,125002,10704,KCab-m,ab,home,4,1,1
16785069,125002,11402,KCab-m,ab,home,2,1,1
16790051,125081,11402,KCab-m,ab,home,3,1,1
16796204,125185,10704,KCab-s,ab,home,6,1,1
16796209,125185,11402,KCab-s,ab,home,2,1,1
16814349,125552,10704,KCg-m,gamma,home,13,1,1
16814366,125552,18713,KCg-m,gamma,away,20,1,1
16814367,125552,19267,KCg-m,gamma,away,14,1,1
16816146,125574,10704,KCab-m,ab,home,5,1,1
16816150,125574,11402,KCab-m,ab,home,1,1,1
16819560,125644,10704,KCg-d,gamma,home,12,1,1
16819575,125644,18713,KCg-d,gamma,away,16,1,1
16819578,125644,19267,KCg-d,gamma,away,11,1,1
16828073,125813,10704,KCg-d,gamma,home,12,1,1
16828086,125813,18713,KCg-d,gamma,away,15,1,1
16828087,125813,19267,KCg-d,gamma,away,12,1,1
16830228,125860,11402,KCg-m,gamma,home,28,1,1
16830241,125860,21242,KCg-m,gamma,away,13,1,1
16830498,125860,523060,KCg-m,gamma,away,14,1,1
16833336,125908,11402,KCa'b'-ap1,apbp,home,1,1,1
16833346,125908,18713,KCa'b'-ap1,apbp,away,4,1,0
16833347,125908,19267,KCa'b'-ap1,apbp,away,12,1,0
16838985,126002,11402,KCg-m,gamma,home,24,1,1
16838994,126002,21242,KCg-m,gamma,away,8,1,1
16839223,126002,523060,KCg-m,gamma,away,11,1,1
16841715,126057,10704,KCab-m,ab,home,10,1,1
16841718,126057,11402,KCab-m,ab,home,3,1,1
16843473,126084,11402,KCab-m,ab,home,7,1,1
16848348,126174,10704,KCab-m,ab,home,6,1,1
16848352,126174,11402,KCab-m,ab,home,1,1,1
16855466,126319,10704,KCab-s,ab,home,2,1,1
16859150,126390,10704,KCab-c,ab,home,8,1,1
16862693,126446,10704,KCab-m,ab,home,2,1,1
16862697,126446,11402,KCab-m,ab,home,4,1,1
16871760,126602,11402,KCg-m,gamma,home,20,1,1
16871769,126602,21242,KCg-m,gamma,away,12,1,1
16871979,126602,523060,KCg-m,gamma,away,16,1,1
16875741,126673,11402,KCa'b'-ap2,apbp,home,2,1,1
16875751,126673,18713,KCa'b'-ap2,apbp,away,5,1,0
16875752,126673,19267,KCa'b'-ap2,apbp,away,8,1,0
16876402,126683,10704,KCab-m,ab,home,8,1,1
16880751,126766,10704,KCg-m,gamma,home,12,1,1
16880771,126766,18713,KCg-m,gamma,away,18,1,1
16880773,126766,19267,KCg-m,gamma,away,23,1,1
16881555,126779,10704,KCg-m,gamma,home,10,1,1
16881569,126779,18713,KCg-m,gamma,away,13,1,1
16881571,126779,19267,KCg-m,gamma,away,14,1,1
16882298,126787,10704,KCab-m,ab,home,7,1,1
16882301,126787,11402,KCab-m,ab,home,1,1,1
16883906,126815,10704,KCg-m,gamma,home,10,1,1
16883923,126815,18713,KCg-m,gamma,away,10,1,1
16883924,126815,19267,KCg-m,gamma,away,15,1,1
16891389,126945,11402,KCab-c,ab,home,5,1,1
16892684,126973,10704,KCg-m,gamma,home,10,1,1
16892701,126973,18713,KCg-m,gamma,away,11,1,1
16892702,126973,19267,KCg-m,gamma,away,15,1,1
16896654,127046,11402,KCg-d,gamma,home,23,1,1
16896674,127046,21242,KCg-d,gamma,away,12,1,1
16896842,127046,523060,KCg-d,gamma,away,14,1,1
16896856,127047,10704,KCab-m,ab,home,8,1,1
16900258,127130,10704,KCg-m,gamma,home,16,1,1
16900276,127130,18713,KCg-m,gamma,away,14,1,1
16900277,127130,19267,KCg-m,gamma,away,19,1,1
16904240,127203,10704,KCg-m,gamma,home,15,1,1
16904246,127203,11402,KCg-m,gamma,home,1,1,1
16904258,127203,18713,KCg-m,gamma,away,20,1,1
16904259,127203,19267,KCg-m,gamma,away,10,1,1
16905848,127225,10704,KCg-m,gamma,home,12,1,1
16905867,127225,18713,KCg-m,gamma,away,14,1,1
16905868,127225,19267,KCg-m,gamma,away,16,1,1
16910737,127326,10704,KCab-m,ab,home,9,1,1
16910740,127326,11402,KCab-m,ab,home,1,1,1
16912573,127366,18713,KCa'b'-ap2,apbp,away,14,1,0
16912574,127366,19267,KCa'b'-ap2,apbp,away,16,1,0
16912881,127372,10704,KCg-m,gamma,home,16,1,1
16912899,127372,18713,KCg-m,gamma,away,7,1,1
16912900,127372,19267,KCg-m,gamma,away,22,1,1
16914673,127397,11402,KCg-m,gamma,home,21,1,1
16914685,127397,21242,KCg-m,gamma,away,7,1,1
16914890,127397,523060,KCg-m,gamma,away,14,1,1
16917866,127463,10704,KCab-c,ab,home,6,1,1
16918329,127471,10704,KCa'b'-m,apbp,home,1,1,1
16918343,127471,21242,KCa'b'-m,apbp,away,24,1,0
16918507,127471,523060,KCa'b'-m,apbp,away,15,1,0
16923108,127577,10704,KCg-d,gamma,home,8,1,1
16923124,127577,18713,KCg-d,gamma,away,15,1,1
16923125,127577,19267,KCg-d,gamma,away,15,1,1
16924123,127593,10704,KCg-m,gamma,home,15,1,1
16924142,127593,18713,KCg-m,gamma,away,10,1,1
16924143,127593,19267,KCg-m,gamma,away,14,1,1
16931552,127739,11402,KCa'b'-m,apbp,home,1,1,1
16931561,127739,18713,KCa'b'-m,apbp,away,16,1,0
16931563,127739,19267,KCa'b'-m,apbp,away,5,1,0
16940916,127944,10704,KCg-m,gamma,home,22,1,1
16940936,127944,18713,KCg-m,gamma,away,17,1,1
16940937,127944,19267,KCg-m,gamma,away,21,1,1
16942751,127980,10704,KCg-m,gamma,home,14,1,1
16942771,127980,18713,KCg-m,gamma,away,16,1,1
16942772,127980,19267,KCg-m,gamma,away,14,1,1
16948178,128075,10704,KCab-s,ab,home,11,1,1
16948181,128075,11402,KCab-s,ab,home,1,1,1
16949030,128085,11402,KCa'b'-ap1,apbp,home,1,1,1
16949038,128085,18713,KCa'b'-ap1,apbp,away,14,1,0
16949039,128085,19267,KCa'b'-ap1,apbp,away,16,1,0
16950107,128097,10704,KCg-m,gamma,home,19,1,1
16950128,128097,18713,KCg-m,gamma,away,18,1,1
16950129,128097,19267,KCg-m,gamma,away,18,1,1
16956761,128212,10704,KCab-m,ab,home,6,1,1
16963989,128352,10704,KCg-m,gamma,home,13,1,1
16964009,128352,18713,KCg-m,gamma,away,21,1,1
16964010,128352,19267,KCg-m,gamma,away,18,1,1
16964900,128366,10704,KCab-m,ab,home,6,1,1
16969221,128467,10704,KCab-c,ab,home,2,1,1
16969443,128471,10704,KCg-m,gamma,home,13,1,1
16969458,128471,18713,KCg-m,gamma,away,18,1,1
16969459,128471,19267,KCg-m,gamma,away,24,1,1
16974286,128565,10704,KCab-s,ab,home,7,1,1
16976139,128591,21242,KCa'b'-ap2,apbp,away,17,1,0
16976331,128591,523060,KCa'b'-ap2,apbp,away,12,1,0
16976659,128604,21242,KCa'b'-ap2,apbp,away,23,1,0
16976812,128604,523060,KCa'b'-ap2,apbp,away,14,1,0
16983827,128731,10704,KCab-c,ab,home,4,1,1
16984440,128743,10704,KCab-s,ab,home,5,1,1
16987127,128794,21242,KCa'b'-ap2,apbp,away,14,1,0
16987305,128794,523060,KCa'b'-ap2,apbp,away,8,1,0
16991409,128858,11402,KCa'b'-ap2,apbp,home,1,1,1
16991420,128858,18713,KCa'b'-ap2,apbp,away,15,1,0
16991422,128858,19267,KCa'b'-ap2,apbp,away,6,1,0
16991962,128866,10704,KCab-c,ab,home,5,1,1
16992330,128873,10704,KCab-m,ab,home,9,1,1
16994075,128901,10704,KCg-m,gamma,home,17,1,1
16994090,128901,18713,KCg-m,gamma,away,15,1,1
16994091,128901,19267,KCg-m,gamma,away,16,1,1
16995641,128925,11402,KCg-d,gamma,home,15,1,1
16995655,128925,18713,KCg-d,gamma,away,1,1,1
16995658,128925,21242,KCg-d,gamma,away,11,1,1
16995830,128925,523060,KCg-d,gamma,away,12,1,1
16995971,128929,10704,KCg-m,gamma,home,13,1,1
16995986,128929,18713,KCg-m,gamma,away,17,1,1
16995989,128929,19267,KCg-m,gamma,away,14,1,1
16996887,128942,10704,KCab-c,ab,home,4,1,1
17001091,129022,10704,KCab-p,ab,home,7,1,1
17001332,129027,11402,KCab-s,ab,home,9,1,1
17006663,129122,10704,KCab-s,ab,home,7,1,1
17010465,129189,11402,KCg-m,gamma,home,23,1,1
17010477,129189,21242,KCg-m,gamma,away,6,1,1
17010722,129189,523060,KCg-m,gamma,away,10,1,1
17016052,129287,11402,KCg-m,gamma,home,25,1,1
17016062,129287,21242,KCg-m,gamma,away,9,1,1
17016318,129287,523060,KCg-m,gamma,away,10,1,1
17017142,129301,21242,KCa'b'-ap2,apbp,away,18,1,0
17017307,129301,523060,KCa'b'-ap2,apbp,away,12,1,0
17018145,129321,10704,KCg-m,gamma,home,1,1,1
17018150,129321,11402,KCg-m,gamma,home,23,1,1
17018165,129321,18713,KCg-m,gamma,away,1,1,1
17018168,129321,21242,KCg-m,gamma,away,5,1,1
17018436,129321,523060,KCg-m,gamma,away,11,1,1
17018656,129330,10704,KCab-s,ab,home,1,1,1
17018658,129330,11402,KCab-s,ab,home,11,1,1
17034638,129608,10704,KCab-c,ab,home,3,1,1
17036079,129627,10704,KCg-m,gamma,home,10,1,1
17036098,129627,18713,KCg-m,gamma,away,16,1,1
17036099,129627,19267,KCg-m,gamma,away,18,1,1
17037702,129659,10704,KCab-p,ab,home,3,1,1
17044470,129798,10704,KCab-s,ab,home,4,1,1
17048425,129866,10704,KCg-m,gamma,home,22,1,1
17048441,129866,18713,KCg-m,gamma,away,19,1,1
17048442,129866,19267,KCg-m,gamma,away,12,1,1
17049967,129892,11402,KCab-m,ab,home,2,1,1
17050242,129897,10704,KCab-c,ab,home,3,1,1
17050439,129903,11402,KCg-m,gamma,home,25,1,1
17050450,129903,18713,KCg-m,gamma,away,1,1,1
17050451,129903,21242,KCg-m,gamma,away,6,1,1
17050677,129903,523060,KCg-m,gamma,away,8,1,1
17053925,129965,11402,KCg-m,gamma,home,33,1,1
17053936,129965,21242,KCg-m,gamma,away,20,1,1
17054198,129965,523060,KCg-m,gamma,away,21,1,1
17068441,130231,10704,KCg-d,gamma,home,11,1,1
17068455,130231,18713,KCg-d,gamma,away,9,1,1
17068456,130231,19267,KCg-d,gamma,away,9,1,1
17073405,130317,11402,KCg-m,gamma,home,28,1,1
17073415,130317,21242,KCg-m,gamma,away,11,1,1
17073674,130317,523060,KCg-m,gamma,away,14,1,1
17073898,130324,10704,KCg-m,gamma,home,15,1,1
17073917,130324,18713,KCg-m,gamma,away,18,1,1
17073918,130324,19267,KCg-m,gamma,away,15,1,1
17077704,130392,11402,KCab-s,ab,home,6,1,1
17078415,130403,11402,KCg-m,gamma,home,31,1,1
17078427,130403,21242,KCg-m,gamma,away,15,1,1
17078677,130403,523060,KCg-m,gamma,away,14,1,1
17079757,130429,10704,KCab-c,ab,home,2,1,1
17080524,130439,10704,KCg-m,gamma,home,15,1,1
17080539,130439,18713,KCg-m,gamma,away,14,1,1
17080540,130439,19267,KCg-m,gamma,away,14,1,1
17085005,130521,10704,KCab-c,ab,home,3,1,1
17085520,130531,10704,KCab-m,ab,home,10,1,1
17086819,130556,10704,KCg-m,gamma,home,17,1,1
17086835,130556,18713,KCg-m,gamma,away,18,1,1
17086836,130556,19267,KCg-m,gamma,away,17,1,1
17087976,130580,10704,KCg-m,gamma,home,20,1,1
17087996,130580,18713,KCg-m,gamma,away,12,1,1
17087997,130580,19267,KCg-m,gamma,away,10,1,1
17088804,130603,11402,KCg-m,gamma,home,17,1,1
17088824,130603,21242,KCg-m,gamma,away,14,1,1
17089064,130603,523060,KCg-m,gamma,away,23,1,1
17098109,130796,11402,KCab-m,ab,home,3,1,1
17098632,130806,11402,KCg-m,gamma,home,25,1,1
17098642,130806,21242,KCg-m,gamma,away,12,1,1
17098859,130806,523060,KCg-m,gamma,away,8,1,1
17099925,130825,10704,KCab-c,ab,home,1,1,1
17103335,130875,10704,KCa'b'-ap2,apbp,home,2,1,1
17103338,130875,11402,KCa'b'-ap2,apbp,home,5,1,1
17103347,130875,18713,KCa'b'-ap2,apbp,away,13,1,0
17103349,130875,19267,KCa'b'-ap2,apbp,away,16,1,0
17104628,130907,11402,KCg-m,gamma,home,23,1,1
17104641,130907,21242,KCg-m,gamma,away,14,1,1
17104900,130907,523060,KCg-m,gamma,away,8,1,1
17105438,130920,10704,KCg-m,gamma,home,12,1,1
17105458,130920,18713,KCg-m,gamma,away,11,1,1
17105460,130920,19267,KCg-m,gamma,away,12,1,1
17106542,130950,21242,KCa'b'-m,apbp,away,16,1,0
17106716,130950,523060,KCa'b'-m,apbp,away,18,1,0
17107816,130972,10704,KCg-m,gamma,home,22,1,1
17107833,130972,18713,KCg-m,gamma,away,8,1,1
17107834,130972,19267,KCg-m,gamma,away,5,1,1
17107835,130972,21242,KCg-m,gamma,away,1,1,1
17108050,130972,523060,KCg-m,gamma,away,1,1,1
17109554,131008,11402,KCab-m,ab,home,6,1,1
17113835,131100,11402,KCg-m,gamma,home,19,1,1
17113846,131100,21242,KCg-m,gamma,away,8,1,1
17114022,131100,523060,KCg-m,gamma,away,22,1,1
17114047,131101,11402,KCab-c,ab,home,6,1,1
17119575,131198,10704,KCg-m,gamma,home,11,1,1
17119590,131198,18713,KCg-m,gamma,away,13,1,1
17119591,131198,19267,KCg-m,gamma,away,16,1,1
17120520,131212,10704,KCab-m,ab,home,2,1,1
17120524,131212,11402,KCab-m,ab,home,1,1,1
17123401,131268,10704,KCg-m,gamma,home,9,1,1
17123418,131268,18713,KCg-m,gamma,away,15,1,1
17123419,131268,19267,KCg-m,gamma,away,10,1,1
17125343,131293,11402,KCg-m,gamma,home,21,1,1
17125358,131293,21242,KCg-m,gamma,away,8,1,1
17125565,131293,523060,KCg-m,gamma,away,11,1,1
17127601,131332,10704,KCg-m,gamma,home,15,1,1
17127620,131332,18713,KCg-m,gamma,away,12,1,1
17127621,131332,19267,KCg-m,gamma,away,13,1,1
17129215,131358,10704,KCab-c,ab,home,3,1,1
17129394,131359,10704,KCab-c,ab,home,7,1,1
17129398,131359,11402,KCab-c,ab,home,3,1,1
17130368,131373,10704,KCg-m,gamma,home,11,1,1
17130385,131373,18713,KCg-m,gamma,away,15,1,1
17130387,131373,19267,KCg-m,gamma,away,13,1,1
17133092,131423,10704,KCg-m,gamma,home,13,1,1
17133112,131423,18713,KCg-m,gamma,away,15,1,1
17133113,131423,19267,KCg-m,gamma,away,18,1,1
17135130,131461,11402,KCab-m,ab,home,8,1,1
17136948,131495,10704,KCab-m,ab,home,10,1,1
17139579,131539,10704,KCab-m,ab,home,10,1,1
17143099,131597,10704,KCg-m,gamma,home,7,1,1
17143117,131597,18713,KCg-m,gamma,away,11,1,1
17143118,131597,19267,KCg-m,gamma,away,13,1,1
17144990,131620,10704,KCg-m,gamma,home,17,1,1
17145010,131620,18713,KCg-m,gamma,away,15,1,1
17145011,131620,19267,KCg-m,gamma,away,8,1,1
17147239,131662,18713,KCa'b'-ap2,apbp,away,16,1,0
17147241,131662,19267,KCa'b'-ap2,apbp,away,9,1,0
17152991,131765,10704,KCab-c,ab,home,9,1,1
17152997,131765,11402,KCab-c,ab,home,1,1,1
17154766,131797,10704,KCab-s,ab,home,7,1,1
17162343,131936,10704,KCab-m,ab,home,8,1,1
17162347,131936,11402,KCab-m,ab,home,1,1,1
17163174,131946,11402,KCg-m,gamma,home,19,1,1
17163186,131946,21242,KCg-m,gamma,away,8,1,1
17163414,131946,523060,KCg-m,gamma,away,10,1,1
17163625,131954,10704,KCg-m,gamma,home,10,1,1
17163646,131954,18713,KCg-m,gamma,away,16,1,1
17163648,131954,19267,KCg-m,gamma,away,21,1,1
17164230,131964,11402,KCab-s,ab,home,11,1,1
17166395,132006,21242,KCa'b'-ap2,apbp,away,20,1,0
17166582,132006,523060,KCa'b'-ap2,apbp,away,17,1,0
17168635,132048,11402,KCab-c,ab,home,8,1,1
17169115,132051,10704,KCg-m,gamma,home,9,1,1
17169137,132051,18713,KCg-m,gamma,away,18,1,1
17169139,132051,19267,KCg-m,gamma,away,14,1,1
17170087,132066,10704,KCab-c,ab,home,4,1,1
17172074,132117,21242,KCa'b'-m,apbp,away,22,1,0
17172243,132117,523060,KCa'b'-m,apbp,away,28,1,0
17177260,132230,11402,KCg-m,gamma,home,32,1,1
17177272,132230,18713,KCg-m,gamma,away,1,1,1
17177273,132230,21242,KCg-m,gamma,away,10,1,1
17177534,132230,523060,KCg-m,gamma,away,7,1,1
17181569,132312,11402,KCg-m,gamma,home,21,1,1
17181577,132312,21242,KCg-m,gamma,away,14,1,1
17181812,132312,523060,KCg-m,gamma,away,15,1,1
17186967,132410,10704,KCab-m,ab,home,7,1,1
17189132,132467,10704,KCg-m,gamma,home,18,1,1
17189148,132467,18713,KCg-m,gamma,away,19,1,1
17189150,132467,19267,KCg-m,gamma,away,17,1,1
17193285,132539,10704,KCab-s,ab,home,11,1,1
17196984,132598,10704,KCg-m,gamma,home,16,1,1
17196998,132598,18713,KCg-m,gamma,away,29,1,1
17196999,132598,19267,KCg-m,gamma,away,16,1,1
17198667,132622,10704,KCab-p,ab,home,2,1,1
17200105,132649,11402,KCab-p,ab,home,4,1,1
17200937,132661,21242,KCa'b'-ap2,apbp,away,14,1,0
17201102,132661,523060,KCa'b'-ap2,apbp,away,9,1,0
17204476,132747,10704,KCg-m,gamma,home,15,1,1
17204495,132747,18713,KCg-m,gamma,away,17,1,1
17204496,132747,19267,KCg-m,gamma,away,11,1,1
17206328,132791,10704,KCab-s,ab,home,1,1,1
17206330,132791,11402,KCab-s,ab,home,7,1,1
17206987,132800,10704,KCab-m,ab,home,9,1,1
17206990,132800,11402,KCab-m,ab,home,1,1,1
17207233,132804,18713,KCa'b'-ap1,apbp,away,11,1,0
17207234,132804,19267,KCa'b'-ap1,apbp,away,17,1,0
17209438,132857,10704,KCa'b'-ap1,apbp,home,1,1,1
17209449,132857,21242,KCa'b'-ap1,apbp,away,24,1,0
17209601,132857,523060,KCa'b'-ap1,apbp,away,14,1,0
17210889,132887,10704,KCab-s,ab,home,1,1,1
17210893,132887,11402,KCab-s,ab,home,8,1,1
17211469,132896,10704,KCab-s,ab,home,5,1,1
17212502,132912,10704,KCab-m,ab,home,4,1,1
17216233,132978,10704,KCg-m,gamma,home,13,1,1
17216252,132978,18713,KCg-m,gamma,away,25,1,1
17216253,132978,19267,KCg-m,gamma,away,18,1,1
17220649,133053,11402,KCg-m,gamma,home,28,1,1
17220663,133053,21242,KCg-m,gamma,away,8,1,1
17220900,133053,523060,KCg-m,gamma,away,15,1,1
17221268,133066,10704,KCg-m,gamma,home,9,1,1
17221284,133066,18713,KCg-m,gamma,away,9,1,1
17221285,133066,19267,KCg-m,gamma,away,19,1,1
17222420,133083,21242,KCa'b'-ap2,apbp,away,19,1,0
17222606,133083,523060,KCa'b'-ap2,apbp,away,14,1,0
17223364,133100,11402,KCab-c,ab,home,3,1,1
17226204,133165,10704,KCab-c,ab,home,7,1,1
17226211,133165,11402,KCab-c,ab,home,2,1,1
17228760,133214,11402,KCg-m,gamma,home,23,1,1
17228773,133214,21242,KCg-m,gamma,away,12,1,1
17229008,133214,523060,KCg-m,gamma,away,8,1,1
17230615,133249,10704,KCg-m,gamma,home,16,1,1
17230633,133249,18713,KCg-m,gamma,away,15,1,1
17230636,133249,19267,KCg-m,gamma,away,17,1,1
17230920,133250,11402,KCab-s,ab,home,17,1,1
17231209,133256,10704,KCab-s,ab,home,5,1,1
17231211,133256,11402,KCab-s,ab,home,1,1,1
17232499,133281,10704,KCab-m,ab,home,10,1,1
17232502,133281,11402,KCab-m,ab,home,1,1,1
17233901,133308,10704,KCab-m,ab,home,4,1,1
17234397,133316,10704,KCg-m,gamma,home,14,1,1
17234418,133316,18713,KCg-m,gamma,away,12,1,1
17234419,133316,19267,KCg-m,gamma,away,17,1,1
17235746,133334,18713,KCa'b'-ap2,apbp,away,10,1,0
17235747,133334,19267,KCa'b'-ap2,apbp,away,2,1,0
17237331,133363,10704,KCab-s,ab,home,6,1,1
17240911,133435,10704,KCg-m,gamma,home,11,1,1
17240927,133435,18713,KCg-m,gamma,away,15,1,1
17240929,133435,19267,KCg-m,gamma,away,5,1,1
17240930,133435,21242,KCg-m,gamma,away,1,1,1
17243400,133479,10704,KCg-m,gamma,home,19,1,1
17243419,133479,18713,KCg-m,gamma,away,8,1,1
17243421,133479,19267,KCg-m,gamma,away,7,1,1
17244895,133500,10704,KCg-m,gamma,home,13,1,1
17244916,133500,18713,KCg-m,gamma,away,16,1,1
17244917,133500,19267,KCg-m,gamma,away,13,1,1
17247317,133549,10704,KCa'b'-m,apbp,home,1,1,1
17247329,133549,21242,KCa'b'-m,apbp,away,28,1,0
17247481,133549,523060,KCa'b'-m,apbp,away,28,1,0
17247491,133550,10704,KCg-m,gamma,home,11,1,1
17247512,133550,18713,KCg-m,gamma,away,15,1,1
17247513,133550,19267,KCg-m,gamma,away,12,1,1
17247765,133550,523060,KCg-m,gamma,away,1,1,1
17248362,133564,10704,KCg-m,gamma,home,11,1,1
17248379,133564,18713,KCg-m,gamma,away,18,1,1
17248380,133564,19267,KCg-m,gamma,away,14,1,1
17248947,133570,10704,KCab-c,ab,home,3,1,1
17249934,133583,10704,KCab-m,ab,home,4,1,1
17251170,133607,10704,KCg-m,gamma,home,16,1,1
17251189,133607,18713,KCg-m,gamma,away,13,1,1
17251190,133607,19267,KCg-m,gamma,away,15,1,1
17252193,133630,10704,KCg-m,gamma,home,23,1,1
17252213,133630,18713,KCg-m,gamma,away,14,1,1
17252214,133630,19267,KCg-m,gamma,away,16,1,1
17252858,133642,11402,KCg-m,gamma,home,17,1,1
17252872,133642,21242,KCg-m,gamma,away,14,1,1
17253141,133642,523060,KCg-m,gamma,away,14,1,1
17254364,133671,11402,KCg-m,gamma,home,11,1,1
17254375,133671,21242,KCg-m,gamma,away,15,1,1
17254614,133671,523060,KCg-m,gamma,away,10,1,1
17256281,133709,10704,KCab-c,ab,home,5,1,1
17257599,133727,10704,KCab-c,ab,home,2,1,1
17257602,133727,11402,KCab-c,ab,home,12,1,1
17261377,133806,11402,KCg-m,gamma,home,18,1,1
17261386,133806,18713,KCg-m,gamma,away,1,1,1
17261387,133806,21242,KCg-m,gamma,away,17,1,1
17261627,133806,523060,KCg-m,gamma,away,18,1,1
17265180,133864,10704,KCab-s,ab,home,10,1,1
17265645,133873,10704,KCab-m,ab,home,9,1,1
17265648,133873,11402,KCab-m,ab,home,2,1,1
17274848,134059,10704,KCg-m,gamma,home,9,1,1
17274867,134059,18713,KCg-m,gamma,away,14,1,1
17274868,134059,19267,KCg-m,gamma,away,9,1,1
17278985,134161,10704,KCg-m,gamma,home,12,1,1
17278999,134161,18713,KCg-m,gamma,away,9,1,1
17279000,134161,19267,KCg-m,gamma,away,13,1,1
17282291,134216,11402,KCg-m,gamma,home,19,1,1
17282305,134216,21242,KCg-m,gamma,away,6,1,1
17282517,134216,523060,KCg-m,gamma,away,14,1,1
17284381,134256,10704,KCg-m,gamma,home,9,1,1
17284398,134256,18713,KCg-m,gamma,away,21,1,1
17284399,134256,19267,KCg-m,gamma,away,8,1,1
17285657,134271,10704,KCab-c,ab,home,3,1,1
17289780,134357,11402,KCab-c,ab,home,10,1,1
17289959,134359,11402,KCg-m,gamma,home,19,1,1
17289973,134359,21242,KCg-m,gamma,away,14,1,1
17290226,134359,523060,KCg-m,gamma,away,27,1,1
17292939,134430,10704,KCg-m,gamma,home,18,1,1
17292957,134430,18713,KCg-m,gamma,away,19,1,1
17292958,134430,19267,KCg-m,gamma,away,13,1,1
17293410,134438,10704,KCab-c,ab,home,5,1,1
17296773,134523,10704,KCab-c,ab,home,2,1,1
17302139,134660,11402,KCg-m,gamma,home,30,1,1
17302151,134660,21242,KCg-m,gamma,away,8,1,1
17302390,134660,523060,KCg-m,gamma,away,18,1,1
17305248,134731,10704,KCa'b'-m,apbp,home,1,1,1
17305251,134731,11402,KCa'b'-m,apbp,home,1,1,1
17305260,134731,21242,KCa'b'-m,apbp,away,15,1,0
17305404,134731,523060,KCa'b'-m,apbp,away,21,1,0
17305663,134742,10704,KCg-m,gamma,home,21,1,1
17305684,134742,18713,KCg-m,gamma,away,13,1,1
17305685,134742,19267,KCg-m,gamma,away,15,1,1
17307785,134789,10704,KCab-m,ab,home,6,1,1
17311238,134859,21242,KCa'b'-m,apbp,away,19,1,0
17311412,134859,523060,KCa'b'-m,apbp,away,17,1,0
17311720,134865,10704,KCg-m,gamma,home,16,1,1
17311738,134865,18713,KCg-m,gamma,away,12,1,1
17311739,134865,19267,KCg-m,gamma,away,16,1,1
17312788,134883,11402,KCg-m,gamma,home,27,1,1
17312800,134883,18713,KCg-m,gamma,away,1,1,1
17312803,134883,21242,KCg-m,gamma,away,7,1,1
17313041,134883,523060,KCg-m,gamma,away,10,1,1
17313352,134891,11402,KCab-c,ab,home,7,1,1
17316770,134965,10704,KCg-m,gamma,home,9,1,1
17316787,134965,18713,KCg-m,gamma,away,13,1,1
17316788,134965,19267,KCg-m,gamma,away,14,1,1
17318862,135013,10704,KCab-m,ab,home,3,1,1
17318865,135013,11402,KCab-m,ab,home,1,1,1
17322878,135092,18713,KCa'b'-m,apbp,away,20,1,0
17322880,135092,19267,KCa'b'-m,apbp,away,6,1,0
17326161,135158,10704,KCg-m,gamma,home,10,1,1
17326178,135158,18713,KCg-m,gamma,away,17,1,1
17326179,135158,19267,KCg-m,gamma,away,11,1,1
17329384,135219,10704,KCg-d,gamma,home,11,1,1
17329399,135219,18713,KCg-d,gamma,away,14,1,1
17329400,135219,19267,KCg-d,gamma,away,13,1,1
17329978,135238,11402,KCg-m,gamma,home,24,1,1
17329988,135238,21242,KCg-m,gamma,away,4,1,1
17330241,135238,523060,KCg-m,gamma,away,13,1,1
17330321,135241,10704,KCg-d,gamma,home,11,1,1
17330338,135241,18713,KCg-d,gamma,away,14,1,1
17330339,135241,19267,KCg-d,gamma,away,22,1,1
17330860,135247,10704,KCab-s,ab,home,1,1,1
17330862,135247,11402,KCab-s,ab,home,8,1,1
17331998,135265,11402,KCab-m,ab,home,1,1,1
17336230,135354,10704,KCab-p,ab,home,2,1,1
17336550,135362,11402,KCg-m,gamma,home,19,1,1
17336559,135362,18713,KCg-m,gamma,away,1,1,1
17336562,135362,21242,KCg-m,gamma,away,7,1,1
17336811,135362,523060,KCg-m,gamma,away,6,1,1
17336837,135363,10704,KCg-m,gamma,home,14,1,1
17336857,135363,18713,KCg-m,gamma,away,16,1,1
17336858,135363,19267,KCg-m,gamma,away,22,1,1
17338913,135421,11402,KCg-d,gamma,home,16,1,1
17338930,135421,21242,KCg-d,gamma,away,16,1,1
17339084,135421,523060,KCg-d,gamma,away,12,1,1
17342010,135480,10704,KCg-m,gamma,home,21,1,1
17342028,135480,18713,KCg-m,gamma,away,9,1,1
17342029,135480,19267,KCg-m,gamma,away,14,1,1
17343381,135506,10704,KCg-m,gamma,home,22,1,1
17343400,135506,18713,KCg-m,gamma,away,9,1,1
17343402,135506,19267,KCg-m,gamma,away,18,1,1
17345910,135567,10704,KCab-m,ab,home,12,1,1
17345915,135567,11402,KCab-m,ab,home,1,1,1
17348566,135614,10704,KCab-s,ab,home,1,1,1
17348568,135614,11402,KCab-s,ab,home,7,1,1
17350475,135662,10704,KCg-d,gamma,home,14,1,1
17350495,135662,18713,KCg-d,gamma,away,20,1,1
17350496,135662,19267,KCg-d,gamma,away,22,1,1
17354212,135739,11402,KCg-m,gamma,home,13,1,1
17354221,135739,21242,KCg-m,gamma,away,20,1,1
17354463,135739,523060,KCg-m,gamma,away,15,1,1
17355767,135773,10704,KCg-m,gamma,home,17,1,1
17355784,135773,18713,KCg-m,gamma,away,18,1,1
17355785,135773,19267,KCg-m,gamma,away,9,1,1
17356027,135783,10704,KCg-m,gamma,home,21,1,1
17356042,135783,18713,KCg-m,gamma,away,19,1,1
17356043,135783,19267,KCg-m,gamma,away,21,1,1
17356045,135783,21242,KCg-m,gamma,away,1,1,1
17358382,135825,10704,KCg-m,gamma,home,13,1,1
17358397,135825,18713,KCg-m,gamma,away,14,1,1
17358398,135825,19267,KCg-m,gamma,away,7,1,1
17359613,135847,10704,KCg-m,gamma,home,13,1,1
17359636,135847,18713,KCg-m,gamma,away,18,1,1
17359637,135847,19267,KCg-m,gamma,away,18,1,1
17360641,135866,11402,KCab-c,ab,home,2,1,1
17361575,135883,10704,KCg-m,gamma,home,17,1,1
17361594,135883,18713,KCg-m,gamma,away,10,1,1
17361595,135883,19267,KCg-m,gamma,away,11,1,1
17362481,135897,10704,KCg-d,gamma,home,10,1,1
17362500,135897,18713,KCg-d,gamma,away,18,1,1
17362501,135897,19267,KCg-d,gamma,away,13,1,1
17366441,135993,11402,KCab-m,ab,home,9,1,1
17369204,136044,11402,KCab-m,ab,home,5,1,1
17369365,136046,10704,KCg-d,gamma,home,17,1,1
17369384,136046,18713,KCg-d,gamma,away,13,1,1
17369385,136046,19267,KCg-d,gamma,away,13,1,1
17369589,136048,10704,KCab-p,ab,home,1,1,1
17371977,136101,10704,KCg-m,gamma,home,10,1,1
17371992,136101,18713,KCg-m,gamma,away,12,1,1
17371993,136101,19267,KCg-m,gamma,away,22,1,1
17372861,136127,10704,KCg-m,gamma,home,5,1,1
17372886,136127,18713,KCg-m,gamma,away,12,1,1
17372887,136127,19267,KCg-m,gamma,away,12,1,1
17374474,136153,10704,KCab-m,ab,home,7,1,1
17374478,136153,11402,KCab-m,ab,home,3,1,1
17376269,136196,10704,KCab-p,ab,home,3,1,1
17377031,136208,11402,KCg-m,gamma,home,14,1,1
17377043,136208,21242,KCg-m,gamma,away,11,1,1
17377343,136208,523060,KCg-m,gamma,away,19,1,1
17378886,136233,10704,KCab-s,ab,home,6,1,1
17379508,136240,11402,KCg-m,gamma,home,18,1,1
17379519,136240,21242,KCg-m,gamma,away,8,1,1
17379765,136240,523060,KCg-m,gamma,away,19,1,1
17380282,136258,10704,KCab-c,ab,home,4,1,1
17382365,136310,11402,KCg-m,gamma,home,21,1,1
17382376,136310,21242,KCg-m,gamma,away,11,1,1
17382585,136310,523060,KCg-m,gamma,away,9,1,1
17383311,136327,10704,KCab-m,ab,home,8,1,1
17384097,136345,10704,KCab-m,ab,home,6,1,1
17384100,136345,11402,KCab-m,ab,home,1,1,1
17388001,136428,10704,KCab-c,ab,home,2,1,1
17389380,136459,11402,KCg-m,gamma,home,18,1,1
17389390,136459,21242,KCg-m,gamma,away,6,1,1
17389603,136459,523060,KCg-m,gamma,away,14,1,1
17389699,136461,10704,KCab-m,ab,home,10,1,1
17389702,136461,11402,KCab-m,ab,home,2,1,1
17393146,136525,10704,KCg-m,gamma,home,21,1,1
17393162,136525,18713,KCg-m,gamma,away,14,1,1
17393164,136525,19267,KCg-m,gamma,away,14,1,1
17393638,136531,11402,KCg-m,gamma,home,28,1,1
17393653,136531,21242,KCg-m,gamma,away,7,1,1
17393907,136531,523060,KCg-m,gamma,away,2,1,1
17395287,136570,11402,KCg-m,gamma,home,23,1,1
17395300,136570,21242,KCg-m,gamma,away,10,1,1
17395544,136570,523060,KCg-m,gamma,away,16,1,1
17396002,136581,10704,KCg-m,gamma,home,23,1,1
17396017,136581,18713,KCg-m,gamma,away,20,1,1
17396018,136581,19267,KCg-m,gamma,away,16,1,1
17401646,136705,10704,KCg-m,gamma,home,18,1,1
17401664,136705,18713,KCg-m,gamma,away,7,1,1
17401666,136705,19267,KCg-m,gamma,away,10,1,1
17406455,136825,11402,KCab-m,ab,home,5,1,1
17407793,136873,11402,KCab-c,ab,home,6,1,1
17409727,136896,10704,KCg-m,gamma,home,15,1,1
17409747,136896,18713,KCg-m,gamma,away,14,1,1
17409749,136896,19267,KCg-m,gamma,away,17,1,1
17410627,136912,10704,KCg-d,gamma,home,18,1,1
17410647,136912,18713,KCg-d,gamma,away,15,1,1
17410649,136912,19267,KCg-d,gamma,away,19,1,1
17411899,136943,10704,KCg-m,gamma,home,18,1,1
17411920,136943,18713,KCg-m,gamma,away,13,1,1
17411921,136943,19267,KCg-m,gamma,away,19,1,1
17414197,136988,10704,KCg-m,gamma,home,14,1,1
17414216,136988,18713,KCg-m,gamma,away,15,1,1
17414217,136988,19267,KCg-m,gamma,away,19,1,1
17415102,137008,10704,KCab-c,ab,home,2,1,1
17415851,137021,21242,KCa'b'-ap2,apbp,away,17,1,0
17416054,137021,523060,KCa'b'-ap2,apbp,away,16,1,0
17416391,137029,11402,KCab-m,ab,home,9,1,1
17417115,137044,11402,KCab-s,ab,home,2,1,1
17418186,137061,10704,KCg-m,gamma,home,21,1,1
17418204,137061,18713,KCg-m,gamma,away,6,1,1
17418206,137061,19267,KCg-m,gamma,away,11,1,1
17418850,137072,10704,KCg-m,gamma,home,13,1,1
17418867,137072,18713,KCg-m,gamma,away,11,1,1
17418868,137072,19267,KCg-m,gamma,away,11,1,1
17423464,137174,10704,KCg-m,gamma,home,11,1,1
17423481,137174,18713,KCg-m,gamma,away,7,1,1
17423482,137174,19267,KCg-m,gamma,away,16,1,1
17425583,137233,10704,KCab-c,ab,home,2,1,1
17425789,137235,10704,KCab-s,ab,home,1,1,1
17425791,137235,11402,KCab-s,ab,home,8,1,1
17426739,137257,10704,KCab-p,ab,home,1,1,1
17427638,137283,10704,KCg-d,gamma,home,11,1,1
17427656,137283,18713,KCg-d,gamma,away,14,1,1
17427657,137283,19267,KCg-d,gamma,away,10,1,1
17428489,137302,10704,KCg-d,gamma,home,9,1,1
17428507,137302,18713,KCg-d,gamma,away,9,1,1
17428508,137302,19267,KCg-d,gamma,away,13,1,1
17435563,137438,10704,KCg-m,gamma,home,11,1,1
17435576,137438,18713,KCg-m,gamma,away,14,1,1
17435578,137438,19267,KCg-m,gamma,away,18,1,1
17437919,137484,10704,KCg-m,gamma,home,15,1,1
17437939,137484,18713,KCg-m,gamma,away,8,1,1
17437941,137484,19267,KCg-m,gamma,away,12,1,1
17440943,137541,18713,KCa'b'-ap2,apbp,away,10,1,0
17440944,137541,19267,KCa'b'-ap2,apbp,away,6,1,0
17441493,137546,10704,KCg-m,gamma,home,10,1,1
17441511,137546,18713,KCg-m,gamma,away,10,1,1
17441512,137546,19267,KCg-m,gamma,away,16,1,1
17449168,137734,10704,KCab-c,ab,home,5,1,1
17452165,137789,10704,KCg-m,gamma,home,12,1,1
17452182,137789,18713,KCg-m,gamma,away,12,1,1
17452183,137789,19267,KCg-m,gamma,away,16,1,1
17454705,137837,10704,KCab-p,ab,home,1,1,1
17456556,137866,10704,KCab-s,ab,home,10,1,1
17456559,137866,11402,KCab-s,ab,home,2,1,1
17457597,137890,10704,KCg-m,gamma,home,15,1,1
17457614,137890,18713,KCg-m,gamma,away,21,1,1
17457615,137890,19267,KCg-m,gamma,away,12,1,1
17459947,137952,10704,KCg-d,gamma,home,16,1,1
17459968,137952,18713,KCg-d,gamma,away,19,1,1
17459969,137952,19267,KCg-d,gamma,away,21,1,1
17461042,137977,10704,KCab-p,ab,home,1,1,1
17462321,137995,10704,KCa'b'-m,apbp,home,2,1,1
17462335,137995,21242,KCa'b'-m,apbp,away,17,1,0
17462507,137995,523060,KCa'b'-m,apbp,away,28,1,0
17465252,138053,10704,KCg-m,gamma,home,16,1,1
17465266,138053,18713,KCg-m,gamma,away,25,1,1
17465267,138053,19267,KCg-m,gamma,away,23,1,1
17470127,138162,10704,KCab-c,ab,home,8,1,1
17471306,138186,10704,KCg-d,gamma,home,14,1,1
17471323,138186,18713,KCg-d,gamma,away,22,1,1
17471324,138186,19267,KCg-d,gamma,away,21,1,1
17471755,138198,10704,KCg-d,gamma,home,9,1,1
17471773,138198,18713,KCg-d,gamma,away,22,1,1
17471774,138198,19267,KCg-d,gamma,away,11,1,1
17472309,138210,10704,KCa'b'-ap2,apbp,home,1,1,1
17472321,138210,21242,KCa'b'-ap2,apbp,away,16,1,0
17472501,138210,523060,KCa'b'-ap2,apbp,away,14,1,0
17477603,138335,11402,KCg-m,gamma,home,17,1,1
17477618,138335,21242,KCg-m,gamma,away,7,1,1
17477839,138335,523060,KCg-m,gamma,away,12,1,1
17478327,138352,11402,KCg-m,gamma,home,23,1,1
17478340,138352,21242,KCg-m,gamma,away,8,1,1
17478605,138352,523060,KCg-m,gamma,away,27,1,1
17478627,138353,10704,KCg-m,gamma,home,2,1,1
17478630,138353,11402,KCg-m,gamma,home,25,1,1
17478640,138353,21242,KCg-m,gamma,away,11,1,1
17478852,138353,523060,KCg-m,gamma,away,19,1,1
17479887,138378,10704,KCg-m,gamma,home,14,1,1
17479906,138378,18713,KCg-m,gamma,away,19,1,1
17479908,138378,19267,KCg-m,gamma,away,15,1,1
17481386,138404,10704,KCab-s,ab,home,5,1,1
17481667,138408,11402,KCg-m,gamma,home,19,1,1
17481679,138408,21242,KCg-m,gamma,away,16,1,1
17481947,138408,523060,KCg-m,gamma,away,16,1,1
17483265,138439,10704,KCg-m,gamma,home,18,1,1
17483282,138439,18713,KCg-m,gamma,away,12,1,1
17483284,138439,19267,KCg-m,gamma,away,12,1,1
17483285,138439,21242,KCg-m,gamma,away,1,1,1
17483955,138447,10704,KCg-m,gamma,home,8,1,1
17483976,138447,18713,KCg-m,gamma,away,8,1,1
17483978,138447,19267,KCg-m,gamma,away,26,1,1
17484306,138451,10704,KCg-m,gamma,home,21,1,1
17484325,138451,18713,KCg-m,gamma,away,12,1,1
17484326,138451,19267,KCg-m,gamma,away,11,1,1
17484606,138453,10704,KCab-m,ab,home,7,1,1
17484609,138453,11402,KCab-m,ab,home,2,1,1
17486359,138480,10704,KCab-c,ab,home,4,1,1
17489534,138549,10704,KCab-s,ab,home,7,1,1
17490405,138563,10704,KCab-s,ab,home,5,1,1
17490608,138564,10704,KCg-m,gamma,home,14,1,1
17490625,138564,18713,KCg-m,gamma,away,13,1,1
17490626,138564,19267,KCg-m,gamma,away,18,1,1
17491121,138573,10704,KCg-m,gamma,home,1,1,1
17491124,138573,11402,KCg-m,gamma,home,20,1,1
17491137,138573,21242,KCg-m,gamma,away,14,1,1
17491379,138573,523060,KCg-m,gamma,away,18,1,1
17495285,138634,10704,KCg-m,gamma,home,14,1,1
17495291,138634,11402,KCg-m,gamma,home,1,1,1
17495303,138634,18713,KCg-m,gamma,away,19,1,1
17495304,138634,19267,KCg-m,gamma,away,12,1,1
17502484,138810,10704,KCg-m,gamma,home,12,1,1
17502501,138810,18713,KCg-m,gamma,away,11,1,1
17502502,138810,19267,KCg-m,gamma,away,15,1,1
17503886,138826,11402,KCab-s,ab,home,10,1,1
17505888,138875,10704,KCab-m,ab,home,3,1,1
17507406,138912,10704,KCab-s,ab,home,7,1,1
17507983,138929,11402,KCab-c,ab,home,9,1,1
17508331,138935,10704,KCg-m,gamma,home,13,1,1
17508348,138935,18713,KCg-m,gamma,away,22,1,1
17508349,138935,19267,KCg-m,gamma,away,17,1,1
17509951,138968,10704,KCg-m,gamma,home,9,1,1
17509970,138968,18713,KCg-m,gamma,away,11,1,1
17509971,138968,19267,KCg-m,gamma,away,18,1,1
17511683,139008,11402,KCg-m,gamma,home,18,1,1
17511697,139008,21242,KCg-m,gamma,away,10,1,1
17511966,139008,523060,KCg-m,gamma,away,17,1,1
17512914,139032,10704,KCab-p,ab,home,4,1,1
17513387,139039,10704,KCg-m,gamma,home,14,1,1
17513406,139039,18713,KCg-m,gamma,away,13,1,1
17513407,139039,19267,KCg-m,gamma,away,23,1,1
17514114,139053,11402,KCg-m,gamma,home,16,1,1
17514127,139053,21242,KCg-m,gamma,away,11,1,1
17514336,139053,523060,KCg-m,gamma,away,19,1,1
17515692,139093,10704,KCg-m,gamma,home,14,1,1
17515710,139093,18713,KCg-m,gamma,away,19,1,1
17515712,139093,19267,KCg-m,gamma,away,19,1,1
17519311,139182,11402,KCg-m,gamma,home,7,1,1
17519323,139182,21242,KCg-m,gamma,away,13,1,1
17519533,139182,523060,KCg-m,gamma,away,19,1,1
17520000,139199,10704,KCab-c,ab,home,4,1,1
17520651,139212,10704,KCab-c,ab,home,1,1,1
17522058,139252,11402,KCab-s,ab,home,8,1,1
17528214,139389,11402,KCa'b'-m,apbp,home,3,1,1
17528225,139389,18713,KCa'b'-m,apbp,away,14,1,0
17528227,139389,19267,KCa'b'-m,apbp,away,11,1,0
17531950,139498,21242,KCa'b'-m,apbp,away,15,1,0
17532133,139498,523060,KCa'b'-m,apbp,away,24,1,0
17532310,139508,10704,KCg-m,gamma,home,13,1,1
17532327,139508,18713,KCg-m,gamma,away,16,1,1
17532328,139508,19267,KCg-m,gamma,away,15,1,1
17532568,139510,11402,KCg-m,gamma,home,20,1,1
17532579,139510,21242,KCg-m,gamma,away,13,1,1
17532792,139510,523060,KCg-m,gamma,away,21,1,1
17535268,139584,21242,KCa'b'-m,apbp,away,22,1,0
17535434,139584,523060,KCa'b'-m,apbp,away,24,1,0
17535596,139589,10704,KCg-m,gamma,home,16,1,1
17535613,139589,18713,KCg-m,gamma,away,18,1,1
17535614,139589,19267,KCg-m,gamma,away,23,1,1
17536035,139591,10704,KCg-d,gamma,home,10,1,1
17536052,139591,18713,KCg-d,gamma,away,8,1,1
17536053,139591,19267,KCg-d,gamma,away,13,1,1
17538381,139636,10704,KCab-c,ab,home,3,1,1
17538742,139642,11402,KCg-m,gamma,home,22,1,1
17538751,139642,18713,KCg-m,gamma,away,1,1,1
17538753,139642,21242,KCg-m,gamma,away,11,1,1
17539004,139642,523060,KCg-m,gamma,away,19,1,1
17539808,139662,10704,KCab-m,ab,home,11,1,1
17540014,139663,21242,KCa'b'-ap2,apbp,away,10,1,0
17540191,139663,523060,KCa'b'-ap2,apbp,away,18,1,0
17541030,139685,10704,KCg-m,gamma,home,14,1,1
17541047,139685,18713,KCg-m,gamma,away,11,1,1
17541048,139685,19267,KCg-m,gamma,away,22,1,1
17543505,139742,11402,KCg-m,gamma,home,23,1,1
17543519,139742,21242,KCg-m,gamma,away,15,1,1
17543772,139742,523060,KCg-m,gamma,away,17,1,1
17549737,139887,10704,KCab-m,ab,home,8,1,1
17550012,139894,10704,KCab-m,ab,home,3,1,1
17551141,139919,10704,KCab-m,ab,home,5,1,1
17552262,139943,10704,KCg-m,gamma,home,7,1,1
17552283,139943,18713,KCg-m,gamma,away,23,1,1
17552284,139943,19267,KCg-m,gamma,away,24,1,1
17552699,139952,11402,KCg-m,gamma,home,26,1,1
17552709,139952,21242,KCg-m,gamma,away,11,1,1
17552909,139952,523060,KCg-m,gamma,away,13,1,1
17553758,139970,10704,KCg-m,gamma,home,15,1,1
17553775,139970,18713,KCg-m,gamma,away,18,1,1
17553777,139970,19267,KCg-m,gamma,away,12,1,1
17553778,139970,21242,KCg-m,gamma,away,1,1,1
17554412,139976,10704,KCab-p,ab,home,4,1,1
17554857,139988,10704,KCg-m,gamma,home,16,1,1
17554872,139988,18713,KCg-m,gamma,away,14,1,1
17554873,139988,19267,KCg-m,gamma,away,25,1,1
17558046,140052,21242,KCa'b'-ap1,apbp,away,10,1,0
17558224,140052,523060,KCa'b'-ap1,apbp,away,18,1,0
17563412,140175,10704,KCg-d,gamma,home,8,1,1
17563428,140175,18713,KCg-d,gamma,away,12,1,1
17563429,140175,19267,KCg-d,gamma,away,13,1,1
17563883,140180,10704,KCg-m,gamma,home,19,1,1
17563900,140180,18713,KCg-m,gamma,away,14,1,1
17563901,140180,19267,KCg-m,gamma,away,12,1,1
17564260,140182,11402,KCg-m,gamma,home,29,1,1
17564271,140182,21242,KCg-m,gamma,away,9,1,1
17564484,140182,523060,KCg-m,gamma,away,12,1,1
17571660,140365,10704,KCg-m,gamma,home,14,1,1
17571677,140365,18713,KCg-m,gamma,away,15,1,1
17571679,140365,19267,KCg-m,gamma,away,9,1,1
17572089,140368,10704,KCab-m,ab,home,8,1,1
17576055,140457,10704,KCab-s,ab,home,4,1,1
17576347,140461,10704,KCg-m,gamma,home,10,1,1
17576365,140461,18713,KCg-m,gamma,away,23,1,1
17576367,140461,19267,KCg-m,gamma,away,18,1,1
17581026,140582,11402,KCa'b'-m,apbp,home,1,1,1
17581040,140582,21242,KCa'b'-m,apbp,away,17,1,0
17581189,140582,523060,KCa'b'-m,apbp,away,28,1,0
17581496,140589,11402,KCg-m,gamma,home,16,1,1
17581502,140589,21242,KCg-m,gamma,away,3,1,1
17581725,140589,523060,KCg-m,gamma,away,8,1,1
17583105,140636,11402,KCg-m,gamma,home,24,1,1
17583116,140636,21242,KCg-m,gamma,away,10,1,1
17583372,140636,523060,KCg-m,gamma,away,11,1,1
17583897,140651,10704,KCab-c,ab,home,3,1,1
17584827,140661,10704,KCg-m,gamma,home,16,1,1
17584844,140661,18713,KCg-m,gamma,away,15,1,1
17584845,140661,19267,KCg-m,gamma,away,14,1,1
17587845,140726,10704,KCg-m,gamma,home,8,1,1
17587862,140726,18713,KCg-m,gamma,away,8,1,1
17587863,140726,19267,KCg-m,gamma,away,10,1,1
17588353,140730,10704,KCab-s,ab,home,8,1,1
17588886,140737,10704,KCg-m,gamma,home,20,1,1
17588902,140737,18713,KCg-m,gamma,away,15,1,1
17588903,140737,19267,KCg-m,gamma,away,11,1,1
17592089,140795,10704,KCg-m,gamma,home,15,1,1
17592105,140795,18713,KCg-m,gamma,away,16,1,1
17592107,140795,19267,KCg-m,gamma,away,4,1,1
17593841,140834,11402,KCab-s,ab,home,12,1,1
17595007,140867,10704,KCg-m,gamma,home,13,1,1
17595024,140867,18713,KCg-m,gamma,away,13,1,1
17595026,140867,19267,KCg-m,gamma,away,11,1,1
17596363,140883,10704,KCg-m,gamma,home,18,1,1
17596384,140883,18713,KCg-m,gamma,away,13,1,1
17596386,140883,19267,KCg-m,gamma,away,17,1,1
17598610,140943,10704,KCg-m,gamma,home,9,1,1
17598627,140943,18713,KCg-m,gamma,away,11,1,1
17598628,140943,19267,KCg-m,gamma,away,19,1,1
17599790,140961,10704,KCab-m,ab,home,1,1,1
17601205,140995,10704,KCg-m,gamma,home,18,1,1
17601226,140995,18713,KCg-m,gamma,away,13,1,1
17601227,140995,19267,KCg-m,gamma,away,16,1,1
17601228,140995,21242,KCg-m,gamma,away,1,1,1
17601926,141007,10704,KCab-p,ab,home,2,1,1
17603482,141046,10704,KCg-m,gamma,home,16,1,1
17603498,141046,18713,KCg-m,gamma,away,12,1,1
17603499,141046,19267,KCg-m,gamma,away,15,1,1
17607040,141131,10704,KCab-c,ab,home,4,1,1
17607830,141163,10704,KCab-p,ab,home,4,1,1
17609849,141219,10704,KCab-c,ab,home,2,1,1
17610972,141249,10704,KCg-m,gamma,home,20,1,1
17610989,141249,18713,KCg-m,gamma,away,21,1,1
17610990,141249,19267,KCg-m,gamma,away,16,1,1
17612051,141274,10704,KCab-s,ab,home,5,1,1
17612751,141289,11402,KCab-c,ab,home,8,1,1
17613289,141299,10704,KCg-m,gamma,home,13,1,1
17613308,141299,18713,KCg-m,gamma,away,19,1,1
17613309,141299,19267,KCg-m,gamma,away,21,1,1
17615104,141343,10704,KCg-m,gamma,home,9,1,1
17615122,141343,18713,KCg-m,gamma,away,12,1,1
17615123,141343,19267,KCg-m,gamma,away,9,1,1
17623437,141559,10704,KCab-p,ab,home,5,1,1
17623439,141559,11402,KCab-p,ab,home,1,1,1
17625141,141602,10704,KCg-m,gamma,home,16,1,1
17625160,141602,18713,KCg-m,gamma,away,19,1,1
17625161,141602,19267,KCg-m,gamma,away,20,1,1
17628624,141659,10704,KCg-m,gamma,home,9,1,1
17628640,141659,18713,KCg-m,gamma,away,10,1,1
17628641,141659,19267,KCg-m,gamma,away,5,1,1
17631339,141709,10704,KCg-m,gamma,home,12,1,1
17631360,141709,18713,KCg-m,gamma,away,11,1,1
17631361,141709,19267,KCg-m,gamma,away,14,1,1
17631362,141709,21242,KCg-m,gamma,away,1,1,1
17634233,141772,10704,KCg-m,gamma,home,17,1,1
17634239,141772,11402,KCg-m,gamma,home,1,1,1
17634255,141772,18713,KCg-m,gamma,away,10,1,1
17634256,141772,19267,KCg-m,gamma,away,11,1,1
17634527,141772,523060,KCg-m,gamma,away,1,1,1
17635991,141809,10704,KCab-m,ab,home,10,1,1
17637697,141840,10704,KCg-m,gamma,home,15,1,1
17637715,141840,18713,KCg-m,gamma,away,15,1,1
17637716,141840,19267,KCg-m,gamma,away,11,1,1
17640561,141914,10704,KCab-m,ab,home,10,1,1
17641737,141950,11402,KCab-c,ab,home,11,1,1
17644584,142029,10704,KCab-c,ab,home,6,1,1
17645723,142069,10704,KCg-d,gamma,home,9,1,1
17645743,142069,18713,KCg-d,gamma,away,13,1,1
17645744,142069,19267,KCg-d,gamma,away,18,1,1
17646537,142083,10704,KCg-m,gamma,home,25,1,1
17646557,142083,18713,KCg-m,gamma,away,13,1,1
17646558,142083,19267,KCg-m,gamma,away,14,1,1
17650548,142189,11402,KCg-m,gamma,home,18,1,1
17650558,142189,21242,KCg-m,gamma,away,22,1,1
17650817,142189,523060,KCg-m,gamma,away,18,1,1
17651248,142203,10704,KCg-d,gamma,home,13,1,1
17651265,142203,18713,KCg-d,gamma,away,13,1,1
17651266,142203,19267,KCg-d,gamma,away,10,1,1
17651485,142209,10704,KCg-m,gamma,home,16,1,1
17651500,142209,18713,KCg-m,gamma,away,19,1,1
17651501,142209,19267,KCg-m,gamma,away,15,1,1
17653965,142270,10704,KCab-m,ab,home,8,1,1
17653970,142270,11402,KCab-m,ab,home,2,1,1
17655042,142299,10704,KCg-m,gamma,home,12,1,1
17655061,142299,18713,KCg-m,gamma,away,14,1,1
17655063,142299,19267,KCg-m,gamma,away,16,1,1
17656947,142329,21242,KCa'b'-m,apbp,away,19,1,0
17657117,142329,523060,KCa'b'-m,apbp,away,18,1,0
17657235,142332,10704,KCab-c,ab,home,6,1,1
17658673,142361,10704,KCab-s,ab,home,8,1,1
17658676,142361,11402,KCab-s,ab,home,1,1,1
17662794,142470,10704,KCg-m,gamma,home,11,1,1
17662815,142470,18713,KCg-m,gamma,away,14,1,1
17662817,142470,19267,KCg-m,gamma,away,15,1,1
17664970,142531,10704,KCab-s,ab,home,4,1,1
17668566,142608,18713,KCa'b'-m,apbp,away,15,1,0
17668568,142608,19267,KCa'b'-m,apbp,away,11,1,0
17673930,142732,10704,KCg-m,gamma,home,18,1,1
17673948,142732,18713,KCg-m,gamma,away,16,1,1
17673949,142732,19267,KCg-m,gamma,away,14,1,1
17674265,142733,10704,KCg-d,gamma,home,11,1,1
17674280,142733,18713,KCg-d,gamma,away,20,1,1
17674281,142733,19267,KCg-d,gamma,away,21,1,1
17675980,142769,11402,KCg-m,gamma,home,23,1,1
17675991,142769,21242,KCg-m,gamma,away,19,1,1
17676237,142769,523060,KCg-m,gamma,away,25,1,1
17677193,142795,11402,KCab-m,ab,home,6,1,1
17679511,142848,10704,KCa'b'-m,apbp,home,1,1,1
17679514,142848,11402,KCa'b'-m,apbp,home,1,1,1
17679526,142848,21242,KCa'b'-m,apbp,away,19,1,0
17679684,142848,523060,KCa'b'-m,apbp,away,14,1,0
17685364,142975,11402,KCab-c,ab,home,4,1,1
17686046,142994,10704,KCg-m,gamma,home,13,1,1
17686066,142994,18713,KCg-m,gamma,away,10,1,1
17686067,142994,19267,KCg-m,gamma,away,11,1,1
17687472,143029,10704,KCg-m,gamma,home,14,1,1
17687495,143029,18713,KCg-m,gamma,away,17,1,1
17687497,143029,19267,KCg-m,gamma,away,20,1,1
17687971,143033,10704,KCab-s,ab,home,2,1,1
17690194,143083,10704,KCab-c,ab,home,3,1,1
17696686,143262,10704,KCg-d,gamma,home,10,1,1
17696703,143262,18713,KCg-d,gamma,away,13,1,1
17696704,143262,19267,KCg-d,gamma,away,22,1,1
17697535,143275,10704,KCab-c,ab,home,6,1,1
17703541,143426,10704,KCg-m,gamma,home,20,1,1
17703560,143426,18713,KCg-m,gamma,away,11,1,1
17703561,143426,19267,KCg-m,gamma,away,10,1,1
17706692,143487,10704,KCg-m,gamma,home,8,1,1
17706710,143487,18713,KCg-m,gamma,away,15,1,1
17706711,143487,19267,KCg-m,gamma,away,16,1,1
17709471,143569,11402,KCg-m,gamma,home,15,1,1
17709483,143569,21242,KCg-m,gamma,away,6,1,1
17709726,143569,523060,KCg-m,gamma,away,10,1,1
17712416,143645,10704,KCab-m,ab,home,5,1,1
17715332,143735,11402,KCg-m,gamma,home,17,1,1
17715343,143735,21242,KCg-m,gamma,away,5,1,1
17715547,143735,523060,KCg-m,gamma,away,8,1,1
17716438,143757,10704,KCg-m,gamma,home,7,1,1
17716458,143757,18713,KCg-m,gamma,away,14,1,1
17716459,143757,19267,KCg-m,gamma,away,13,1,1
17718635,143806,10704,KCab-m,ab,home,5,1,1
17722075,143875,11402,KCg-m,gamma,home,14,1,1
17722085,143875,21242,KCg-m,gamma,away,7,1,1
17722329,143875,523060,KCg-m,gamma,away,12,1,1
17723026,143895,10704,KCab-m,ab,home,5,1,1
17725388,143947,10704,KCg-m,gamma,home,20,1,1
17725405,143947,18713,KCg-m,gamma,away,14,1,1
17725406,143947,19267,KCg-m,gamma,away,18,1,1
17725647,143949,10704,KCab-c,ab,home,2,1,1
17728139,144012,11402,KCg-m,gamma,home,15,1,1
17728148,144012,18713,KCg-m,gamma,away,1,1,1
17728149,144012,21242,KCg-m,gamma,away,19,1,1
17728380,144012,523060,KCg-m,gamma,away,11,1,1
17732243,144118,11402,KCg-m,gamma,home,15,1,1
17732251,144118,21242,KCg-m,gamma,away,10,1,1
17732482,144118,523060,KCg-m,gamma,away,22,1,1
17732573,144122,10704,KCg-m,gamma,home,12,1,1
17732590,144122,18713,KCg-m,gamma,away,21,1,1
17732591,144122,19267,KCg-m,gamma,away,5,1,1
17733657,144134,10704,KCab-p,ab,home,1,1,1
17736583,144220,11402,KCg-d,gamma,home,24,1,1
17736603,144220,21242,KCg-d,gamma,away,10,1,1
17736756,144220,523060,KCg-d,gamma,away,17,1,1
17736966,144230,10704,KCg-m,gamma,home,19,1,1
17736984,144230,18713,KCg-m,gamma,away,11,1,1
17736986,144230,19267,KCg-m,gamma,away,21,1,1
17739201,144291,11402,KCg-m,gamma,home,20,1,1
17739214,144291,21242,KCg-m,gamma,away,14,1,1
17739465,144291,523060,KCg-m,gamma,away,17,1,1
17740166,144308,10704,KCab-s,ab,home,1,1,1
17740170,144308,11402,KCab-s,ab,home,11,1,1
17740908,144317,10704,KCg-m,gamma,home,8,1,1
17740927,144317,18713,KCg-m,gamma,away,12,1,1
17740929,144317,19267,KCg-m,gamma,away,15,1,1
17741748,144340,11402,KCa'b'-m,apbp,home,1,1,1
17741755,144340,18713,KCa'b'-m,apbp,away,16,1,0
17741757,144340,19267,KCa'b'-m,apbp,away,9,1,0
17746345,144464,11402,KCg-m,gamma,home,22,1,1
17746357,144464,21242,KCg-m,gamma,away,16,1,1
17746578,144464,523060,KCg-m,gamma,away,17,1,1
17747483,144486,21242,KCa'b'-m,apbp,away,18,1,0
17747640,144486,523060,KCa'b'-m,apbp,away,19,1,0
17749441,144512,10704,KCg-m,gamma,home,18,1,1
17749456,144512,18713,KCg-m,gamma,away,13,1,1
17749458,144512,19267,KCg-m,gamma,away,12,1,1
17749746,144515,11402,KCab-s,ab,home,10,1,1
17750423,144523,10704,KCa'b'-ap2,apbp,home,1,1,1
17750426,144523,11402,KCa'b'-ap2,apbp,home,2,1,1
17750436,144523,18713,KCa'b'-ap2,apbp,away,10,1,0
17750437,144523,19267,KCa'b'-ap2,apbp,away,6,1,0
17752971,144570,10704,KCg-m,gamma,home,8,1,1
17752990,144570,18713,KCg-m,gamma,away,19,1,1
17752991,144570,19267,KCg-m,gamma,away,19,1,1
17753540,144578,10704,KCg-d,gamma,home,11,1,1
17753557,144578,18713,KCg-d,gamma,away,20,1,1
17753559,144578,19267,KCg-d,gamma,away,14,1,1
17758088,144715,10704,KCab-c,ab,home,7,1,1
17758817,144725,10704,KCab-c,ab,home,5,1,1
17759026,144730,10704,KCg-m,gamma,home,19,1,1
17759050,144730,18713,KCg-m,gamma,away,14,1,1
17759052,144730,19267,KCg-m,gamma,away,16,1,1
17759424,144746,10704,KCab-c,ab,home,2,1,1
17759609,144747,10704,KCg-d,gamma,home,11,1,1
17759624,144747,18713,KCg-d,gamma,away,11,1,1
17759625,144747,19267,KCg-d,gamma,away,8,1,1
17761955,144819,10704,KCg-d,gamma,home,8,1,1
17761971,144819,18713,KCg-d,gamma,away,9,1,1
17761973,144819,19267,KCg-d,gamma,away,8,1,1
17771000,145026,21242,KCa'b'-ap2,apbp,away,12,1,0
17771202,145026,523060,KCa'b'-ap2,apbp,away,20,1,0
17772794,145085,10704,KCg-d,gamma,home,8,1,1
17772813,145085,18713,KCg-d,gamma,away,18,1,1
17772814,145085,19267,KCg-d,gamma,away,20,1,1
17775465,145143,10704,KCg-m,gamma,home,11,1,1
17775487,145143,18713,KCg-m,gamma,away,6,1,1
17775488,145143,19267,KCg-m,gamma,away,9,1,1
17776745,145157,11402,KCg-m,gamma,home,29,1,1
17776760,145157,21242,KCg-m,gamma,away,15,1,1
17776970,145157,523060,KCg-m,gamma,away,12,1,1
17777566,145174,11402,KCab-s,ab,home,8,1,1
17778210,145193,10704,KCab-c,ab,home,5,1,1
17780085,145236,10704,KCab-c,ab,home,10,1,1
17781220,145268,10704,KCg-m,gamma,home,19,1,1
17781240,145268,18713,KCg-m,gamma,away,28,1,1
17781241,145268,19267,KCg-m,gamma,away,14,1,1
17784150,145352,11402,KCg-m,gamma,home,30,1,1
17784160,145352,21242,KCg-m,gamma,away,5,1,1
17784411,145352,523060,KCg-m,gamma,away,13,1,1
17784505,145355,10704,KCg-m,gamma,home,15,1,1
17784522,145355,18713,KCg-m,gamma,away,15,1,1
17784523,145355,19267,KCg-m,gamma,away,13,1,1
17787319,145419,11402,KCab-s,ab,home,8,1,1
17787754,145425,10704,KCab-c,ab,home,1,1,1
17790028,145497,11402,KCab-c,ab,home,13,1,1
17790699,145513,10704,KCab-s,ab,home,5,1,1
17793703,145574,10704,KCg-m,gamma,home,9,1,1
17793721,145574,18713,KCg-m,gamma,away,21,1,1
17793723,145574,19267,KCg-m,gamma,away,11,1,1
17795225,145610,10704,KCg-m,gamma,home,13,1,1
17795242,145610,18713,KCg-m,gamma,away,13,1,1
17795243,145610,19267,KCg-m,gamma,away,8,1,1
17796179,145641,10704,KCg-m,gamma,home,18,1,1
17796196,145641,18713,KCg-m,gamma,away,16,1,1
17796197,145641,19267,KCg-m,gamma,away,20,1,1
17796471,145642,10704,KCab-c,ab,home,6,1,1
17801490,145764,10704,KCab-s,ab,home,4,1,1
17802368,145791,11402,KCab-c,ab,home,1,1,1
17802534,145792,10704,KCg-m,gamma,home,21,1,1
17802548,145792,18713,KCg-m,gamma,away,11,1,1
17802549,145792,19267,KCg-m,gamma,away,8,1,1
17802550,145792,21242,KCg-m,gamma,away,1,1,1
17805618,145859,11402,KCa'b'-ap2,apbp,home,1,1,1
17805628,145859,18713,KCa'b'-ap2,apbp,away,14,1,0
17805630,145859,19267,KCa'b'-ap2,apbp,away,9,1,0
17806153,145869,10704,KCg-m,gamma,home,11,1,1
17806176,145869,18713,KCg-m,gamma,away,16,1,1
17806178,145869,19267,KCg-m,gamma,away,18,1,1
17806179,145869,21242,KCg-m,gamma,away,1,1,1
17809448,145974,10704,KCg-m,gamma,home,23,1,1
17809463,145974,18713,KCg-m,gamma,away,15,1,1
17809465,145974,19267,KCg-m,gamma,away,18,1,1
17813257,146084,10704,KCg-m,gamma,home,15,1,1
17813275,146084,18713,KCg-m,gamma,away,13,1,1
17813276,146084,19267,KCg-m,gamma,away,10,1,1
17814043,146099,18713,KCa'b'-ap2,apbp,away,13,1,0
17814044,146099,19267,KCa'b'-ap2,apbp,away,12,1,0
17815309,146122,11402,KCg-m,gamma,home,26,1,1
17815319,146122,21242,KCg-m,gamma,away,15,1,1
17815579,146122,523060,KCg-m,gamma,away,12,1,1
17815681,146128,10704,KCg-m,gamma,home,17,1,1
17815700,146128,18713,KCg-m,gamma,away,6,1,1
17815701,146128,19267,KCg-m,gamma,away,10,1,1
17816954,146166,10704,KCab-m,ab,home,6,1,1
17821606,146275,11402,KCab-c,ab,home,4,1,1
17822202,146301,10704,KCg-d,gamma,home,6,1,1
17822216,146301,18713,KCg-d,gamma,away,14,1,1
17822217,146301,19267,KCg-d,gamma,away,10,1,1
17824006,146350,10704,KCab-s,ab,home,6,1,1
17825581,146387,11402,KCab-s,ab,home,11,1,1
17833258,146609,10704,KCab-s,ab,home,5,1,1
17835915,146675,10704,KCab-c,ab,home,6,1,1
17840425,146801,10704,KCab-m,ab,home,4,1,1
17844197,146923,10704,KCab-s,ab,home,3,1,1
17844202,146923,11402,KCab-s,ab,home,1,1,1
17844463,146925,10704,KCg-m,gamma,home,12,1,1
17844486,146925,18713,KCg-m,gamma,away,13,1,1
17844488,146925,19267,KCg-m,gamma,away,8,1,1
17845792,146943,11402,KCab-m,ab,home,12,1,1
17849142,147040,10704,KCg-m,gamma,home,13,1,1
17849158,147040,18713,KCg-m,gamma,away,9,1,1
17849160,147040,19267,KCg-m,gamma,away,15,1,1
17850187,147068,10704,KCg-m,gamma,home,12,1,1
17850204,147068,18713,KCg-m,gamma,away,19,1,1
17850205,147068,19267,KCg-m,gamma,away,11,1,1
17855099,147185,10704,KCg-m,gamma,home,19,1,1
17855114,147185,18713,KCg-m,gamma,away,13,1,1
17855115,147185,19267,KCg-m,gamma,away,17,1,1
17855706,147199,10704,KCab-c,ab,home,2,1,1
17856382,147217,10704,KCab-c,ab,home,2,1,1
17861841,147378,10704,KCab-c,ab,home,6,1,1
17863916,147444,10704,KCab-p,ab,home,3,1,1
17870110,147585,10704,KCg-d,gamma,home,18,1,1
17870129,147585,18713,KCg-d,gamma,away,14,1,1
17870130,147585,19267,KCg-d,gamma,away,16,1,1
17870389,147589,10704,KCg-m,gamma,home,17,1,1
17870410,147589,18713,KCg-m,gamma,away,12,1,1
17870411,147589,19267,KCg-m,gamma,away,18,1,1
17872986,147646,10704,KCg-m,gamma,home,10,1,1
17873005,147646,18713,KCg-m,gamma,away,15,1,1
17873006,147646,19267,KCg-m,gamma,away,15,1,1
17874789,147696,10704,KCg-m,gamma,home,10,1,1
17874807,147696,18713,KCg-m,gamma,away,18,1,1
17874809,147696,19267,KCg-m,gamma,away,18,1,1
17875129,147700,10704,KCg-m,gamma,home,14,1,1
17875147,147700,18713,KCg-m,gamma,away,9,1,1
17875148,147700,19267,KCg-m,gamma,away,18,1,1
17877730,147812,10704,KCg-m,gamma,home,15,1,1
17877751,147812,18713,KCg-m,gamma,away,18,1,1
17877752,147812,19267,KCg-m,gamma,away,10,1,1
17880990,147885,11402,KCg-m,gamma,home,16,1,1
17880998,147885,21242,KCg-m,gamma,away,14,1,1
17881233,147885,523060,KCg-m,gamma,away,6,1,1
17883526,147953,10704,KCg-m,gamma,home,14,1,1
17883546,147953,18713,KCg-m,gamma,away,17,1,1
17883547,147953,19267,KCg-m,gamma,away,19,1,1
17883786,147953,523060,KCg-m,gamma,away,1,1,1
17885486,148001,11402,KCab-c,ab,home,8,1,1
17889045,148093,10704,KCab-c,ab,home,2,1,1
17890421,148122,10704,KCg-m,gamma,home,11,1,1
17890438,148122,18713,KCg-m,gamma,away,13,1,1
17890439,148122,19267,KCg-m,gamma,away,16,1,1
17891006,148137,10704,KCg-d,gamma,home,9,1,1
17891020,148137,18713,KCg-d,gamma,away,13,1,1
17891021,148137,19267,KCg-d,gamma,away,15,1,1
17891235,148145,10704,KCg-d,gamma,home,13,1,1
17891251,148145,18713,KCg-d,gamma,away,9,1,1
17891252,148145,19267,KCg-d,gamma,away,19,1,1
17891495,148150,10704,KCg-d,gamma,home,11,1,1
17891513,148150,18713,KCg-d,gamma,away,16,1,1
17891514,148150,19267,KCg-d,gamma,away,16,1,1
17892076,148161,10704,KCg-m,gamma,home,16,1,1
17892092,148161,18713,KCg-m,gamma,away,21,1,1
17892093,148161,19267,KCg-m,gamma,away,15,1,1
17893460,148198,10704,KCg-m,gamma,home,24,1,1
17893478,148198,18713,KCg-m,gamma,away,10,1,1
17893479,148198,19267,KCg-m,gamma,away,16,1,1
17894048,148213,11402,KCab-c,ab,home,10,1,1
17898280,148337,10704,KCab-s,ab,home,1,1,1
17898282,148337,11402,KCab-s,ab,home,3,1,1
17898715,148344,10704,KCg-m,gamma,home,14,1,1
17898732,148344,18713,KCg-m,gamma,away,11,1,1
17898733,148344,19267,KCg-m,gamma,away,15,1,1
17900493,148419,11402,KCg-m,gamma,home,24,1,1
17900507,148419,21242,KCg-m,gamma,away,14,1,1
17900769,148419,523060,KCg-m,gamma,away,7,1,1
17901922,148464,10704,KCg-m,gamma,home,15,1,1
17901939,148464,18713,KCg-m,gamma,away,16,1,1
17901941,148464,19267,KCg-m,gamma,away,14,1,1
17903229,148486,10704,KCg-m,gamma,home,10,1,1
17903249,148486,18713,KCg-m,gamma,away,14,1,1
17903250,148486,19267,KCg-m,gamma,away,20,1,1
17903617,148493,11402,KCg-m,gamma,home,26,1,1
17903627,148493,21242,KCg-m,gamma,away,6,1,1
17903891,148493,523060,KCg-m,gamma,away,12,1,1
17904082,148498,10704,KCg-m,gamma,home,19,1,1
17904099,148498,18713,KCg-m,gamma,away,17,1,1
17904100,148498,19267,KCg-m,gamma,away,12,1,1
17904962,148529,10704,KCg-m,gamma,home,24,1,1
17904983,148529,18713,KCg-m,gamma,away,4,1,1
17904985,148529,19267,KCg-m,gamma,away,16,1,1
17905804,148548,11402,KCg-m,gamma,home,19,1,1
17905815,148548,21242,KCg-m,gamma,away,9,1,1
17906037,148548,523060,KCg-m,gamma,away,7,1,1
17906904,148588,10704,KCg-m,gamma,home,23,1,1
17906922,148588,18713,KCg-m,gamma,away,14,1,1
17906924,148588,19267,KCg-m,gamma,away,12,1,1
17910479,148680,11402,KCg-m,gamma,home,24,1,1
17910490,148680,21242,KCg-m,gamma,away,12,1,1
17910719,148680,523060,KCg-m,gamma,away,24,1,1
17917046,148844,10704,KCg-m,gamma,home,12,1,1
17917064,148844,18713,KCg-m,gamma,away,14,1,1
17917066,148844,19267,KCg-m,gamma,away,16,1,1
17917935,148860,11402,KCg-m,gamma,home,24,1,1
17917944,148860,21242,KCg-m,gamma,away,17,1,1
17918210,148860,523060,KCg-m,gamma,away,12,1,1
17920750,148930,10704,KCg-m,gamma,home,21,1,1
17920769,148930,18713,KCg-m,gamma,away,12,1,1
17920771,148930,19267,KCg-m,gamma,away,9,1,1
17922722,148989,10704,KCg-m,gamma,home,7,1,1
17922741,148989,18713,KCg-m,gamma,away,9,1,1
17922742,148989,19267,KCg-m,gamma,away,12,1,1
17927433,149132,10704,KCa'b'-m,apbp,home,1,1,1
17927436,149132,11402,KCa'b'-m,apbp,home,2,1,1
17927447,149132,21242,KCa'b'-m,apbp,away,10,1,0
17927572,149132,523060,KCa'b'-m,apbp,away,19,1,0
17927778,149136,10704,KCab-p,ab,home,7,1,1
17930065,149199,10704,KCg-m,gamma,home,9,1,1
17930082,149199,18713,KCg-m,gamma,away,15,1,1
17930083,149199,19267,KCg-m,gamma,away,16,1,1
17932885,149279,11402,KCa'b'-ap2,apbp,home,1,1,1
17932895,149279,18713,KCa'b'-ap2,apbp,away,5,1,0
17932897,149279,19267,KCa'b'-ap2,apbp,away,2,1,0
17933717,149297,10704,KCg-m,gamma,home,13,1,1
17933734,149297,18713,KCg-m,gamma,away,16,1,1
17933735,149297,19267,KCg-m,gamma,away,18,1,1
17944449,149636,11402,KCab-s,ab,home,9,1,1
17946696,149720,10704,KCg-m,gamma,home,10,1,1
17946714,149720,18713,KCg-m,gamma,away,15,1,1
17946715,149720,19267,KCg-m,gamma,away,18,1,1
17947260,149737,10704,KCab-s,ab,home,3,1,1
17949478,149792,11402,KCg-m,gamma,home,17,1,1
17949491,149792,21242,KCg-m,gamma,away,4,1,1
17949722,149792,523060,KCg-m,gamma,away,18,1,1
17950656,149820,10704,KCg-m,gamma,home,12,1,1
17950663,149820,11402,KCg-m,gamma,home,1,1,1
17950678,149820,18713,KCg-m,gamma,away,15,1,1
17950679,149820,19267,KCg-m,gamma,away,15,1,1
17951265,149841,10704,KCab-s,ab,home,4,1,1
17952726,149878,10704,KCg-m,gamma,home,14,1,1
17952745,149878,18713,KCg-m,gamma,away,19,1,1
17952746,149878,19267,KCg-m,gamma,away,16,1,1
17957610,150014,11402,KCg-d,gamma,home,19,1,1
17957625,150014,21242,KCg-d,gamma,away,12,1,1
17957765,150014,523060,KCg-d,gamma,away,11,1,1
17960206,150109,10704,KCab-m,ab,home,1,1,1
17960209,150109,11402,KCab-m,ab,home,13,1,1
17964765,150259,10704,KCg-d,gamma,home,19,1,1
17964781,150259,18713,KCg-d,gamma,away,12,1,1
17964782,150259,19267,KCg-d,gamma,away,10,1,1
17971509,150451,21242,KCa'b'-ap2,apbp,away,9,1,0
17971697,150451,523060,KCa'b'-ap2,apbp,away,17,1,0
17977594,150633,10704,KCg-m,gamma,home,12,1,1
17977616,150633,18713,KCg-m,gamma,away,4,1,1
17977617,150633,19267,KCg-m,gamma,away,11,1,1
17977855,150633,523060,KCg-m,gamma,away,1,1,1
17979933,150709,10704,KCab-m,ab,home,8,1,1
17980672,150732,10704,KCg-m,gamma,home,15,1,1
17980691,150732,18713,KCg-m,gamma,away,20,1,1
17980692,150732,19267,KCg-m,gamma,away,22,1,1
17981179,150738,18713,KCa'b'-m,apbp,away,7,1,0
17981181,150738,19267,KCa'b'-m,apbp,away,3,1,0
17981713,150761,10704,KCab-p,ab,home,2,1,1
17982432,150781,10704,KCg-m,gamma,home,13,1,1
17982449,150781,18713,KCg-m,gamma,away,13,1,1
17982450,150781,19267,KCg-m,gamma,away,20,1,1
17983416,150823,10704,KCa'b'-ap1,apbp,home,2,1,1
17983427,150823,18713,KCa'b'-ap1,apbp,away,18,1,0
17983428,150823,19267,KCa'b'-ap1,apbp,away,11,1,0
17986180,150913,11402,KCg-m,gamma,home,19,1,1
17986191,150913,21242,KCg-m,gamma,away,6,1,1
17986427,150913,523060,KCg-m,gamma,away,7,1,1
17986717,150920,10704,KCab-s,ab,home,3,1,1
17986910,150926,21242,KCa'b'-m,apbp,away,17,1,0
17987067,150926,523060,KCa'b'-m,apbp,away,20,1,0
17988042,150974,10704,KCab-s,ab,home,5,1,1
17992631,151134,11402,KCg-m,gamma,home,15,1,1
17992642,151134,21242,KCg-m,gamma,away,18,1,1
17992874,151134,523060,KCg-m,gamma,away,17,1,1
17994209,151187,10704,KCg-m,gamma,home,13,1,1
17994223,151187,18713,KCg-m,gamma,away,13,1,1
17994225,151187,19267,KCg-m,gamma,away,17,1,1
17995514,151224,11402,KCab-c,ab,home,4,1,1
17996779,151277,10704,KCg-m,gamma,home,16,1,1
17996796,151277,18713,KCg-m,gamma,away,15,1,1
17996797,151277,19267,KCg-m,gamma,away,9,1,1
17998844,151346,10704,KCab-m,ab,home,5,1,1
18000478,151395,10704,KCab-c,ab,home,2,1,1
18006822,151584,18713,KCa'b'-ap2,apbp,away,8,1,0
18006823,151584,19267,KCa'b'-ap2,apbp,away,10,1,0
18011060,151710,10704,KCab-c,ab,home,6,1,1
18015493,151833,10704,KCab-m,ab,home,11,1,1
18018208,151908,10704,KCab-m,ab,home,13,1,1
18018211,151908,11402,KCab-m,ab,home,1,1,1
18019347,151944,10704,KCg-d,gamma,home,10,1,1
18019364,151944,18713,KCg-d,gamma,away,14,1,1
18019365,151944,19267,KCg-d,gamma,away,13,1,1
18019891,151958,11402,KCab-s,ab,home,6,1,1
18022211,152025,10704,KCg-m,gamma,home,13,1,1
18022229,152025,18713,KCg-m,gamma,away,17,1,1
18022230,152025,19267,KCg-m,gamma,away,17,1,1
18022550,152031,18713,KCa'b'-ap2,apbp,away,12,1,0
18022552,152031,19267,KCa'b'-ap2,apbp,away,8,1,0
18023989,152066,10704,KCab-s,ab,home,6,1,1
18023993,152066,11402,KCab-s,ab,home,1,1,1
18025720,152118,10704,KCg-m,gamma,home,13,1,1
18025738,152118,18713,KCg-m,gamma,away,16,1,1
18025739,152118,19267,KCg-m,gamma,away,15,1,1
18033488,152391,11402,KCg-m,gamma,home,14,1,1
18033496,152391,18713,KCg-m,gamma,away,1,1,1
18033497,152391,21242,KCg-m,gamma,away,9,1,1
18033711,152391,523060,KCg-m,gamma,away,23,1,1
18036563,152470,10704,KCg-d,gamma,home,18,1,1
18036582,152470,18713,KCg-d,gamma,away,5,1,1
18036583,152470,19267,KCg-d,gamma,away,14,1,1
18038987,152548,10704,KCg-m,gamma,home,17,1,1
18039004,152548,18713,KCg-m,gamma,away,16,1,1
18039005,152548,19267,KCg-m,gamma,away,14,1,1
18039229,152553,10704,KCab-s,ab,home,7,1,1
18039667,152559,10704,KCab-c,ab,home,8,1,1
18041179,152601,10704,KCab-m,ab,home,3,1,1
18041182,152601,11402,KCab-m,ab,home,7,1,1
18043890,152688,10704,KCg-d,gamma,home,9,1,1
18043902,152688,18713,KCg-d,gamma,away,17,1,1
18043903,152688,19267,KCg-d,gamma,away,15,1,1
18044620,152706,21242,KCa'b'-m,apbp,away,20,1,0
18044759,152706,523060,KCa'b'-m,apbp,away,15,1,0
18047470,152784,10704,KCab-p,ab,home,1,1,1
18048401,152839,10704,KCab-s,ab,home,5,1,1
18048405,152839,11402,KCab-s,ab,home,2,1,1
18049144,152860,10704,KCa'b'-ap1,apbp,home,1,1,1
18049154,152860,18713,KCa'b'-ap1,apbp,away,10,1,0
18049155,152860,19267,KCa'b'-ap1,apbp,away,12,1,0
18050113,152889,10704,KCab-s,ab,home,1,1,1
18050116,152889,11402,KCab-s,ab,home,10,1,1
18051914,152943,10704,KCg-m,gamma,home,12,1,1
18051932,152943,18713,KCg-m,gamma,away,12,1,1
18051933,152943,19267,KCg-m,gamma,away,15,1,1
18053131,152964,10704,KCg-m,gamma,home,9,1,1
18053152,152964,18713,KCg-m,gamma,away,18,1,1
18053153,152964,19267,KCg-m,gamma,away,17,1,1
18057302,153080,11402,KCab-p,ab,home,4,1,1
18057488,153083,10704,KCab-s,ab,home,2,1,1
18059954,153165,11402,KCa'b'-m,apbp,home,3,1,1
18059963,153165,18713,KCa'b'-m,apbp,away,12,1,0
18059965,153165,19267,KCa'b'-m,apbp,away,3,1,0
18065902,153391,11402,KCg-m,gamma,home,19,1,1
18065914,153391,21242,KCg-m,gamma,away,8,1,1
18066192,153391,523060,KCg-m,gamma,away,11,1,1
18067995,153460,10704,KCab-m,ab,home,6,1,1
18067997,153460,11402,KCab-m,ab,home,1,1,1
18069149,153492,10704,KCab-s,ab,home,6,1,1
18069152,153492,11402,KCab-s,ab,home,2,1,1
18070727,153545,11402,KCg-d,gamma,home,12,1,1
18070741,153545,21242,KCg-d,gamma,away,12,1,1
18070956,153545,523060,KCg-d,gamma,away,16,1,1
18072470,153573,11402,KCab-m,ab,home,9,1,1
18073086,153584,10704,KCab-p,ab,home,1,1,1
18073297,153593,11402,KCab-c,ab,home,2,1,1
18074438,153635,10704,KCg-m,gamma,home,5,1,1
18074453,153635,18713,KCg-m,gamma,away,18,1,1
18074454,153635,19267,KCg-m,gamma,away,10,1,1
18075837,153672,18713,KCa'b'-ap2,apbp,away,9,1,0
18075838,153672,19267,KCa'b'-ap2,apbp,away,3,1,0
18076463,153695,11402,KCab-c,ab,home,8,1,1
18077022,153703,10704,KCab-c,ab,home,10,1,1
18079758,153774,21242,KCa'b'-m,apbp,away,21,1,0
18079915,153774,523060,KCa'b'-m,apbp,away,21,1,0
18080601,153817,10704,KCg-m,gamma,home,12,1,1
18080620,153817,18713,KCg-m,gamma,away,19,1,1
18080621,153817,19267,KCg-m,gamma,away,14,1,1
18087155,154046,10704,KCg-m,gamma,home,11,1,1
18087170,154046,18713,KCg-m,gamma,away,16,1,1
18087171,154046,19267,KCg-m,gamma,away,13,1,1
18097490,154400,11402,KCa'b'-m,apbp,home,1,1,1
18097503,154400,21242,KCa'b'-m,apbp,away,18,1,0
18097662,154400,523060,KCa'b'-m,apbp,away,19,1,0
18098555,154433,11402,KCg-m,gamma,home,21,1,1
18098567,154433,21242,KCg-m,gamma,away,14,1,1
18098845,154433,523060,KCg-m,gamma,away,12,1,1
18099713,154465,10704,KCg-m,gamma,home,14,1,1
18099732,154465,18713,KCg-m,gamma,away,14,1,1
18099733,154465,19267,KCg-m,gamma,away,23,1,1
18100397,154495,10704,KCab-m,ab,home,7,1,1
18100838,154509,10704,KCab-c,ab,home,2,1,1
18106654,154716,10704,KCab-c,ab,home,10,1,1
18107535,154739,10704,KCg-m,gamma,home,10,1,1
18107558,154739,18713,KCg-m,gamma,away,17,1,1
18107559,154739,19267,KCg-m,gamma,away,14,1,1
18110884,154837,11402,KCab-c,ab,home,4,1,1
18114250,154959,10704,KCab-c,ab,home,4,1,1
18116412,155022,10704,KCab-s,ab,home,6,1,1
18118831,155118,11402,KCab-c,ab,home,1,1,1
18120929,155190,10704,KCab-s,ab,home,5,1,1
18120932,155190,11402,KCab-s,ab,home,2,1,1
18121943,155211,21242,KCa'b'-m,apbp,away,16,1,0
18122098,155211,523060,KCa'b'-m,apbp,away,17,1,0
18125356,155297,10704,KCab-c,ab,home,2,1,1
18126264,155312,10704,KCg-m,gamma,home,6,1,1
18126282,155312,18713,KCg-m,gamma,away,14,1,1
18126283,155312,19267,KCg-m,gamma,away,20,1,1
18126284,155312,21242,KCg-m,gamma,away,1,1,1
18134918,155692,10704,KCab-s,ab,home,3,1,1
18134921,155692,11402,KCab-s,ab,home,16,1,1
18135564,155716,10704,KCab-p,ab,home,2,1,1
18137477,155793,10704,KCa'b'-ap1,apbp,home,1,1,1
18137481,155793,11402,KCa'b'-ap1,apbp,home,5,1,1
18137486,155793,18713,KCa'b'-ap1,apbp,away,13,1,0
18137488,155793,19267,KCa'b'-ap1,apbp,away,12,1,0
18139666,155871,10704,KCab-m,ab,home,5,1,1
18141520,155937,10704,KCab-s,ab,home,7,1,1
18142636,155996,10704,KCg-d,gamma,home,16,1,1
18142654,155996,18713,KCg-d,gamma,away,12,1,1
18142655,155996,19267,KCg-d,gamma,away,13,1,1
18152254,156345,11402,KCab-c,ab,home,4,1,1
18154193,156435,10704,KCab-m,ab,home,2,1,1
18154196,156435,11402,KCab-m,ab,home,2,1,1
18154946,156450,10704,KCg-m,gamma,home,9,1,1
18154964,156450,18713,KCg-m,gamma,away,22,1,1
18154966,156450,19267,KCg-m,gamma,away,15,1,1
18157607,156528,10704,KCg-m,gamma,home,12,1,1
18157625,156528,18713,KCg-m,gamma,away,16,1,1
18157626,156528,19267,KCg-m,gamma,away,19,1,1
18158052,156554,10704,KCab-s,ab,home,6,1,1
18158055,156554,11402,KCab-s,ab,home,1,1,1
18159328,156598,10704,KCab-s,ab,home,1,1,1
18159330,156598,11402,KCab-s,ab,home,14,1,1
18161489,156664,10704,KCg-m,gamma,home,10,1,1
18161510,156664,18713,KCg-m,gamma,away,18,1,1
18161512,156664,19267,KCg-m,gamma,away,14,1,1
18164194,156785,10704,KCg-d,gamma,home,12,1,1
18164211,156785,18713,KCg-d,gamma,away,12,1,1
18164212,156785,19267,KCg-d,gamma,away,19,1,1
18171270,157037,11402,KCab-m,ab,home,14,1,1
18174780,157166,11402,KCab-s,ab,home,17,1,1
18176091,157213,10704,KCab-s,ab,home,6,1,1
18178564,157281,10704,KCab-s,ab,home,1,1,1
18178567,157281,11402,KCab-s,ab,home,8,1,1
18179680,157325,11402,KCg-d,gamma,home,21,1,1
18179691,157325,21242,KCg-d,gamma,away,9,1,1
18179837,157325,523060,KCg-d,gamma,away,7,1,1
18181176,157389,10704,KCab-s,ab,home,11,1,1
18185661,157588,11402,KCab-s,ab,home,14,1,1
18186601,157610,11402,KCab-m,ab,home,4,1,1
18188330,157675,10704,KCab-c,ab,home,4,1,1
18189960,157751,11402,KCa'b'-ap2,apbp,home,4,1,1
18189970,157751,18713,KCa'b'-ap2,apbp,away,12,1,0
18189972,157751,19267,KCa'b'-ap2,apbp,away,4,1,0
18193556,157864,11402,KCg-m,gamma,home,21,1,1
18193568,157864,21242,KCg-m,gamma,away,7,1,1
18193793,157864,523060,KCg-m,gamma,away,25,1,1
18196916,158007,10704,KCab-s,ab,home,7,1,1
18199189,158126,10704,KCab-s,ab,home,9,1,1
18200372,158169,10704,KCab-c,ab,home,7,1,1
18203086,158246,11402,KCab-c,ab,home,10,1,1
18203540,158263,10704,KCab-p,ab,home,5,1,1
18203839,158276,11402,KCab-c,ab,home,6,1,1
18204937,158328,10704,KCg-m,gamma,home,15,1,1
18204958,158328,18713,KCg-m,gamma,away,22,1,1
18204959,158328,19267,KCg-m,gamma,away,22,1,1
18205662,158344,11402,KCab-m,ab,home,4,1,1
18206254,158368,10704,KCab-m,ab,home,14,1,1
18208853,158447,10704,KCg-d,gamma,home,5,1,1
18208868,158447,18713,KCg-d,gamma,away,13,1,1
18208869,158447,19267,KCg-d,gamma,away,13,1,1
18209615,158470,10704,KCab-m,ab,home,8,1,1
18209619,158470,11402,KCab-m,ab,home,2,1,1
18210705,158500,10704,KCab-c,ab,home,8,1,1
18214935,158676,10704,KCg-m,gamma,home,16,1,1
18214955,158676,18713,KCg-m,gamma,away,18,1,1
18214957,158676,19267,KCg-m,gamma,away,22,1,1
18218505,158857,11402,KCab-c,ab,home,2,1,1
18218810,158869,18713,KCa'b'-ap2,apbp,away,12,1,0
18218811,158869,19267,KCa'b'-ap2,apbp,away,12,1,0
18219115,158876,10704,KCab-m,ab,home,10,1,1
18229003,159261,10704,KCg-m,gamma,home,13,1,1
18229024,159261,18713,KCg-m,gamma,away,15,1,1
18229026,159261,19267,KCg-m,gamma,away,20,1,1
18229945,159286,10704,KCab-m,ab,home,11,1,1
18231792,159347,10704,KCab-m,ab,home,4,1,1
18232894,159383,10704,KCab-m,ab,home,7,1,1
18232909,159383,18713,KCab-m,ab,away,1,1,0
18238461,159580,11402,KCg-d,gamma,home,19,1,1
18238476,159580,21242,KCg-d,gamma,away,13,1,1
18238621,159580,523060,KCg-d,gamma,away,17,1,1
18240849,159654,10704,KCab-m,ab,home,7,1,1
18241365,159665,10704,KCab-m,ab,home,11,1,1
18241370,159665,11402,KCab-m,ab,home,2,1,1
18241588,159667,10704,KCab-c,ab,home,3,1,1
18242232,159685,10704,KCab-m,ab,home,10,1,1
18242236,159685,11402,KCab-m,ab,home,1,1,1
18242451,159692,11402,KCab-c,ab,home,5,1,1
18244183,159764,10704,KCab-m,ab,home,4,1,1
18244186,159764,11402,KCab-m,ab,home,2,1,1
18259997,160400,10704,KCab-s,ab,home,1,1,1
18259999,160400,11402,KCab-s,ab,home,1,1,1
18260246,160407,10704,KCab-s,ab,home,3,1,1
18263370,160563,10704,KCab-c,ab,home,7,1,1
18263610,160568,10704,KCab-c,ab,home,2,1,1
18263614,160568,11402,KCab-c,ab,home,1,1,1
18266533,160681,10704,KCab-m,ab,home,4,1,1
18268197,160745,10704,KCab-c,ab,home,1,1,1
18268421,160748,10704,KCab-c,ab,home,4,1,1
18268424,160748,11402,KCab-c,ab,home,1,1,1
18268603,160750,10704,KCab-m,ab,home,9,1,1
18271295,160878,11402,KCg-m,gamma,home,31,1,1
18271307,160878,21242,KCg-m,gamma,away,10,1,1
18271550,160878,523060,KCg-m,gamma,away,11,1,1
18271634,160885,10704,KCab-s,ab,home,1,1,1
18271636,160885,11402,KCab-s,ab,home,13,1,1
18271841,160889,10704,KCab-m,ab,home,4,1,1
18271844,160889,11402,KCab-m,ab,home,7,1,1
18274705,161026,11402,KCa'b'-ap2,apbp,home,1,1,1
18274715,161026,18713,KCa'b'-ap2,apbp,away,15,1,0
18274716,161026,19267,KCa'b'-ap2,apbp,away,7,1,0
18278804,161163,10704,KCab-s,ab,home,12,1,1
18278808,161163,11402,KCab-s,ab,home,1,1,1
18279909,161200,10704,KCab-c,ab,home,6,1,1
18282967,161302,11402,KCa'b'-m,apbp,home,1,1,1
18282974,161302,18713,KCa'b'-m,apbp,away,18,1,0
18282976,161302,19267,KCa'b'-m,apbp,away,11,1,0
18285980,161432,11402,KCab-m,ab,home,5,1,1
18287841,161517,11402,KCab-c,ab,home,4,1,1
18288135,161529,11402,KCab-m,ab,home,5,1,1
18288733,161552,10704,KCab-s,ab,home,1,1,1
18288736,161552,11402,KCab-s,ab,home,5,1,1
18290329,161627,10704,KCab-m,ab,home,6,1,1
18290333,161627,11402,KCab-m,ab,home,1,1,1
18290935,161648,11402,KCab-c,ab,home,6,1,1
18292892,161706,10704,KCg-m,gamma,home,22,1,1
18292910,161706,18713,KCg-m,gamma,away,9,1,1
18292911,161706,19267,KCg-m,gamma,away,16,1,1
18294291,161786,11402,KCab-m,ab,home,3,1,1
18295451,161865,10704,KCab-c,ab,home,3,1,1
18297941,161970,10704,KCab-c,ab,home,8,1,1
18298299,162004,10704,KCab-c,ab,home,3,1,1
18299162,162048,10704,KCab-s,ab,home,4,1,1
18306787,162392,10704,KCab-s,ab,home,1,1,1
18306790,162392,11402,KCab-s,ab,home,6,1,1
18307177,162399,10704,KCab-s,ab,home,9,1,1
18311424,162527,10704,KCab-c,ab,home,3,1,1
18313065,162607,10704,KCab-m,ab,home,9,1,1
18315124,162655,10704,KCab-m,ab,home,4,1,1
18316074,162674,11402,KCab-c,ab,home,3,1,1
18319580,162822,10704,KCab-c,ab,home,4,1,1
18322104,162951,10704,KCab-p,ab,home,3,1,1
18322447,162966,10704,KCab-c,ab,home,5,1,1
18325033,163102,18713,KCa'b'-ap1,apbp,away,11,1,0
18325034,163102,19267,KCa'b'-ap1,apbp,away,13,1,0
18328005,163251,10704,KCab-s,ab,home,8,1,1
18330575,163371,10704,KCab-c,ab,home,6,1,1
18332724,163450,10704,KCab-m,ab,home,8,1,1
18333747,163490,10704,KCab-c,ab,home,9,1,1
18334110,163500,10704,KCab-m,ab,home,10,1,1
18334731,163516,11402,KCg-m,gamma,home,16,1,1
18334740,163516,21242,KCg-m,gamma,away,15,1,1
18334964,163516,523060,KCg-m,gamma,away,24,1,1
18339205,163698,10704,KCg-m,gamma,home,13,1,1
18339222,163698,18713,KCg-m,gamma,away,13,1,1
18339223,163698,19267,KCg-m,gamma,away,9,1,1
18339969,163735,10704,KCg-m,gamma,home,14,1,1
18339986,163735,18713,KCg-m,gamma,away,13,1,1
18339988,163735,19267,KCg-m,gamma,away,18,1,1
18340296,163739,10704,KCab-m,ab,home,8,1,1
18341464,163808,10704,KCab-s,ab,home,9,1,1
18343278,163889,10704,KCab-m,ab,home,2,1,1
18345083,163971,11402,KCg-m,gamma,home,26,1,1
18345096,163971,21242,KCg-m,gamma,away,11,1,1
18345318,163971,523060,KCg-m,gamma,away,14,1,1
18345523,163974,10704,KCab-c,ab,home,5,1,1
18345528,163974,11402,KCab-c,ab,home,1,1,1
18349102,164099,10704,KCab-m,ab,home,7,1,1
18349294,164103,11402,KCg-m,gamma,home,28,1,1
18349305,164103,19267,KCg-m,gamma,away,1,1,1
18349306,164103,21242,KCg-m,gamma,away,9,1,1
18349558,164103,523060,KCg-m,gamma,away,10,1,1
18351073,164216,11402,KCab-c,ab,home,8,1,1
18354009,164355,10704,KCab-s,ab,home,7,1,1
18354807,164412,10704,KCab-m,ab,home,6,1,1
18358101,164534,11402,KCab-s,ab,home,11,1,1
18359289,164590,10704,KCab-c,ab,home,5,1,1
18359294,164590,11402,KCab-c,ab,home,1,1,1
18360021,164607,10704,KCab-c,ab,home,4,1,1
18365930,164966,10704,KCab-m,ab,home,5,1,1
18365933,164966,11402,KCab-m,ab,home,1,1,1
18368467,165036,11402,KCg-m,gamma,home,31,1,1
18368477,165036,21242,KCg-m,gamma,away,7,1,1
18368698,165036,523060,KCg-m,gamma,away,15,1,1
18370478,165105,10704,KCab-s,ab,home,7,1,1
18371939,165176,10704,KCab-m,ab,home,9,1,1
18371943,165176,11402,KCab-m,ab,home,1,1,1
18372236,165180,10704,KCab-c,ab,home,1,1,1
18372238,165180,11402,KCab-c,ab,home,13,1,1
18373684,165240,11402,KCab-s,ab,home,7,1,1
18374243,165260,10704,KCab-m,ab,home,7,1,1
18374247,165260,11402,KCab-m,ab,home,1,1,1
18375871,165307,11402,KCab-s,ab,home,7,1,1
18376707,165355,10704,KCab-m,ab,home,7,1,1
18376710,165355,11402,KCab-m,ab,home,1,1,1
18376984,165359,10704,KCab-m,ab,home,10,1,1
18379086,165459,10704,KCab-c,ab,home,7,1,1
18382880,165660,10704,KCab-m,ab,home,2,1,1
18382896,165660,19267,KCab-m,ab,away,1,1,0
18390486,166005,11402,KCab-m,ab,home,11,1,1
18391576,166049,10704,KCab-m,ab,home,10,1,1
18391579,166049,11402,KCab-m,ab,home,1,1,1
18391896,166057,10704,KCab-s,ab,home,1,1,1
18391899,166057,11402,KCab-s,ab,home,10,1,1
18392653,166075,10704,KCab-c,ab,home,3,1,1
18392884,166081,10704,KCab-p,ab,home,3,1,1
18393423,166119,10704,KCab-s,ab,home,5,1,1
18393426,166119,11402,KCab-s,ab,home,1,1,1
18394133,166153,10704,KCab-s,ab,home,6,1,1
18394137,166153,11402,KCab-s,ab,home,1,1,1
18396466,166283,10704,KCab-m,ab,home,5,1,1
18396894,166289,10704,KCab-m,ab,home,11,1,1
18396897,166289,11402,KCab-m,ab,home,1,1,1
18397520,166321,10704,KCab-c,ab,home,3,1,1
18399206,166385,10704,KCab-s,ab,home,3,1,1
18399210,166385,11402,KCab-s,ab,home,1,1,1
18399381,166386,10704,KCg-m,gamma,home,8,1,1
18399398,166386,18713,KCg-m,gamma,away,15,1,1
18399399,166386,19267,KCg-m,gamma,away,6,1,1
18402420,166533,10704,KCab-c,ab,home,2,1,1
18402795,166544,10704,KCab-c,ab,home,9,1,1
18403570,166581,11402,KCab-s,ab,home,10,1,1
18404324,166617,10704,KCab-s,ab,home,3,1,1
18404326,166617,11402,KCab-s,ab,home,2,1,1
18405039,166687,10704,KCg-m,gamma,home,11,1,1
18405058,166687,18713,KCg-m,gamma,away,15,1,1
18405059,166687,19267,KCg-m,gamma,away,13,1,1
18405571,166699,10704,KCab-m,ab,home,7,1,1
18405574,166699,11402,KCab-m,ab,home,1,1,1
18406671,166749,10704,KCab-m,ab,home,4,1,1
18409194,166876,10704,KCab-m,ab,home,9,1,1
18409198,166876,11402,KCab-m,ab,home,1,1,1
18409539,166885,10704,KCab-c,ab,home,7,1,1
18410185,166914,11402,KCab-m,ab,home,3,1,1
18410392,166918,10704,KCab-c,ab,home,5,1,1
18411037,166957,10704,KCab-m,ab,home,3,1,1
18413084,167039,10704,KCab-c,ab,home,4,1,1
18415888,167187,10704,KCab-m,ab,home,4,1,1
18416468,167201,10704,KCab-m,ab,home,3,1,1
18417141,167235,10704,KCab-m,ab,home,7,1,1
18418080,167289,10704,KCab-c,ab,home,4,1,1
18418566,167297,10704,KCab-c,ab,home,9,1,1
18418835,167305,10704,KCab-m,ab,home,9,1,1
18420810,167406,10704,KCab-s,ab,home,7,1,1
18420813,167406,11402,KCab-s,ab,home,2,1,1
18421136,167413,10704,KCab-c,ab,home,9,1,1
18422276,167474,10704,KCg-m,gamma,home,13,1,1
18422296,167474,18713,KCg-m,gamma,away,15,1,1
18422297,167474,19267,KCg-m,gamma,away,16,1,1
18422948,167484,10704,KCab-s,ab,home,6,1,1
18422952,167484,11402,KCab-s,ab,home,3,1,1
18427737,167708,11402,KCab-s,ab,home,12,1,1
18428770,167780,11402,KCab-s,ab,home,12,1,1
18429185,167793,11402,KCab-c,ab,home,2,1,1
18434487,168059,10704,KCab-c,ab,home,3,1,1
18435614,168123,10704,KCab-c,ab,home,6,1,1
18438359,168234,10704,KCab-m,ab,home,8,1,1
18438362,168234,11402,KCab-m,ab,home,1,1,1
18439176,168306,11402,KCg-m,gamma,home,20,1,1
18439187,168306,21242,KCg-m,gamma,away,5,1,1
18439420,168306,523060,KCg-m,gamma,away,16,1,1
18439604,168315,10704,KCab-m,ab,home,8,1,1
18439608,168315,11402,KCab-m,ab,home,1,1,1
18440873,168405,11402,KCab-c,ab,home,4,1,1
18441471,168433,10704,KCab-s,ab,home,2,1,1
18441472,168433,11402,KCab-s,ab,home,3,1,1
18442107,168459,10704,KCab-m,ab,home,8,1,1
18442112,168459,11402,KCab-m,ab,home,1,1,1
18443242,168522,21242,KCa'b'-m,apbp,away,26,1,0
18443409,168522,523060,KCa'b'-m,apbp,away,22,1,0
18443973,168564,10704,KCab-c,ab,home,7,1,1
18443978,168564,11402,KCab-c,ab,home,1,1,1
18447522,168771,10704,KCab-s,ab,home,10,1,1
18447790,168795,10704,KCab-c,ab,home,2,1,1
18450225,168916,10704,KCab-m,ab,home,6,1,1
18453072,169034,10704,KCab-s,ab,home,2,1,1
18453075,169034,11402,KCab-s,ab,home,2,1,1
18455752,169141,11402,KCab-m,ab,home,3,1,1
18460002,169369,10704,KCab-c,ab,home,9,1,1
18460005,169369,11402,KCab-c,ab,home,1,1,1
18460913,169403,10704,KCab-c,ab,home,2,1,1
18461311,169420,10704,KCab-m,ab,home,10,1,1
18462395,169484,10704,KCab-m,ab,home,7,1,1
18462398,169484,11402,KCab-m,ab,home,1,1,1
18465650,169639,10704,KCab-c,ab,home,7,1,1
18467830,169734,10704,KCab-c,ab,home,2,1,1
18471676,169933,10704,KCab-c,ab,home,5,1,1
18472765,170005,10704,KCab-s,ab,home,8,1,1
18472768,170005,11402,KCab-s,ab,home,1,1,1
18473384,170040,10704,KCab-s,ab,home,1,1,1
18473386,170040,11402,KCab-s,ab,home,5,1,1
18476298,170179,10704,KCab-p,ab,home,3,1,1
18477484,170237,10704,KCab-c,ab,home,3,1,1
18480145,170365,10704,KCab-c,ab,home,4,1,1
18480295,170366,10704,KCab-c,ab,home,6,1,1
18480300,170366,11402,KCab-c,ab,home,1,1,1
18483085,170466,11402,KCab-m,ab,home,9,1,1
18483529,170474,10704,KCab-m,ab,home,7,1,1
18487530,170719,18713,KCa'b'-ap2,apbp,away,11,1,0
18487531,170719,19267,KCa'b'-ap2,apbp,away,14,1,0
18489379,170870,11402,KCab-c,ab,home,5,1,1
18490353,170919,10704,KCab-s,ab,home,1,1,1
18491940,171000,10704,KCab-c,ab,home,7,1,1
18492807,171048,11402,KCab-p,ab,home,2,1,1
18495116,171163,11402,KCg-m,gamma,home,21,1,1
18495132,171163,21242,KCg-m,gamma,away,14,1,1
18495378,171163,523060,KCg-m,gamma,away,15,1,1
18496554,171283,10704,KCg-m,gamma,home,14,1,1
18496572,171283,18713,KCg-m,gamma,away,14,1,1
18496573,171283,19267,KCg-m,gamma,away,16,1,1
18496944,171292,10704,KCab-c,ab,home,3,1,1
18497252,171306,11402,KCab-s,ab,home,12,1,1
18498279,171340,10704,KCab-m,ab,home,4,1,1
18498282,171340,11402,KCab-m,ab,home,1,1,1
18500476,171464,10704,KCab-c,ab,home,2,1,1
18508790,171985,10704,KCg-m,gamma,home,17,1,1
18508796,171985,11402,KCg-m,gamma,home,1,1,1
18508811,171985,18713,KCg-m,gamma,away,13,1,1
18508812,171985,19267,KCg-m,gamma,away,16,1,1
18509730,172017,10704,KCab-c,ab,home,5,1,1
18510741,172084,11402,KCg-m,gamma,home,13,1,1
18510752,172084,21242,KCg-m,gamma,away,6,1,1
18510966,172084,523060,KCg-m,gamma,away,15,1,1
18512386,172186,11402,KCab-m,ab,home,6,1,1
18513019,172224,10704,KCab-c,ab,home,4,1,1
18513810,172273,10704,KCab-c,ab,home,4,1,1
18514198,172288,10704,KCab-m,ab,home,6,1,1
18514419,172298,10704,KCg-m,gamma,home,10,1,1
18514435,172298,18713,KCg-m,gamma,away,11,1,1
18514436,172298,19267,KCg-m,gamma,away,16,1,1
18515036,172324,10704,KCab-c,ab,home,2,1,1
18515716,172355,10704,KCab-c,ab,home,1,1,1
18516292,172379,10704,KCab-m,ab,home,9,1,1
18516295,172379,11402,KCab-m,ab,home,3,1,1
18518141,172492,10704,KCg-m,gamma,home,17,1,1
18518161,172492,18713,KCg-m,gamma,away,13,1,1
18518162,172492,19267,KCg-m,gamma,away,17,1,1
18520761,172635,11402,KCab-m,ab,home,7,1,1
18522449,172748,10704,KCab-c,ab,home,4,1,1
18523344,172801,10704,KCab-c,ab,home,5,1,1
18528141,173081,10704,KCab-c,ab,home,2,1,1
18528303,173082,10704,KCab-c,ab,home,2,1,1
18529163,173137,10704,KCab-c,ab,home,2,1,1
18529387,173157,11402,KCab-m,ab,home,4,1,1
18530090,173188,11402,KCab-s,ab,home,18,1,1
18532227,173322,11402,KCg-m,gamma,home,23,1,1
18532237,173322,21242,KCg-m,gamma,away,10,1,1
18532479,173322,523060,KCg-m,gamma,away,10,1,1
18532689,173332,10704,KCab-c,ab,home,9,1,1
18534605,173472,10704,KCab-c,ab,home,5,1,1
18535725,173570,10704,KCab-c,ab,home,4,1,1
18536045,173573,11402,KCab-c,ab,home,8,1,1
18539368,173781,10704,KCab-m,ab,home,7,1,1
18539371,173781,11402,KCab-m,ab,home,1,1,1
18540123,173807,11402,KCab-s,ab,home,13,1,1
18541904,173882,11402,KCab-s,ab,home,3,1,1
18543226,173951,10704,KCab-s,ab,home,12,1,1
18543840,173970,10704,KCab-c,ab,home,3,1,1
18544625,174029,10704,KCab-m,ab,home,11,1,1
18544628,174029,11402,KCab-m,ab,home,1,1,1
18545212,174047,10704,KCab-s,ab,home,4,1,1
18545412,174060,11402,KCab-c,ab,home,6,1,1
18546390,174127,21242,KCa'b'-m,apbp,away,20,1,0
18546542,174127,523060,KCa'b'-m,apbp,away,26,1,0
18547576,174181,10704,KCab-s,ab,home,10,1,1
18547580,174181,11402,KCab-s,ab,home,2,1,1
18547842,174185,10704,KCab-m,ab,home,6,1,1
18548077,174194,10704,KCab-c,ab,home,8,1,1
18556112,174587,10704,KCab-m,ab,home,2,1,1
18556116,174587,11402,KCab-m,ab,home,9,1,1
18556541,174608,10704,KCab-c,ab,home,9,1,1
18561146,174813,10704,KCab-c,ab,home,3,1,1
18566560,175168,10704,KCab-s,ab,home,7,1,1
18566563,175168,11402,KCab-s,ab,home,2,1,1
18569755,175308,10704,KCab-c,ab,home,1,1,1
18570194,175328,10704,KCab-c,ab,home,3,1,1
18573661,175490,10704,KCab-c,ab,home,7,1,1
18577724,175745,10704,KCab-m,ab,home,6,1,1
18578039,175766,11402,KCab-c,ab,home,10,1,1
18578200,175767,10704,KCg-m,gamma,home,7,1,1
18578223,175767,18713,KCg-m,gamma,away,10,1,1
18578224,175767,19267,KCg-m,gamma,away,13,1,1
18578847,175807,10704,KCab-s,ab,home,7,1,1
18580330,175918,10704,KCg-m,gamma,home,14,1,1
18580346,175918,18713,KCg-m,gamma,away,16,1,1
18580348,175918,19267,KCg-m,gamma,away,20,1,1
18581791,175976,11402,KCab-c,ab,home,7,1,1
18584106,176147,10704,KCab-m,ab,home,9,1,1
18584555,176169,10704,KCab-c,ab,home,2,1,1
18586870,176320,11402,KCab-c,ab,home,8,1,1
18590162,176508,10704,KCab-m,ab,home,5,1,1
18590165,176508,11402,KCab-m,ab,home,1,1,1
18594155,176770,11402,KCg-m,gamma,home,20,1,1
18594168,176770,21242,KCg-m,gamma,away,12,1,1
18594396,176770,523060,KCg-m,gamma,away,10,1,1
18597530,176984,10704,KCab-m,ab,home,8,1,1
18597534,176984,11402,KCab-m,ab,home,1,1,1
18597956,177010,10704,KCab-m,ab,home,7,1,1
18598953,177085,10704,KCab-m,ab,home,8,1,1
18603102,177383,11402,KCab-c,ab,home,8,1,1
18609664,177799,10704,KCab-c,ab,home,3,1,1
18610363,177835,10704,KCab-m,ab,home,5,1,1
18615425,178189,10704,KCab-m,ab,home,7,1,1
18617608,178307,11402,KCab-c,ab,home,7,1,1
18618741,178377,10704,KCab-c,ab,home,1,1,1
18620385,178476,10704,KCab-s,ab,home,1,1,1
18620387,178476,11402,KCab-s,ab,home,18,1,1
18624616,178768,10704,KCab-c,ab,home,3,1,1
18624973,178810,10704,KCab-m,ab,home,3,1,1
18624976,178810,11402,KCab-m,ab,home,5,1,1
18626125,178917,10704,KCab-m,ab,home,9,1,1
18629353,179084,10704,KCab-s,ab,home,9,1,1
18631300,179219,10704,KCab-s,ab,home,2,1,1
18631303,179219,11402,KCab-s,ab,home,13,1,1
18634078,179398,10704,KCg-m,gamma,home,15,1,1
18634097,179398,18713,KCg-m,gamma,away,18,1,1
18634098,179398,19267,KCg-m,gamma,away,17,1,1
18636025,179489,11402,KCab-c,ab,home,4,1,1
18636915,179529,10704,KCab-m,ab,home,8,1,1
18639154,179669,10704,KCab-m,ab,home,14,1,1
18639157,179669,11402,KCab-m,ab,home,1,1,1
18640739,179774,10704,KCab-c,ab,home,2,1,1
18642336,179899,10704,KCab-c,ab,home,2,1,1
18648495,180332,18713,KCa'b'-m,apbp,away,17,1,0
18648497,180332,19267,KCa'b'-m,apbp,away,4,1,0
18650532,180422,11402,KCab-c,ab,home,3,1,1
18651281,180494,10704,KCg-m,gamma,home,12,1,1
18651298,180494,18713,KCg-m,gamma,away,16,1,1
18651299,180494,19267,KCg-m,gamma,away,9,1,1
18652703,180588,11402,KCg-m,gamma,home,21,1,1
18652711,180588,19267,KCg-m,gamma,away,1,1,1
18652713,180588,21242,KCg-m,gamma,away,14,1,1
18652928,180588,523060,KCg-m,gamma,away,11,1,1
18654568,180728,11402,KCa'b'-ap2,apbp,home,1,1,1
18654576,180728,18713,KCa'b'-ap2,apbp,away,8,1,0
18654578,180728,19267,KCa'b'-ap2,apbp,away,7,1,0
18654948,180757,10704,KCg-m,gamma,home,16,1,1
18654963,180757,18713,KCg-m,gamma,away,9,1,1
18654964,180757,19267,KCg-m,gamma,away,12,1,1
18655196,180757,523060,KCg-m,gamma,away,1,1,1
18655555,180812,11402,KCg-m,gamma,home,10,1,1
18655564,180812,21242,KCg-m,gamma,away,10,1,1
18655788,180812,523060,KCg-m,gamma,away,13,1,1
18656572,180859,10704,KCab-s,ab,home,8,1,1
18656576,180859,11402,KCab-s,ab,home,2,1,1
18656979,180876,10704,KCab-s,ab,home,10,1,1
18657194,180905,11402,KCg-m,gamma,home,12,1,1
18657206,180905,21242,KCg-m,gamma,away,3,1,1
18657460,180905,523060,KCg-m,gamma,away,18,1,1
18657777,180920,10704,KCab-s,ab,home,4,1,1
18657779,180920,11402,KCab-s,ab,home,3,1,1
18658193,180939,10704,KCab-s,ab,home,1,1,1
18658194,180939,11402,KCab-s,ab,home,9,1,1
18661393,181180,11402,KCab-c,ab,home,2,1,1
18664755,181464,11402,KCab-m,ab,home,8,1,1
18665781,181516,10704,KCab-c,ab,home,5,1,1
18669494,181795,10704,KCab-c,ab,home,2,1,1
18670593,181884,10704,KCab-m,ab,home,4,1,1
18679820,182596,10704,KCab-s,ab,home,2,1,1
18679822,182596,11402,KCab-s,ab,home,5,1,1
18680843,182674,10704,KCab-c,ab,home,6,1,1
18681285,182702,11402,KCa'b'-ap1,apbp,home,2,1,1
18681292,182702,18713,KCa'b'-ap1,apbp,away,10,1,0
18681293,182702,19267,KCa'b'-ap1,apbp,away,12,1,0
18681296,182702,21242,KCa'b'-ap1,apbp,away,1,1,0
18682428,182780,10704,KCab-c,ab,home,6,1,1
18682431,182780,11402,KCab-c,ab,home,2,1,1
18683449,182857,10704,KCab-c,ab,home,5,1,1
18692483,183527,10704,KCab-c,ab,home,6,1,1
18694194,183652,10704,KCab-c,ab,home,7,1,1
18694382,183659,10704,KCab-s,ab,home,9,1,1
18695887,183749,10704,KCab-c,ab,home,3,1,1
18708021,184536,11402,KCab-p,ab,home,5,1,1
18709248,184619,10704,KCg-m,gamma,home,15,1,1
18709269,184619,18713,KCg-m,gamma,away,10,1,1
18709270,184619,19267,KCg-m,gamma,away,19,1,1
18716635,185076,10704,KCab-c,ab,home,5,1,1
18717750,185154,10704,KCab-s,ab,home,8,1,1
18717754,185154,11402,KCab-s,ab,home,1,1,1
18720291,185386,10704,KCg-m,gamma,home,12,1,1
18720305,185386,18713,KCg-m,gamma,away,12,1,1
18720308,185386,19267,KCg-m,gamma,away,20,1,1
18722421,185506,10704,KCab-c,ab,home,2,1,1
18724214,185639,10704,KCg-m,gamma,home,9,1,1
18724234,185639,18713,KCg-m,gamma,away,9,1,1
18724236,185639,19267,KCg-m,gamma,away,17,1,1
18724495,185655,10704,KCab-s,ab,home,7,1,1
18726777,185892,10704,KCab-m,ab,home,4,1,1
18726780,185892,11402,KCab-m,ab,home,3,1,1
18729715,186043,10704,KCab-m,ab,home,1,1,1
18729717,186043,11402,KCab-m,ab,home,5,1,1
18731163,186170,10704,KCab-m,ab,home,11,1,1
18733607,186305,11402,KCa'b'-ap2,apbp,home,1,1,1
18733615,186305,18713,KCa'b'-ap2,apbp,away,10,1,0
18733617,186305,19267,KCa'b'-ap2,apbp,away,5,1,0
18736973,186613,11402,KCab-c,ab,home,8,1,1
18739140,186833,10704,KCab-m,ab,home,1,1,1
18739143,186833,11402,KCab-m,ab,home,6,1,1
18741498,186977,11402,KCa'b'-m,apbp,home,1,1,1
18741506,186977,18713,KCa'b'-m,apbp,away,11,1,0
18741508,186977,19267,KCa'b'-m,apbp,away,7,1,0
18745154,187266,10704,KCab-s,ab,home,1,1,1
18745155,187266,11402,KCab-s,ab,home,4,1,1
18751116,187909,10704,KCab-c,ab,home,8,1,1
18754477,188103,10704,KCab-c,ab,home,5,1,1
18754968,188114,10704,KCab-m,ab,home,7,1,1
18756662,188198,10704,KCg-m,gamma,home,11,1,1
18756667,188198,11402,KCg-m,gamma,home,2,1,1
18756681,188198,18713,KCg-m,gamma,away,21,1,1
18756683,188198,19267,KCg-m,gamma,away,16,1,1
18757454,188253,11402,KCab-s,ab,home,5,1,1
18761705,188606,11402,KCab-c,ab,home,10,1,1
18767922,189047,11402,KCg-m,gamma,home,30,1,1
18767931,189047,18713,KCg-m,gamma,away,1,1,1
18767932,189047,21242,KCg-m,gamma,away,8,1,1
18768169,189047,523060,KCg-m,gamma,away,13,1,1
18768520,189068,11402,KCab-m,ab,home,4,1,1
18777169,189744,11402,KCab-s,ab,home,11,1,1
18778021,189868,10704,KCab-c,ab,home,3,1,1
18780471,190056,10704,KCab-p,ab,home,2,1,1
18782711,190256,10704,KCab-c,ab,home,1,1,1
18783949,190302,11402,KCab-s,ab,home,8,1,1
18784295,190305,10704,KCab-c,ab,home,7,1,1
18784299,190305,11402,KCab-c,ab,home,1,1,1
18800401,191629,10704,KCg-m,gamma,home,9,1,1
18800422,191629,18713,KCg-m,gamma,away,13,1,1
18800423,191629,19267,KCg-m,gamma,away,24,1,1
18801939,191728,10704,KCab-m,ab,home,10,1,1
18803227,191843,10704,KCab-c,ab,home,5,1,1
18804320,191928,10704,KCab-s,ab,home,2,1,1
18804323,191928,11402,KCab-s,ab,home,5,1,1
18804537,191936,11402,KCab-c,ab,home,6,1,1
18806026,192097,10704,KCab-s,ab,home,5,1,1
18806690,192146,10704,KCab-m,ab,home,8,1,1
18810868,192421,11402,KCab-p,ab,home,6,1,1
18815265,192762,11402,KCab-s,ab,home,6,1,1
18824942,193578,10704,KCab-s,ab,home,8,1,1
18829273,193963,10704,KCab-m,ab,home,12,1,1
18831576,194148,10704,KCab-c,ab,home,4,1,1
18834606,194483,11402,KCg-m,gamma,home,11,1,1
18834619,194483,21242,KCg-m,gamma,away,9,1,1
18834916,194483,523060,KCg-m,gamma,away,13,1,1
18836296,194600,10704,KCab-s,ab,home,8,1,1
18837392,194678,11402,KCa'b'-m,apbp,home,1,1,1
18837400,194678,18713,KCa'b'-m,apbp,away,9,1,0
18837402,194678,19267,KCa'b'-m,apbp,away,6,1,0
18839900,194889,10704,KCab-c,ab,home,4,1,1
18841218,194990,19267,KCa'b'-m,apbp,away,1,1,0
18841220,194990,21242,KCa'b'-m,apbp,away,11,1,0
18841382,194990,523060,KCa'b'-m,apbp,away,26,1,0
18843459,195206,11402,KCab-m,ab,home,2,1,1
18844515,195279,11402,KCg-m,gamma,home,22,1,1
18844526,195279,21242,KCg-m,gamma,away,7,1,1
18844772,195279,523060,KCg-m,gamma,away,16,1,1
18845095,195297,18713,KCa'b'-m,apbp,away,13,1,0
18845097,195297,19267,KCa'b'-m,apbp,away,7,1,0
18846581,195397,10704,KCab-m,ab,home,14,1,1
18846586,195397,11402,KCab-m,ab,home,2,1,1
18855032,196049,10704,KCab-c,ab,home,3,1,1
18855231,196065,10704,KCab-s,ab,home,8,1,1
18856376,196228,10704,KCab-c,ab,home,2,1,1
18857878,196369,11402,KCab-s,ab,home,11,1,1
18857890,196369,21242,KCab-s,ab,away,1,1,0
18868091,197319,10704,KCab-m,ab,home,1,1,1
18868096,197319,11402,KCab-m,ab,home,5,1,1
18868812,197363,11402,KCab-p,ab,home,6,1,1
18873213,197895,10704,KCg-m,gamma,home,17,1,1
18873232,197895,18713,KCg-m,gamma,away,14,1,1
18873234,197895,19267,KCg-m,gamma,away,13,1,1
18876195,198145,10704,KCab-m,ab,home,11,1,1
18878217,198408,10704,KCab-c,ab,home,5,1,1
18878524,198431,10704,KCab-s,ab,home,1,1,1
18878526,198431,11402,KCab-s,ab,home,7,1,1
18887027,199291,10704,KCab-c,ab,home,4,1,1
18900925,200482,11402,KCg-m,gamma,home,14,1,1
18900938,200482,21242,KCg-m,gamma,away,12,1,1
18901162,200482,523060,KCg-m,gamma,away,11,1,1
18901936,200566,10704,KCab-s,ab,home,5,1,1
18901940,200566,11402,KCab-s,ab,home,1,1,1
18903103,200684,10704,KCab-s,ab,home,1,1,1
18903105,200684,11402,KCab-s,ab,home,10,1,1
18905119,200908,18713,KCa'b'-ap2,apbp,away,16,1,0
18905120,200908,19267,KCa'b'-ap2,apbp,away,5,1,0
18913134,201756,10704,KCab-s,ab,home,6,1,1
18917670,202242,10704,KCg-m,gamma,home,10,1,1
18917687,202242,18713,KCg-m,gamma,away,14,1,1
18917688,202242,19267,KCg-m,gamma,away,16,1,1
18921563,202642,10704,KCab-c,ab,home,6,1,1
18925937,203037,10704,KCab-c,ab,home,3,1,1
18925941,203037,11402,KCab-c,ab,home,2,1,1
18929921,203543,11402,KCa'b'-m,apbp,home,2,1,1
18929928,203543,18713,KCa'b'-m,apbp,away,9,1,0
18929930,203543,19267,KCa'b'-m,apbp,away,5,1,0
18944471,205250,10704,KCab-m,ab,home,10,1,1
18947175,205480,10704,KCab-c,ab,home,3,1,1
18947179,205480,11402,KCab-c,ab,home,1,1,1
18948213,205561,10704,KCab-c,ab,home,1,1,1
18951472,205908,11402,KCg-m,gamma,home,23,1,1
18951482,205908,21242,KCg-m,gamma,away,10,1,1
18951720,205908,523060,KCg-m,gamma,away,21,1,1
18953736,206188,10704,KCab-s,ab,home,9,1,1
18953739,206188,11402,KCab-s,ab,home,3,1,1
18955439,206455,10704,KCab-c,ab,home,1,1,1
18957313,206739,10704,KCg-s4,gamma,home,9,1,1
18957320,206739,11402,KCg-s4,gamma,home,2,1,1
18957353,206739,18713,KCg-s4,gamma,away,17,1,1
18957355,206739,19267,KCg-s4,gamma,away,18,1,1
18957612,206739,523060,KCg-s4,gamma,away,1,1,1
18961963,207353,10704,KCab-m,ab,home,3,1,1
18961966,207353,11402,KCab-m,ab,home,2,1,1
18967236,208043,10704,KCab-c,ab,home,7,1,1
18978919,209674,10704,KCab-c,ab,home,4,1,1
18980863,209949,11402,KCab-c,ab,home,7,1,1
18984705,210440,11402,KCab-s,ab,home,3,1,1
18987437,210806,10704,KCab-m,ab,home,13,1,1
18988980,211087,10704,KCab-c,ab,home,2,1,1
18991703,211474,10704,KCab-m,ab,home,1,1,1
18991707,211474,11402,KCab-m,ab,home,6,1,1
18996554,212154,11402,KCg-m,gamma,home,26,1,1
18996567,212154,21242,KCg-m,gamma,away,10,1,1
18996820,212154,523060,KCg-m,gamma,away,13,1,1
19000014,212767,11402,KCg-m,gamma,home,32,1,1
19000023,212767,21242,KCg-m,gamma,away,2,1,1
19000249,212767,523060,KCg-m,gamma,away,8,1,1
19007217,213934,11402,KCab-m,ab,home,4,1,1
19007631,213996,11402,KCab-p,ab,home,3,1,1
19007940,214044,10704,KCab-m,ab,home,2,1,1
19007944,214044,11402,KCab-m,ab,home,8,1,1
19011017,214511,10704,KCab-c,ab,home,2,1,1
19025028,216580,10704,KCg-d,gamma,home,10,1,1
19025042,216580,18713,KCg-d,gamma,away,14,1,1
19025043,216580,19267,KCg-d,gamma,away,13,1,1
19034521,218356,11402,KCab-m,ab,home,11,1,1
19038760,218942,11402,KCg-m,gamma,home,24,1,1
19038771,218942,21242,KCg-m,gamma,away,8,1,1
19039007,218942,523060,KCg-m,gamma,away,19,1,1
19053982,221876,11402,KCg-m,gamma,home,25,1,1
19053994,221876,21242,KCg-m,gamma,away,9,1,1
19054240,221876,523060,KCg-m,gamma,away,15,1,1
19055091,222128,10704,KCab-c,ab,home,6,1,1
19055248,222130,11402,KCab-s,ab,home,11,1,1
19065217,223880,11402,KCab-m,ab,home,6,1,1
19069982,224662,10704,KCab-c,ab,home,2,1,1
19075870,226379,10704,KCab-s,ab,home,2,1,1
19075873,226379,11402,KCab-s,ab,home,7,1,1
19087007,228917,11402,KCab-p,ab,home,6,1,1
19105972,236035,10704,KCg-m,gamma,home,19,1,1
19105991,236035,18713,KCg-m,gamma,away,17,1,1
19105993,236035,19267,KCg-m,gamma,away,12,1,1
19109063,237109,11402,KCab-s,ab,home,8,1,1
19109300,237248,10704,KCab-m,ab,home,6,1,1
19109303,237248,11402,KCab-m,ab,home,2,1,1
19120613,241948,10704,KCab-s,ab,home,4,1,1
19121968,242401,10704,KCab-s,ab,home,1,1,1
19121971,242401,11402,KCab-s,ab,home,14,1,1
19125518,243735,11402,KCg-m,gamma,home,13,1,1
19125526,243735,19267,KCg-m,gamma,away,1,1,1
19125528,243735,21242,KCg-m,gamma,away,6,1,1
19125739,243735,523060,KCg-m,gamma,away,14,1,1
19128298,245271,11402,KCab-s,ab,home,7,1,1
19128536,245416,10704,KCab-c,ab,home,4,1,1
19131811,247098,11402,KCa'b'-m,apbp,home,1,1,1
19131821,247098,18713,KCa'b'-m,apbp,away,12,1,0
19131823,247098,19267,KCa'b'-m,apbp,away,1,1,0
19134782,248072,10704,KCab-c,ab,home,5,1,1
19135913,248678,10704,KCab-s,ab,home,1,1,1
19135915,248678,11402,KCab-s,ab,home,6,1,1
19143075,252837,10704,KCab-c,ab,home,1,1,1
19150069,257083,10704,KCab-m,ab,home,6,1,1
19150073,257083,11402,KCab-m,ab,home,1,1,1
19159954,261849,11402,KCab-m,ab,home,7,1,1
19160230,262117,11402,KCab-m,ab,home,6,1,1
19162039,263358,11402,KCab-m,ab,home,6,1,1
19162931,263886,11402,KCab-s,ab,home,8,1,1
19163612,264746,11402,KCab-m,ab,home,2,1,1
19164806,265747,10704,KCab-c,ab,home,6,1,1
19165861,266449,10704,KCab-s,ab,home,2,1,1
19165863,266449,11402,KCab-s,ab,home,16,1,1
19169657,268292,11402,KCab-m,ab,home,11,1,1
19170582,268907,10704,KCab-c,ab,home,3,1,1
19173671,272106,11402,KCab-m,ab,home,12,1,1
19196296,286505,10704,KCab-c,ab,home,5,1,1
19197865,287798,11402,KCab-s,ab,home,10,1,1
19211206,294758,11402,KCab-c,ab,home,3,1,1
19219370,303093,10704,KCab-s,ab,home,1,1,1
19219372,303093,11402,KCab-s,ab,home,8,1,1
19256980,365046,11402,KCab-s,ab,home,18,1,1
19259265,374700,11402,KCab-p,ab,home,3,1,1
19259599,375168,11402,KCab-c,ab,home,4,1,1
19297756,500003,10704,KCab-s,ab,home,2,1,1
19297758,500003,11402,KCab-s,ab,home,12,1,1
19299316,500140,10704,KCab-s,ab,home,1,1,1
19299319,500140,11402,KCab-s,ab,home,8,1,1
19299519,500143,10704,KCab-s,ab,home,3,1,1
19299522,500143,11402,KCab-s,ab,home,13,1,1
19299820,500161,10704,KCab-s,ab,home,1,1,1
19299822,500161,11402,KCab-s,ab,home,13,1,1
19489512,513175,10704,KCg-m,gamma,home,13,1,1
19489528,513175,18713,KCg-m,gamma,away,15,1,1
19489530,513175,19267,KCg-m,gamma,away,14,1,1
19591253,514004,10704,KCg-m,gamma,home,11,1,1
19591268,514004,18713,KCg-m,gamma,away,17,1,1
19591270,514004,19267,KCg-m,gamma,away,14,1,1
19599351,514066,18713,KCa'b'-ap2,apbp,away,18,1,0
19599352,514066,19267,KCa'b'-ap2,apbp,away,2,1,0
20061179,518333,10704,KCa'b'-ap1,apbp,home,1,1,1
20061190,518333,18713,KCa'b'-ap1,apbp,away,11,1,0
20061191,518333,19267,KCa'b'-ap1,apbp,away,12,1,0
20084252,518554,10704,KCab-s,ab,home,1,1,1
20084254,518554,11402,KCab-s,ab,home,2,1,1
20084441,518555,11402,KCg-m,gamma,home,34,1,1
20084453,518555,21242,KCg-m,gamma,away,15,1,1
20084733,518555,523060,KCg-m,gamma,away,21,1,1
20129424,518959,11402,KCab-s,ab,home,9,1,1
20243414,519854,11402,KCg-m,gamma,home,22,1,1
20243427,519854,21242,KCg-m,gamma,away,11,1,1
20243690,519854,523060,KCg-m,gamma,away,16,1,1
20243717,519857,11402,KCg-m,gamma,home,15,1,1
20243728,519857,21242,KCg-m,gamma,away,10,1,1
20243949,519857,523060,KCg-m,gamma,away,17,1,1
20302849,520183,11402,KCab-s,ab,home,10,1,1
20303058,520185,21242,KCa'b'-ap2,apbp,away,16,1,0
20303231,520185,523060,KCa'b'-ap2,apbp,away,15,1,0
20308802,520204,11402,KCg-d,gamma,home,31,1,1
20308818,520204,21242,KCg-d,gamma,away,8,1,1
20308978,520204,523060,KCg-d,gamma,away,8,1,1
20309430,520206,11402,KCg-d,gamma,home,40,1,1
20309456,520206,21242,KCg-d,gamma,away,24,1,1
20309837,520206,523060,KCg-d,gamma,away,41,1,1
20390907,520823,10704,KCab-s,ab,home,1,1,1
20390911,520823,11402,KCab-s,ab,home,5,1,1
20459252,521384,11402,KCg-m,gamma,home,18,1,1
20459264,521384,21242,KCg-m,gamma,away,11,1,1
20459497,521384,523060,KCg-m,gamma,away,12,1,1
20515393,521781,11402,KCab-s,ab,home,4,1,1
20595528,522981,10704,KCg-m,gamma,home,12,1,1
20595548,522981,18713,KCg-m,gamma,away,21,1,1
20595549,522981,19267,KCg-m,gamma,away,14,1,1
20606461,523057,11402,KCg-m,gamma,home,28,1,1
20606476,523057,21242,KCg-m,gamma,away,15,1,1
20606705,523057,523060,KCg-m,gamma,away,17,1,1
20611957,523358,11402,KCg-m,gamma,home,20,1,1
20611969,523358,21242,KCg-m,gamma,away,11,1,1
20612235,523358,523060,KCg-m,gamma,away,11,1,1
20650169,523630,11402,KCg-m,gamma,home,20,1,1
20650181,523630,21242,KCg-m,gamma,away,14,1,1
20650423,523630,523060,KCg-m,gamma,away,16,1,1
20753075,524455,10704,KCg-d,gamma,home,15,1,1
20753090,524455,18713,KCg-d,gamma,away,9,1,1
20753091,524455,19267,KCg-d,gamma,away,12,1,1
20793259,524809,11402,KCg-m,gamma,home,19,1,1
20793270,524809,19267,KCg-m,gamma,away,1,1,1
20793271,524809,21242,KCg-m,gamma,away,4,1,1
20793513,524809,523060,KCg-m,gamma,away,11,1,1
20797111,524851,11402,KCg-m,gamma,home,25,1,1
20797122,524851,21242,KCg-m,gamma,away,8,1,1
20797391,524851,523060,KCg-m,gamma,away,9,1,1
20838169,525305,11402,KCg-m,gamma,home,22,1,1
20838183,525305,19267,KCg-m,gamma,away,1,1,1
20838185,525305,21242,KCg-m,gamma,away,19,1,1
20838443,525305,523060,KCg-m,gamma,away,21,1,1
20869823,525662,18713,KCa'b'-m,apbp,away,9,1,0
20869825,525662,19267,KCa'b'-m,apbp,away,5,1,0
20936561,526670,11402,KCg-m,gamma,home,24,1,1
20936572,526670,21242,KCg-m,gamma,away,9,1,1
20936821,526670,523060,KCg-m,gamma,away,22,1,1
20938321,526720,18713,KCa'b'-ap2,apbp,away,10,1,0
20938322,526720,19267,KCa'b'-ap2,apbp,away,13,1,0
20938482,526724,10704,KCa'b'-ap1,apbp,home,2,1,1
20938486,526724,11402,KCa'b'-ap1,apbp,home,1,1,1
20938492,526724,18713,KCa'b'-ap1,apbp,away,10,1,0
20938493,526724,19267,KCa'b'-ap1,apbp,away,16,1,0
20947595,526900,11402,KCg-d,gamma,home,22,1,1
20947607,526900,21242,KCg-d,gamma,away,14,1,1
20947743,526900,523060,KCg-d,gamma,away,10,1,1
20968522,527209,11402,KCg-m,gamma,home,18,1,1
20968533,527209,21242,KCg-m,gamma,away,16,1,1
20968750,527209,523060,KCg-m,gamma,away,19,1,1
20968775,527211,11402,KCg-m,gamma,home,19,1,1
20968787,527211,21242,KCg-m,gamma,away,6,1,1
20969034,527211,523060,KCg-m,gamma,away,10,1,1
21015058,529039,11402,KCab-c,ab,home,7,1,1
21015242,529041,10704,KCab-s,ab,home,2,1,1
21015244,529041,11402,KCab-s,ab,home,12,1,1
21041209,529371,10704,KCg-m,gamma,home,16,1,1
21041230,529371,18713,KCg-m,gamma,away,18,1,1
21041231,529371,19267,KCg-m,gamma,away,14,1,1
21055340,529490,21242,KCa'b'-ap1,apbp,away,20,1,0
21055464,529490,523060,KCa'b'-ap1,apbp,away,9,1,0
21146278,530565,21242,KCa'b'-ap2,apbp,away,17,1,0
21146457,530565,523060,KCa'b'-ap2,apbp,away,24,1,0
21190570,531096,10704,KCab-p,ab,home,5,1,1
21214824,531346,10704,KCg-m,gamma,home,13,1,1
21214841,531346,18713,KCg-m,gamma,away,7,1,1
21214842,531346,19267,KCg-m,gamma,away,8,1,1
21223470,531428,11402,KCg-d,gamma,home,24,1,1
21223486,531428,21242,KCg-d,gamma,away,7,1,1
21223642,531428,523060,KCg-d,gamma,away,20,1,1
21298162,532284,10704,KCg-m,gamma,home,16,1,1
21298178,532284,18713,KCg-m,gamma,away,18,1,1
21298180,532284,19267,KCg-m,gamma,away,17,1,1
21298448,532287,10704,KCab-s,ab,home,1,1,1
21298449,532287,11402,KCab-s,ab,home,8,1,1
21298664,532290,11402,KCab-s,ab,home,7,1,1
21317061,532544,11402,KCg-m,gamma,home,17,1,1
21317073,532544,21242,KCg-m,gamma,away,11,1,1
21317352,532544,523060,KCg-m,gamma,away,25,1,1
21361511,533081,10704,KCab-s,ab,home,1,1,1
21361513,533081,11402,KCab-s,ab,home,5,1,1
21371886,533201,11402,KCg-m,gamma,home,21,1,1
21371898,533201,21242,KCg-m,gamma,away,19,1,1
21372187,533201,523060,KCg-m,gamma,away,20,1,1
21372802,533211,11402,KCab-p,ab,home,8,1,1
21373448,533220,11402,KCg-d,gamma,home,17,1,1
21373463,533220,21242,KCg-d,gamma,away,16,1,1
21373630,533220,523060,KCg-d,gamma,away,9,1,1
21381997,533345,11402,KCg-d,gamma,home,27,1,1
21382017,533345,21242,KCg-d,gamma,away,8,1,1
21382223,533345,523060,KCg-d,gamma,away,26,1,1
21382249,533346,11402,KCg-m,gamma,home,20,1,1
21382262,533346,21242,KCg-m,gamma,away,9,1,1
21382523,533346,523060,KCg-m,gamma,away,13,1,1
21384541,533371,11402,KCg-m,gamma,home,28,1,1
21384552,533371,21242,KCg-m,gamma,away,10,1,1
21384809,533371,523060,KCg-m,gamma,away,10,1,1
21401063,533585,11402,KCg-m,gamma,home,24,1,1
21401075,533585,21242,KCg-m,gamma,away,10,1,1
21401318,533585,523060,KCg-m,gamma,away,16,1,1
21448468,534136,21242,KCa'b'-ap1,apbp,away,20,1,0
21448600,534136,523060,KCa'b'-ap1,apbp,away,16,1,0
21466896,534428,11402,KCg-m,gamma,home,13,1,1
21466908,534428,21242,KCg-m,gamma,away,8,1,1
21467155,534428,523060,KCg-m,gamma,away,12,1,1
21476062,534582,10704,KCg-m,gamma,home,10,1,1
21476083,534582,18713,KCg-m,gamma,away,16,1,1
21476084,534582,19267,KCg-m,gamma,away,26,1,1
21486300,534786,11402,KCg-d,gamma,home,27,1,1
21486313,534786,21242,KCg-d,gamma,away,13,1,1
21486456,534786,523060,KCg-d,gamma,away,20,1,1
21498083,534983,10704,KCab-s,ab,home,2,1,1
21498084,534983,11402,KCab-s,ab,home,9,1,1
21518452,535357,11402,KCg-m,gamma,home,21,1,1
21518461,535357,21242,KCg-m,gamma,away,11,1,1
21518682,535357,523060,KCg-m,gamma,away,16,1,1
21538153,535720,11402,KCg-d,gamma,home,18,1,1
21538170,535720,21242,KCg-d,gamma,away,5,1,1
21538330,535720,523060,KCg-d,gamma,away,12,1,1
21541621,535795,10704,KCg-d,gamma,home,13,1,1
21541636,535795,18713,KCg-d,gamma,away,17,1,1
21541637,535795,19267,KCg-d,gamma,away,21,1,1
21541832,535798,11402,KCa'b'-ap1,apbp,home,1,1,1
21541843,535798,21242,KCa'b'-ap1,apbp,away,20,1,0
21541983,535798,523060,KCa'b'-ap1,apbp,away,12,1,0
21552193,536046,10704,KCg-m,gamma,home,10,1,1
21552208,536046,18713,KCg-m,gamma,away,11,1,1
21552210,536046,19267,KCg-m,gamma,away,18,1,1
21571471,536289,11402,KCab-s,ab,home,4,1,1
21571688,536292,11402,KCg-m,gamma,home,21,1,1
21571700,536292,21242,KCg-m,gamma,away,15,1,1
21571965,536292,523060,KCg-m,gamma,away,20,1,1
21575543,536363,11402,KCg-d,gamma,home,34,1,1
21575556,536363,21242,KCg-d,gamma,away,18,1,1
21575761,536363,523060,KCg-d,gamma,away,11,1,1
21612397,537061,10704,KCab-s,ab,home,1,1,1
21612398,537061,11402,KCab-s,ab,home,11,1,1
21613199,537082,11402,KCg-m,gamma,home,16,1,1
21613208,537082,21242,KCg-m,gamma,away,16,1,1
21613473,537082,523060,KCg-m,gamma,away,10,1,1
21613717,537090,10704,KCg-d,gamma,home,15,1,1
21613733,537090,18713,KCg-d,gamma,away,13,1,1
21613734,537090,19267,KCg-d,gamma,away,22,1,1
21614113,537099,10704,KCg-m,gamma,home,12,1,1
21614132,537099,18713,KCg-m,gamma,away,10,1,1
21614134,537099,19267,KCg-m,gamma,away,7,1,1
21625744,537458,10704,KCg-m,gamma,home,14,1,1
21625762,537458,18713,KCg-m,gamma,away,18,1,1
21625763,537458,19267,KCg-m,gamma,away,14,1,1
21634266,537652,11402,KCg-m,gamma,home,12,1,1
21634272,537652,21242,KCg-m,gamma,away,8,1,1
21634497,537652,523060,KCg-m,gamma,away,15,1,1
21637968,537759,11402,KCg-m,gamma,home,28,1,1
21637984,537759,21242,KCg-m,gamma,away,12,1,1
21638182,537759,523060,KCg-m,gamma,away,11,1,1
21656299,538096,10704,KCg-m,gamma,home,9,1,1
21656317,538096,18713,KCg-m,gamma,away,18,1,1
21656318,538096,19267,KCg-m,gamma,away,22,1,1
21673785,539245,10704,KCg-m,gamma,home,14,1,1
21673801,539245,18713,KCg-m,gamma,away,19,1,1
21673802,539245,19267,KCg-m,gamma,away,14,1,1
21674391,539249,11402,KCg-m,gamma,home,13,1,1
21674402,539249,21242,KCg-m,gamma,away,22,1,1
21674656,539249,523060,KCg-m,gamma,away,17,1,1
21682995,539367,18713,KCa'b'-m,apbp,away,9,1,0
21682997,539367,19267,KCa'b'-m,apbp,away,16,1,0
21683883,539381,11402,KCab-s,ab,home,12,1,1
21693344,539583,21242,KCa'b'-ap1,apbp,away,17,1,0
21693505,539583,523060,KCa'b'-ap1,apbp,away,13,1,0
21709967,539948,10704,KCg-m,gamma,home,8,1,1
21709985,539948,18713,KCg-m,gamma,away,15,1,1
21709986,539948,19267,KCg-m,gamma,away,14,1,1
21727904,540535,10704,KCg-m,gamma,home,9,1,1
21727922,540535,18713,KCg-m,gamma,away,22,1,1
21727923,540535,19267,KCg-m,gamma,away,11,1,1
21743671,541683,11402,KCg-m,gamma,home,26,1,1
21743684,541683,21242,KCg-m,gamma,away,6,1,1
21743912,541683,523060,KCg-m,gamma,away,13,1,1
21744738,541716,11402,KCg-m,gamma,home,20,1,1
21744748,541716,18713,KCg-m,gamma,away,1,1,1
21744749,541716,21242,KCg-m,gamma,away,11,1,1
21744981,541716,523060,KCg-m,gamma,away,20,1,1
21753223,541882,18713,KCa'b'-ap1,apbp,away,12,1,0
21753224,541882,19267,KCa'b'-ap1,apbp,away,16,1,0
21760756,542101,18713,KCa'b'-ap2,apbp,away,7,1,0
21760757,542101,19267,KCa'b'-ap2,apbp,away,1,1,0
21761215,542106,11402,KCa'b'-m,apbp,home,4,1,1
21761222,542106,18713,KCa'b'-m,apbp,away,17,1,0
21761224,542106,19267,KCa'b'-m,apbp,away,4,1,0
21797952,542818,10704,KCg-d,gamma,home,7,1,1
21797969,542818,18713,KCg-d,gamma,away,15,1,1
21797970,542818,19267,KCg-d,gamma,away,18,1,1
21808593,543037,10704,KCg-m,gamma,home,20,1,1
21808611,543037,18713,KCg-m,gamma,away,10,1,1
21808612,543037,19267,KCg-m,gamma,away,11,1,1
21833977,543571,10704,KCg-m,gamma,home,10,1,1
21833994,543571,18713,KCg-m,gamma,away,13,1,1
21833995,543571,19267,KCg-m,gamma,away,17,1,1
21835639,543605,11402,KCg-m,gamma,home,26,1,1
21835651,543605,21242,KCg-m,gamma,away,7,1,1
21835863,543605,523060,KCg-m,gamma,away,4,1,1
21837558,543682,11402,KCg-m,gamma,home,19,1,1
21837570,543682,21242,KCg-m,gamma,away,7,1,1
21837821,543682,523060,KCg-m,gamma,away,12,1,1
21848520,543948,11402,KCg-m,gamma,home,25,1,1
21848530,543948,21242,KCg-m,gamma,away,7,1,1
21848798,543948,523060,KCg-m,gamma,away,12,1,1
21869405,544476,10704,KCab-s,ab,home,1,1,1
21869408,544476,11402,KCab-s,ab,home,6,1,1
21875564,544634,10704,KCg-m,gamma,home,19,1,1
21875583,544634,18713,KCg-m,gamma,away,22,1,1
21875584,544634,19267,KCg-m,gamma,away,20,1,1
21879676,544736,11402,KCg-m,gamma,home,22,1,1
21879685,544736,21242,KCg-m,gamma,away,5,1,1
21879928,544736,523060,KCg-m,gamma,away,9,1,1
21883039,544813,10704,KCab-m,ab,home,13,1,1
21883044,544813,11402,KCab-m,ab,home,2,1,1
21893152,545066,11402,KCab-m,ab,home,4,1,1
21903958,545415,10704,KCab-s,ab,home,9,1,1
21903961,545415,11402,KCab-s,ab,home,2,1,1
21908940,545597,18713,KCa'b'-ap2,apbp,away,15,1,0
21908941,545597,19267,KCa'b'-ap2,apbp,away,11,1,0
21911044,545674,10704,KCg-m,gamma,home,10,1,1
21911060,545674,18713,KCg-m,gamma,away,6,1,1
21911062,545674,19267,KCg-m,gamma,away,13,1,1
21914102,545809,11402,KCab-s,ab,home,9,1,1
21929920,546275,10704,KCab-p,ab,home,3,1,1
21944866,546905,11402,KCab-p,ab,home,4,1,1
21946316,546981,10704,KCg-m,gamma,home,15,1,1
21946338,546981,18713,KCg-m,gamma,away,20,1,1
21946339,546981,19267,KCg-m,gamma,away,14,1,1
21952515,547275,11402,KCg-m,gamma,home,28,1,1
21952530,547275,21242,KCg-m,gamma,away,14,1,1
21952813,547275,523060,KCg-m,gamma,away,18,1,1
21952837,547276,11402,KCg-m,gamma,home,21,1,1
21952850,547276,21242,KCg-m,gamma,away,11,1,1
21953083,547276,523060,KCg-m,gamma,away,25,1,1
21953104,547293,18713,KCa'b'-m,apbp,away,13,1,0
21953106,547293,19267,KCa'b'-m,apbp,away,6,1,0
21959464,547586,11402,KCab-c,ab,home,3,1,1
21977604,548340,10704,KCab-m,ab,home,8,1,1
21980081,548435,10704,KCa'b'-m,apbp,home,1,1,1
21980092,548435,21242,KCa'b'-m,apbp,away,13,1,0
21980252,548435,523060,KCa'b'-m,apbp,away,20,1,0
21983733,548595,10704,KCg-m,gamma,home,14,1,1
21983750,548595,18713,KCg-m,gamma,away,14,1,1
21983751,548595,19267,KCg-m,gamma,away,17,1,1
21984968,548654,11402,KCa'b'-ap2,apbp,home,3,1,1
21984978,548654,18713,KCa'b'-ap2,apbp,away,11,1,0
21984980,548654,19267,KCa'b'-ap2,apbp,away,4,1,0
22001674,549323,10704,KCab-m,ab,home,8,1,1
22001678,549323,11402,KCab-m,ab,home,1,1,1
22002610,549344,11402,KCa'b'-ap2,apbp,home,1,1,1
22002619,549344,18713,KCa'b'-ap2,apbp,away,13,1,0
22002620,549344,19267,KCa'b'-ap2,apbp,away,4,1,0
22027231,550362,11402,KCab-s,ab,home,9,1,1
22027537,550365,10704,KCab-m,ab,home,3,1,1
22027934,550378,10704,KCab-s,ab,home,3,1,1
22029008,550403,11402,KCab-s,ab,home,10,1,1
22032404,550530,10704,KCab-m,ab,home,6,1,1
22033157,550557,10704,KCab-c,ab,home,7,1,1
22033160,550557,11402,KCab-c,ab,home,1,1,1
22034363,550598,11402,KCab-s,ab,home,9,1,1
22036279,550671,10704,KCab-c,ab,home,4,1,1
22040172,550753,11402,KCab-m,ab,home,5,1,1
22041212,550775,11402,KCab-m,ab,home,7,1,1
22043736,550868,11402,KCg-m,gamma,home,17,1,1
22043745,550868,21242,KCg-m,gamma,away,15,1,1
22043982,550868,523060,KCg-m,gamma,away,23,1,1
22046372,550950,10704,KCab-s,ab,home,1,1,1
22046374,550950,11402,KCab-s,ab,home,13,1,1
22054061,551264,10704,KCab-s,ab,home,4,1,1
22057001,551434,10704,KCa'b'-m,apbp,home,1,1,1
22057014,551434,18713,KCa'b'-m,apbp,away,15,1,0
22057016,551434,19267,KCa'b'-m,apbp,away,4,1,0
22057199,551436,11402,KCa'b'-ap2,apbp,home,2,1,1
22057209,551436,18713,KCa'b'-ap2,apbp,away,12,1,0
22057210,551436,19267,KCa'b'-ap2,apbp,away,6,1,0
22058591,551561,10704,KCab-s,ab,home,1,1,1
22058593,551561,11402,KCab-s,ab,home,8,1,1
22061081,551700,10704,KCab-s,ab,home,4,1,1
22067330,552080,18713,KCa'b'-ap2,apbp,away,14,1,0
22067331,552080,19267,KCa'b'-ap2,apbp,away,14,1,0
22068114,552118,10704,KCg-m,gamma,home,19,1,1
22068132,552118,18713,KCg-m,gamma,away,12,1,1
22068134,552118,19267,KCg-m,gamma,away,11,1,1
22074709,552553,11402,KCab-p,ab,home,4,1,1
22077235,552693,11402,KCg-m,gamma,home,20,1,1
22077249,552693,21242,KCg-m,gamma,away,12,1,1
22077462,552693,523060,KCg-m,gamma,away,17,1,1
22080541,552867,11402,KCg-m,gamma,home,14,1,1
22080554,552867,21242,KCg-m,gamma,away,9,1,1
22080788,552867,523060,KCg-m,gamma,away,21,1,1
22082574,553058,10704,KCab-c,ab,home,2,1,1
22087469,553483,10704,KCg-d,gamma,home,9,1,1
22087485,553483,18713,KCg-d,gamma,away,13,1,1
22087486,553483,19267,KCg-d,gamma,away,12,1,1
22088949,553756,18713,KCa'b'-ap1,apbp,away,9,1,0
22088950,553756,19267,KCa'b'-ap1,apbp,away,4,1,0
22138018,556005,10704,KCg-d,gamma,home,16,1,1
22138041,556005,18713,KCg-d,gamma,away,20,1,1
22138042,556005,19267,KCg-d,gamma,away,28,1,1
22230099,561474,21242,KCa'b'-ap1,apbp,away,18,1,0
22230235,561474,523060,KCa'b'-ap1,apbp,away,14,1,0
22237598,562916,18713,KCa'b'-ap1,apbp,away,10,1,0
22237599,562916,19267,KCa'b'-ap1,apbp,away,15,1,0
22249364,564952,11402,KCa'b'-m,apbp,home,2,1,1
22249371,564952,18713,KCa'b'-m,apbp,away,10,1,0
22249373,564952,19267,KCa'b'-m,apbp,away,7,1,0
22255192,566092,11402,KCg-m,gamma,home,28,1,1
22255200,566092,21242,KCg-m,gamma,away,14,1,1
22255474,566092,523060,KCg-m,gamma,away,9,1,1
22255499,566095,11402,KCg-m,gamma,home,20,1,1
22255512,566095,21242,KCg-m,gamma,away,10,1,1
22255731,566095,523060,KCg-m,gamma,away,10,1,1
22255759,566096,11402,KCg-m,gamma,home,15,1,1
22255772,566096,18713,KCg-m,gamma,away,1,1,1
22255773,566096,21242,KCg-m,gamma,away,8,1,1
22256016,566096,523060,KCg-m,gamma,away,12,1,1
22264770,567586,18713,KCa'b'-m,apbp,away,12,1,0
22264772,567586,19267,KCa'b'-m,apbp,away,11,1,0
22265785,567978,10704,KCg-m,gamma,home,12,1,1
22265801,567978,18713,KCg-m,gamma,away,18,1,1
22265802,567978,19267,KCg-m,gamma,away,19,1,1
22269676,568673,10704,KCab-m,ab,home,9,1,1
22272925,569213,11402,KCg-m,gamma,home,26,1,1
22272936,569213,21242,KCg-m,gamma,away,10,1,1
22273193,569213,523060,KCg-m,gamma,away,6,1,1
22274264,569417,11402,KCab-s,ab,home,10,1,1
22275601,569775,11402,KCg-m,gamma,home,18,1,1
22275615,569775,21242,KCg-m,gamma,away,18,1,1
22275878,569775,523060,KCg-m,gamma,away,21,1,1
22281637,570453,21242,KCa'b'-ap2,apbp,away,11,1,0
22281803,570453,523060,KCa'b'-ap2,apbp,away,14,1,0
22282381,570526,10704,KCg-m,gamma,home,14,1,1
22282399,570526,18713,KCg-m,gamma,away,12,1,1
22282400,570526,19267,KCg-m,gamma,away,14,1,1
22282862,570566,10704,KCab-m,ab,home,6,1,1
22284204,570938,10704,KCab-m,ab,home,1,1,1
22284206,570938,11402,KCab-m,ab,home,10,1,1
22287782,571903,10704,KCab-p,ab,home,6,1,1
22295161,575249,11402,KCa'b'-ap2,apbp,home,2,1,1
22295169,575249,18713,KCa'b'-ap2,apbp,away,11,1,0
22295171,575249,19267,KCa'b'-ap2,apbp,away,15,1,0
22295623,575260,11402,KCab-c,ab,home,6,1,1
22296719,575369,10704,KCab-s,ab,home,11,1,1
22296722,575369,11402,KCab-s,ab,home,1,1,1
22310080,579717,11402,KCg-m,gamma,home,16,1,1
22310092,579717,21242,KCg-m,gamma,away,10,1,1
22310329,579717,523060,KCg-m,gamma,away,16,1,1
22314600,579941,10704,KCab-c,ab,home,3,1,1
22314761,579942,10704,KCab-m,ab,home,7,1,1
22317758,580088,10704,KCab-s,ab,home,5,1,1
22321757,580215,10704,KCg-m,gamma,home,12,1,1
22321776,580215,18713,KCg-m,gamma,away,20,1,1
22321777,580215,19267,KCg-m,gamma,away,13,1,1
22326663,580386,10704,KCab-m,ab,home,5,1,1
22326667,580386,11402,KCab-m,ab,home,1,1,1
22328626,580421,21242,KCa'b'-ap2,apbp,away,15,1,0
22328813,580421,523060,KCa'b'-ap2,apbp,away,18,1,0
22333832,580598,10704,KCab-c,ab,home,7,1,1
22334672,580622,10704,KCg-m,gamma,home,12,1,1
22334687,580622,18713,KCg-m,gamma,away,25,1,1
22334688,580622,19267,KCg-m,gamma,away,18,1,1
22335281,580641,10704,KCg-m,gamma,home,18,1,1
22335301,580641,18713,KCg-m,gamma,away,10,1,1
22335302,580641,19267,KCg-m,gamma,away,8,1,1
22339725,580809,10704,KCab-m,ab,home,8,1,1
22346833,581043,10704,KCg-m,gamma,home,13,1,1
22346851,581043,18713,KCg-m,gamma,away,25,1,1
22346853,581043,19267,KCg-m,gamma,away,14,1,1
22346855,581043,21242,KCg-m,gamma,away,1,1,1
22352589,581228,10704,KCab-c,ab,home,13,1,1
22355085,581328,10704,KCg-m,gamma,home,16,1,1
22355098,581328,18713,KCg-m,gamma,away,14,1,1
22355099,581328,19267,KCg-m,gamma,away,14,1,1
22357607,581393,10704,KCab-m,ab,home,6,1,1
22357610,581393,11402,KCab-m,ab,home,1,1,1
22361189,583848,11402,KCg-m,gamma,home,21,1,1
22361199,583848,21242,KCg-m,gamma,away,7,1,1
22361432,583848,523060,KCg-m,gamma,away,15,1,1
22361467,583851,18713,KCa'b'-ap2,apbp,away,6,1,0
22361468,583851,19267,KCa'b'-ap2,apbp,away,7,1,0
22361701,583883,11402,KCg-m,gamma,home,23,1,1
22361715,583883,21242,KCg-m,gamma,away,12,1,1
22361921,583883,523060,KCg-m,gamma,away,11,1,1
22368533,591438,11402,KCg-m,gamma,home,15,1,1
22368547,591438,21242,KCg-m,gamma,away,10,1,1
22368795,591438,523060,KCg-m,gamma,away,12,1,1
24847122,901937,10704,KCab-p,ab,home,3,1,1
25377991,915829,10704,KCab-m,ab,home,9,1,1
25378261,915893,10704,KCab-p,ab,home,6,1,1
25383441,918516,11402,KCab-s,ab,home,11,1,1
25385717,919290,10704,KCab-c,ab,home,6,1,1
25398025,923406,11402,KCab-s,ab,home,6,1,1
25480748,945591,10704,KCab-m,ab,home,10,1,1
25481884,946152,10704,KCab-s,ab,home,1,1,1
25481886,946152,11402,KCab-s,ab,home,6,1,1
25487535,953362,10704,KCab-m,ab,home,8,1,1
25487539,953362,11402,KCab-m,ab,home,1,1,1
