panel,seed_set,game,seed,target_body_id,phase,family,due_edge_events,accepted_edge_events,accepted_increment,discarded_increment,same_step_increment,conditional_g_spike_reset,conditional_g_decay_loss
original,base,4362,4404,11327,0-100ms,gamma,524,466,346.3625103831291,39.875001043081284,5.225000098347664,124.24738874726208,211.90097753058598
original,base,4362,4404,11327,0-100ms,apbp,1,0,0.0,0.13750000298023224,0.0,0.0,0.0
original,base,4362,4404,11327,0-100ms,ab,82,72,28.18750098347664,3.8500001579523087,0.0,6.200395693782676,21.26406200856346
original,base,4362,4404,11327,0-100ms,other,0,0,0.0,0.0,0.0,0.0,0.0
original,base,4362,4404,11327,100-130ms,gamma,220,184,135.16250410676003,24.200000554323196,0.4125000238418579,55.611297139840445,78.28530122069623
original,base,4362,4404,11327,100-130ms,apbp,0,0,0.0,0.0,0.0,0.0,0.0
original,base,4362,4404,11327,100-130ms,ab,35,28,10.450000286102295,2.8875001072883606,0.2750000059604645,5.002479446141383,4.980627449963084
original,base,4362,4404,11327,100-130ms,other,0,0,0.0,0.0,0.0,0.0,0.0
original,base,4362,4404,11327,130-300ms,gamma,1299,1090,799.0125244706869,149.6000044196844,13.887500554323196,312.1495333905892,498.34304093160205
original,base,4362,4404,11327,130-300ms,apbp,5,5,0.6875000149011612,0.0,0.13750000298023224,0.44881632620366824,0.238683688697493
original,base,4362,4404,11327,130-300ms,ab,209,182,74.38750250637531,12.237500369548798,0.8250000476837158,26.92198790604477,48.65545127145887
original,base,4362,4404,11327,130-300ms,other,0,0,0.0,0.0,0.0,0.0,0.0
original,base,4362,4404,11327,300-400ms,gamma,25,23,13.337500348687172,1.9250000715255737,0.0,0.0,13.337500303777173
original,base,4362,4404,11327,300-400ms,apbp,0,0,0.0,0.0,0.0,0.0,0.0
original,base,4362,4404,11327,300-400ms,ab,4,4,2.200000062584877,0.0,0.0,0.0,2.2000000558415866
original,base,4362,4404,11327,300-400ms,other,0,0,0.0,0.0,0.0,0.0,0.0
original,base,4362,4404,11900,0-100ms,gamma,518,447,329.587510406971,53.76250176131725,5.775000214576721,102.20547616473658,216.33617158033275
original,base,4362,4404,11900,0-100ms,apbp,0,0,0.0,0.0,0.0,0.0,0.0
original,base,4362,4404,11900,0-100ms,ab,81,72,28.87500098347664,3.3000001162290573,1.100000023841858,7.93181024697116,20.465766966406743
original,base,4362,4404,11900,0-100ms,other,0,0,0.0,0.0,0.0,0.0,0.0
original,base,4362,4404,11900,100-130ms,gamma,222,182,132.687504529953,27.637500911951065,2.337500125169754,56.79581684633543,76.51113679513729
original,base,4362,4404,11900,100-130ms,apbp,0,0,0.0,0.0,0.0,0.0,0.0
original,base,4362,4404,11900,100-130ms,ab,37,29,15.12500049173832,2.887500077486038,0.9625000357627869,5.67914893881953,7.024007214572755
original,base,4362,4404,11900,100-130ms,other,0,0,0.0,0.0,0.0,0.0,0.0
original,base,4362,4404,11900,130-300ms,gamma,1302,1124,852.0875273942947,135.4375043809414,13.750000476837158,341.5781905844921,520.9357503601846
original,base,4362,4404,11900,130-300ms,apbp,0,0,0.0,0.0,0.0,0.0,0.0
original,base,4362,4404,11900,130-300ms,ab,198,169,62.97500218451023,12.787500396370888,1.100000023841858,24.43183570789597,41.44243458505902
original,base,4362,4404,11900,130-300ms,other,0,0,0.0,0.0,0.0,0.0,0.0
original,base,4362,4404,11900,300-400ms,gamma,26,14,10.312500357627869,9.07500022649765,0.0,0.0,10.312500316990034
original,base,4362,4404,11900,300-400ms,apbp,0,0,0.0,0.0,0.0,0.0,0.0
original,base,4362,4404,11900,300-400ms,ab,4,3,0.6875000298023224,0.13750000298023224,0.0,0.0,0.6875000273580387
original,base,4362,4404,11900,300-400ms,other,0,0,0.0,0.0,0.0,0.0,0.0
original,alt,4362,1004404,11327,0-100ms,gamma,512,439,319.96250949800014,56.78750169277191,4.125000104308128,86.35118061665926,215.17042975262365
original,alt,4362,1004404,11327,0-100ms,apbp,0,0,0.0,0.0,0.0,0.0,0.0
original,alt,4362,1004404,11327,0-100ms,ab,91,83,38.500001326203346,3.0250000804662704,0.0,12.127166537485392,23.502983987880988
original,alt,4362,1004404,11327,0-100ms,other,0,0,0.0,0.0,0.0,0.0,0.0
original,alt,4362,1004404,11327,100-130ms,gamma,201,177,126.7750036418438,19.11250066757202,2.8875001072883606,57.21131977103241,88.00458299952862
original,alt,4362,1004404,11327,100-130ms,apbp,0,0,0.0,0.0,0.0,0.0,0.0
original,alt,4362,1004404,11327,100-130ms,ab,28,24,9.075000241398811,2.200000077486038,0.9625000357627869,3.3676461699978915,8.577204872237886
original,alt,4362,1004404,11327,100-130ms,other,0,0,0.0,0.0,0.0,0.0,0.0
original,alt,4362,1004404,11327,130-300ms,gamma,1069,923,652.3000193983316,107.52500341832638,9.212500214576721,209.4835349315106,442.0238331337064
original,alt,4362,1004404,11327,130-300ms,apbp,4,4,0.550000011920929,0.0,0.0,0.24484521383421376,0.3051547980867153
original,alt,4362,1004404,11327,130-300ms,ab,155,142,57.88750183582306,5.3625002056360245,0.6875,16.682432956736204,41.20506887908685
original,alt,4362,1004404,11327,130-300ms,other,0,0,0.0,0.0,0.0,0.0,0.0
original,alt,4362,1004404,11327,300-400ms,gamma,56,56,39.462501019239426,0.0,0.0,0.0,40.25515220133948
original,alt,4362,1004404,11327,300-400ms,apbp,0,0,0.0,0.0,0.0,0.0,0.0
original,alt,4362,1004404,11327,300-400ms,ab,7,7,4.262500122189522,0.0,0.0,0.0,4.262500102775525
original,alt,4362,1004404,11327,300-400ms,other,0,0,0.0,0.0,0.0,0.0,0.0
original,alt,4362,1004404,11900,0-100ms,gamma,509,451,337.28751070797443,43.31250137090683,5.637500181794167,94.35713238643422,226.64966459679988
original,alt,4362,1004404,11900,0-100ms,apbp,0,0,0.0,0.0,0.0,0.0,0.0
original,alt,4362,1004404,11900,0-100ms,ab,89,78,34.512501269578934,5.637500151991844,0.0,9.023536888936874,21.758189684007764
original,alt,4362,1004404,11900,0-100ms,other,0,0,0.0,0.0,0.0,0.0,0.0
original,alt,4362,1004404,11900,100-130ms,gamma,200,173,120.31250409781933,22.96250069141388,3.1625001430511475,56.56307370904264,80.03014411351703
original,alt,4362,1004404,11900,100-130ms,apbp,0,0,0.0,0.0,0.0,0.0,0.0
original,alt,4362,1004404,11900,100-130ms,ab,29,27,11.000000312924385,0.6875000298023224,0.5500000268220901,4.027486520877714,10.703288488680965
original,alt,4362,1004404,11900,100-130ms,other,0,0,0.0,0.0,0.0,0.0,0.0
original,alt,4362,1004404,11900,130-300ms,gamma,1071,937,684.7500219345093,102.57500325143337,8.11250028014183,227.54937624388512,457.2006456906241
original,alt,4362,1004404,11900,130-300ms,apbp,0,0,0.0,0.0,0.0,0.0,0.0
original,alt,4362,1004404,11900,130-300ms,ab,155,135,52.11250175535679,9.90000031888485,0.0,12.840430276584495,39.27207147877229
original,alt,4362,1004404,11900,130-300ms,other,0,0,0.0,0.0,0.0,0.0,0.0
original,alt,4362,1004404,11900,300-400ms,gamma,55,35,28.187500655651093,13.750000387430191,0.0,0.0,28.1875005246721
original,alt,4362,1004404,11900,300-400ms,apbp,0,0,0.0,0.0,0.0,0.0,0.0
original,alt,4362,1004404,11900,300-400ms,ab,5,4,1.1000000536441803,0.2750000059604645,0.0,0.0,1.1000000490540383
original,alt,4362,1004404,11900,300-400ms,other,0,0,0.0,0.0,0.0,0.0,0.0
original,base,4366,4408,11327,0-100ms,gamma,320,288,220.96250665187836,21.725000619888306,0.4125000089406967,42.28458690591703,170.10697627504268
original,base,4366,4408,11327,0-100ms,apbp,1,1,0.13750000298023224,0.0,0.0,0.015235434605040019,0.12226456837519221
original,base,4366,4408,11327,0-100ms,ab,66,62,30.66250115633011,1.650000050663948,0.2750000059604645,6.850526686915378,23.34201116991353
original,base,4366,4408,11327,0-100ms,other,0,0,0.0,0.0,0.0,0.0,0.0
original,base,4366,4408,11327,100-130ms,gamma,102,90,70.53750219941139,8.250000238418579,0.4125000238418579,16.652070344072264,54.19434717828156
original,base,4366,4408,11327,100-130ms,apbp,0,0,0.0,0.0,0.0,0.0,0.0
original,base,4366,4408,11327,100-130ms,ab,26,23,10.037500366568565,1.3750000596046448,0.0,1.2121839884864032,7.110464602679473
original,base,4366,4408,11327,100-130ms,other,0,0,0.0,0.0,0.0,0.0,0.0
original,base,4366,4408,11327,130-300ms,gamma,821,733,546.4250168651342,68.61250239610672,5.362500160932541,133.4306937456103,410.1229301721535
original,base,4366,4408,11327,130-300ms,apbp,0,0,0.0,0.0,0.0,0.0,0.0
original,base,4366,4408,11327,130-300ms,ab,185,161,76.72500260174274,9.762500286102295,0.8250000327825546,22.102999065514098,55.82966394915452
original,base,4366,4408,11327,130-300ms,other,0,0,0.0,0.0,0.0,0.0,0.0
original,base,4366,4408,11327,300-400ms,gamma,14,14,8.800000309944153,0.0,0.0,0.0,19.933421351755417
original,base,4366,4408,11327,300-400ms,apbp,0,0,0.0,0.0,0.0,0.0,0.0
original,base,4366,4408,11327,300-400ms,ab,2,2,0.9625000357627869,0.0,0.0,0.0,1.9396546926181915
original,base,4366,4408,11327,300-400ms,other,0,0,0.0,0.0,0.0,0.0,0.0
original,base,4366,4408,11900,0-100ms,gamma,317,295,219.86250652372837,16.087500423192978,3.4375001192092896,45.57208058816843,163.63643999363694
original,base,4366,4408,11900,0-100ms,apbp,0,0,0.0,0.0,0.0,0.0,0.0
original,base,4366,4408,11900,0-100ms,ab,57,52,19.250000566244125,2.062500089406967,0.9625000357627869,4.8940279184998285,13.310394605033839
original,base,4366,4408,11900,0-100ms,other,0,0,0.0,0.0,0.0,0.0,0.0
original,base,4366,4408,11900,100-130ms,gamma,101,101,72.73750212788582,0.0,0.0,0.0,68.72263888971858
original,base,4366,4408,11900,100-130ms,apbp,0,0,0.0,0.0,0.0,0.0,0.0
original,base,4366,4408,11900,100-130ms,ab,24,24,9.350000351667404,0.0,0.0,0.0,7.545131348874946
original,base,4366,4408,11900,100-130ms,other,0,0,0.0,0.0,0.0,0.0,0.0
original,base,4366,4408,11900,130-300ms,gamma,812,730,538.7250172644854,63.25000171363354,7.562500283122063,137.42703798469284,406.20775897421277
original,base,4366,4408,11900,130-300ms,apbp,0,0,0.0,0.0,0.0,0.0,0.0
original,base,4366,4408,11900,130-300ms,ab,166,142,50.60000155866146,11.825000390410423,0.2750000059604645,14.432043077339006,38.629119756298095
original,base,4366,4408,11900,130-300ms,other,0,0,0.0,0.0,0.0,0.0,0.0
original,base,4366,4408,11900,300-400ms,gamma,14,14,8.387500256299973,0.0,0.0,0.0,18.14656969222021
original,base,4366,4408,11900,300-400ms,apbp,0,0,0.0,0.0,0.0,0.0,0.0
original,base,4366,4408,11900,300-400ms,ab,2,2,1.237500011920929,0.0,0.0,0.0,1.6267857778104529
original,base,4366,4408,11900,300-400ms,other,0,0,0.0,0.0,0.0,0.0,0.0
original,alt,4366,1004408,11327,0-100ms,gamma,421,376,302.63750916719437,30.93750101327896,6.325000241398811,105.25594933021513,194.9209946057059
original,alt,4366,1004408,11327,0-100ms,apbp,0,0,0.0,0.0,0.0,0.0,0.0
original,alt,4366,1004408,11327,0-100ms,ab,93,88,46.200001776218414,2.4750000834465027,1.3750000596046448,17.735648065317122,28.464353710901296
original,alt,4366,1004408,11327,0-100ms,other,0,0,0.0,0.0,0.0,0.0,0.0
original,alt,4366,1004408,11327,100-130ms,gamma,194,175,114.40000347793102,14.712500378489494,0.2750000059604645,21.055765626009816,76.4722651403989
original,alt,4366,1004408,11327,100-130ms,apbp,0,0,0.0,0.0,0.0,0.0,0.0
original,alt,4366,1004408,11327,100-130ms,ab,40,35,16.362500593066216,2.4750000685453415,0.0,2.5616262241256917,9.646304586324884
original,alt,4366,1004408,11327,100-130ms,other,0,0,0.0,0.0,0.0,0.0,0.0
original,alt,4366,1004408,11327,130-300ms,gamma,655,595,434.77501353621483,43.45000125467777,3.8500001430511475,117.30499121896138,335.0349439456112
original,alt,4366,1004408,11327,130-300ms,apbp,1,1,0.13750000298023224,0.0,0.0,0.035290857596022615,0.10220914538420964
original,alt,4366,1004408,11327,130-300ms,ab,120,113,53.762501910328865,3.3000000715255737,0.0,15.900752702959219,41.799996323503315
original,alt,4366,1004408,11327,130-300ms,other,0,0,0.0,0.0,0.0,0.0,0.0
original,alt,4366,1004408,11327,300-400ms,gamma,20,20,14.712500423192978,0.0,0.0,0.0,16.480116676744036
original,alt,4366,1004408,11327,300-400ms,apbp,1,1,0.13750000298023224,0.0,0.0,0.0,0.1375000023742263
original,alt,4366,1004408,11327,300-400ms,ab,5,5,3.0250001698732376,0.0,0.0,0.0,3.241322824927598
original,alt,4366,1004408,11327,300-400ms,other,0,0,0.0,0.0,0.0,0.0,0.0
original,alt,4366,1004408,11900,0-100ms,gamma,416,394,289.8500096052885,17.187500521540642,0.4125000238418579,66.43857520368778,203.5180912538094
original,alt,4366,1004408,11900,0-100ms,apbp,1,1,0.13750000298023224,0.0,0.0,0.0,0.12551538564445028
original,alt,4366,1004408,11900,0-100ms,ab,89,84,33.13750110566616,2.612500101327896,0.550000011920929,6.450576758566671,25.088232544289205
original,alt,4366,1004408,11900,0-100ms,other,0,0,0.0,0.0,0.0,0.0,0.0
original,alt,4366,1004408,11900,100-130ms,gamma,192,171,121.41250368952751,18.287500470876694,2.200000047683716,40.67534362808243,78.74618996175326
original,alt,4366,1004408,11900,100-130ms,apbp,0,0,0.0,0.0,0.0,0.006577297448011336,0.0054073198877706416
original,alt,4366,1004408,11900,100-130ms,ab,39,33,12.787500381469727,1.650000050663948,0.0,3.9093770186611403,7.690155679837677
original,alt,4366,1004408,11900,100-130ms,other,0,0,0.0,0.0,0.0,0.0,0.0
original,alt,4366,1004408,11900,130-300ms,gamma,649,598,429.9625128209591,36.16250129044056,6.050000220537186,98.28365607853195,350.35329914834074
original,alt,4366,1004408,11900,130-300ms,apbp,0,0,0.0,0.0,0.0,0.0,0.0
original,alt,4366,1004408,11900,130-300ms,ab,115,109,40.700001403689384,2.7500000447034836,0.2750000059604645,10.85614042936974,32.522359126859854
original,alt,4366,1004408,11900,130-300ms,other,0,0,0.0,0.0,0.0,0.0,0.0
original,alt,4366,1004408,11900,300-400ms,gamma,21,21,14.162500366568565,0.0,0.0,0.0,17.372371147233963
original,alt,4366,1004408,11900,300-400ms,apbp,0,0,0.0,0.0,0.0,0.0,0.0
original,alt,4366,1004408,11900,300-400ms,ab,5,5,2.2000000923871994,0.0,0.0,0.0,2.308161418061853
original,alt,4366,1004408,11900,300-400ms,other,0,0,0.0,0.0,0.0,0.0,0.0
original,base,4370,4412,11327,0-100ms,gamma,605,496,365.7500114142895,83.18750251829624,6.325000241398811,164.54160685432882,201.20840455996063
original,base,4370,4412,11327,0-100ms,apbp,4,4,0.8250000178813934,0.0,0.0,0.37729811546684244,0.4477019024145511
original,base,4370,4412,11327,0-100ms,ab,362,309,140.38750436902046,22.41250069439411,1.925000011920929,59.76778868513046,80.61971568389
original,base,4370,4412,11327,0-100ms,other,0,0,0.0,0.0,0.0,0.0,0.0
original,base,4370,4412,11327,100-130ms,gamma,184,160,121.00000366568565,15.812500521540642,1.9250000715255737,40.76221343331694,73.69271632169858
original,base,4370,4412,11327,100-130ms,apbp,0,0,0.0,0.0,0.0,0.0,0.0
original,base,4370,4412,11327,100-130ms,ab,102,84,34.787501126527786,5.91250017285347,0.550000011920929,13.643320523824688,19.615481663259658
original,base,4370,4412,11327,100-130ms,other,0,0,0.0,0.0,0.0,0.0,0.0
original,base,4370,4412,11327,130-300ms,gamma,1490,1251,925.9250287562609,190.57500621676445,19.93750064074993,422.81148704930024,509.65861561763074
original,base,4370,4412,11327,130-300ms,apbp,6,5,0.8250000178813934,0.2750000059604645,0.0,0.44205846661665876,0.3829415512647347
original,base,4370,4412,11327,130-300ms,ab,757,601,258.08750762045383,67.92500205338001,4.400000169873238,115.20809741083276,144.4081091490645
original,base,4370,4412,11327,130-300ms,other,0,0,0.0,0.0,0.0,0.0,0.0
original,base,4370,4412,11327,300-400ms,gamma,18,16,10.450000375509262,0.9625000506639481,0.0,0.0,10.45000033422318
original,base,4370,4412,11327,300-400ms,apbp,0,0,0.0,0.0,0.0,0.0,0.0
original,base,4370,4412,11327,300-400ms,ab,11,10,6.737500250339508,0.550000011920929,0.0,0.0,6.737500227211814
original,base,4370,4412,11327,300-400ms,other,0,0,0.0,0.0,0.0,0.0,0.0
original,base,4370,4412,11900,0-100ms,gamma,604,517,379.9125116765499,62.97500218451023,6.600000262260437,124.39641040695423,216.04557964527172
original,base,4370,4412,11900,0-100ms,apbp,0,0,0.0,0.0,0.0,0.0,0.0
original,base,4370,4412,11900,0-100ms,ab,360,292,129.25000408291817,26.53750078380108,2.0625000596046448,44.26552588167858,72.15719220951905
original,base,4370,4412,11900,0-100ms,other,0,0,0.0,0.0,0.0,0.0,0.0
original,base,4370,4412,11900,100-130ms,gamma,181,146,109.3125034570694,23.10000079870224,1.787500038743019,53.865879963598516,72.45316439074347
original,base,4370,4412,11900,100-130ms,apbp,0,0,0.0,0.0,0.0,0.0,0.0
original,base,4370,4412,11900,100-130ms,ab,99,82,32.450001031160355,6.325000166893005,0.6875000298023224,19.140048145519714,21.403412796811143
original,base,4370,4412,11900,100-130ms,other,0,0,0.0,0.0,0.0,0.0,0.0
original,base,4370,4412,11900,130-300ms,gamma,1474,1210,856.6250269263983,199.23750606179237,18.287500590085983,372.3923188363824,490.48590400050085
original,base,4370,4412,11900,130-300ms,apbp,0,0,0.0,0.0,0.0,0.0,0.0
original,base,4370,4412,11900,130-300ms,ab,704,587,249.01250778138638,48.26250149309635,4.262500107288361,106.99299967321755,139.16032974001223
original,base,4370,4412,11900,130-300ms,other,0,0,0.0,0.0,0.0,0.0,0.0
original,base,4370,4412,11900,300-400ms,gamma,18,15,10.312500193715096,1.6500000357627869,0.0,12.817745016543752,13.705539993737771
original,base,4370,4412,11900,300-400ms,apbp,0,0,0.0,0.0,0.0,0.0,0.0
original,base,4370,4412,11900,300-400ms,ab,10,9,4.262500137090683,0.4125000238418579,0.0,5.5866358256393625,6.268868760157961
original,base,4370,4412,11900,300-400ms,other,0,0,0.0,0.0,0.0,0.0,0.0
original,alt,4370,1004412,11327,0-100ms,gamma,478,416,320.6500100940466,46.475001469254494,8.800000384449959,120.38287164074839,193.04807829810926
original,alt,4370,1004412,11327,0-100ms,apbp,2,2,0.4125000089406967,0.0,0.0,0.1783777099388494,0.23412229900184733
original,alt,4370,1004412,11327,0-100ms,ab,297,240,105.8750034570694,25.575000658631325,1.925000086426735,36.76158189141968,64.55621224393815
original,alt,4370,1004412,11327,0-100ms,other,0,0,0.0,0.0,0.0,0.0,0.0
original,alt,4370,1004412,11327,100-130ms,gamma,161,139,104.77500350773335,17.18750050663948,0.6875,39.68749685604742,70.45704706778567
original,alt,4370,1004412,11327,100-130ms,apbp,0,0,0.0,0.0,0.0,0.0,0.0
original,alt,4370,1004412,11327,100-130ms,ab,101,92,39.46250110864639,3.4375001043081284,0.0,15.774321109973133,27.84906365382749
original,alt,4370,1004412,11327,100-130ms,other,0,0,0.0,0.0,0.0,0.0,0.0
original,alt,4370,1004412,11327,130-300ms,gamma,1407,1119,833.8000266551971,196.62500597536564,21.45000071823597,359.818933516415,462.77041792518094
original,alt,4370,1004412,11327,130-300ms,apbp,6,6,1.3750000447034836,0.0,0.0,0.5170705340095587,0.7824679090954102
original,alt,4370,1004412,11327,130-300ms,ab,918,728,307.5875094085932,78.23750212788582,6.875000208616257,128.92759955830257,171.57895389148123
original,alt,4370,1004412,11327,130-300ms,other,0,0,0.0,0.0,0.0,0.0,0.0
original,alt,4370,1004412,11327,300-400ms,gamma,39,34,28.18750086426735,3.8500002175569534,0.9625000357627869,23.184986753530374,18.06270905222252
original,alt,4370,1004412,11327,300-400ms,apbp,0,0,0.0,0.0,0.0,0.03390708327688707,0.04155451832162767
original,alt,4370,1004412,11327,300-400ms,ab,14,10,4.262500151991844,2.062500089406967,0.0,6.299371182928041,5.440410594430494
original,alt,4370,1004412,11327,300-400ms,other,0,0,0.0,0.0,0.0,0.0,0.0
original,alt,4370,1004412,11900,0-100ms,gamma,469,420,306.76250945031643,33.41250105202198,8.112500309944153,104.28404722812006,189.40308159119448
original,alt,4370,1004412,11900,0-100ms,apbp,0,0,0.0,0.0,0.0,0.0,0.0
original,alt,4370,1004412,11900,0-100ms,ab,281,244,100.65000301599503,13.887500450015068,1.787500038743019,28.571505437076816,62.009699831031135
original,alt,4370,1004412,11900,0-100ms,other,0,0,0.0,0.0,0.0,0.0,0.0
original,alt,4370,1004412,11900,100-130ms,gamma,158,135,96.93750321865082,18.70000049471855,0.0,37.75084494915548,69.03184579514468
original,alt,4370,1004412,11900,100-130ms,apbp,0,0,0.0,0.0,0.0,0.0,0.0
original,alt,4370,1004412,11900,100-130ms,ab,92,77,28.462500855326653,5.225000157952309,0.6875000298023224,15.497532408260328,22.505331991966127
original,alt,4370,1004412,11900,100-130ms,other,0,0,0.0,0.0,0.0,0.0,0.0
original,alt,4370,1004412,11900,130-300ms,gamma,1402,1162,834.2125258147717,172.28750556707382,21.862500801682472,368.3292974081527,461.396129210187
original,alt,4370,1004412,11900,130-300ms,apbp,0,0,0.0,0.0,0.0,0.0,0.0
original,alt,4370,1004412,11900,130-300ms,ab,868,700,301.1250092834234,68.61250221729279,5.087500169873238,135.58634373927703,161.54882155381517
original,alt,4370,1004412,11900,130-300ms,other,0,0,0.0,0.0,0.0,0.0,0.0
original,alt,4370,1004412,11900,300-400ms,gamma,38,38,30.937500968575478,0.0,0.0,0.0,38.65479314412443
original,alt,4370,1004412,11900,300-400ms,apbp,0,0,0.0,0.0,0.0,0.0,0.0
original,alt,4370,1004412,11900,300-400ms,ab,15,15,5.087500214576721,0.0,0.0,0.0,9.60577838108636
original,alt,4370,1004412,11900,300-400ms,other,0,0,0.0,0.0,0.0,0.0,0.0
original,base,4374,4416,11327,0-100ms,gamma,304,285,216.97500675916672,14.575000450015068,0.8250000029802322,32.502849201042096,173.67850350717828
original,base,4374,4416,11327,0-100ms,apbp,1,1,0.13750000298023224,0.0,0.13750000298023224,0.1321085507468201,0.005391452233412141
original,base,4374,4416,11327,0-100ms,ab,63,59,29.425000920891762,1.6500000804662704,0.0,2.8801255020247956,24.94595950450654
original,base,4374,4416,11327,0-100ms,other,0,0,0.0,0.0,0.0,0.0,0.0
original,base,4374,4416,11327,100-130ms,gamma,73,73,49.36250180006027,0.0,0.0,0.0,53.46016639808208
original,base,4374,4416,11327,100-130ms,apbp,0,0,0.0,0.0,0.0,0.0,0.0
original,base,4374,4416,11327,100-130ms,ab,22,22,7.150000274181366,0.0,0.0,0.0,7.419793733983793
original,base,4374,4416,11327,100-130ms,other,0,0,0.0,0.0,0.0,0.0,0.0
original,base,4374,4416,11327,130-300ms,gamma,654,601,454.4375146627426,36.30000111460686,1.3750000298023224,101.61584573919102,345.3604057106784
original,base,4374,4416,11327,130-300ms,apbp,0,0,0.0,0.0,0.0,0.0,0.0
original,base,4374,4416,11327,130-300ms,ab,136,125,59.95000207424164,4.950000181794167,2.3375000953674316,13.356044297290254,45.46458606788231
original,base,4374,4416,11327,130-300ms,other,0,0,0.0,0.0,0.0,0.0,0.0
original,base,4374,4416,11327,300-400ms,gamma,12,12,10.587500393390656,0.0,0.0,0.0,24.744752985770592
original,base,4374,4416,11327,300-400ms,apbp,0,0,0.0,0.0,0.0,0.0,0.0
original,base,4374,4416,11327,300-400ms,ab,7,7,4.950000107288361,0.0,0.0,0.0,7.408494245212649
original,base,4374,4416,11327,300-400ms,other,0,0,0.0,0.0,0.0,0.0,0.0
original,base,4374,4416,11900,0-100ms,gamma,301,284,203.63750641047955,12.100000515580177,1.100000023841858,35.93026268946983,160.6700595987288
original,base,4374,4416,11900,0-100ms,apbp,0,0,0.0,0.0,0.0,0.0,0.0
original,base,4374,4416,11900,0-100ms,ab,59,55,20.350000649690628,1.375000074505806,0.0,3.2859981158217884,16.302930323536216
original,base,4374,4416,11900,0-100ms,other,0,0,0.0,0.0,0.0,0.0,0.0
original,base,4374,4416,11900,100-130ms,gamma,73,73,53.212501525878906,0.0,0.0,0.0,53.58384788993381
original,base,4374,4416,11900,100-130ms,apbp,0,0,0.0,0.0,0.0,0.0,0.0
original,base,4374,4416,11900,100-130ms,ab,19,19,7.287500187754631,0.0,0.0,0.0,7.377006938562269
original,base,4374,4416,11900,100-130ms,other,0,0,0.0,0.0,0.0,0.0,0.0
original,base,4374,4416,11900,130-300ms,gamma,646,593,421.16251341998577,39.05000126361847,1.6500000357627869,86.92203109135106,336.6351199513872
original,base,4374,4416,11900,130-300ms,apbp,0,0,0.0,0.0,0.0,0.0,0.0
original,base,4374,4416,11900,130-300ms,ab,121,115,40.28750140964985,2.2000000923871994,0.4125000089406967,6.859392201249741,33.66596229386348
original,base,4374,4416,11900,130-300ms,other,0,0,0.0,0.0,0.0,0.0,0.0
original,base,4374,4416,11900,300-400ms,gamma,12,12,8.80000026524067,0.0,0.0,0.0,13.071200358994377
original,base,4374,4416,11900,300-400ms,apbp,0,0,0.0,0.0,0.0,0.0,0.0
original,base,4374,4416,11900,300-400ms,ab,5,5,1.5125000774860382,0.0,0.0,0.0,1.9462124458978451
original,base,4374,4416,11900,300-400ms,other,0,0,0.0,0.0,0.0,0.0,0.0
original,alt,4374,1004416,11327,0-100ms,gamma,302,287,208.45000639557838,11.96250031888485,2.200000047683716,31.81397159826461,166.87620782448272
original,alt,4374,1004416,11327,0-100ms,apbp,0,0,0.0,0.0,0.0,0.0,0.0
original,alt,4374,1004416,11327,0-100ms,ab,57,56,28.187500968575478,0.2750000059604645,0.0,3.5964939742456457,22.276231476999516
original,alt,4374,1004416,11327,0-100ms,other,0,0,0.0,0.0,0.0,0.0,0.0
original,alt,4374,1004416,11327,100-130ms,gamma,120,109,80.3000023663044,9.625000312924385,1.6500000357627869,19.59899910273235,64.11822872776033
original,alt,4374,1004416,11327,100-130ms,apbp,1,1,0.13750000298023224,0.0,0.0,0.04860001982270927,0.08889998315752298
original,alt,4374,1004416,11327,100-130ms,ab,21,19,9.075000301003456,0.8250000476837158,0.0,2.1077182271873736,8.624100108506603
original,alt,4374,1004416,11327,100-130ms,other,0,0,0.0,0.0,0.0,0.0,0.0
original,alt,4374,1004416,11327,130-300ms,gamma,561,538,412.91251297295094,15.95000071823597,3.3000001311302185,71.3602638187527,343.2893045966149
original,alt,4374,1004416,11327,130-300ms,apbp,0,0,0.0,0.0,0.0,0.0,0.0
original,alt,4374,1004416,11327,130-300ms,ab,130,122,57.47500193119049,4.67500014603138,0.8250000178813934,8.350342463982566,48.18872082890153
original,alt,4374,1004416,11327,130-300ms,other,0,0,0.0,0.0,0.0,0.0,0.0
original,alt,4374,1004416,11327,300-400ms,gamma,15,15,9.487500220537186,0.0,0.0,0.0,14.09304623395033
original,alt,4374,1004416,11327,300-400ms,apbp,0,0,0.0,0.0,0.0,0.0,0.0
original,alt,4374,1004416,11327,300-400ms,ab,2,2,1.6500000357627869,0.0,0.0,0.0,3.2438961451725405
original,alt,4374,1004416,11327,300-400ms,other,0,0,0.0,0.0,0.0,0.0,0.0
original,alt,4374,1004416,11900,0-100ms,gamma,298,285,205.5625067204237,10.450000450015068,1.5125000476837158,37.951734343860224,159.27206325756904
original,alt,4374,1004416,11900,0-100ms,apbp,0,0,0.0,0.0,0.0,0.0,0.0
original,alt,4374,1004416,11900,0-100ms,ab,56,51,17.87500064074993,2.750000074505806,0.0,2.9336677136358214,13.209654821731158
original,alt,4374,1004416,11900,0-100ms,other,0,0,0.0,0.0,0.0,0.0,0.0
original,alt,4374,1004416,11900,100-130ms,gamma,119,112,84.150002643466,5.500000178813934,0.8250000476837158,17.22763750597072,67.29687627114677
original,alt,4374,1004416,11900,100-130ms,apbp,0,0,0.0,0.0,0.0,0.0,0.0
original,alt,4374,1004416,11900,100-130ms,ab,28,27,10.450000390410423,0.2750000059604645,0.0,1.837485275995748,9.211308117288764
original,alt,4374,1004416,11900,100-130ms,other,0,0,0.0,0.0,0.0,0.0,0.0
original,alt,4374,1004416,11900,130-300ms,gamma,555,527,376.4750126749277,21.175000697374344,1.7875000834465027,71.11426924905062,309.5191402816632
original,alt,4374,1004416,11900,130-300ms,apbp,0,0,0.0,0.0,0.0,0.0,0.0
original,alt,4374,1004416,11900,130-300ms,ab,125,114,40.42500142753124,3.7125000804662704,0.0,5.572741021134873,34.97727984201947
original,alt,4374,1004416,11900,130-300ms,other,0,0,0.0,0.0,0.0,0.0,0.0
original,alt,4374,1004416,11900,300-400ms,gamma,15,15,9.487500354647636,0.0,0.0,0.0,13.29330143568502
original,alt,4374,1004416,11900,300-400ms,apbp,0,0,0.0,0.0,0.0,0.0,0.0
original,alt,4374,1004416,11900,300-400ms,ab,2,2,0.8250000029802322,0.0,0.0,0.0,1.8328656631735003
original,alt,4374,1004416,11900,300-400ms,other,0,0,0.0,0.0,0.0,0.0,0.0
original,base,4378,4420,11327,0-100ms,gamma,512,461,320.9250099360943,35.612501099705696,3.4375001043081284,83.18744051385187,219.17492739695155
original,base,4378,4420,11327,0-100ms,apbp,1,1,0.13750000298023224,0.0,0.0,0.0,0.09770967215118066
original,base,4378,4420,11327,0-100ms,ab,98,86,35.33750107884407,4.400000110268593,0.0,8.67977252548135,24.024500690186578
original,base,4378,4420,11327,0-100ms,other,0,0,0.0,0.0,0.0,0.0,0.0
original,base,4378,4420,11327,100-130ms,gamma,294,238,163.21250467002392,39.187501326203346,1.3750000298023224,54.217533811922266,102.51092769613952
original,base,4378,4420,11327,100-130ms,apbp,0,0,0.0,0.0,0.0,0.007125101265682188,0.0326652295633694
original,base,4378,4420,11327,100-130ms,ab,74,59,23.51250061392784,3.8500001281499863,0.9625000059604645,11.996042819997673,12.7982366403978
original,base,4378,4420,11327,100-130ms,other,0,0,0.0,0.0,0.0,0.0,0.0
original,base,4378,4420,11327,130-300ms,gamma,1454,1198,878.9000282734632,194.70000585913658,24.20000085234642,376.7185293263515,527.2281841343647
original,base,4378,4420,11327,130-300ms,apbp,6,3,0.6875000149011612,0.6875000149011612,0.0,0.22013093269806686,0.46736908220309437
original,base,4378,4420,11327,130-300ms,ab,441,381,158.12500497698784,24.200000762939453,3.4375001043081284,69.85352508313821,89.62292891055814
original,base,4378,4420,11327,130-300ms,other,0,0,0.0,0.0,0.0,0.0,0.0
original,base,4378,4420,11327,300-400ms,gamma,30,21,17.18750049173832,7.837500274181366,0.0,0.0,17.18750042729598
original,base,4378,4420,11327,300-400ms,apbp,0,0,0.0,0.0,0.0,0.0,0.0
original,base,4378,4420,11327,300-400ms,ab,12,10,4.400000140070915,0.4125000089406967,0.0,0.0,4.400000120102966
original,base,4378,4420,11327,300-400ms,other,0,0,0.0,0.0,0.0,0.0,0.0
original,base,4378,4420,11900,0-100ms,gamma,505,450,309.92501010000706,36.71250121295452,2.750000089406967,93.01982668057089,214.95188471717782
original,base,4378,4420,11900,0-100ms,apbp,0,0,0.0,0.0,0.0,0.0,0.0
original,base,4378,4420,11900,0-100ms,ab,100,88,35.75000110268593,4.8125001192092896,0.8250000178813934,11.455105681651599,23.41076350370964
original,base,4378,4420,11900,0-100ms,other,0,0,0.0,0.0,0.0,0.0,0.0
original,base,4378,4420,11900,100-130ms,gamma,289,228,167.88750544190407,37.81250140070915,1.6500000357627869,63.239765990614785,87.26185410372797
original,base,4378,4420,11900,100-130ms,apbp,1,1,0.13750000298023224,0.0,0.0,0.036731104816429626,0.1007688981638026
original,base,4378,4420,11900,100-130ms,ab,73,67,27.50000089406967,2.4750000536441803,0.0,12.723607970146372,14.435351173465003
original,base,4378,4420,11900,100-130ms,other,0,0,0.0,0.0,0.0,0.0,0.0
original,base,4378,4420,11900,130-300ms,gamma,1441,1209,875.32502771914,178.33750574290752,20.487500607967377,337.92441388045415,535.8856083586516
original,base,4378,4420,11900,130-300ms,apbp,0,0,0.0,0.0,0.0,0.0,0.0
original,base,4378,4420,11900,130-300ms,ab,406,330,141.76250419020653,30.937501087784767,2.200000077486038,52.32064927014146,88.36260507652827
original,base,4378,4420,11900,130-300ms,other,0,0,0.0,0.0,0.0,0.0,0.0
original,base,4378,4420,11900,300-400ms,gamma,30,23,17.87500038743019,5.912500262260437,0.0,20.975412905182964,17.75377701210134
original,base,4378,4420,11900,300-400ms,apbp,0,0,0.0,0.0,0.0,0.0,0.0
original,base,4378,4420,11900,300-400ms,ab,9,6,2.6125000715255737,0.9625000208616257,0.0,2.8966128156689432,2.020310767176412
original,base,4378,4420,11900,300-400ms,other,0,0,0.0,0.0,0.0,0.0,0.0
original,alt,4378,1004420,11327,0-100ms,gamma,509,471,333.30001029372215,28.325000911951065,0.8250000178813934,67.41036953872586,240.47511992825966
original,alt,4378,1004420,11327,0-100ms,apbp,0,0,0.0,0.0,0.0,0.0,0.0
original,alt,4378,1004420,11327,0-100ms,ab,68,64,23.925000816583633,1.9250000268220901,0.0,3.8191924133094335,18.350480327500705
original,alt,4378,1004420,11327,0-100ms,other,0,0,0.0,0.0,0.0,0.0,0.0
original,alt,4378,1004420,11327,100-130ms,gamma,272,214,152.21250468492508,44.68750174343586,1.7875000536441803,81.93862067261566,87.67594735752661
original,alt,4378,1004420,11327,100-130ms,apbp,0,0,0.0,0.0,0.0,0.0,0.0
original,alt,4378,1004420,11327,100-130ms,ab,63,55,20.625000596046448,3.7125000804662704,0.0,9.444063089925606,11.31895129874778
original,alt,4378,1004420,11327,100-130ms,other,0,0,0.0,0.0,0.0,0.0,0.0
original,alt,4378,1004420,11327,130-300ms,gamma,1491,1225,862.2625278532505,189.47500586509705,16.087500363588333,331.40326464253843,535.9368250731109
original,alt,4378,1004420,11327,130-300ms,apbp,2,2,0.4125000089406967,0.0,0.0,0.1393567993679875,0.2731432095727092
original,alt,4378,1004420,11327,130-300ms,ab,294,243,91.98750278353691,20.21250058710575,2.0625000298023224,35.46352316768714,57.00848503184204
original,alt,4378,1004420,11327,130-300ms,other,0,0,0.0,0.0,0.0,0.0,0.0
original,alt,4378,1004420,11327,300-400ms,gamma,36,36,25.712500914931297,0.0,0.0,0.0,28.647396439605235
original,alt,4378,1004420,11327,300-400ms,apbp,0,0,0.0,0.0,0.0,0.0,0.0
original,alt,4378,1004420,11327,300-400ms,ab,7,7,1.9250000715255737,0.0,0.0,0.0,3.0578089303526226
original,alt,4378,1004420,11327,300-400ms,other,0,0,0.0,0.0,0.0,0.0,0.0
original,alt,4378,1004420,11900,0-100ms,gamma,505,448,325.46251015365124,36.575001165270805,5.087500184774399,96.78381758826056,228.67869256539072
original,alt,4378,1004420,11900,0-100ms,apbp,0,0,0.0,0.0,0.0,0.0,0.0
original,alt,4378,1004420,11900,0-100ms,ab,66,57,22.412500828504562,4.125000149011612,0.0,6.23871993876239,16.173780889742172
original,alt,4378,1004420,11900,0-100ms,other,0,0,0.0,0.0,0.0,0.0,0.0
original,alt,4378,1004420,11900,100-130ms,gamma,270,230,173.38750529289246,29.15000082552433,6.462500125169754,65.15207172007186,95.09195314591264
original,alt,4378,1004420,11900,100-130ms,apbp,0,0,0.0,0.0,0.0,0.0,0.0
original,alt,4378,1004420,11900,100-130ms,ab,57,51,22.41250066459179,2.475000098347664,0.9625000059604645,9.189276851575428,10.938580030138752
original,alt,4378,1004420,11900,100-130ms,other,0,0,0.0,0.0,0.0,0.0,0.0
original,alt,4378,1004420,11900,130-300ms,gamma,1481,1263,908.7375281602144,157.16250513494015,23.78750078380108,341.9515779112976,549.8452674081387
original,alt,4378,1004420,11900,130-300ms,apbp,0,0,0.0,0.0,0.0,0.0,0.0
original,alt,4378,1004420,11900,130-300ms,ab,272,229,97.90000310540199,17.600000500679016,2.0625000596046448,33.047842543630125,62.7179696583577
original,alt,4378,1004420,11900,130-300ms,other,0,0,0.0,0.0,0.0,0.0,0.0
original,alt,4378,1004420,11900,300-400ms,gamma,36,19,16.08750057220459,12.237500354647636,1.2375000715255737,30.653723882905133,15.51793991468768
original,alt,4378,1004420,11900,300-400ms,apbp,0,0,0.0,0.0,0.0,0.0,0.0
original,alt,4378,1004420,11900,300-400ms,ab,7,4,1.512500062584877,1.1000000536441803,0.0,3.9308747063715592,2.000460038188852
original,alt,4378,1004420,11900,300-400ms,other,0,0,0.0,0.0,0.0,0.0,0.0
original,base,4383,4425,11327,0-100ms,gamma,754,614,451.5500136613846,100.10000309348106,9.075000181794167,206.42242623196404,234.70395769658967
original,base,4383,4425,11327,0-100ms,apbp,6,5,1.2375000417232513,0.13750000298023224,0.0,0.43957006726335557,0.7979299744598958
original,base,4383,4425,11327,0-100ms,ab,453,361,154.00000450015068,36.16250118613243,5.362500116229057,73.7568825084727,74.00947500941658
original,base,4383,4425,11327,0-100ms,other,0,0,0.0,0.0,0.0,0.0,0.0
original,base,4383,4425,11327,100-130ms,gamma,237,201,153.31250469386578,26.262501031160355,6.050000235438347,86.9929788772696,76.74315554942707
original,base,4383,4425,11327,100-130ms,apbp,1,1,0.2750000059604645,0.0,0.0,0.21632266648196957,0.05867733947849492
original,base,4383,4425,11327,100-130ms,ab,147,124,53.21250160038471,7.562500208616257,1.3750000447034836,26.592164987931074,32.85398359471505
original,base,4383,4425,11327,100-130ms,other,0,0,0.0,0.0,0.0,0.0,0.0
original,base,4383,4425,11327,130-300ms,gamma,1484,1235,916.7125290632248,178.06250558793545,17.87500061094761,388.28333685426014,499.2779809360211
original,base,4383,4425,11327,130-300ms,apbp,6,5,0.9625000208616257,0.13750000298023224,0.0,0.5663672486005311,0.3961327722610946
original,base,4383,4425,11327,130-300ms,ab,681,576,245.9875072389841,47.98750138282776,4.400000095367432,107.3405095881117,135.30770416501025
original,base,4383,4425,11327,130-300ms,other,0,0,0.0,0.0,0.0,0.0,0.0
original,base,4383,4425,11327,300-400ms,gamma,26,13,11.55000039935112,8.662500187754631,2.4750000834465027,30.386129871618948,10.31508176352053
original,base,4383,4425,11327,300-400ms,apbp,1,1,0.2750000059604645,0.0,0.0,0.0,0.2750000046989895
original,base,4383,4425,11327,300-400ms,ab,8,4,1.5125000327825546,1.7875000685453415,0.0,3.208357915446517,1.643435596466697
original,base,4383,4425,11327,300-400ms,other,0,0,0.0,0.0,0.0,0.0,0.0
original,base,4383,4425,11900,0-100ms,gamma,751,592,438.6250140964985,114.67500413954258,11.137500271201134,187.4906017874192,251.13441230907932
original,base,4383,4425,11900,0-100ms,apbp,0,0,0.0,0.0,0.0,0.0,0.0
original,base,4383,4425,11900,0-100ms,ab,458,366,157.57500487565994,36.437501311302185,3.575000137090683,74.66107800582711,82.91392686983284
original,base,4383,4425,11900,0-100ms,other,0,0,0.0,0.0,0.0,0.0,0.0
original,base,4383,4425,11900,100-130ms,gamma,232,188,139.1500045657158,33.55000115931034,3.7125001549720764,45.51109334222791,74.09624600360553
original,base,4383,4425,11900,100-130ms,apbp,0,0,0.0,0.0,0.0,0.0,0.0
original,base,4383,4425,11900,100-130ms,ab,135,108,45.51250144839287,10.450000315904617,1.9250000715255737,14.573378508824474,26.009568288484374
original,base,4383,4425,11900,100-130ms,other,0,0,0.0,0.0,0.0,0.0,0.0
original,base,4383,4425,11900,130-300ms,gamma,1474,1173,888.9375278949738,212.43750694394112,15.675000637769699,383.72804828006826,514.118519388819
original,base,4383,4425,11900,130-300ms,apbp,0,0,0.0,0.0,0.0,0.0,0.0
original,base,4383,4425,11900,130-300ms,ab,680,548,227.56250731647015,59.53750196099281,4.950000181794167,104.26170156060505,126.71320535484435
original,base,4383,4425,11900,130-300ms,other,0,0,0.0,0.0,0.0,0.0,0.0
original,base,4383,4425,11900,300-400ms,gamma,26,26,20.212500765919685,0.0,0.0,0.0,30.846126125633706
original,base,4383,4425,11900,300-400ms,apbp,0,0,0.0,0.0,0.0,0.0,0.0
original,base,4383,4425,11900,300-400ms,ab,8,8,3.1625000685453415,0.0,0.0,0.0,4.6796551072053
original,base,4383,4425,11900,300-400ms,other,0,0,0.0,0.0,0.0,0.0,0.0
original,alt,4383,1004425,11327,0-100ms,gamma,759,634,476.7125160843134,99.96250297129154,9.075000315904617,194.51945271732708,263.8241709325041
original,alt,4383,1004425,11327,0-100ms,apbp,6,3,0.550000011920929,0.9625000357627869,0.0,0.26317697548775004,0.2868230364331789
original,alt,4383,1004425,11327,0-100ms,ab,377,313,137.3625041693449,27.087500751018524,1.787500038743019,54.87842491236208,72.87297946605864
original,alt,4383,1004425,11327,0-100ms,other,0,0,0.0,0.0,0.0,0.0,0.0
original,alt,4383,1004425,11327,100-130ms,gamma,204,169,123.61250393092632,26.67500077188015,0.9625000506639481,69.31278238284513,72.66861398256341
original,alt,4383,1004425,11327,100-130ms,apbp,3,3,0.8250000327825546,0.0,0.0,0.3093465589711112,0.5156534738114436
original,alt,4383,1004425,11327,100-130ms,ab,149,130,55.137501552700996,8.250000238418579,2.3375000804662704,36.28024332561964,28.468358018005546
original,alt,4383,1004425,11327,100-130ms,other,0,0,0.0,0.0,0.0,0.0,0.0
original,alt,4383,1004425,11327,130-300ms,gamma,1493,1205,892.5125285834074,203.91250643134117,25.025000765919685,412.3569161286284,475.33233038038384
original,alt,4383,1004425,11327,130-300ms,apbp,10,7,1.7875000536441803,0.550000011920929,0.0,0.6228977700868674,1.164602283557313
original,alt,4383,1004425,11327,130-300ms,ab,792,633,271.5625079423189,69.16250216960907,6.7375001311302185,125.3193808287131,143.31349371970794
original,alt,4383,1004425,11327,130-300ms,other,0,0,0.0,0.0,0.0,0.0,0.0
original,alt,4383,1004425,11327,300-400ms,gamma,45,45,34.237501084804535,0.0,0.0,0.0,39.06078302716772
original,alt,4383,1004425,11327,300-400ms,apbp,0,0,0.0,0.0,0.0,0.0,0.0
original,alt,4383,1004425,11327,300-400ms,ab,33,33,13.475000366568565,0.0,0.0,0.0,16.40463370600975
original,alt,4383,1004425,11327,300-400ms,other,0,0,0.0,0.0,0.0,0.0,0.0
original,alt,4383,1004425,11900,0-100ms,gamma,749,614,456.362514808774,106.56250356137753,9.625000178813934,186.0106214145321,252.62205767623558
original,alt,4383,1004425,11900,0-100ms,apbp,0,0,0.0,0.0,0.0,0.0,0.0
original,alt,4383,1004425,11900,0-100ms,ab,380,309,131.58750428259373,31.48750101029873,4.125000089406967,54.60265427710126,66.92414772688244
original,alt,4383,1004425,11900,0-100ms,other,0,0,0.0,0.0,0.0,0.0,0.0
original,alt,4383,1004425,11900,100-130ms,gamma,204,167,123.47500395774841,29.562500953674316,1.375000074505806,46.26441279575855,78.24202470707067
original,alt,4383,1004425,11900,100-130ms,apbp,0,0,0.0,0.0,0.0,0.0,0.0
original,alt,4383,1004425,11900,100-130ms,ab,149,128,57.47500167787075,9.625000402331352,1.787500023841858,14.421524933167703,36.686846271186155
original,alt,4383,1004425,11900,100-130ms,other,0,0,0.0,0.0,0.0,0.0,0.0
original,alt,4383,1004425,11900,130-300ms,gamma,1476,1180,879.3125281333923,216.15000693500042,20.075000673532486,419.060437186013,475.5422352858062
original,alt,4383,1004425,11900,130-300ms,apbp,0,0,0.0,0.0,0.0,0.0,0.0
original,alt,4383,1004425,11900,130-300ms,ab,787,665,286.5500091165304,53.48750177025795,5.637500151991844,146.110361802759,153.5481913507663
original,alt,4383,1004425,11900,130-300ms,other,0,0,0.0,0.0,0.0,0.0,0.0
original,alt,4383,1004425,11900,300-400ms,gamma,45,45,32.725001111626625,0.0,0.0,0.0,34.13325882803047
original,alt,4383,1004425,11900,300-400ms,apbp,0,0,0.0,0.0,0.0,0.0,0.0
original,alt,4383,1004425,11900,300-400ms,ab,35,35,13.612500563263893,0.0,0.0,0.0,16.93128922433423
original,alt,4383,1004425,11900,300-400ms,other,0,0,0.0,0.0,0.0,0.0,0.0
original,base,4387,4429,11327,0-100ms,gamma,689,617,455.12501406669617,48.675001695752144,5.087500125169754,144.43820563683659,284.76176269449377
original,base,4387,4429,11327,0-100ms,apbp,1,1,0.13750000298023224,0.0,0.0,0.07546160159851474,0.06203840138171751
original,base,4387,4429,11327,0-100ms,ab,69,58,24.47500091791153,3.850000113248825,1.2375000268220901,7.423013801854195,14.87135485114635
original,base,4387,4429,11327,0-100ms,other,0,0,0.0,0.0,0.0,0.0,0.0
original,base,4387,4429,11327,100-130ms,gamma,248,209,145.3375042527914,28.60000090301037,0.0,51.48641944063755,101.762265631463
original,base,4387,4429,11327,100-130ms,apbp,0,0,0.0,0.0,0.0,0.0,0.0
original,base,4387,4429,11327,100-130ms,ab,29,25,9.62500037252903,1.787500038743019,0.550000011920929,4.907179982590999,6.1346959954740115
original,base,4387,4429,11327,100-130ms,other,0,0,0.0,0.0,0.0,0.0,0.0
original,base,4387,4429,11327,130-300ms,gamma,1421,1204,902.2750287503004,161.56250485777855,16.637500450015068,352.10588645525513,539.8517711371355
original,base,4387,4429,11327,130-300ms,apbp,2,2,0.2750000059604645,0.0,0.0,0.09984549476172525,0.09007179298127668
original,base,4387,4429,11327,130-300ms,ab,179,152,66.41250233352184,9.900000393390656,0.550000011920929,24.682863718285645,40.902484727066295
original,base,4387,4429,11327,130-300ms,other,0,0,0.0,0.0,0.0,0.0,0.0
original,base,4387,4429,11327,300-400ms,gamma,32,19,14.0250004529953,6.600000277161598,0.2750000059604645,29.480871225851086,12.875365258214783
original,base,4387,4429,11327,300-400ms,apbp,0,0,0.0,0.0,0.0,0.07546160159851474,0.009621116618947819
original,base,4387,4429,11327,300-400ms,ab,1,0,0.0,0.13750000298023224,0.0,1.4110110776064717,0.1798994699384474
original,base,4387,4429,11327,300-400ms,other,0,0,0.0,0.0,0.0,0.0,0.0
original,base,4387,4429,11900,0-100ms,gamma,685,621,462.96251425147057,44.13750144839287,6.875000208616257,183.18836044476666,279.77415380670396
original,base,4387,4429,11900,0-100ms,apbp,0,0,0.0,0.0,0.0,0.0,0.0
original,base,4387,4429,11900,0-100ms,ab,67,55,20.762500688433647,3.8500001430511475,1.237500011920929,9.706482135574962,11.056018552858687
original,base,4387,4429,11900,0-100ms,other,0,0,0.0,0.0,0.0,0.0,0.0
original,base,4387,4429,11900,100-130ms,gamma,245,228,150.97500456869602,14.575000360608101,0.8250000178813934,32.09465894701921,102.99959362494266
original,base,4387,4429,11900,100-130ms,apbp,0,0,0.0,0.0,0.0,0.0,0.0
original,base,4387,4429,11900,100-130ms,ab,33,30,12.237500458955765,1.100000038743019,0.2750000059604645,4.057876950655938,6.966967478315013
original,base,4387,4429,11900,100-130ms,other,0,0,0.0,0.0,0.0,0.0,0.0
original,base,4387,4429,11900,130-300ms,gamma,1414,1185,889.0750279426575,176.00000515580177,15.262500375509262,358.23247041530726,539.1941690566497
original,base,4387,4429,11900,130-300ms,apbp,1,0,0.0,0.13750000298023224,0.0,0.0,0.0
original,base,4387,4429,11900,130-300ms,ab,171,144,55.68750187754631,9.900000229477882,1.2375000417232513,24.402019738284018,31.964262127096582
original,base,4387,4429,11900,130-300ms,other,0,0,0.0,0.0,0.0,0.0,0.0
original,base,4387,4429,11900,300-400ms,gamma,31,31,22.82500061392784,0.0,0.0,0.0,30.354140991546807
original,base,4387,4429,11900,300-400ms,apbp,0,0,0.0,0.0,0.0,0.0,0.0
original,base,4387,4429,11900,300-400ms,ab,2,2,0.6875000298023224,0.0,0.0,0.0,1.2213760692108375
original,base,4387,4429,11900,300-400ms,other,0,0,0.0,0.0,0.0,0.0,0.0
original,alt,4387,1004429,11327,0-100ms,gamma,539,473,335.0875101238489,49.63750138878822,5.225000157952309,101.4406564176621,229.77023616703062
original,alt,4387,1004429,11327,0-100ms,apbp,2,1,0.13750000298023224,0.13750000298023224,0.0,0.08855500981831001,0.04894499316192223
original,alt,4387,1004429,11327,0-100ms,ab,49,41,18.012500673532486,3.1625001281499863,1.6500000953674316,6.861031537028878,11.151469136503609
original,alt,4387,1004429,11327,0-100ms,other,0,0,0.0,0.0,0.0,0.0,0.0
original,alt,4387,1004429,11327,100-130ms,gamma,301,261,184.93750588595867,32.31250114738941,3.575000137090683,74.6259498831192,101.55531952644915
original,alt,4387,1004429,11327,100-130ms,apbp,0,0,0.0,0.0,0.0,0.0,0.0
original,alt,4387,1004429,11327,100-130ms,ab,39,32,12.375000417232513,2.750000089406967,0.2750000059604645,5.977346021312383,5.701576338277114
original,alt,4387,1004429,11327,100-130ms,other,0,0,0.0,0.0,0.0,0.0,0.0
original,alt,4387,1004429,11327,130-300ms,gamma,1475,1226,879.4500267952681,184.5250063687563,15.812500447034836,339.490205303581,552.5926755072336
original,alt,4387,1004429,11327,130-300ms,apbp,4,4,0.550000011920929,0.0,0.0,0.07583559366946349,0.4741644182514655
original,alt,4387,1004429,11327,130-300ms,ab,153,128,53.35000193119049,11.962500423192978,2.3375000953674316,22.479015341842228,31.567064646991277
original,alt,4387,1004429,11327,130-300ms,other,0,0,0.0,0.0,0.0,0.0,0.0
original,alt,4387,1004429,11327,300-400ms,gamma,45,44,33.962501004338264,0.6875,0.0,0.0,33.96250087399277
original,alt,4387,1004429,11327,300-400ms,apbp,0,0,0.0,0.0,0.0,0.0,0.0
original,alt,4387,1004429,11327,300-400ms,ab,2,2,0.6875000149011612,0.0,0.0,0.0,0.6875000131805389
original,alt,4387,1004429,11327,300-400ms,other,0,0,0.0,0.0,0.0,0.0,0.0
original,alt,4387,1004429,11900,0-100ms,gamma,535,470,342.5125105082989,46.47500164806843,3.1625001430511475,106.61280547901696,224.5779654826449
original,alt,4387,1004429,11900,0-100ms,apbp,0,0,0.0,0.0,0.0,0.0,0.0
original,alt,4387,1004429,11900,0-100ms,ab,51,42,15.950000524520874,4.812500178813934,0.550000011920929,5.9139894564894915,9.918841294508944
original,alt,4387,1004429,11900,0-100ms,other,0,0,0.0,0.0,0.0,0.0,0.0
original,alt,4387,1004429,11900,100-130ms,gamma,302,248,184.25000570714474,39.050001204013824,3.437500074505806,70.78697152528882,107.51999271257247
original,alt,4387,1004429,11900,100-130ms,apbp,0,0,0.0,0.0,0.0,0.0,0.0
original,alt,4387,1004429,11900,100-130ms,ab,33,23,7.01250022649765,4.950000211596489,0.0,2.9653787593653242,3.4880558945467564
original,alt,4387,1004429,11900,100-130ms,other,0,0,0.0,0.0,0.0,0.0,0.0
original,alt,4387,1004429,11900,130-300ms,gamma,1474,1268,949.7125296890736,154.55000486969948,22.68750064074993,390.85699622882044,576.1203144761735
original,alt,4387,1004429,11900,130-300ms,apbp,0,0,0.0,0.0,0.0,0.0,0.0
original,alt,4387,1004429,11900,130-300ms,ab,161,133,50.18750159442425,7.287500217556953,2.200000077486038,24.015956069520666,26.847780871011594
original,alt,4387,1004429,11900,130-300ms,other,0,0,0.0,0.0,0.0,0.0,0.0
original,alt,4387,1004429,11900,300-400ms,gamma,45,36,23.100000619888306,6.325000151991844,0.0,0.0,23.100000525250067
original,alt,4387,1004429,11900,300-400ms,apbp,0,0,0.0,0.0,0.0,0.0,0.0
original,alt,4387,1004429,11900,300-400ms,ab,6,4,2.062500089406967,0.9625000059604645,0.0,0.0,2.0625000812614136
original,alt,4387,1004429,11900,300-400ms,other,0,0,0.0,0.0,0.0,0.0,0.0
original,base,4391,4433,11327,0-100ms,gamma,439,402,290.53750824928284,23.650000646710396,5.775000125169754,68.28238743257634,208.42286599719483
original,base,4391,4433,11327,0-100ms,apbp,0,0,0.0,0.0,0.0,0.0,0.0
original,base,4391,4433,11327,0-100ms,ab,52,44,19.250000670552254,2.7500001341104507,0.0,5.515593619611427,13.249213914929456
original,base,4391,4433,11327,0-100ms,other,0,0,0.0,0.0,0.0,0.0,0.0
original,base,4391,4433,11327,100-130ms,gamma,135,122,89.92500275373459,9.762500315904617,0.0,15.387072735135256,75.58548135944756
original,base,4391,4433,11327,100-130ms,apbp,1,1,0.2750000059604645,0.0,0.0,0.17711001963662001,0.09788998632384445
original,base,4391,4433,11327,100-130ms,ab,27,22,11.000000342726707,1.100000038743019,0.0,1.6901584451496838,7.3746795806906755
original,base,4391,4433,11327,100-130ms,other,0,0,0.0,0.0,0.0,0.0,0.0
original,base,4391,4433,11327,130-300ms,gamma,1064,947,714.1750211268663,83.32500241696835,6.600000113248825,249.57722244859227,466.30355756710185
original,base,4391,4433,11327,130-300ms,apbp,3,3,0.4125000089406967,0.0,0.0,0.11723251980690363,0.2952674891337931
original,base,4391,4433,11327,130-300ms,ab,117,100,45.23750151693821,7.425000250339508,0.2750000059604645,15.459398161941682,30.5876575361148
original,base,4391,4433,11327,130-300ms,other,0,0,0.0,0.0,0.0,0.0,0.0
original,base,4391,4433,11327,300-400ms,gamma,31,31,22.55000075697899,0.0,0.0,0.0,33.62894524072114
original,base,4391,4433,11327,300-400ms,apbp,0,0,0.0,0.0,0.0,0.0,0.0
original,base,4391,4433,11327,300-400ms,ab,3,3,0.8250000327825546,0.0,0.0,0.0,2.435801297157983
original,base,4391,4433,11327,300-400ms,other,0,0,0.0,0.0,0.0,0.0,0.0
original,base,4391,4433,11900,0-100ms,gamma,439,399,286.13750906288624,30.525000900030136,5.087500095367432,69.50903537513142,203.26757010351173
original,base,4391,4433,11900,0-100ms,apbp,0,0,0.0,0.0,0.0,0.0,0.0
original,base,4391,4433,11900,0-100ms,ab,47,43,18.28750056028366,1.5125000327825546,0.0,4.451886279485724,13.639177310614356
original,base,4391,4433,11900,0-100ms,other,0,0,0.0,0.0,0.0,0.0,0.0
original,base,4391,4433,11900,100-130ms,gamma,133,126,100.78750343620777,5.775000110268593,0.9625000357627869,19.115552530272407,80.44970676199087
original,base,4391,4433,11900,100-130ms,apbp,0,0,0.0,0.0,0.0,0.0,0.0
original,base,4391,4433,11900,100-130ms,ab,26,22,10.450000301003456,1.2375000566244125,0.0,2.2037230343500513,6.663204471476097
original,base,4391,4433,11900,100-130ms,other,0,0,0.0,0.0,0.0,0.0,0.0
original,base,4391,4433,11900,130-300ms,gamma,1061,910,688.7375215888023,114.12500323355198,15.67500051856041,218.06372061212107,482.2405262954587
original,base,4391,4433,11900,130-300ms,apbp,1,0,0.0,0.13750000298023224,0.0,0.0,0.0
original,base,4391,4433,11900,130-300ms,ab,118,101,43.587501376867294,6.600000202655792,0.6875000149011612,14.590389507699005,30.288815383761822
original,base,4391,4433,11900,130-300ms,other,0,0,0.0,0.0,0.0,0.0,0.0
original,base,4391,4433,11900,300-400ms,gamma,31,31,19.525000616908073,0.0,0.0,0.0,22.541422947871954
original,base,4391,4433,11900,300-400ms,apbp,0,0,0.0,0.0,0.0,0.0,0.0
original,base,4391,4433,11900,300-400ms,ab,2,2,1.237500011920929,0.0,0.0,0.0,1.7253062551849507
original,base,4391,4433,11900,300-400ms,other,0,0,0.0,0.0,0.0,0.0,0.0
original,alt,4391,1004433,11327,0-100ms,gamma,410,366,279.26250790059566,26.67500065267086,2.887500077486038,74.50835415617067,193.97857573786195
original,alt,4391,1004433,11327,0-100ms,apbp,2,2,0.2750000059604645,0.0,0.0,0.1010880238593713,0.1739119821010932
original,alt,4391,1004433,11327,0-100ms,ab,41,39,19.250000715255737,0.6875000298023224,0.13750000298023224,6.437527035732316,12.759825906560732
original,alt,4391,1004433,11327,0-100ms,other,0,0,0.0,0.0,0.0,0.0,0.0
original,alt,4391,1004433,11327,100-130ms,gamma,203,186,143.96250414848328,12.512500286102295,0.0,25.236696032883536,101.42712696085104
original,alt,4391,1004433,11327,100-130ms,apbp,1,1,0.13750000298023224,0.0,0.0,0.008361383792195556,0.1291386191880367
original,alt,4391,1004433,11327,100-130ms,ab,12,12,6.7375002056360245,0.0,0.0,1.2096167586880227,3.8489244772294144
original,alt,4391,1004433,11327,100-130ms,other,0,0,0.0,0.0,0.0,0.0,0.0
original,alt,4391,1004433,11327,130-300ms,gamma,1382,1168,859.3750258386135,161.56250523030758,17.050000622868538,374.1864259070328,513.2628590928924
original,alt,4391,1004433,11327,130-300ms,apbp,3,3,0.550000011920929,0.0,0.0,0.32708144336176914,0.22291856855915984
original,alt,4391,1004433,11327,130-300ms,ab,137,117,55.13750174641609,8.525000274181366,0.8250000178813934,23.258489732902486,33.61061875619488
original,alt,4391,1004433,11327,130-300ms,other,0,0,0.0,0.0,0.0,0.0,0.0
original,alt,4391,1004433,11327,300-400ms,gamma,18,8,4.5375001430511475,7.2875001430511475,0.0,0.0,4.537500126199012
original,alt,4391,1004433,11327,300-400ms,apbp,0,0,0.0,0.0,0.0,0.0,0.0
original,alt,4391,1004433,11327,300-400ms,ab,1,0,0.0,0.6875,0.0,0.0,0.0
original,alt,4391,1004433,11327,300-400ms,other,0,0,0.0,0.0,0.0,0.0,0.0
original,alt,4391,1004433,11900,0-100ms,gamma,409,359,278.8500086963177,42.48750129342079,1.2375000715255737,70.82753777661772,198.11606182230787
original,alt,4391,1004433,11900,0-100ms,apbp,0,0,0.0,0.0,0.0,0.0,0.0
original,alt,4391,1004433,11900,0-100ms,ab,39,37,14.987500548362732,1.100000023841858,0.0,4.51913791006002,10.310419313709103
original,alt,4391,1004433,11900,0-100ms,other,0,0,0.0,0.0,0.0,0.0,0.0
original,alt,4391,1004433,11900,100-130ms,gamma,202,187,145.4750046879053,8.800000235438347,1.787500023841858,24.12727411665731,104.64874755112942
original,alt,4391,1004433,11900,100-130ms,apbp,1,1,0.13750000298023224,0.0,0.0,0.008033529244240892,0.12946647373599138
original,alt,4391,1004433,11900,100-130ms,ab,12,12,4.262500137090683,0.0,0.0,0.2742810142180399,3.4589142152202568
original,alt,4391,1004433,11900,100-130ms,other,0,0,0.0,0.0,0.0,0.0,0.0
original,alt,4391,1004433,11900,130-300ms,gamma,1379,1152,860.8875270485878,171.050005286932,20.487500697374344,362.50720489339426,519.4451077290423
original,alt,4391,1004433,11900,130-300ms,apbp,0,0,0.0,0.0,0.0,0.0,0.0
original,alt,4391,1004433,11900,130-300ms,ab,142,118,47.987501457333565,8.937500283122063,1.2375000268220901,18.999710355082584,29.259358267686682
original,alt,4391,1004433,11900,130-300ms,other,0,0,0.0,0.0,0.0,0.0,0.0
original,alt,4391,1004433,11900,300-400ms,gamma,18,18,11.825000301003456,0.0,0.0,0.0,17.365606798539513
original,alt,4391,1004433,11900,300-400ms,apbp,0,0,0.0,0.0,0.0,0.0,0.0
original,alt,4391,1004433,11900,300-400ms,ab,1,1,0.2750000059604645,0.0,0.0,0.0,0.6906810711333954
original,alt,4391,1004433,11900,300-400ms,other,0,0,0.0,0.0,0.0,0.0,0.0
second,base,4395,2004437,11327,0-100ms,gamma,609,525,378.81251184642315,60.77500183880329,5.500000178813934,127.21768424037131,246.86875702287875
second,base,4395,2004437,11327,0-100ms,apbp,1,1,0.13750000298023224,0.0,0.0,0.05936019825809605,0.0781398047221362
second,base,4395,2004437,11327,0-100ms,ab,53,41,18.01250071823597,3.437500149011612,0.0,6.388042067453654,11.624458650782314
second,base,4395,2004437,11327,0-100ms,other,0,0,0.0,0.0,0.0,0.0,0.0
second,base,4395,2004437,11327,100-130ms,gamma,373,318,234.71250718832016,41.250001311302185,11.687500447034836,119.16779410338533,120.27078366810792
second,base,4395,2004437,11327,100-130ms,apbp,2,2,0.2750000059604645,0.0,0.0,0.10296166635076183,0.17203833960970263
second,base,4395,2004437,11327,100-130ms,ab,60,44,18.975000619888306,7.837500289082527,0.0,10.014005886401995,8.96099473348631
second,base,4395,2004437,11327,100-130ms,other,0,0,0.0,0.0,0.0,0.0,0.0
second,base,4395,2004437,11327,130-300ms,gamma,1322,1131,819.2250248491764,138.87500458955765,12.37500050663948,282.34382983441435,520.9988641311475
second,base,4395,2004437,11327,130-300ms,apbp,1,1,0.13750000298023224,0.0,0.0,0.04486347273305745,0.09263653024717479
second,base,4395,2004437,11327,130-300ms,ab,114,92,37.95000144839287,9.762500360608101,0.8250000327825546,10.827362874526834,26.417997741979775
second,base,4395,2004437,11327,130-300ms,other,0,0,0.0,0.0,0.0,0.0,0.0
second,base,4395,2004437,11327,300-400ms,gamma,21,12,8.937500402331352,7.700000137090683,1.2375000715255737,17.31681370399238,7.50301756543089
second,base,4395,2004437,11327,300-400ms,apbp,0,0,0.0,0.0,0.0,0.0,0.0
second,base,4395,2004437,11327,300-400ms,ab,1,1,0.4125000238418579,0.0,0.0,0.9146375741044611,0.20250328162365464
second,base,4395,2004437,11327,300-400ms,other,0,0,0.0,0.0,0.0,0.0,0.0
second,base,4395,2004437,11900,0-100ms,gamma,607,524,389.6750120073557,60.08750192821026,4.125000089406967,107.48338760353178,267.30515707566724
second,base,4395,2004437,11900,0-100ms,apbp,0,0,0.0,0.0,0.0,0.0,0.0
second,base,4395,2004437,11900,0-100ms,ab,49,40,13.3375004529953,2.7500000596046448,0.0,4.685626040543639,8.372811318895897
second,base,4395,2004437,11900,0-100ms,other,0,0,0.0,0.0,0.0,0.0,0.0
second,base,4395,2004437,11900,100-130ms,gamma,371,287,212.025006249547,67.37500186264515,5.912500232458115,92.55649249566065,103.61784520501179
second,base,4395,2004437,11900,100-130ms,apbp,1,1,0.13750000298023224,0.0,0.0,0.05479636933679996,0.0827036336434323
second,base,4395,2004437,11900,100-130ms,ab,60,42,15.400000482797623,7.7000002562999725,0.0,6.602849507610527,6.508386759126341
second,base,4395,2004437,11900,100-130ms,other,0,0,0.0,0.0,0.0,0.0,0.0
second,base,4395,2004437,11900,130-300ms,gamma,1313,1108,818.262525126338,149.87500461935997,15.400000527501106,322.62154135216326,526.3781196512059
second,base,4395,2004437,11900,130-300ms,apbp,0,0,0.0,0.0,0.0,0.0,0.0
second,base,4395,2004437,11900,130-300ms,ab,115,101,41.112501218914986,4.400000184774399,0.6875000149011612,17.918877675430938,25.761450853100563
second,base,4395,2004437,11900,130-300ms,other,0,0,0.0,0.0,0.0,0.0,0.0
second,base,4395,2004437,11900,300-400ms,gamma,21,13,9.350000232458115,4.67500014603138,0.0,0.0,9.350000198564926
second,base,4395,2004437,11900,300-400ms,apbp,0,0,0.0,0.0,0.0,0.0,0.0
second,base,4395,2004437,11900,300-400ms,ab,1,0,0.0,0.2750000059604645,0.0,0.0,0.0
second,base,4395,2004437,11900,300-400ms,other,0,0,0.0,0.0,0.0,0.0,0.0
second,alt,4395,3004437,11327,0-100ms,gamma,646,563,405.6250125467777,57.612501591444016,4.53750017285347,140.70222900319112,249.66563088484264
second,alt,4395,3004437,11327,0-100ms,apbp,0,0,0.0,0.0,0.0,0.0,0.0
second,alt,4395,3004437,11327,0-100ms,ab,78,63,27.775001034140587,6.8750002682209015,0.8250000476837158,9.39699906429748,17.772065492973347
second,alt,4395,3004437,11327,0-100ms,other,0,0,0.0,0.0,0.0,0.0,0.0
second,alt,4395,3004437,11327,100-130ms,gamma,302,242,172.42500530183315,39.87500113248825,3.3000000715255737,67.29180710448533,99.46823711672525
second,alt,4395,3004437,11327,100-130ms,apbp,0,0,0.0,0.0,0.0,0.0,0.0
second,alt,4395,3004437,11327,100-130ms,ab,27,22,9.350000396370888,2.6125001311302185,1.100000038743019,5.018622735581281,3.7677084436814
second,alt,4395,3004437,11327,100-130ms,other,0,0,0.0,0.0,0.0,0.0,0.0
second,alt,4395,3004437,11327,130-300ms,gamma,1468,1229,892.5125287473202,176.27500554919243,24.33750081062317,378.81441037546574,534.620232111221
second,alt,4395,3004437,11327,130-300ms,apbp,3,2,0.2750000059604645,0.13750000298023224,0.0,0.12396108823749762,0.15103891772296685
second,alt,4395,3004437,11327,130-300ms,ab,162,134,53.21250179409981,12.23750051856041,2.337500050663948,23.85044399407546,30.531663494002316
second,alt,4395,3004437,11327,130-300ms,other,0,0,0.0,0.0,0.0,0.0,0.0
second,alt,4395,3004437,11327,300-400ms,gamma,59,53,36.16250088810921,3.7125000655651093,0.0,0.0,36.1625007463178
second,alt,4395,3004437,11327,300-400ms,apbp,0,0,0.0,0.0,0.0,0.0,0.0
second,alt,4395,3004437,11327,300-400ms,ab,3,3,1.7875000536441803,0.0,0.0,0.0,1.787500047355394
second,alt,4395,3004437,11327,300-400ms,other,0,0,0.0,0.0,0.0,0.0,0.0
second,alt,4395,3004437,11900,0-100ms,gamma,644,560,418.2750130444765,63.525001898407936,4.950000077486038,145.15030804692185,253.255150248343
second,alt,4395,3004437,11900,0-100ms,apbp,0,0,0.0,0.0,0.0,0.0,0.0
second,alt,4395,3004437,11900,0-100ms,ab,82,74,25.43750086426735,4.537500098347664,0.6875000298023224,9.36513514990083,14.30525816797289
second,alt,4395,3004437,11900,0-100ms,other,0,0,0.0,0.0,0.0,0.0,0.0
second,alt,4395,3004437,11900,100-130ms,gamma,298,248,180.2625054717064,34.375001057982445,7.150000244379044,78.82270111949194,101.31776125975315
second,alt,4395,3004437,11900,100-130ms,apbp,0,0,0.0,0.0,0.0,0.0,0.0
second,alt,4395,3004437,11900,100-130ms,ab,27,20,7.562500178813934,2.200000062584877,0.2750000059604645,3.967590772993734,4.439093608430005
second,alt,4395,3004437,11900,100-130ms,other,0,0,0.0,0.0,0.0,0.0,0.0
second,alt,4395,3004437,11900,130-300ms,gamma,1461,1257,933.350028142333,149.73750445246696,25.712500631809235,378.94592305443547,574.3957029295706
second,alt,4395,3004437,11900,130-300ms,apbp,1,0,0.0,0.13750000298023224,0.0,0.0,0.0
second,alt,4395,3004437,11900,130-300ms,ab,157,136,51.01250168681145,9.350000336766243,0.8250000178813934,24.47047952586786,27.464945504727414
second,alt,4395,3004437,11900,130-300ms,other,0,0,0.0,0.0,0.0,0.0,0.0
second,alt,4395,3004437,11900,300-400ms,gamma,59,49,39.0500013679266,7.700000315904617,0.0,0.0,39.05000120596571
second,alt,4395,3004437,11900,300-400ms,apbp,0,0,0.0,0.0,0.0,0.0,0.0
second,alt,4395,3004437,11900,300-400ms,ab,2,2,0.5500000268220901,0.0,0.0,0.0,0.5500000251934192
second,alt,4395,3004437,11900,300-400ms,other,0,0,0.0,0.0,0.0,0.0,0.0
second,base,4399,2004441,11327,0-100ms,gamma,397,361,277.61250880360603,29.837500855326653,2.8875001072883606,71.44467173669373,187.70511877364498
second,base,4399,2004441,11327,0-100ms,apbp,1,1,0.13750000298023224,0.0,0.0,0.0013821274448439166,0.13611787553538832
second,base,4399,2004441,11327,0-100ms,ab,208,190,83.46250241994858,7.425000190734863,2.7500000298023224,19.60370382522638,53.23886553559201
second,base,4399,2004441,11327,0-100ms,other,0,0,0.0,0.0,0.0,0.0,0.0
second,base,4399,2004441,11327,100-130ms,gamma,121,105,74.38750231266022,11.825000435113907,0.0,33.17051520353226,54.05891567566662
second,base,4399,2004441,11327,100-130ms,apbp,1,1,0.13750000298023224,0.0,0.0,0.024621595871488985,0.11287840710874325
second,base,4399,2004441,11327,100-130ms,ab,78,67,24.88750071823597,4.812500163912773,1.3750000149011612,15.179486989883639,17.52646605056274
second,base,4399,2004441,11327,100-130ms,other,0,0,0.0,0.0,0.0,0.0,0.0
second,base,4399,2004441,11327,130-300ms,gamma,1181,1004,730.1250232756138,143.82500441372395,10.450000405311584,266.5357075273813,442.20802005477356
second,base,4399,2004441,11327,130-300ms,apbp,3,3,0.550000011920929,0.0,0.0,0.24859710977991817,0.3014029021410108
second,base,4399,2004441,11327,130-300ms,ab,604,507,208.7250058799982,40.56250123679638,3.8500000685453415,84.97375953615213,117.78636627708084
second,base,4399,2004441,11327,130-300ms,other,0,0,0.0,0.0,0.0,0.0,0.0
second,base,4399,2004441,11327,300-400ms,gamma,56,35,23.100000709295273,17.325000628829002,0.550000011920929,26.343000129789967,23.759085891566908
second,base,4399,2004441,11327,300-400ms,apbp,0,0,0.0,0.0,0.0,0.0,0.0
second,base,4399,2004441,11327,300-400ms,ab,19,11,4.125000163912773,3.300000101327896,0.0,8.473156471098031,4.418204478483233
second,base,4399,2004441,11327,300-400ms,other,0,0,0.0,0.0,0.0,0.0,0.0
second,base,4399,2004441,11900,0-100ms,gamma,387,337,252.72500848770142,38.225001126527786,0.8250000476837158,49.85683836930369,183.83116537429754
second,base,4399,2004441,11900,0-100ms,apbp,0,0,0.0,0.0,0.0,0.0,0.0
second,base,4399,2004441,11900,0-100ms,ab,192,179,73.97500248253345,6.875000238418579,0.0,16.78705623378885,47.99450850182844
second,base,4399,2004441,11900,0-100ms,other,0,0,0.0,0.0,0.0,0.0,0.0
second,base,4399,2004441,11900,100-130ms,gamma,119,106,76.72500221431255,8.662500262260437,0.0,32.455107569963744,54.47554834715715
second,base,4399,2004441,11900,100-130ms,apbp,0,0,0.0,0.0,0.0,0.0,0.0
second,base,4399,2004441,11900,100-130ms,ab,77,60,26.262501001358032,7.012500196695328,0.0,16.298129702231645,17.336207491791466
second,base,4399,2004441,11900,100-130ms,other,0,0,0.0,0.0,0.0,0.0,0.0
second,base,4399,2004441,11900,130-300ms,gamma,1156,983,729.025023072958,124.57500402629375,9.900000274181366,269.2011370822799,439.3686866532047
second,base,4399,2004441,11900,130-300ms,apbp,0,0,0.0,0.0,0.0,0.0,0.0
second,base,4399,2004441,11900,130-300ms,ab,576,474,190.98750615119934,44.82500146329403,1.6500000655651093,77.06640767490674,107.7916277386971
second,base,4399,2004441,11900,130-300ms,other,0,0,0.0,0.0,0.0,0.0,0.0
second,base,4399,2004441,11900,300-400ms,gamma,56,36,26.950001075863838,12.925000473856926,3.0250001549720764,33.82288252856712,22.413668833930146
second,base,4399,2004441,11900,300-400ms,apbp,0,0,0.0,0.0,0.0,0.0,0.0
second,base,4399,2004441,11900,300-400ms,ab,20,10,4.8125001937150955,4.8125001192092896,0.0,7.6541976724274505,5.109374796604865
second,base,4399,2004441,11900,300-400ms,other,0,0,0.0,0.0,0.0,0.0,0.0
second,alt,4399,3004441,11327,0-100ms,gamma,468,407,295.21250911056995,40.975001350045204,2.200000062584877,76.8274966971021,197.43154518214615
second,alt,4399,3004441,11327,0-100ms,apbp,1,0,0.0,0.2750000059604645,0.0,0.0,0.0
second,alt,4399,3004441,11327,0-100ms,ab,214,179,74.52500197291374,13.062500402331352,1.7875000536441803,28.332413904806142,43.23131663642376
second,alt,4399,3004441,11327,0-100ms,other,0,0,0.0,0.0,0.0,0.0,0.0
second,alt,4399,3004441,11327,100-130ms,gamma,201,158,124.43750414252281,30.387500807642937,2.200000062584877,69.30959176906725,74.36459844013729
second,alt,4399,3004441,11327,100-130ms,apbp,3,2,0.4125000089406967,0.4125000238418579,0.0,0.126770643223226,0.28572936571747076
second,alt,4399,3004441,11327,100-130ms,ab,126,99,40.287501126527786,12.237500339746475,0.9625000208616257,22.84938902461485,19.281716570641866
second,alt,4399,3004441,11327,100-130ms,other,0,0,0.0,0.0,0.0,0.0,0.0
second,alt,4399,3004441,11327,130-300ms,gamma,1075,927,689.5625212937593,112.75000365078449,15.675000473856926,218.6117212135571,441.3926461506234
second,alt,4399,3004441,11327,130-300ms,apbp,2,2,0.2750000059604645,0.0,0.0,0.08117758734760072,0.19382241861286378
second,alt,4399,3004441,11327,130-300ms,ab,581,492,202.8125058710575,34.650001004338264,3.987500160932541,75.2779525986738,121.9895614109965
second,alt,4399,3004441,11327,130-300ms,other,0,0,0.0,0.0,0.0,0.0,0.0
second,alt,4399,3004441,11327,300-400ms,gamma,28,20,11.962500467896461,6.60000017285347,1.7875000536441803,25.57766793126355,17.65976762072312
second,alt,4399,3004441,11327,300-400ms,apbp,0,0,0.0,0.0,0.0,0.0,0.0
second,alt,4399,3004441,11327,300-400ms,ab,20,11,3.437500149011612,4.125000134110451,0.0,5.227929750158771,4.87222921611824
second,alt,4399,3004441,11327,300-400ms,other,0,0,0.0,0.0,0.0,0.0,0.0
second,alt,4399,3004441,11900,0-100ms,gamma,458,404,293.5625093281269,38.63750143349171,3.3000001311302185,86.37274065410904,192.33952273802365
second,alt,4399,3004441,11900,0-100ms,apbp,0,0,0.0,0.0,0.0,0.0,0.0
second,alt,4399,3004441,11900,0-100ms,ab,204,178,73.83750239014626,10.03750042617321,0.8250000029802322,22.048818217044932,49.65815238907808
second,alt,4399,3004441,11900,0-100ms,other,0,0,0.0,0.0,0.0,0.0,0.0
second,alt,4399,3004441,11900,100-130ms,gamma,196,176,139.01250477135181,12.512500360608101,2.2000001072883606,54.91456950421657,87.00398700120672
second,alt,4399,3004441,11900,100-130ms,apbp,0,0,0.0,0.0,0.0,0.0,0.0
second,alt,4399,3004441,11900,100-130ms,ab,120,95,42.762501284480095,12.787500351667404,1.7875000685453415,20.390028692418817,21.55318147980331
second,alt,4399,3004441,11900,100-130ms,other,0,0,0.0,0.0,0.0,0.0,0.0
second,alt,4399,3004441,11900,130-300ms,gamma,1060,900,674.7125212699175,123.47500409185886,15.675000548362732,232.10714828956696,433.1745999011644
second,alt,4399,3004441,11900,130-300ms,apbp,0,0,0.0,0.0,0.0,0.0,0.0
second,alt,4399,3004441,11900,130-300ms,ab,562,475,196.0750063508749,34.100001096725464,3.575000077486038,77.27592469841281,119.11610523975155
second,alt,4399,3004441,11900,130-300ms,other,0,0,0.0,0.0,0.0,0.0,0.0
second,alt,4399,3004441,11900,300-400ms,gamma,28,28,20.212500721216202,0.0,0.0,0.0,41.587467893251805
second,alt,4399,3004441,11900,300-400ms,apbp,0,0,0.0,0.0,0.0,0.0,0.0
second,alt,4399,3004441,11900,300-400ms,ab,20,20,7.975000306963921,0.0,0.0,0.0,10.607799578621428
second,alt,4399,3004441,11900,300-400ms,other,0,0,0.0,0.0,0.0,0.0,0.0
second,base,4404,2004446,11327,0-100ms,gamma,378,349,266.0625082850456,18.56250062584877,3.7125001400709152,80.43248554893671,175.70729518015523
second,base,4404,2004446,11327,0-100ms,apbp,1,1,0.2750000059604645,0.0,0.0,0.12356546781044521,0.1514345381500193
second,base,4404,2004446,11327,0-100ms,ab,128,111,41.80000126361847,5.637500166893005,0.13750000298023224,14.115429322730687,25.70646010998747
second,base,4404,2004446,11327,0-100ms,other,0,0,0.0,0.0,0.0,0.0,0.0
second,base,4404,2004446,11327,100-130ms,gamma,147,126,93.77500279247761,13.200000286102295,1.6500000357627869,36.58896507067017,67.10876527776112
second,base,4404,2004446,11327,100-130ms,apbp,1,0,0.0,0.13750000298023224,0.0,0.0,0.0
second,base,4404,2004446,11327,100-130ms,ab,30,28,10.450000315904617,1.9250000715255737,0.550000011920929,3.415606171318009,9.012505975486915
second,base,4404,2004446,11327,100-130ms,other,0,0,0.0,0.0,0.0,0.0,0.0
second,base,4404,2004446,11327,130-300ms,gamma,797,706,535.8375163674355,64.90000174939632,1.5125000476837158,155.44949302188508,368.53934181055513
second,base,4404,2004446,11327,130-300ms,apbp,0,0,0.0,0.0,0.0,0.0,0.0
second,base,4404,2004446,11327,130-300ms,ab,314,274,110.00000330805779,15.812500402331352,1.3750000298023224,26.483655047191796,82.12516271355358
second,base,4404,2004446,11327,130-300ms,other,0,0,0.0,0.0,0.0,0.0,0.0
second,base,4404,2004446,11327,300-400ms,gamma,34,34,30.662500992417336,0.0,0.0,18.1825302568201,24.32865227059248
second,base,4404,2004446,11327,300-400ms,apbp,0,0,0.0,0.0,0.0,0.0,0.0
second,base,4404,2004446,11327,300-400ms,ab,20,20,9.625000312924385,0.0,0.2750000059604645,4.809313597627168,6.206872262609637
second,base,4404,2004446,11327,300-400ms,other,0,0,0.0,0.0,0.0,0.0,0.0
second,base,4404,2004446,11900,0-100ms,gamma,370,336,244.6125082820654,25.162500753998756,2.3375000953674316,65.30454651324433,170.37107861637625
second,base,4404,2004446,11900,0-100ms,apbp,0,0,0.0,0.0,0.0,0.0,0.0
second,base,4404,2004446,11900,0-100ms,ab,131,118,51.42500166594982,5.3625001311302185,0.2750000059604645,17.986879573505842,31.652961931455824
second,base,4404,2004446,11900,0-100ms,other,0,0,0.0,0.0,0.0,0.0,0.0
second,base,4404,2004446,11900,100-130ms,gamma,146,141,106.15000316500664,4.675000071525574,0.9625000357627869,39.065666563313215,76.02121975413823
second,base,4404,2004446,11900,100-130ms,apbp,1,1,0.13750000298023224,0.0,0.0,0.07854124798154768,0.05895875499868457
second,base,4404,2004446,11900,100-130ms,ab,29,29,13.062500432133675,0.0,0.0,2.6752019285123616,12.172458664609465
second,base,4404,2004446,11900,100-130ms,other,0,0,0.0,0.0,0.0,0.0,0.0
second,base,4404,2004446,11900,130-300ms,gamma,785,671,492.2500160038471,84.28750228881836,5.225000113248825,126.29308087773323,360.72199189377045
second,base,4404,2004446,11900,130-300ms,apbp,0,0,0.0,0.0,0.0,0.0,0.0
second,base,4404,2004446,11900,130-300ms,ab,311,273,121.41250388324261,16.637500420212746,0.8250000327825546,27.164999460346504,93.28625634499181
second,base,4404,2004446,11900,130-300ms,other,0,0,0.0,0.0,0.0,0.0,0.0
second,base,4404,2004446,11900,300-400ms,gamma,34,34,25.575000792741776,0.0,0.0,0.0,30.809943894720828
second,base,4404,2004446,11900,300-400ms,apbp,0,0,0.0,0.0,0.0,0.0,0.0
second,base,4404,2004446,11900,300-400ms,ab,22,22,10.450000271201134,0.0,0.0,0.0,11.41124830584311
second,base,4404,2004446,11900,300-400ms,other,0,0,0.0,0.0,0.0,0.0,0.0
second,alt,4404,3004446,11327,0-100ms,gamma,262,249,190.30000565946102,10.725000321865082,1.9250000715255737,34.87520237373718,139.62241838108346
second,alt,4404,3004446,11327,0-100ms,apbp,0,0,0.0,0.0,0.0,0.0,0.0
second,alt,4404,3004446,11327,0-100ms,ab,71,67,27.500000923871994,1.7875000834465027,0.0,4.98378469177311,20.168066978158055
second,alt,4404,3004446,11327,0-100ms,other,0,0,0.0,0.0,0.0,0.0,0.0
second,alt,4404,3004446,11327,100-130ms,gamma,111,95,73.8375023752451,11.687500387430191,0.0,22.433818380546832,55.361741363056
second,alt,4404,3004446,11327,100-130ms,apbp,1,1,0.2750000059604645,0.0,0.0,0.1286082702152341,0.1463917357452304
second,alt,4404,3004446,11327,100-130ms,ab,81,59,24.750000581145287,9.900000303983688,0.550000011920929,8.146567178985103,15.12496416291793
second,alt,4404,3004446,11327,100-130ms,other,0,0,0.0,0.0,0.0,0.0,0.0
second,alt,4404,3004446,11327,130-300ms,gamma,861,750,561.4125165939331,88.00000254809856,8.662500247359276,200.04220858095294,367.7103192196698
second,alt,4404,3004446,11327,130-300ms,apbp,3,2,0.550000011920929,0.13750000298023224,0.0,0.25442705131529714,0.2955729606056318
second,alt,4404,3004446,11327,130-300ms,ab,388,341,134.20000365376472,18.012500554323196,2.4750000685453415,48.5617939998908,89.36498265229528
second,alt,4404,3004446,11327,130-300ms,other,0,0,0.0,0.0,0.0,0.0,0.0
second,alt,4404,3004446,11327,300-400ms,gamma,15,15,10.587500303983688,0.0,0.0,0.0,16.09181658342394
second,alt,4404,3004446,11327,300-400ms,apbp,0,0,0.0,0.0,0.0,0.0,0.0
second,alt,4404,3004446,11327,300-400ms,ab,3,3,1.100000038743019,0.0,0.0,0.0,1.199845528725008
second,alt,4404,3004446,11327,300-400ms,other,0,0,0.0,0.0,0.0,0.0,0.0
second,alt,4404,3004446,11900,0-100ms,gamma,258,247,188.23750622570515,10.312500357627869,0.8250000476837158,32.99293174077608,138.56654989715923
second,alt,4404,3004446,11900,0-100ms,apbp,0,0,0.0,0.0,0.0,0.0,0.0
second,alt,4404,3004446,11900,0-100ms,ab,65,59,24.20000083744526,2.2000000923871994,0.0,6.69430972717699,15.35752354565773
second,alt,4404,3004446,11900,0-100ms,other,0,0,0.0,0.0,0.0,0.0,0.0
second,alt,4404,3004446,11900,100-130ms,gamma,107,92,67.92500232160091,11.137500181794167,0.0,23.699744082742054,51.13747959559814
second,alt,4404,3004446,11900,100-130ms,apbp,0,0,0.0,0.0,0.0,0.0,0.0
second,alt,4404,3004446,11900,100-130ms,ab,83,68,30.662500888109207,5.912500247359276,2.3375000953674316,13.69721533651602,15.12065117111342
second,alt,4404,3004446,11900,100-130ms,other,0,0,0.0,0.0,0.0,0.0,0.0
second,alt,4404,3004446,11900,130-300ms,gamma,851,744,539.9625174552202,79.06250210106373,7.425000220537186,178.07307106757395,364.37159820060583
second,alt,4404,3004446,11900,130-300ms,apbp,0,0,0.0,0.0,0.0,0.0,0.0
second,alt,4404,3004446,11900,130-300ms,ab,381,328,143.8250045031309,21.862500548362732,2.7500001043081284,49.11341580156766,97.6916699451908
second,alt,4404,3004446,11900,130-300ms,other,0,0,0.0,0.0,0.0,0.0,0.0
second,alt,4404,3004446,11900,300-400ms,gamma,15,15,10.72500029206276,0.0,0.0,0.0,18.008651657074036
second,alt,4404,3004446,11900,300-400ms,apbp,0,0,0.0,0.0,0.0,0.0,0.0
second,alt,4404,3004446,11900,300-400ms,ab,1,1,0.2750000059604645,0.0,0.0,0.0,1.287720704123839
second,alt,4404,3004446,11900,300-400ms,other,0,0,0.0,0.0,0.0,0.0,0.0
second,base,4408,2004450,11327,0-100ms,gamma,488,459,331.92501053214073,18.700000405311584,4.400000125169754,99.0248263667432,221.57435347322337
second,base,4408,2004450,11327,0-100ms,apbp,2,2,0.2750000059604645,0.0,0.0,0.10103523992404666,0.1739647660364178
second,base,4408,2004450,11327,0-100ms,ab,48,45,18.562500715255737,2.062500089406967,0.13750000298023224,5.732675030069305,11.845192544326526
second,base,4408,2004450,11327,0-100ms,other,0,0,0.0,0.0,0.0,0.0,0.0
second,base,4408,2004450,11327,100-130ms,gamma,241,201,153.72500479221344,28.875000923871994,1.6500000357627869,31.762716219216593,95.8635742068742
second,base,4408,2004450,11327,100-130ms,apbp,1,1,0.13750000298023224,0.0,0.0,0.0,0.10860629256387284
second,base,4408,2004450,11327,100-130ms,ab,36,28,10.175000354647636,3.1625000834465027,0.0,1.1853335356459114,7.073239005745324
second,base,4408,2004450,11327,100-130ms,other,0,0,0.0,0.0,0.0,0.0,0.0
second,base,4408,2004450,11327,130-300ms,gamma,1338,1119,807.8125251084566,159.912504658103,8.387500315904617,311.78416075072937,507.95918028051733
second,base,4408,2004450,11327,130-300ms,apbp,3,1,0.13750000298023224,0.2750000059604645,0.0,0.033249553841114506,0.13314415955547712
second,base,4408,2004450,11327,130-300ms,ab,176,151,59.125001952052116,12.787500560283661,0.4125000238418579,21.620265381522866,38.67574364088972
second,base,4408,2004450,11327,130-300ms,other,0,0,0.0,0.0,0.0,0.0,0.0
second,base,4408,2004450,11327,300-400ms,gamma,46,28,18.975000649690628,12.650000363588333,0.6875,24.73099771758531,19.737732024989505
second,base,4408,2004450,11327,300-400ms,apbp,0,0,0.0,0.0,0.0,0.0,0.0
second,base,4408,2004450,11327,300-400ms,ab,3,2,0.6875000149011612,0.13750000298023224,0.0,1.5533669242800308,0.8641869743769661
second,base,4408,2004450,11327,300-400ms,other,0,0,0.0,0.0,0.0,0.0,0.0
second,base,4408,2004450,11900,0-100ms,gamma,483,427,311.43750970065594,32.72500096261501,2.3375000953674316,63.3445478312525,235.61024115644386
second,base,4408,2004450,11900,0-100ms,apbp,0,0,0.0,0.0,0.0,0.0,0.0
second,base,4408,2004450,11900,0-100ms,ab,43,35,12.787500441074371,2.200000062584877,0.0,2.3115555520683784,9.471981148128409
second,base,4408,2004450,11900,0-100ms,other,0,0,0.0,0.0,0.0,0.0,0.0
second,base,4408,2004450,11900,100-130ms,gamma,239,206,146.43750478327274,21.175000801682472,2.0625000596046448,59.72174777310819,73.22827774804988
second,base,4408,2004450,11900,100-130ms,apbp,0,0,0.0,0.0,0.0,0.0,0.0
second,base,4408,2004450,11900,100-130ms,ab,33,25,7.7000002562999725,3.025000110268593,0.4125000238418579,4.152632684670101,2.790048057641916
second,base,4408,2004450,11900,100-130ms,other,0,0,0.0,0.0,0.0,0.0,0.0
second,base,4408,2004450,11900,130-300ms,gamma,1330,1138,829.8125258535147,138.46250441670418,17.46250055730343,316.8811047793858,531.9478050105241
second,base,4408,2004450,11900,130-300ms,apbp,0,0,0.0,0.0,0.0,0.0,0.0
second,base,4408,2004450,11900,130-300ms,ab,168,144,56.78750191628933,9.625000268220901,2.4750000685453415,22.82339497441304,35.61722886350085
second,base,4408,2004450,11900,130-300ms,other,0,0,0.0,0.0,0.0,0.0,0.0
second,base,4408,2004450,11900,300-400ms,gamma,46,46,36.16250103712082,0.0,0.0,0.0,43.116316910992246
second,base,4408,2004450,11900,300-400ms,apbp,0,0,0.0,0.0,0.0,0.0,0.0
second,base,4408,2004450,11900,300-400ms,ab,2,2,0.2750000059604645,0.0,0.0,0.0,0.3831613380282324
second,base,4408,2004450,11900,300-400ms,other,0,0,0.0,0.0,0.0,0.0,0.0
second,alt,4408,3004450,11327,0-100ms,gamma,592,512,375.3750118613243,53.21250157058239,6.875000149011612,145.635996882213,223.09182830644716
second,alt,4408,3004450,11327,0-100ms,apbp,0,0,0.0,0.0,0.0,0.0,0.0
second,alt,4408,3004450,11327,0-100ms,ab,57,49,22.275000795722008,3.162500098347664,0.8250000476837158,6.631455529297337,14.881364911791817
second,alt,4408,3004450,11327,0-100ms,other,0,0,0.0,0.0,0.0,0.0,0.0
second,alt,4408,3004450,11327,100-130ms,gamma,199,188,139.70000426471233,8.112500339746475,0.8250000476837158,29.070132521231145,102.99302208116153
second,alt,4408,3004450,11327,100-130ms,apbp,2,1,0.2750000059604645,0.13750000298023224,0.0,0.027025236626955572,0.2479747693335089
second,alt,4408,3004450,11327,100-130ms,ab,17,16,8.662500277161598,0.13750000298023224,0.2750000059604645,2.12706146496545,6.987104425572681
second,alt,4408,3004450,11327,100-130ms,other,0,0,0.0,0.0,0.0,0.0,0.0
second,alt,4408,3004450,11327,130-300ms,gamma,1070,944,683.2375216335058,89.9250029027462,8.800000429153442,210.46024353664748,467.2629904684245
second,alt,4408,3004450,11327,130-300ms,apbp,1,1,0.13750000298023224,0.0,0.13750000298023224,0.1321085507468201,0.005391452233412141
second,alt,4408,3004450,11327,130-300ms,ab,132,112,43.72500142455101,10.450000405311584,1.9250000417232513,13.475248784152729,29.38645053482502
second,alt,4408,3004450,11327,130-300ms,other,0,0,0.0,0.0,0.0,0.0,0.0
second,alt,4408,3004450,11327,300-400ms,gamma,46,46,31.762501150369644,0.0,0.0,16.223534281126856,35.33729083266044
second,alt,4408,3004450,11327,300-400ms,apbp,0,0,0.0,0.0,0.0,0.0,0.0
second,alt,4408,3004450,11327,300-400ms,ab,5,5,1.100000038743019,0.0,0.0,0.5965061169774508,1.6773107685951503
second,alt,4408,3004450,11327,300-400ms,other,0,0,0.0,0.0,0.0,0.0,0.0
second,alt,4408,3004450,11900,0-100ms,gamma,587,515,373.1750117391348,47.987501338124275,7.012500166893005,143.9499600870189,229.22505165211592
second,alt,4408,3004450,11900,0-100ms,apbp,0,0,0.0,0.0,0.0,0.0,0.0
second,alt,4408,3004450,11900,0-100ms,ab,47,39,12.925000473856926,2.887500122189522,0.0,5.128441765607086,7.79655870824984
second,alt,4408,3004450,11900,0-100ms,other,0,0,0.0,0.0,0.0,0.0,0.0
second,alt,4408,3004450,11900,100-130ms,gamma,197,177,125.81250387430191,15.675000578165054,0.0,26.67298781428308,86.80402688585116
second,alt,4408,3004450,11900,100-130ms,apbp,0,0,0.0,0.0,0.0,0.0,0.0
second,alt,4408,3004450,11900,100-130ms,ab,16,15,5.912500187754631,1.2375000715255737,0.0,1.5234828503723066,4.23248987796387
second,alt,4408,3004450,11900,100-130ms,other,0,0,0.0,0.0,0.0,0.0,0.0
second,alt,4408,3004450,11900,130-300ms,gamma,1066,956,690.3875213563442,83.0500028282404,3.3000001162290573,189.81583532830945,492.2504716712974
second,alt,4408,3004450,11900,130-300ms,apbp,0,0,0.0,0.0,0.0,0.0,0.0
second,alt,4408,3004450,11900,130-300ms,ab,124,104,39.87500128149986,7.425000265240669,0.9625000357627869,13.419026021417674,25.95635376331847
second,alt,4408,3004450,11900,130-300ms,other,0,0,0.0,0.0,0.0,0.0,0.0
second,alt,4408,3004450,11900,300-400ms,gamma,46,45,29.70000073313713,0.2750000059604645,0.0,18.229517671017092,32.12718659302505
second,alt,4408,3004450,11900,300-400ms,apbp,0,0,0.0,0.0,0.0,0.0,0.0
second,alt,4408,3004450,11900,300-400ms,ab,5,5,2.0625000447034836,0.0,0.0,0.899413547697945,1.8192354531877108
second,alt,4408,3004450,11900,300-400ms,other,0,0,0.0,0.0,0.0,0.0,0.0
second,base,4412,2004454,11327,0-100ms,gamma,606,531,390.08751168847084,57.61250212788582,10.037500262260437,124.59680353336668,236.33294749942365
second,base,4412,2004454,11327,0-100ms,apbp,0,0,0.0,0.0,0.0,0.0,0.0
second,base,4412,2004454,11327,0-100ms,ab,43,37,15.812500566244125,3.025000125169754,0.0,5.094552031072304,8.54726200024742
second,base,4412,2004454,11327,0-100ms,other,0,0,0.0,0.0,0.0,0.0,0.0
second,base,4412,2004454,11327,100-130ms,gamma,189,149,106.01250313222408,29.837500855326653,1.3750000298023224,48.449895978618684,74.35120529325769
second,base,4412,2004454,11327,100-130ms,apbp,0,0,0.0,0.0,0.0,0.0,0.0
second,base,4412,2004454,11327,100-130ms,ab,19,15,6.325000301003456,1.6500000655651093,0.0,3.163447264802751,4.885819256663229
second,base,4412,2004454,11327,100-130ms,other,0,0,0.0,0.0,0.0,0.0,0.0
second,base,4412,2004454,11327,130-300ms,gamma,1541,1271,901.8625285923481,192.77500584721565,19.52500057220459,362.7129830187691,541.2388291108958
second,base,4412,2004454,11327,130-300ms,apbp,1,1,0.13750000298023224,0.0,0.0,0.017878948133299283,0.11962105484693294
second,base,4412,2004454,11327,130-300ms,ab,170,143,60.08750218153,8.800000250339508,0.5500000268220901,23.59686083143622,36.70259209301311
second,base,4412,2004454,11327,130-300ms,other,0,0,0.0,0.0,0.0,0.0,0.0
second,base,4412,2004454,11327,300-400ms,gamma,38,38,24.750000789761543,0.0,0.0,0.0,35.02987967084546
second,base,4412,2004454,11327,300-400ms,apbp,0,0,0.0,0.0,0.0,0.0,0.0
second,base,4412,2004454,11327,300-400ms,ab,3,3,0.9625000357627869,0.0,0.0,0.0,1.1969696035447661
second,base,4412,2004454,11327,300-400ms,other,0,0,0.0,0.0,0.0,0.0,0.0
second,base,4412,2004454,11900,0-100ms,gamma,604,533,395.58751191198826,54.17500162124634,4.400000065565109,119.60217673278243,246.8896835895133
second,base,4412,2004454,11900,0-100ms,apbp,0,0,0.0,0.0,0.0,0.0,0.0
second,base,4412,2004454,11900,0-100ms,ab,41,39,13.612500458955765,0.5500000268220901,0.0,3.809917593132722,7.944154864133882
second,base,4412,2004454,11900,0-100ms,other,0,0,0.0,0.0,0.0,0.0,0.0
second,base,4412,2004454,11900,100-130ms,gamma,189,150,113.30000361800194,28.46250070631504,2.7500001192092896,49.148000020916214,77.62987088894965
second,base,4412,2004454,11900,100-130ms,apbp,0,0,0.0,0.0,0.0,0.0,0.0
second,base,4412,2004454,11900,100-130ms,ab,17,15,6.600000232458115,0.4125000089406967,0.13750000298023224,2.9350396411052238,5.076968278580171
second,base,4412,2004454,11900,100-130ms,other,0,0,0.0,0.0,0.0,0.0,0.0
second,base,4412,2004454,11900,130-300ms,gamma,1542,1313,948.2000286281109,176.13750553131104,24.4750008136034,373.33249220747206,577.2463094822376
second,base,4412,2004454,11900,130-300ms,apbp,0,0,0.0,0.0,0.0,0.0,0.0
second,base,4412,2004454,11900,130-300ms,ab,159,131,44.412501484155655,9.487500295042992,1.5125000476837158,16.818256810361216,27.14232012116046
second,base,4412,2004454,11900,130-300ms,other,0,0,0.0,0.0,0.0,0.0,0.0
second,base,4412,2004454,11900,300-400ms,gamma,38,38,25.437500655651093,0.0,0.0,0.0,38.67651178331032
second,base,4412,2004454,11900,300-400ms,apbp,0,0,0.0,0.0,0.0,0.0,0.0
second,base,4412,2004454,11900,300-400ms,ab,5,5,2.612500101327896,0.0,0.0,0.0,3.5108449577987275
second,base,4412,2004454,11900,300-400ms,other,0,0,0.0,0.0,0.0,0.0,0.0
second,alt,4412,3004454,11327,0-100ms,gamma,671,597,431.2000136077404,52.25000157952309,13.475000396370888,157.66546102779444,273.53455257994597
second,alt,4412,3004454,11327,0-100ms,apbp,0,0,0.0,0.0,0.0,0.0,0.0
second,alt,4412,3004454,11327,0-100ms,ab,75,68,27.77500095963478,3.1625001430511475,2.337500125169754,12.441375306895502,15.333625652739276
second,alt,4412,3004454,11327,0-100ms,other,0,0,0.0,0.0,0.0,0.0,0.0
second,alt,4412,3004454,11327,100-130ms,gamma,230,198,141.2125045955181,21.725000619888306,1.2375000715255737,38.77865418383898,86.81003015688417
second,alt,4412,3004454,11327,100-130ms,apbp,0,0,0.0,0.0,0.0,0.0,0.0
second,alt,4412,3004454,11327,100-130ms,ab,26,22,10.037500351667404,1.3750000447034836,0.0,2.713032318447119,6.641557179232721
second,alt,4412,3004454,11327,100-130ms,other,0,0,0.0,0.0,0.0,0.0,0.0
second,alt,4412,3004454,11327,130-300ms,gamma,1168,1034,740.9875235259533,99.68750302493572,10.175000384449959,254.04874621651757,478.7772739226223
second,alt,4412,3004454,11327,130-300ms,apbp,2,2,0.2750000059604645,0.0,0.0,0.12850806443889567,0.14649194152156883
second,alt,4412,3004454,11327,130-300ms,ab,107,94,36.85000152885914,4.537500157952309,0.4125000238418579,12.664356756412392,22.854319326668175
second,alt,4412,3004454,11327,130-300ms,other,0,0,0.0,0.0,0.0,0.0,0.0
second,alt,4412,3004454,11327,300-400ms,gamma,36,31,22.687500536441803,2.887500062584877,0.2750000059604645,28.67502994818911,17.797794229861076
second,alt,4412,3004454,11327,300-400ms,apbp,0,0,0.0,0.0,0.0,0.0,0.0
second,alt,4412,3004454,11327,300-400ms,ab,4,1,0.6875,1.1000000089406967,0.0,1.6062951910153844,1.0954411087507527
second,alt,4412,3004454,11327,300-400ms,other,0,0,0.0,0.0,0.0,0.0,0.0
second,alt,4412,3004454,11900,0-100ms,gamma,673,569,405.35001204907894,73.97500240802765,9.07500046491623,137.84150544453655,258.95734821187506
second,alt,4412,3004454,11900,0-100ms,apbp,0,0,0.0,0.0,0.0,0.0,0.0
second,alt,4412,3004454,11900,0-100ms,ab,68,57,20.762500673532486,4.675000190734863,0.0,6.245685856991527,14.516814816540958
second,alt,4412,3004454,11900,0-100ms,other,0,0,0.0,0.0,0.0,0.0,0.0
second,alt,4412,3004454,11900,100-130ms,gamma,230,203,148.0875043720007,20.487500742077827,2.200000047683716,55.792703882759874,98.19935252220563
second,alt,4412,3004454,11900,100-130ms,apbp,0,0,0.0,0.0,0.0,0.0,0.0
second,alt,4412,3004454,11900,100-130ms,ab,24,22,7.837500303983688,0.5500000268220901,0.13750000298023224,2.8850911921786047,4.952409111805084
second,alt,4412,3004454,11900,100-130ms,other,0,0,0.0,0.0,0.0,0.0,0.0
second,alt,4412,3004454,11900,130-300ms,gamma,1168,1039,760.5125230103731,94.87500259280205,15.400000602006912,249.60324181290352,486.5351539375518
second,alt,4412,3004454,11900,130-300ms,apbp,0,0,0.0,0.0,0.0,0.0,0.0
second,alt,4412,3004454,11900,130-300ms,ab,101,88,30.525000974535942,5.637500211596489,0.4125000238418579,10.571607436821518,18.67170560880585
second,alt,4412,3004454,11900,130-300ms,other,0,0,0.0,0.0,0.0,0.0,0.0
second,alt,4412,3004454,11900,300-400ms,gamma,36,26,22.275000736117363,6.875000238418579,0.9625000357627869,31.322619779953847,17.973114575783843
second,alt,4412,3004454,11900,300-400ms,apbp,0,0,0.0,0.0,0.0,0.0,0.0
second,alt,4412,3004454,11900,300-400ms,ab,5,2,0.8250000178813934,0.4125000089406967,0.0,1.3682017467064278,0.7384862000835398
second,alt,4412,3004454,11900,300-400ms,other,0,0,0.0,0.0,0.0,0.0,0.0
second,base,4416,2004458,11327,0-100ms,gamma,449,412,312.1250095516443,23.375000774860382,1.9250000715255737,93.96864157795416,198.0964953561216
second,base,4416,2004458,11327,0-100ms,apbp,3,3,0.550000011920929,0.0,0.0,0.19442401150055194,0.35557600042037707
second,base,4416,2004458,11327,0-100ms,ab,191,164,70.67500200867653,10.312500283122063,0.9625000208616257,24.462983288628557,43.37528932443115
second,base,4416,2004458,11327,0-100ms,other,0,0,0.0,0.0,0.0,0.0,0.0
second,base,4416,2004458,11327,100-130ms,gamma,225,177,130.21250368654728,35.33750119805336,0.9625000059604645,63.09025100853249,75.50729467417025
second,base,4416,2004458,11327,100-130ms,apbp,0,0,0.0,0.0,0.0,0.0,0.0
second,base,4416,2004458,11327,100-130ms,ab,71,62,24.612500831484795,3.162500098347664,0.0,8.966110308035896,15.88394064997368
second,base,4416,2004458,11327,100-130ms,other,0,0,0.0,0.0,0.0,0.0,0.0
second,base,4416,2004458,11327,130-300ms,gamma,1046,917,668.6625207066536,97.07500311732292,6.325000196695328,227.35628354095522,452.98106778711144
second,base,4416,2004458,11327,130-300ms,apbp,3,3,0.4125000089406967,0.0,0.0,0.17239075619586397,0.24010925274483275
second,base,4416,2004458,11327,130-300ms,ab,301,259,101.75000296533108,19.66250067949295,2.062500089406967,39.95468548633475,64.39449674808836
second,base,4416,2004458,11327,130-300ms,other,0,0,0.0,0.0,0.0,0.0,0.0
second,base,4416,2004458,11327,300-400ms,gamma,19,12,8.662500202655792,3.4375001043081284,0.0,0.0,8.662500166709604
second,base,4416,2004458,11327,300-400ms,apbp,0,0,0.0,0.0,0.0,0.0,0.0
second,base,4416,2004458,11327,300-400ms,ab,18,13,6.600000202655792,1.3750000596046448,0.0,0.0,6.600000177814753
second,base,4416,2004458,11327,300-400ms,other,0,0,0.0,0.0,0.0,0.0,0.0
second,base,4416,2004458,11900,0-100ms,gamma,442,401,299.0625099092722,32.5875011831522,3.0250000953674316,86.89271954193478,193.93944785929637
second,base,4416,2004458,11900,0-100ms,apbp,0,0,0.0,0.0,0.0,0.0,0.0
second,base,4416,2004458,11900,0-100ms,ab,192,165,67.92500215768814,13.337500408291817,1.6500000357627869,22.23631077575506,42.74882269679679
second,base,4416,2004458,11900,0-100ms,other,0,0,0.0,0.0,0.0,0.0,0.0
second,base,4416,2004458,11900,100-130ms,gamma,225,178,140.2500049173832,39.46250122785568,4.6750001311302185,64.3886569398515,81.04519453386888
second,base,4416,2004458,11900,100-130ms,apbp,0,0,0.0,0.0,0.0,0.0,0.0
second,base,4416,2004458,11900,100-130ms,ab,76,68,26.812500849366188,2.750000089406967,0.6875000149011612,10.332269153968532,16.462000934828318
second,base,4416,2004458,11900,100-130ms,other,0,0,0.0,0.0,0.0,0.0,0.0
second,base,4416,2004458,11900,130-300ms,gamma,1028,911,677.1875225156546,83.87500281631947,6.875000283122063,230.23451440109363,449.0946647146752
second,base,4416,2004458,11900,130-300ms,apbp,1,1,0.13750000298023224,0.0,0.0,0.09216900832760978,0.045330994652622456
second,base,4416,2004458,11900,130-300ms,ab,290,241,100.23750340938568,19.937500596046448,0.5500000268220901,34.713957351965135,66.45758976868244
second,base,4416,2004458,11900,130-300ms,other,0,0,0.0,0.0,0.0,0.0,0.0
second,base,4416,2004458,11900,300-400ms,gamma,19,19,11.550000309944153,0.0,0.0,0.0,22.454839598135628
second,base,4416,2004458,11900,300-400ms,apbp,0,0,0.0,0.0,0.0,0.0,0.0
second,base,4416,2004458,11900,300-400ms,ab,19,19,8.250000298023224,0.0,0.0,0.0,10.274055996916841
second,base,4416,2004458,11900,300-400ms,other,0,0,0.0,0.0,0.0,0.0,0.0
second,alt,4416,3004458,11327,0-100ms,gamma,415,379,275.55000829696655,29.287500828504562,2.4750000834465027,58.32035587306766,201.1069741602745
second,alt,4416,3004458,11327,0-100ms,apbp,0,0,0.0,0.0,0.0,0.0,0.0
second,alt,4416,3004458,11327,0-100ms,ab,135,119,48.125001311302185,5.77500019967556,0.6875000149011612,13.287103500305587,32.48155163464255
second,alt,4416,3004458,11327,0-100ms,other,0,0,0.0,0.0,0.0,0.0,0.0
second,alt,4416,3004458,11327,100-130ms,gamma,136,110,81.67500245571136,16.775000512599945,0.8250000476837158,21.2075655637723,69.78170731857335
second,alt,4416,3004458,11327,100-130ms,apbp,2,2,0.2750000059604645,0.0,0.0,0.0,0.2707462534458882
second,alt,4416,3004458,11327,100-130ms,ab,40,36,14.437500447034836,1.2375000566244125,0.0,2.6747722237916127,12.52603016693766
second,alt,4416,3004458,11327,100-130ms,other,0,0,0.0,0.0,0.0,0.0,0.0
second,alt,4416,3004458,11327,130-300ms,gamma,817,718,532.8125160336494,74.11250227689743,4.537500157952309,154.0183750570543,376.18979206245046
second,alt,4416,3004458,11327,130-300ms,apbp,1,1,0.13750000298023224,0.0,0.0,6.128633003162854e-05,0.08233227090668092
second,alt,4416,3004458,11327,130-300ms,ab,302,263,111.37500339746475,16.7750004529953,1.3750000596046448,29.685251960093023,75.43992521735684
second,alt,4416,3004458,11327,130-300ms,other,0,0,0.0,0.0,0.0,0.0,0.0
second,alt,4416,3004458,11327,300-400ms,gamma,15,15,10.587500393390656,0.0,0.0,0.0,20.00025708064008
second,alt,4416,3004458,11327,300-400ms,apbp,0,0,0.0,0.0,0.0,0.0,0.05936019813574554
second,alt,4416,3004458,11327,300-400ms,ab,17,17,7.012500196695328,0.0,0.0,0.0,14.855370609974807
second,alt,4416,3004458,11327,300-400ms,other,0,0,0.0,0.0,0.0,0.0,0.0
second,alt,4416,3004458,11900,0-100ms,gamma,406,360,271.97500871121883,35.61250124871731,3.8500000834465027,63.64564470577034,191.02884644236426
second,alt,4416,3004458,11900,0-100ms,apbp,0,0,0.0,0.0,0.0,0.0,0.0
second,alt,4416,3004458,11900,0-100ms,ab,141,122,50.87500157952309,9.075000286102295,0.13750000298023224,13.253482019434156,33.93456956132469
second,alt,4416,3004458,11900,0-100ms,other,0,0,0.0,0.0,0.0,0.0,0.0
second,alt,4416,3004458,11900,100-130ms,gamma,133,111,82.77500288188457,20.075000762939453,1.3750000596046448,23.569537790549376,70.2274241383634
second,alt,4416,3004458,11900,100-130ms,apbp,0,0,0.0,0.0,0.0,0.0,0.0
second,alt,4416,3004458,11900,100-130ms,ab,42,38,18.287500590085983,0.6875000149011612,0.0,3.7210094192658962,17.11000271596874
second,alt,4416,3004458,11900,100-130ms,other,0,0,0.0,0.0,0.0,0.0,0.0
second,alt,4416,3004458,11900,130-300ms,gamma,803,724,553.8500182181597,62.01250196993351,3.575000122189522,160.0238833058275,391.6621925362087
second,alt,4416,3004458,11900,130-300ms,apbp,0,0,0.0,0.0,0.0,0.0,0.0
second,alt,4416,3004458,11900,130-300ms,ab,315,274,115.08750368654728,16.362500607967377,1.3750000149011612,32.24363102337523,77.54258209100676
second,alt,4416,3004458,11900,130-300ms,other,0,0,0.0,0.0,0.0,0.0,0.0
second,alt,4416,3004458,11900,300-400ms,gamma,12,12,11.000000447034836,0.0,0.0,0.0,19.442501271921653
second,alt,4416,3004458,11900,300-400ms,apbp,0,0,0.0,0.0,0.0,0.0,0.0
second,alt,4416,3004458,11900,300-400ms,ab,19,19,8.66250030696392,0.0,0.0,0.0,15.107229291982758
second,alt,4416,3004458,11900,300-400ms,other,0,0,0.0,0.0,0.0,0.0,0.0
second,base,4420,2004462,11327,0-100ms,gamma,665,546,401.22501266002655,87.17500267922878,7.425000190734863,156.67719036186088,237.67529943841146
second,base,4420,2004462,11327,0-100ms,apbp,1,1,0.2750000059604645,0.0,0.0,0.14500541975474607,0.12999458620571847
second,base,4420,2004462,11327,0-100ms,ab,306,252,107.52500334382057,24.88750071823597,1.5125000327825546,42.7384414698717,62.856124765165596
second,base,4420,2004462,11327,0-100ms,other,0,0,0.0,0.0,0.0,0.0,0.0
second,base,4420,2004462,11327,100-130ms,gamma,373,301,218.62500682473183,53.075001657009125,6.187500178813934,113.27026575116601,98.947211102387
second,base,4420,2004462,11327,100-130ms,apbp,0,0,0.0,0.0,0.0,0.0,0.0
second,base,4420,2004462,11327,100-130ms,ab,237,191,80.43750225007534,19.250000551342964,1.7875000685453415,36.07932156856082,37.001222363633204
second,base,4420,2004462,11327,100-130ms,other,0,0,0.0,0.0,0.0,0.0,0.0
second,base,4420,2004462,11327,130-300ms,gamma,2259,1736,1285.21254055202,360.38751159608364,50.18750150501728,709.0735339616047,577.9183087512386
second,base,4420,2004462,11327,130-300ms,apbp,8,6,1.100000023841858,0.4125000089406967,0.0,0.5521303612365942,0.5478696626052637
second,base,4420,2004462,11327,130-300ms,ab,1146,875,363.8250108063221,117.97500349581242,11.000000327825546,207.19995540760527,164.46732216376256
second,base,4420,2004462,11327,130-300ms,other,0,0,0.0,0.0,0.0,0.0,0.0
second,base,4420,2004462,11327,300-400ms,gamma,75,69,51.28750142455101,4.812500178813934,0.0,32.067749844062575,30.72050223249717
second,base,4420,2004462,11327,300-400ms,apbp,0,0,0.0,0.0,0.0,0.0,0.0
second,base,4420,2004462,11327,300-400ms,ab,14,14,7.012500241398811,0.0,0.0,4.856836352289572,3.600792550728051
second,base,4420,2004462,11327,300-400ms,other,0,0,0.0,0.0,0.0,0.0,0.0
second,base,4420,2004462,11900,0-100ms,gamma,661,540,407.55001287162304,89.23750281333923,9.212500348687172,163.93881820067014,234.04706991563023
second,base,4420,2004462,11900,0-100ms,apbp,1,1,0.13750000298023224,0.0,0.0,0.0,0.015548440288394215
second,base,4420,2004462,11900,0-100ms,ab,294,243,107.38750329613686,20.90000058710575,3.5750001072883606,47.317765494497834,58.55614341959142
second,base,4420,2004462,11900,0-100ms,other,0,0,0.0,0.0,0.0,0.0,0.0
second,base,4420,2004462,11900,100-130ms,gamma,370,296,214.77500669658184,58.02500185370445,6.187500149011612,112.74661308983892,98.66865650573635
second,base,4420,2004462,11900,100-130ms,apbp,0,0,0.0,0.0,0.0,0.04860001982270927,0.07335154286912876
second,base,4420,2004462,11900,100-130ms,ab,233,188,75.9000022560358,16.637500524520874,2.3375000655651093,33.07930145146727,35.140499454036856
second,base,4420,2004462,11900,100-130ms,other,0,0,0.0,0.0,0.0,0.0,0.0
second,base,4420,2004462,11900,130-300ms,gamma,2240,1718,1273.9375401437283,383.90001264214516,50.462501719594,690.8020418091317,585.1799785396129
second,base,4420,2004462,11900,130-300ms,apbp,4,2,0.2750000059604645,0.2750000059604645,0.0,0.2395039813674938,0.0354960245929707
second,base,4420,2004462,11900,130-300ms,ab,1132,846,355.3000107705593,132.41250413656235,11.550000429153442,197.80268470959706,166.0981471745038
second,base,4420,2004462,11900,130-300ms,other,0,0,0.0,0.0,0.0,0.0,0.0
second,base,4420,2004462,11900,300-400ms,gamma,74,66,48.81250150501728,6.325000315904617,0.8250000476837158,32.327801863166926,27.36408127318661
second,base,4420,2004462,11900,300-400ms,apbp,0,0,0.0,0.0,0.0,0.0,0.0
second,base,4420,2004462,11900,300-400ms,ab,16,15,5.775000140070915,0.4125000238418579,0.0,4.267253817231709,2.1007209418769137
second,base,4420,2004462,11900,300-400ms,other,0,0,0.0,0.0,0.0,0.0,0.0
second,alt,4420,3004462,11327,0-100ms,gamma,756,648,470.2500148117542,75.21250240504742,9.212500393390656,197.1876036587787,252.60937115267143
second,alt,4420,3004462,11327,0-100ms,apbp,2,1,0.2750000059604645,0.13750000298023224,0.0,0.11406530318473362,0.16093470277573088
second,alt,4420,3004462,11327,0-100ms,ab,277,229,95.9750030040741,22.412500753998756,2.750000089406967,34.13962243213353,51.46629909327196
second,alt,4420,3004462,11327,0-100ms,other,0,0,0.0,0.0,0.0,0.0,0.0
second,alt,4420,3004462,11327,100-130ms,gamma,204,180,129.11250393092632,17.737500682473183,0.2750000059604645,46.23042439466927,81.71792894105022
second,alt,4420,3004462,11327,100-130ms,apbp,0,0,0.0,0.0,0.0,0.0,0.0
second,alt,4420,3004462,11327,100-130ms,ab,134,115,49.63750150799751,8.662500262260437,1.1000000536441803,23.808886888630795,29.09602361649373
second,alt,4420,3004462,11327,100-130ms,other,0,0,0.0,0.0,0.0,0.0,0.0
second,alt,4420,3004462,11327,130-300ms,gamma,1909,1459,1068.7875337451696,325.87501043081284,23.100000604987144,547.0029948288764,530.5459970216153
second,alt,4420,3004462,11327,130-300ms,apbp,6,5,0.8250000178813934,0.2750000059604645,0.0,0.4165548159723821,0.40844520190901135
second,alt,4420,3004462,11327,130-300ms,ab,973,748,316.38750967383385,97.48750299215317,10.587500393390656,166.40473823761135,153.72196920019587
second,alt,4420,3004462,11327,130-300ms,other,0,0,0.0,0.0,0.0,0.0,0.0
second,alt,4420,3004462,11327,300-400ms,gamma,59,59,38.637501284480095,0.0,0.0,8.275914336173935,43.217319438495075
second,alt,4420,3004462,11327,300-400ms,apbp,0,0,0.0,0.0,0.0,0.0,0.0
second,alt,4420,3004462,11327,300-400ms,ab,13,13,5.637500196695328,0.0,0.0,1.3797715970551603,7.620203317208416
second,alt,4420,3004462,11327,300-400ms,other,0,0,0.0,0.0,0.0,0.0,0.0
second,alt,4420,3004462,11900,0-100ms,gamma,750,636,466.5375150889158,84.1500024497509,9.212500363588333,196.80505674831244,250.6750645547982
second,alt,4420,3004462,11900,0-100ms,apbp,1,1,0.13750000298023224,0.0,0.0,0.04486347273305745,0.0926365302471748
second,alt,4420,3004462,11900,0-100ms,ab,260,225,98.86250324547291,14.437500327825546,4.537500157952309,38.61089925290398,50.944625475092394
second,alt,4420,3004462,11900,0-100ms,other,0,0,0.0,0.0,0.0,0.0,0.0
second,alt,4420,3004462,11900,100-130ms,gamma,203,173,127.73750415444374,21.72500066459179,2.7500000447034836,43.83208770685966,80.26341733991589
second,alt,4420,3004462,11900,100-130ms,apbp,0,0,0.0,0.0,0.0,0.0,0.0
second,alt,4420,3004462,11900,100-130ms,ab,143,116,47.437501326203346,11.550000324845314,3.5750001072883606,28.07414717302779,25.631319739873476
second,alt,4420,3004462,11900,100-130ms,other,0,0,0.0,0.0,0.0,0.0,0.0
second,alt,4420,3004462,11900,130-300ms,gamma,1898,1473,1091.3375342339277,323.95001016557217,37.12500090897083,537.986594995601,552.7956919094255
second,alt,4420,3004462,11900,130-300ms,apbp,5,3,0.4125000089406967,0.2750000059604645,0.0,0.32138277294847456,0.09111723599222218
second,alt,4420,3004462,11900,130-300ms,ab,965,744,305.3875095397234,95.28750292956829,9.350000321865082,152.49892108714417,151.14373023925015
second,alt,4420,3004462,11900,130-300ms,other,0,0,0.0,0.0,0.0,0.0,0.0
second,alt,4420,3004462,11900,300-400ms,gamma,58,46,35.062501177191734,7.425000235438347,1.100000023841858,29.47909644932419,28.838044840442542
second,alt,4420,3004462,11900,300-400ms,apbp,0,0,0.0,0.0,0.0,0.0,0.0
second,alt,4420,3004462,11900,300-400ms,ab,11,6,1.7875000685453415,2.750000089406967,0.0,4.4889559232881115,2.0824152845987935
second,alt,4420,3004462,11900,300-400ms,other,0,0,0.0,0.0,0.0,0.0,0.0
second,base,4425,2004467,11327,0-100ms,gamma,384,371,280.3625086545944,9.21250033378601,1.9250000715255737,67.71946088237115,191.97331755071397
second,base,4425,2004467,11327,0-100ms,apbp,3,3,0.4125000089406967,0.0,0.0,0.22700259796169767,0.18549741097899897
second,base,4425,2004467,11327,0-100ms,ab,82,79,31.07500098645687,1.100000038743019,0.0,6.55799632502028,20.74509434402174
second,base,4425,2004467,11327,0-100ms,other,0,0,0.0,0.0,0.0,0.0,0.0
second,base,4425,2004467,11327,100-130ms,gamma,181,157,121.27500356733799,14.575000494718552,0.550000011920929,41.26878301463189,79.83088122503504
second,base,4425,2004467,11327,100-130ms,apbp,0,0,0.0,0.0,0.0,0.0,0.0
second,base,4425,2004467,11327,100-130ms,ab,72,70,26.53750078380108,0.6875000298023224,1.512500062584877,9.03764078155489,15.621595671437918
second,base,4425,2004467,11327,100-130ms,other,0,0,0.0,0.0,0.0,0.0,0.0
second,base,4425,2004467,11327,130-300ms,gamma,1042,894,659.4500203281641,106.15000315010548,13.475000396370888,233.0540814465622,447.24100843078224
second,base,4425,2004467,11327,130-300ms,apbp,4,4,0.6875000149011612,0.0,0.0,0.1713264148913041,0.5161736000098571
second,base,4425,2004467,11327,130-300ms,ab,275,240,95.70000261068344,14.850000381469727,0.8250000327825546,39.16885604082748,62.18132121807909
second,base,4425,2004467,11327,130-300ms,other,0,0,0.0,0.0,0.0,0.0,0.0
second,base,4425,2004467,11327,300-400ms,gamma,33,22,12.925000324845314,8.387500181794167,0.0,0.0,12.925000281105504
second,base,4425,2004467,11327,300-400ms,apbp,0,0,0.0,0.0,0.0,0.0,0.0
second,base,4425,2004467,11327,300-400ms,ab,5,2,0.9625000059604645,1.9250000715255737,0.0,0.0,0.9625000027313666
second,base,4425,2004467,11327,300-400ms,other,0,0,0.0,0.0,0.0,0.0,0.0
second,base,4425,2004467,11900,0-100ms,gamma,379,362,283.3875091820955,11.41250030696392,2.0625,68.97303429261169,192.62817545958993
second,base,4425,2004467,11900,0-100ms,apbp,1,1,0.13750000298023224,0.0,0.0,0.02667225639310317,0.11082774658712907
second,base,4425,2004467,11900,0-100ms,ab,77,75,34.1000010818243,0.5500000268220901,0.0,8.539270028296514,21.10801566226307
second,base,4425,2004467,11900,0-100ms,other,0,0,0.0,0.0,0.0,0.0,0.0
second,base,4425,2004467,11900,100-130ms,gamma,180,157,113.43750356137753,15.812500432133675,4.400000095367432,38.07358633343941,78.73020523981845
second,base,4425,2004467,11900,100-130ms,apbp,0,0,0.0,0.0,0.0,0.0,0.0
second,base,4425,2004467,11900,100-130ms,ab,70,66,27.775000974535942,2.0625000298023224,0.2750000059604645,8.72075724663161,17.291909866253793
second,base,4425,2004467,11900,100-130ms,other,0,0,0.0,0.0,0.0,0.0,0.0
second,base,4425,2004467,11900,130-300ms,gamma,1030,898,656.8375212997198,93.08750312030315,17.0500006377697,210.1796456384252,443.66570371896256
second,base,4425,2004467,11900,130-300ms,apbp,1,1,0.13750000298023224,0.0,0.0,0.06965983796010485,0.06784016502012742
second,base,4425,2004467,11900,130-300ms,ab,270,237,100.37500311434269,15.262500569224358,0.550000011920929,34.24838036677548,69.85752700598744
second,base,4425,2004467,11900,130-300ms,other,0,0,0.0,0.0,0.0,0.0,0.0
second,base,4425,2004467,11900,300-400ms,gamma,33,31,21.862500816583633,0.6875000298023224,0.0,22.87814406635954,20.396540110569745
second,base,4425,2004467,11900,300-400ms,apbp,0,0,0.0,0.0,0.0,0.0,0.0
second,base,4425,2004467,11900,300-400ms,ab,6,6,3.300000101327896,0.0,0.0,3.02776533191604,2.756379763906874
second,base,4425,2004467,11900,300-400ms,other,0,0,0.0,0.0,0.0,0.0,0.0
second,alt,4425,3004467,11327,0-100ms,gamma,426,386,278.8500079959631,32.17500087618828,4.1250001192092896,75.50056374528785,192.19540150180006
second,alt,4425,3004467,11327,0-100ms,apbp,3,3,0.550000011920929,0.0,0.0,0.12422839172946656,0.37518819593402297
second,alt,4425,3004467,11327,0-100ms,ab,148,131,53.0750016272068,6.462500169873238,0.5500000268220901,15.027741957686523,35.99980306303735
second,alt,4425,3004467,11327,0-100ms,other,0,0,0.0,0.0,0.0,0.0,0.0
second,alt,4425,3004467,11327,100-130ms,gamma,172,143,104.08750310540199,24.06250074505806,2.200000077486038,40.65688947041054,72.30544067042882
second,alt,4425,3004467,11327,100-130ms,apbp,2,2,0.2750000059604645,0.0,0.0,0.14958990236833652,0.17599352784956743
second,alt,4425,3004467,11327,100-130ms,ab,41,31,13.200000405311584,3.850000113248825,0.0,3.572780725376242,9.381130547849974
second,alt,4425,3004467,11327,100-130ms,other,0,0,0.0,0.0,0.0,0.0,0.0
second,alt,4425,3004467,11327,130-300ms,gamma,1010,906,660.8250198662281,78.78750270605087,9.762500315904617,185.08612610638812,451.13100482375717
second,alt,4425,3004467,11327,130-300ms,apbp,6,6,0.9625000208616257,0.0,0.0,0.31495199629995246,0.5098175333815231
second,alt,4425,3004467,11327,130-300ms,ab,247,212,81.67500218749046,13.062500432133675,0.4125000238418579,26.323630219718595,54.67801759055627
second,alt,4425,3004467,11327,130-300ms,other,0,0,0.0,0.0,0.0,0.0,0.0
second,alt,4425,3004467,11327,300-400ms,gamma,44,29,23.51250071823597,10.312500298023224,3.162500023841858,28.822390190680522,21.577215142246928
second,alt,4425,3004467,11327,300-400ms,apbp,1,1,0.2750000059604645,0.0,0.0,0.2662216237438464,0.1465088733967682
second,alt,4425,3004467,11327,300-400ms,ab,16,10,3.575000122189522,2.200000062584877,0.550000011920929,4.053805604820375,2.488094631019596
second,alt,4425,3004467,11327,300-400ms,other,0,0,0.0,0.0,0.0,0.0,0.0
second,alt,4425,3004467,11900,0-100ms,gamma,422,372,277.6125092357397,33.41250118613243,0.2750000059604645,66.99975916231708,198.7456588701669
second,alt,4425,3004467,11900,0-100ms,apbp,0,0,0.0,0.0,0.0,0.0,0.0
second,alt,4425,3004467,11900,0-100ms,ab,145,133,55.41250166296959,4.537500157952309,0.8250000476837158,12.748958255279256,40.40155557099458
second,alt,4425,3004467,11900,0-100ms,other,0,0,0.0,0.0,0.0,0.0,0.0
second,alt,4425,3004467,11900,100-130ms,gamma,171,150,101.33750320971012,16.0875004529953,0.9625000357627869,33.44320973426107,79.76138467870481
second,alt,4425,3004467,11900,100-130ms,apbp,0,0,0.0,0.0,0.0,0.0,0.0
second,alt,4425,3004467,11900,100-130ms,ab,41,35,15.400000527501106,1.5125000327825546,0.6875000298023224,5.911039606383325,11.750948757813532
second,alt,4425,3004467,11900,100-130ms,other,0,0,0.0,0.0,0.0,0.0,0.0
second,alt,4425,3004467,11900,130-300ms,gamma,998,879,652.5750210285187,83.60000284016132,9.212500169873238,178.28848724748656,448.1206445806379
second,alt,4425,3004467,11900,130-300ms,apbp,2,2,0.2750000059604645,0.0,0.0,0.1039202667025733,0.08599702104042864
second,alt,4425,3004467,11900,130-300ms,ab,265,237,102.02500303089619,13.612500458955765,3.162500098347664,32.83315182726547,64.52337174936554
second,alt,4425,3004467,11900,130-300ms,other,0,0,0.0,0.0,0.0,0.0,0.0
second,alt,4425,3004467,11900,300-400ms,gamma,44,30,22.550000801682472,8.250000312924385,1.2375000417232513,25.924130058682127,22.79175992313306
second,alt,4425,3004467,11900,300-400ms,apbp,0,0,0.0,0.0,0.0,0.04141420503555645,0.04366851318190611
second,alt,4425,3004467,11900,300-400ms,ab,16,14,5.500000089406967,1.5125000476837158,0.550000011920929,6.0435078213497455,4.124971722322403
second,alt,4425,3004467,11900,300-400ms,other,0,0,0.0,0.0,0.0,0.0,0.0
