body_id,graph_index,type,instance,kc_family,home_eligible_edges,away_eligible_edges,raw_events_across_32_histories,weighted_event_mass_across_32_histories,minimum_recorded_susceptibility,original_home_gain_sum_across_32_histories,candidate_home_gain_sum_across_32_histories
11862,1740,KCab-s,KCab-s_L,ab,1,0,0,0.0,1.0,0.0,0.0
13173,2971,KCab-c,KCab-c_R,ab,1,0,24,23.94301625102987,0.0,-0.010164141654968262,-0.010184168815612793
14292,3986,KCg-m,KCg-m_R,gamma,1,2,114,111.59903782148668,0.0,-0.006289541721343994,-0.009034156799316406
15103,4714,KCg-m,KCg-m_R,gamma,1,2,40,39.01712334792569,0.0,0.0002765655517578125,-0.0012979507446289062
17488,6846,KCa'b'-ap2,KCa'b'-ap2_R,apbp,0,0,0,0.0,1.0,0.0,0.0
18031,7337,KCa'b'-ap2,KCa'b'-ap2_R,apbp,0,0,0,0.0,1.0,0.0,0.0
18540,7784,KCg-s1,KCg-s1_R,gamma,2,2,0,0.0,1.0,0.0,0.0
19083,8285,KCg-m,KCg-m_L,gamma,1,2,77,75.17268876591102,0.0,0.0025133490562438965,0.00023323297500610352
19102,8303,KCg-d,KCg-d_R,gamma,1,2,0,0.0,1.0,0.0,0.0
19788,8904,KCg-d,KCg-d_L,gamma,1,2,0,0.0,1.0,0.0,0.0
20322,9377,KCa'b'-ap2,KCa'b'-ap2_R,apbp,0,0,5,4.997745492967251,0.7994673642669987,0.0,0.0
20773,9782,KCg-m,KCg-m_R,gamma,2,2,195,191.18834890493628,0.09324306867495297,0.001665353775024414,-0.007784605026245117
21778,10679,KCg-s1,KCg-s1_L,gamma,1,2,0,0.0,1.0,0.0,0.0
21879,10772,KCg-m,KCg-m_R,gamma,1,2,7,6.813422982708458,0.006260043066854078,0.00039970874786376953,0.0003477931022644043
22031,10909,KCg-m,KCg-m_R,gamma,1,2,102,99.7989117643716,0.0,-0.009613752365112305,-0.012178659439086914
22533,11368,KCg-m,KCg-m_R,gamma,1,2,27,25.80865192958199,0.0,0.0037223100662231445,0.0019042491912841797
22995,11784,KCa'b'-ap2,KCa'b'-ap2_R,apbp,1,0,25,24.942126574021373,0.7130434832897234,-0.0053441524505615234,-0.005422532558441162
23037,11822,KCab-s,KCab-s_R,ab,1,0,4,3.8325747985403087,0.45623912339355593,0.003946185111999512,0.0035707950592041016
23166,11931,KCg-m,KCg-m_R,gamma,1,2,5,5.0,0.0,-0.0035318732261657715,-0.0035318732261657715
24146,12810,KCg-s2,KCg-s2_L,gamma,1,3,0,0.0,1.0,0.0,0.0
24204,12862,KCg-m,KCg-m_R,gamma,2,2,38,36.72974117353802,0.0,0.023374199867248535,0.019029736518859863
24695,13293,KCab-m,KCab-m_R,ab,1,0,57,56.47222157361071,0.5097207325108409,-0.014379143714904785,-0.015014886856079102
24959,13533,KCg-m,KCg-m_R,gamma,1,2,21,20.151511062102813,0.0,-0.004969418048858643,-0.006786346435546875
25017,13583,KCg-m,KCg-m_R,gamma,1,2,39,37.520418763308655,0.0,-0.0002218484878540039,-0.0020172595977783203
25030,13593,KCg-s2,KCg-s2_R,gamma,1,2,0,0.0,1.0,0.0,0.0
25631,14133,KCa'b'-ap1,KCa'b'-ap1_R,apbp,0,0,0,0.0,1.0,0.0,0.0
25879,14360,KCab-m,KCab-m_R,ab,1,0,0,0.0,1.0,0.0,0.0
26792,15167,KCg-m,KCg-m_R,gamma,1,2,3,3.0,0.0,0.003292560577392578,0.003292560577392578
27583,15866,KCg-m,KCg-m_R,gamma,1,2,63,60.696840108168516,0.0,0.001113593578338623,-0.002283334732055664
28196,16421,KCa'b'-ap1,KCa'b'-ap1_L,apbp,1,0,0,0.0,1.0,0.0,0.0
28516,16706,KCa'b'-ap1,KCa'b'-ap1_L,apbp,1,0,0,0.0,1.0,0.0,0.0
28631,16811,KCg-m,KCg-m_R,gamma,1,2,58,55.86891815740886,0.0,0.0022771358489990234,-0.00026923418045043945
28848,17000,KCg-d,KCg-d_L,gamma,1,2,0,0.0,1.0,0.0,0.0
29471,17545,KCab-m,KCab-m_R,ab,1,0,1,1.0,0.8773132219804448,-0.0018839836120605469,-0.0018839836120605469
29728,17789,KCg-m,KCg-m_R,gamma,1,3,39,37.97881874669057,0.0,-0.0031890273094177246,-0.004104733467102051
30397,18370,KCg-d,KCg-d_R,gamma,1,2,0,0.0,1.0,0.0,0.0
31720,19519,KCg-m,KCg-m_R,gamma,1,2,61,58.97370199145435,0.0,-0.0021750926971435547,-0.005105555057525635
32035,19799,KCg-m,KCg-m_R,gamma,1,2,64,61.63296908719281,0.0,0.00014507770538330078,-0.0035256147384643555
32386,20111,KCa'b'-ap1,KCa'b'-ap1_L,apbp,0,0,18,17.973233843693922,0.8883499955416578,0.0,0.0
32683,20372,KCg-d,KCg-d_L,gamma,1,2,0,0.0,1.0,0.0,0.0
33086,20721,KCa'b'-ap2,KCa'b'-ap2_L,apbp,0,0,0,0.0,1.0,0.0,0.0
33673,21245,KCa'b'-ap1,KCa'b'-ap1_L,apbp,1,0,20,19.930126080235844,0.9166674896075185,-0.00321042537689209,-0.003255486488342285
33808,21362,KCg-m,KCg-m_L,gamma,1,2,11,10.726257462988054,0.5043803988856199,-0.0012952685356140137,-0.0016216635704040527
34130,21648,KCg-m,KCg-m_R,gamma,1,2,110,106.40792662124555,0.2797704963193193,0.005523860454559326,0.0015351176261901855
34870,22298,KCab-p,KCab-p_R,ab,1,0,0,0.0,1.0,0.0,0.0
34908,22332,KCg-m,KCg-m_R,gamma,2,2,22,21.511905661594398,0.0,-0.004657745361328125,-0.005293726921081543
35073,22482,KCa'b'-ap2,KCa'b'-ap2_L,apbp,0,0,1,1.0,0.9786564916304965,0.0,0.0
35180,22576,KCg-d,KCg-d_R,gamma,1,2,0,0.0,1.0,0.0,0.0
35489,22852,KCa'b'-ap1,KCa'b'-ap1_L,apbp,1,0,0,0.0,1.0,0.0,0.0
35668,23013,KCa'b'-ap1,KCa'b'-ap1_L,apbp,1,0,0,0.0,1.0,0.0,0.0
35736,23072,KCa'b'-m,KCa'b'-m_R,apbp,0,0,54,53.50970428305684,0.6445638452609138,0.0,0.0
35775,23107,KCa'b'-ap2,KCa'b'-ap2_R,apbp,1,0,0,0.0,1.0,0.0,0.0
36007,23307,KCa'b'-ap1,KCa'b'-ap1_L,apbp,0,0,15,14.993116363542143,0.6752337646907022,0.0,0.0
36043,23340,KCa'b'-ap2,KCa'b'-ap2_L,apbp,1,0,1,1.0,0.8291879609280792,0.0,0.0
36119,23409,KCa'b'-ap1,KCa'b'-ap1_R,apbp,0,0,2,1.9433464358954617,0.8489898881299308,0.0,0.0
36251,23529,KCg-m,KCg-m_R,gamma,1,2,62,60.9166545517028,0.0,-0.00774914026260376,-0.008525371551513672
36376,23644,KCa'b'-ap2,KCa'b'-ap2_L,apbp,0,0,9,8.990859977702481,0.822347121239209,0.0,0.0
36378,23646,KCg-m,KCg-m_R,gamma,1,2,80,78.2941209623519,0.0,-0.0066297054290771484,-0.00821143388748169
36482,23736,KCab-c,KCab-c_R,ab,2,0,42,41.260143777486626,0.0,-0.010926008224487305,-0.012431740760803223
36713,23935,KCa'b'-ap1,KCa'b'-ap1_R,apbp,0,0,0,0.0,1.0,0.0,0.0
36723,23943,KCg-d,KCg-d_R,gamma,1,2,0,0.0,1.0,0.0,0.0
36839,24039,KCg-m,KCg-m_R,gamma,1,2,34,32.96434090982215,0.0,-0.0008594393730163574,-0.0022392868995666504
37043,24224,KCa'b'-ap1,KCa'b'-ap1_L,apbp,0,0,0,0.0,1.0,0.0,0.0
37293,24447,KCa'b'-ap1,KCa'b'-ap1_R,apbp,1,0,0,0.0,1.0,0.0,0.0
37311,24463,KCg-m,KCg-m_R,gamma,1,3,60,58.212879034655934,0.0,-0.005642592906951904,-0.0077522993087768555
37432,24567,KCg-m,KCg-m_R,gamma,1,2,73,70.55417024982764,0.0,-0.004727482795715332,-0.007820367813110352
37720,24822,KCab-s,KCab-s_R,ab,2,0,2,2.0,0.2705283539142022,-0.007280588150024414,-0.007280588150024414
37860,24943,KCa'b'-ap2,KCa'b'-ap2_R,apbp,1,0,0,0.0,1.0,0.0,0.0
37904,24982,KCa'b'-ap1,KCa'b'-ap1_R,apbp,1,0,0,0.0,1.0,0.0,0.0
37916,24994,KCg-m,KCg-m_L,gamma,1,2,1,1.0,0.43906784146748656,0.0014734268188476562,0.0014734268188476562
38113,25169,KCg-m,KCg-m_L,gamma,1,2,73,71.5890625364147,0.0,0.0019486546516418457,0.0002117753028869629
38121,25176,KCa'b'-ap1,KCa'b'-ap1_R,apbp,2,0,0,0.0,1.0,0.0,0.0
38528,25535,KCa'b'-ap1,KCa'b'-ap1_R,apbp,1,0,54,53.538686196458194,0.6622404887881765,-0.0057373046875,-0.006484806537628174
38549,25552,KCg-m,KCg-m_L,gamma,1,2,62,61.052406103156386,0.0,-0.0066945552825927734,-0.007815659046173096
38657,25649,KCg-d,KCg-d_R,gamma,1,3,5,4.910535916648655,0.711968020494551,0.0013248920440673828,0.0012355446815490723
38684,25671,KCa'b'-ap1,KCa'b'-ap1_L,apbp,1,0,0,0.0,1.0,0.0,0.0
38746,25725,KCa'b'-ap2,KCa'b'-ap2_L,apbp,0,0,0,0.0,1.0,0.0,0.0
38774,25752,KCa'b'-ap1,KCa'b'-ap1_R,apbp,0,0,0,0.0,1.0,0.0,0.0
38934,25897,KCa'b'-ap2,KCa'b'-ap2_R,apbp,0,0,0,0.0,1.0,0.0,0.0
38962,25920,KCg-m,KCg-m_L,gamma,1,2,1,1.0,0.10526087710948318,-0.0016356110572814941,-0.0016356110572814941
38967,25924,KCg-m,KCg-m_R,gamma,1,2,92,89.59382321335049,0.0,-0.008712351322174072,-0.011993467807769775
39205,26127,KCa'b'-ap1,KCa'b'-ap1_R,apbp,1,0,4,3.993513090431513,0.5537844495444131,-0.004247486591339111,-0.0042411088943481445
39316,26229,KCg-d,KCg-d_R,gamma,1,2,0,0.0,1.0,0.0,0.0
39456,26352,KCa'b'-ap2,KCa'b'-ap2_L,apbp,1,0,0,0.0,1.0,0.0,0.0
39531,26421,KCg-m,KCg-m_L,gamma,1,2,65,63.50234290091128,0.0,-0.013666331768035889,-0.015645980834960938
39569,26458,KCg-m,KCg-m_R,gamma,1,2,130,126.54674345892039,0.0,-0.0004134178161621094,-0.005175113677978516
39655,26537,KCa'b'-ap1,KCa'b'-ap1_R,apbp,1,0,0,0.0,1.0,0.0,0.0
39771,26643,KCg-d,KCg-d_R,gamma,1,2,0,0.0,1.0,0.0,0.0
39909,26762,KCg-m,KCg-m_R,gamma,1,2,50,49.0649628422886,0.0,0.003949880599975586,0.0028228163719177246
40027,26866,KCg-d,KCg-d_L,gamma,1,2,17,16.994105280395175,0.8556682317471751,-0.013950645923614502,-0.013942241668701172
40066,26895,KCa'b'-ap2,KCa'b'-ap2_R,apbp,1,0,15,14.909914183907455,0.4071175815914667,-0.006206631660461426,-0.006253480911254883
40327,27124,KCg-m,KCg-m_R,gamma,1,2,57,55.15945167517936,0.0,-0.010881960391998291,-0.012514591217041016
40376,27169,KCg-m,KCg-m_R,gamma,1,2,176,172.65231890901623,0.20153344274639523,-0.007553219795227051,-0.010874271392822266
40602,27366,KCg-m,KCg-m_R,gamma,1,2,54,52.47520021686687,0.0,-0.005840301513671875,-0.007743179798126221
40615,27377,KCa'b'-ap1,KCa'b'-ap1_R,apbp,1,0,15,14.924652622800625,0.4488132749015072,-0.003594040870666504,-0.003668487071990967
40788,27534,KCa'b'-ap2,KCa'b'-ap2_R,apbp,1,0,5,4.991137666611589,0.6642433207698338,0.0004189014434814453,0.0004277825355529785
40821,27565,KCg,KCg_L,gamma,1,2,0,0.0,1.0,0.0,0.0
40921,27658,KCg-m,KCg-m_R,gamma,1,2,15,14.352289216545374,0.0,0.0012789368629455566,0.0001685023307800293
41131,27845,KCg-m,KCg-m_L,gamma,1,2,21,20.508934950006278,0.0,-0.004828512668609619,-0.005434811115264893
41134,27848,KCg-d,KCg-d_R,gamma,1,2,0,0.0,1.0,0.0,0.0
41150,27862,KCg-m,KCg-m_R,gamma,1,2,0,0.0,1.0,0.0,0.0
41232,27933,KCg-m,KCg-m_R,gamma,1,2,0,0.0,1.0,0.0,0.0
41295,27986,KCg-m,KCg-m_R,gamma,1,2,24,23.209997928463395,0.0,-0.0035483837127685547,-0.004547476768493652
41378,28061,KCg-m,KCg-m_R,gamma,1,2,65,63.09903289265995,0.0,0.01047825813293457,0.0078810453414917
41406,28085,KCab-c,KCab-c_R,ab,1,0,0,0.0,1.0,0.0,0.0
41480,28152,KCa'b'-m,KCa'b'-m_L,apbp,2,0,0,0.0,1.0,0.0,0.0
41509,28176,KCa'b'-ap2,KCa'b'-ap2_L,apbp,0,0,0,0.0,1.0,0.0,0.0
41555,28217,KCa'b'-ap1,KCa'b'-ap1_L,apbp,1,0,4,3.9683302282693766,0.9291107784241931,0.0013025999069213867,0.0012631416320800781
41602,28258,KCa'b'-ap1,KCa'b'-ap1_L,apbp,0,0,0,0.0,1.0,0.0,0.0
41645,28296,KCa'b'-ap2,KCa'b'-ap2_R,apbp,0,0,3,3.0,0.5061452233142935,0.0,0.0
41787,28418,KCg-m,KCg-m_R,gamma,1,3,117,113.99777741710878,0.0,-0.014771759510040283,-0.018404126167297363
41793,28423,KCa'b'-ap2,KCa'b'-ap2_L,apbp,0,0,19,18.980991081313586,0.8690978320105454,0.0,0.0
41807,28436,KCg-m,KCg-m_R,gamma,1,2,0,0.0,1.0,0.0,0.0
41891,28511,KCg-m,KCg-m_R,gamma,1,2,120,117.98139176524738,0.0,-0.008011579513549805,-0.009700298309326172
41899,28518,KCa'b'-ap2,KCa'b'-ap2_R,apbp,1,0,0,0.0,1.0,0.0,0.0
41920,28537,KCg-m,KCg-m_L,gamma,1,2,53,51.80468458469321,0.0,0.0004425644874572754,-0.001017928123474121
41968,28576,KCa'b'-ap1,KCa'b'-ap1_R,apbp,0,0,0,0.0,1.0,0.0,0.0
42111,28703,KCa'b'-ap1,KCa'b'-ap1_L,apbp,1,0,0,0.0,1.0,0.0,0.0
42115,28707,KCa'b'-ap1,KCa'b'-ap1_L,apbp,0,0,0,0.0,1.0,0.0,0.0
42131,28722,KCa'b'-ap1,KCa'b'-ap1_L,apbp,1,0,0,0.0,1.0,0.0,0.0
42140,28730,KCg-m,KCg-m_L,gamma,1,2,47,46.34496207507853,0.0,-0.0025978684425354004,-0.003469526767730713
42182,28770,KCa'b'-ap2,KCa'b'-ap2_R,apbp,1,0,1,1.0,0.9253008682223011,-0.0017907023429870605,-0.0017907023429870605
42185,28773,KCab-p,KCab-p_R,ab,1,0,0,0.0,1.0,0.0,0.0
42216,28799,KCg-m,KCg-m_R,gamma,1,2,9,8.777108178591048,0.0,-7.778406143188477e-05,-0.00020319223403930664
42260,28841,KCa'b'-ap1,KCa'b'-ap1_R,apbp,1,0,0,0.0,1.0,0.0,0.0
42370,28942,KCg-d,KCg-d_R,gamma,1,2,0,0.0,1.0,0.0,0.0
42409,28974,KCa'b'-ap1,KCa'b'-ap1_L,apbp,2,0,1,1.0,0.7639834013258326,-0.0013452768325805664,-0.0013452768325805664
42425,28985,KCg-m,KCg-m_R,gamma,1,2,105,103.36155479775005,0.0,-0.02150028944015503,-0.023490726947784424
42582,29124,KCab-s,KCab-s_R,ab,2,0,3,3.0,0.8571794466464757,-0.002740025520324707,-0.002740025520324707
42597,29139,KCa'b'-ap1,KCa'b'-ap1_L,apbp,0,0,0,0.0,1.0,0.0,0.0
42744,29262,KCg-m,KCg-m_L,gamma,1,2,51,49.77878262051157,0.0,-0.004782199859619141,-0.006070256233215332
42813,29321,KCa'b'-m,KCa'b'-m_R,apbp,2,0,11,10.944289545028276,0.3270295183975842,-0.004553675651550293,-0.004614710807800293
42908,29406,KCg-m,KCg-m_R,gamma,1,2,42,40.519281513303575,0.0,0.004834532737731934,0.0022892355918884277
42969,29455,KCg-d,KCg-d_R,gamma,1,2,0,0.0,1.0,0.0,0.0
43228,29684,KCa'b'-ap2,KCa'b'-ap2_L,apbp,1,0,0,0.0,1.0,0.0,0.0
43246,29699,KCa'b'-ap1,KCa'b'-ap1_L,apbp,0,0,0,0.0,1.0,0.0,0.0
43321,29766,KCab-m,KCab-m_R,ab,1,0,0,0.0,1.0,0.0,0.0
43351,29792,KCa'b'-ap1,KCa'b'-ap1_L,apbp,0,0,5,4.954690673695741,0.6334567366437546,0.0,0.0
43354,29795,KCg-m,KCg-m_L,gamma,1,2,2,2.0,0.0,0.0057381391525268555,0.0057381391525268555
43358,29799,KCa'b'-ap1,KCa'b'-ap1_R,apbp,1,0,1,1.0,0.43935164228325496,0.0,0.0
43379,29818,KCa'b'-m,KCa'b'-m_L,apbp,0,0,3,3.0,0.730158712579364,0.0,0.0
43380,29819,KCg-m,KCg-m_R,gamma,1,3,140,137.00625036710167,0.0,-0.012860238552093506,-0.01634770631790161
43462,29893,KCa'b'-ap1,KCa'b'-ap1_R,apbp,2,0,27,26.849801613023814,0.7697945240975765,0.004585862159729004,0.00412142276763916
43474,29903,KCab-m,KCab-m_R,ab,2,0,49,48.20639053146904,0.35749079325031546,-0.018055319786071777,-0.020061373710632324
43580,30001,KCa'b'-ap2,KCa'b'-ap2_L,apbp,0,0,0,0.0,1.0,0.0,0.0
43597,30012,KCg-m,KCg-m_R,gamma,1,2,3,3.0,0.0,-0.0019088983535766602,-0.0019088983535766602
43616,30026,KCg-m,KCg-m_R,gamma,1,2,53,51.271726464315314,0.0,-0.001705765724182129,-0.004308938980102539
43639,30047,KCg-m,KCg-m_L,gamma,1,2,85,83.51399640272473,0.0,-0.018217623233795166,-0.019699156284332275
43658,30064,KCg-m,KCg-m_R,gamma,1,2,58,56.244628847856355,0.0,-0.0007280707359313965,-0.002913355827331543
43775,30164,KCg-m,KCg-m_R,gamma,1,2,67,66.20724125441625,0.0,-0.01012486219406128,-0.010639786720275879
43811,30199,KCg-m,KCg-m_L,gamma,1,2,155,152.45998476881329,0.23253795578406777,-0.008700072765350342,-0.011541903018951416
43850,30231,KCg-m,KCg-m_R,gamma,1,2,57,55.55785787489244,0.46560834082693703,0.00031059980392456055,-0.0017076730728149414
43856,30236,KCa'b'-ap2,KCa'b'-ap2_L,apbp,1,0,0,0.0,1.0,0.0,0.0
43867,30246,KCg-d,KCg-d_R,gamma,1,2,0,0.0,1.0,0.0,0.0
43876,30255,KCg-m,KCg-m_R,gamma,1,2,3,3.0,0.0,-0.003108501434326172,-0.003108501434326172
43889,30267,KCa'b'-ap2,KCa'b'-ap2_R,apbp,0,0,0,0.0,1.0,0.0,0.0
43899,30275,KCa'b'-ap1,KCa'b'-ap1_R,apbp,1,0,31,30.794943855893663,0.3736966081553382,-0.0023917555809020996,-0.0027314424514770508
43980,30344,KCg-m,KCg-m_R,gamma,1,2,61,58.20822366804987,0.0,0.007356524467468262,0.0017908811569213867
44024,30384,KCg-m,KCg-m_R,gamma,1,2,20,19.029174078259494,0.0,0.00880056619644165,0.006986379623413086
44035,30394,KCa'b'-ap1,KCa'b'-ap1_L,apbp,1,0,21,20.986360870339986,0.6720447947345117,-0.0059105753898620605,-0.00592803955078125
44054,30411,KCg-m,KCg-m_R,gamma,1,2,60,58.68373016609781,0.0,-0.0016068220138549805,-0.0035920143127441406
44069,30424,KCg-d,KCg-d_L,gamma,1,2,0,0.0,1.0,0.0,0.0
44082,30436,KCg-m,KCg-m_R,gamma,1,2,37,35.65072912558302,0.0,-0.0024192333221435547,-0.0046225786209106445
44179,30517,KCa'b'-ap2,KCa'b'-ap2_R,apbp,0,0,0,0.0,1.0,0.0,0.0
44260,30590,KCg-m,KCg-m_L,gamma,1,2,63,62.18300715392026,0.0,-0.006441771984100342,-0.0074613094329833984
44314,30642,KCa'b'-ap2,KCa'b'-ap2_R,apbp,1,0,0,0.0,1.0,0.0,0.0
44485,30793,KCg-d,KCg-d_R,gamma,1,2,0,0.0,1.0,0.0,0.0
44551,30849,KCa'b'-ap2,KCa'b'-ap2_L,apbp,1,0,0,0.0,1.0,0.0,0.0
44557,30853,KCa'b'-m,KCa'b'-m_R,apbp,1,0,0,0.0,1.0,0.0,0.0
44647,30932,KCa'b'-ap1,KCa'b'-ap1_L,apbp,0,0,3,3.0,0.5374344155708958,0.0,0.0
44682,30966,KCg-m,KCg-m_L,gamma,1,2,38,37.38070128537588,0.0,-0.004175126552581787,-0.0046901702880859375
44748,31024,KCa'b'-ap2,KCa'b'-ap2_R,apbp,1,0,0,0.0,1.0,0.0,0.0
44766,31038,KCg-m,KCg-m_R,gamma,1,3,70,68.15404820099388,0.0035974043209286775,0.0054152607917785645,0.0032922029495239258
44820,31088,KCa'b'-ap1,KCa'b'-ap1_L,apbp,0,0,0,0.0,1.0,0.0,0.0
44840,31104,KCg-m,KCg-m_R,gamma,1,2,42,40.899648028853406,0.0,-0.0057146549224853516,-0.007624685764312744
44848,31110,KCa'b'-ap1,KCa'b'-ap1_L,apbp,0,0,0,0.0,1.0,0.0,0.0
44850,31112,KCg-s3,KCg-s3_L,gamma,1,2,29,28.927863664810523,0.6838488084418003,-0.0004611015319824219,-0.0005730390548706055
44940,31189,KCg-m,KCg-m_R,gamma,1,2,0,0.0,1.0,0.0,0.0
44948,31197,KCg-d,KCg-d_R,gamma,1,2,0,0.0,1.0,0.0,0.0
45016,31256,KCg-m,KCg-m_R,gamma,1,2,36,35.131623551431886,0.0,-0.01057136058807373,-0.011349678039550781
45032,31272,KCab-s,KCab-s_R,ab,1,0,1,1.0,0.7496544270616714,-0.002161562442779541,-0.002161562442779541
45060,31299,KCg-m,KCg-m_R,gamma,1,2,10,9.67995691734552,0.0,0.004578292369842529,0.004083573818206787
45066,31304,KCa'b'-ap2,KCa'b'-ap2_L,apbp,1,0,0,0.0,1.0,0.0,0.0
45183,31397,KCg-m,KCg-m_R,gamma,1,2,11,10.621168888225048,0.0,-8.26716423034668e-05,-0.0005789399147033691
45199,31411,KCg-m,KCg-m_L,gamma,1,2,29,27.829374697979375,0.0,-0.0027229785919189453,-0.0049152374267578125
45259,31463,KCg-m,KCg-m_L,gamma,1,2,39,38.49791298150896,0.5048767726837486,-0.007877171039581299,-0.008290410041809082
45266,31469,KCa'b'-ap2,KCa'b'-ap2_L,apbp,0,0,0,0.0,1.0,0.0,0.0
45380,31565,KCg-m,KCg-m_L,gamma,1,2,17,16.188002958036027,0.0,0.0028477907180786133,0.0014962553977966309
45388,31572,KCa'b'-ap1,KCa'b'-ap1_R,apbp,0,0,6,5.887339880569226,0.7343428441447357,0.0,0.0
45392,31576,KCg-m,KCg-m_R,gamma,2,2,52,50.811454117521535,0.0,-0.022713303565979004,-0.025165438652038574
45434,31615,KCg-m,KCg-m_L,gamma,1,2,9,8.591320247895911,0.0,0.0014383196830749512,0.0005366206169128418
45460,31640,KCg-m,KCg-m_L,gamma,1,3,40,39.284228597959654,0.0,-3.790855407714844e-05,-0.0011767745018005371
45467,31647,KCg-m,KCg-m_L,gamma,1,2,203,200.80608461962612,0.21257051148544656,-0.021155118942260742,-0.02392566204071045
45512,31686,KCg-m,KCg-m_R,gamma,1,2,0,0.0,1.0,0.0,0.0
45529,31701,KCab-s,KCab-s_R,ab,1,0,3,3.0,0.45682386111274137,-0.0036121606826782227,-0.0036121606826782227
45553,31724,KCg-m,KCg-m_R,gamma,1,3,36,34.30779422903445,0.029059417217248383,0.006798803806304932,0.003983616828918457
45563,31732,KCg-m,KCg-m_R,gamma,1,2,62,61.0048679038919,0.26542482549725527,0.006809711456298828,0.005308330059051514
45612,31774,KCg-m,KCg-m_R,gamma,1,2,32,31.019589210677513,0.0,-0.0057852864265441895,-0.007023990154266357
45620,31781,KCg-m,KCg-m_L,gamma,1,2,19,18.75802745296218,0.0,-0.005176246166229248,-0.005463123321533203
45663,31819,KCg-m,KCg-m_R,gamma,1,2,118,115.83431346335814,0.0,0.0059320926666259766,0.0032075047492980957
45721,31873,KCab-s,KCab-s_R,ab,1,0,2,2.0,0.7235809902450362,0.0013270378112792969,0.0013270378112792969
45736,31884,KCg-m,KCg-m_R,gamma,1,2,81,79.13022851354066,0.0,-0.002498626708984375,-0.005323231220245361
45761,31906,KCg-m,KCg-m_R,gamma,1,2,41,39.908449262806506,0.0,0.00023949146270751953,-0.0014423727989196777
45807,31943,KCa'b'-m,KCa'b'-m_L,apbp,0,0,1,1.0,0.6364257751543273,0.0,0.0
45881,32010,KCg-m,KCg-m_R,gamma,1,2,23,21.841776651752895,0.0,-0.0006995797157287598,-0.0021016597747802734
45950,32071,KCg-m,KCg-m_L,gamma,1,2,29,28.35624082706685,0.0,0.0004240274429321289,-0.00011670589447021484
46056,32169,KCa'b'-ap2,KCa'b'-ap2_R,apbp,1,0,0,0.0,1.0,0.0,0.0
46118,32220,KCa'b'-ap1,KCa'b'-ap1_R,apbp,2,0,0,0.0,1.0,0.0,0.0
46195,32292,KCg-m,KCg-m_R,gamma,1,2,0,0.0,1.0,0.0,0.0
46196,32293,KCg-d,KCg-d_R,gamma,1,2,0,0.0,1.0,0.0,0.0
46266,32356,KCg-m,KCg-m_R,gamma,1,2,224,220.64044107337972,0.0,0.001235365867614746,-0.0028725266456604004
46287,32375,KCg-m,KCg-m_R,gamma,1,2,85,82.93557511760507,0.009582099533368516,-0.011767208576202393,-0.014646172523498535
46398,32469,KCab-p,KCab-p_R,ab,1,0,0,0.0,1.0,0.0,0.0
46400,32471,KCa'b'-ap2,KCa'b'-ap2_L,apbp,0,0,0,0.0,1.0,0.0,0.0
46425,32492,KCa'b'-m,KCa'b'-m_R,apbp,2,0,0,0.0,1.0,0.0,0.0
46457,32518,KCg-m,KCg-m_R,gamma,1,3,88,86.30522876760669,0.0,-0.010178864002227783,-0.012025415897369385
46463,32523,KCg-m,KCg-m_R,gamma,1,2,9,8.417210425941903,0.0,0.002273738384246826,0.0012581944465637207
46475,32534,KCg-m,KCg-m_R,gamma,1,3,5,4.629727488691215,0.0,0.005161404609680176,0.003917098045349121
46497,32553,KCg-m,KCg-m_L,gamma,1,2,42,41.114626828804326,0.0,0.007218122482299805,0.005981802940368652
46566,32616,KCa'b'-ap2,KCa'b'-ap2_L,apbp,0,0,0,0.0,1.0,0.0,0.0
46592,32639,KCab-s,KCab-s_R,ab,2,0,8,7.963050513609302,0.8397282474102417,-0.001370549201965332,-0.0014518499374389648
46631,32674,KCa'b'-ap1,KCa'b'-ap1_L,apbp,0,0,0,0.0,1.0,0.0,0.0
46670,32708,KCg-m,KCg-m_R,gamma,1,2,175,171.8044036541768,0.0,0.00454026460647583,0.0008439421653747559
46806,32823,KCa'b'-ap1,KCa'b'-ap1_L,apbp,0,0,0,0.0,1.0,0.0,0.0
46991,32978,KCg-m,KCg-m_R,gamma,1,2,36,35.33610673929731,0.0,-0.003328263759613037,-0.004205286502838135
47026,33010,KCg-m,KCg-m_R,gamma,1,2,42,41.091244176201805,0.0,0.0002613663673400879,-0.000489652156829834
47074,33055,KCa'b'-ap1,KCa'b'-ap1_L,apbp,0,0,0,0.0,1.0,0.0,0.0
47101,33078,KCg-m,KCg-m_L,gamma,1,2,63,61.930364195285726,0.0,-0.0021466612815856934,-0.003465592861175537
47117,33090,KCg-m,KCg-m_L,gamma,1,4,0,0.0,1.0,0.0,0.0
47181,33147,KCg-d,KCg-d_L,gamma,1,2,0,0.0,1.0,0.0,0.0
47193,33158,KCab-s,KCab-s_L,ab,1,0,6,5.9867846635404645,0.9800436624098605,-0.001392364501953125,-0.0014165043830871582
47203,33166,KCa'b'-m,KCa'b'-m_L,apbp,0,0,0,0.0,1.0,0.0,0.0
47287,33237,KCg-m,KCg-m_L,gamma,1,2,55,53.69462497584853,0.0,-0.006325483322143555,-0.007618725299835205
47301,33250,KCa'b'-ap1,KCa'b'-ap1_L,apbp,0,0,5,4.984976354446105,0.8678039955861199,0.0,0.0
47354,33293,KCg-d,KCg-d_R,gamma,1,2,0,0.0,1.0,0.0,0.0
47380,33316,KCg-m,KCg-m_R,gamma,1,2,63,61.57089151310639,0.0,-0.016070425510406494,-0.017536938190460205
47391,33327,KCa'b'-ap2,KCa'b'-ap2_L,apbp,0,0,0,0.0,1.0,0.0,0.0
47401,33337,KCa'b'-m,KCa'b'-m_L,apbp,0,0,0,0.0,1.0,0.0,0.0
47435,33368,KCa'b'-ap1,KCa'b'-ap1_R,apbp,1,0,3,3.0,0.6709238247445738,9.936094284057617e-05,9.936094284057617e-05
47441,33374,KCg-m,KCg-m_R,gamma,1,2,14,13.559323649921318,0.0,-0.0010320544242858887,-0.0014535784721374512
47446,33379,KCg-m,KCg-m_R,gamma,1,2,29,28.00822073960122,0.0,0.010146737098693848,0.00879448652267456
47567,33482,KCg-d,KCg-d_L,gamma,1,2,0,0.0,1.0,0.0,0.0
47630,33536,KCa'b'-ap2,KCa'b'-ap2_R,apbp,1,0,0,0.0,1.0,0.0,0.0
47694,33590,KCg-m,KCg-m_L,gamma,1,2,20,19.369956018340947,0.3165076154564203,-0.003582179546356201,-0.004144608974456787
47732,33624,KCa'b'-ap1,KCa'b'-ap1_R,apbp,1,0,0,0.0,1.0,0.0,0.0
47737,33628,KCa'b'-ap1,KCa'b'-ap1_R,apbp,2,0,0,0.0,1.0,0.0,0.0
47758,33645,KCg-m,KCg-m_L,gamma,1,2,72,71.18441809929575,0.0,-0.020929813385009766,-0.02157580852508545
47771,33657,KCa'b'-ap2,KCa'b'-ap2_L,apbp,0,0,0,0.0,1.0,0.0,0.0
47779,33662,KCg-m,KCg-m_R,gamma,1,2,91,89.17978142237274,0.0,-0.005069315433502197,-0.006998300552368164
47793,33674,KCa'b'-m,KCa'b'-m_R,apbp,1,0,0,0.0,1.0,0.0,0.0
47834,33708,KCa'b'-ap1,KCa'b'-ap1_R,apbp,0,0,9,8.950121270871245,0.9068092403973489,0.0,0.0
47847,33720,KCg-d,KCg-d_R,gamma,1,2,0,0.0,1.0,0.0,0.0
47858,33729,KCg-m,KCg-m_R,gamma,1,2,5,4.805538960604478,0.0,0.00046837329864501953,0.00017595291137695312
47901,33767,KCg-m,KCg-m_R,gamma,1,2,34,32.41263477622,0.0,-4.798173904418945e-05,-0.002647697925567627
47984,33843,KCg-m,KCg-m_R,gamma,1,2,163,160.6329298423423,0.0,-0.004140973091125488,-0.006803333759307861
47988,33846,KCg-m,KCg-m_L,gamma,1,2,16,15.577560502555219,0.1981154364440267,-0.005177676677703857,-0.005619466304779053
47997,33855,KCg-m,KCg-m_R,gamma,1,2,47,45.47798504344471,0.0,-0.002655625343322754,-0.005110323429107666
48009,33867,KCa'b'-ap2,KCa'b'-ap2_R,apbp,1,0,0,0.0,1.0,0.0,0.0
48021,33878,KCg-m,KCg-m_R,gamma,1,2,38,36.357965339460804,0.0,0.006493508815765381,0.0038706064224243164
48030,33884,KCab-s,KCab-s_L,ab,2,0,3,3.0,0.8068459315452307,-0.012555837631225586,-0.012555837631225586
48032,33885,KCa'b'-ap2,KCa'b'-ap2_L,apbp,1,0,0,0.0,1.0,0.0,0.0
48034,33887,KCa'b'-ap2,KCa'b'-ap2_L,apbp,0,0,0,0.0,1.0,0.0,0.0
48100,33943,KCa'b'-ap2,KCa'b'-ap2_L,apbp,0,0,0,0.0,1.0,0.0,0.0
48111,33951,KCg-m,KCg-m_R,gamma,1,2,0,0.0,1.0,0.0,0.0
48122,33960,KCg-d,KCg-d_L,gamma,1,2,0,0.0,1.0,0.0,0.0
48147,33982,KCg-d,KCg-d_R,gamma,1,2,0,0.0,1.0,0.0,0.0
48174,34005,KCa'b'-ap1,KCa'b'-ap1_R,apbp,1,0,0,0.0,1.0,0.0,0.0
48219,34042,KCab-p,KCab-p_R,ab,1,0,0,0.0,1.0,0.0,0.0
48309,34121,KCg-m,KCg-m_R,gamma,2,2,66,63.5571719611155,0.0,5.9604644775390625e-05,-0.005995035171508789
48313,34125,KCg-m,KCg-m_R,gamma,1,2,66,64.56396400805536,0.0,-0.00025832653045654297,-0.0022716522216796875
48337,34145,KCg-m,KCg-m_L,gamma,1,2,35,33.284217780970415,0.0,-0.0020562410354614258,-0.004357695579528809
48347,34155,KCg-m,KCg-m_R,gamma,1,2,24,22.943749361748345,0.0,0.002194523811340332,0.000497281551361084
48438,34232,KCg-d,KCg-d_R,gamma,1,2,0,0.0,1.0,0.0,0.0
48443,34237,KCa'b'-ap1,KCa'b'-ap1_R,apbp,0,0,3,2.8053652271662597,0.48174627542384807,0.0,0.0
48502,34292,KCa'b'-ap2,KCa'b'-ap2_L,apbp,1,0,0,0.0,1.0,0.0,0.0
48515,34304,KCg-m,KCg-m_R,gamma,1,2,214,211.26297921559765,0.11902406980417299,-0.008116364479064941,-0.011329114437103271
48517,34306,KCa'b'-ap1,KCa'b'-ap1_R,apbp,0,0,0,0.0,1.0,0.0,0.0
48533,34321,KCg-d,KCg-d_R,gamma,1,2,0,0.0,1.0,0.0,0.0
48596,34376,KCg-m,KCg-m_L,gamma,1,2,0,0.0,1.0,0.0,0.0
48632,34409,KCg-d,KCg-d_R,gamma,1,2,0,0.0,1.0,0.0,0.0
48641,34418,KCg-d,KCg-d_R,gamma,1,2,0,0.0,1.0,0.0,0.0
48729,34493,KCa'b'-ap1,KCa'b'-ap1_R,apbp,1,0,2,2.0,0.6716616500790774,-0.0032411813735961914,-0.0032411813735961914
48759,34517,KCg-m,KCg-m_L,gamma,1,2,126,123.25481261539505,0.2038963564105381,0.005940496921539307,0.00132828950881958
48779,34534,KCa'b'-ap2,KCa'b'-ap2_R,apbp,0,0,7,6.911239324608696,0.6924224882416399,0.0,0.0
48829,34576,KCa'b'-ap1,KCa'b'-ap1_R,apbp,0,0,0,0.0,1.0,0.0,0.0
48886,34625,KCg-m,KCg-m_R,gamma,1,2,51,49.77193781737271,0.0,-0.014385998249053955,-0.015550673007965088
48904,34639,KCg-m,KCg-m_R,gamma,1,2,36,35.339803871964136,0.0,-0.004381835460662842,-0.005238473415374756
48912,34647,KCa'b'-ap2,KCa'b'-ap2_R,apbp,1,0,0,0.0,1.0,0.0,0.0
48975,34699,KCg-m,KCg-m_R,gamma,1,3,125,122.03000241615743,0.09539375181758779,-0.010342538356781006,-0.013709485530853271
48978,34702,KCg-d,KCg-d_R,gamma,1,2,0,0.0,1.0,0.0,0.0
49019,34731,KCg-m,KCg-m_R,gamma,1,2,214,211.2053438222625,0.15216308566707867,0.0006621479988098145,-0.003016173839569092
49022,34734,KCa'b'-ap1,KCa'b'-ap1_L,apbp,0,0,0,0.0,1.0,0.0,0.0
49052,34761,KCg-d,KCg-d_R,gamma,1,2,0,0.0,1.0,0.0,0.0
49073,34779,KCg-m,KCg-m_R,gamma,1,2,105,102.68688245216205,0.0,-0.007620036602020264,-0.010227322578430176
49124,34821,KCg-m,KCg-m_L,gamma,1,2,43,41.16730198057646,0.0,-0.0006168484687805176,-0.002859771251678467
49160,34852,KCg-m,KCg-m_L,gamma,1,2,47,45.93170290577409,0.0,-0.005807995796203613,-0.0070618391036987305
49254,34937,KCg-m,KCg-m_R,gamma,1,2,71,69.75033532263326,0.0,-0.00994962453842163,-0.0111159086227417
49279,34955,KCg-m,KCg-m_R,gamma,1,2,189,185.7556103268324,0.03172602157057457,-0.018857896327972412,-0.022289633750915527
49345,35014,KCg-d,KCg-d_R,gamma,1,2,0,0.0,1.0,0.0,0.0
49354,35023,KCab-c,KCab-c_R,ab,1,0,4,3.876821569068602,0.7229230740360296,0.0014529228210449219,0.0011742115020751953
49363,35032,KCa'b'-ap2,KCa'b'-ap2_L,apbp,0,0,0,0.0,1.0,0.0,0.0
49365,35034,KCab-s,KCab-s_R,ab,1,0,0,0.0,1.0,0.0,0.0
49394,35058,KCa'b'-ap2,KCa'b'-ap2_L,apbp,0,0,0,0.0,1.0,0.0,0.0
49420,35081,KCa'b'-m,KCa'b'-m_L,apbp,1,0,0,0.0,1.0,0.0,0.0
49450,35106,KCa'b'-ap2,KCa'b'-ap2_L,apbp,0,0,3,3.0,0.6692839733124414,0.0,0.0
49480,35131,KCa'b'-ap1,KCa'b'-ap1_L,apbp,1,0,0,0.0,1.0,0.0,0.0
49526,35174,KCg-m,KCg-m_L,gamma,1,2,30,29.244032152884447,0.03173723161838257,0.0028793811798095703,0.0017009973526000977
49535,35181,KCa'b'-ap2,KCa'b'-ap2_L,apbp,0,0,0,0.0,1.0,0.0,0.0
49544,35190,KCg-m,KCg-m_L,gamma,1,2,28,27.400325783341746,0.0,0.005730569362640381,0.004990220069885254
49545,35191,KCg-m,KCg-m_L,gamma,1,2,18,17.207545490524307,0.1799592696998704,0.002410590648651123,0.0006932616233825684
49569,35209,KCg-m,KCg-m_R,gamma,1,2,101,97.40105120794705,0.0,-0.007629454135894775,-0.012168407440185547
49594,35231,KCab-s,KCab-s_R,ab,1,0,3,3.0,0.9360326581959606,-0.0004939436912536621,-0.0004939436912536621
49632,35264,KCg-m,KCg-m_R,gamma,1,2,135,131.7072620993808,0.0,-0.005308270454406738,-0.0086899995803833
49661,35289,KCa'b'-ap1,KCa'b'-ap1_R,apbp,1,0,0,0.0,1.0,0.0,0.0
49687,35312,KCg-m,KCg-m_R,gamma,1,3,114,111.93503256693565,0.0,-0.005910754203796387,-0.00812464952468872
49709,35330,KCg-d,KCg-d_R,gamma,1,2,0,0.0,1.0,0.0,0.0
49710,35331,KCg-d,KCg-d_R,gamma,1,2,0,0.0,1.0,0.0,0.0
49750,35367,KCa'b'-ap2,KCa'b'-ap2_R,apbp,1,0,2,2.0,0.8055367897965783,0.0032159090042114258,0.0032159090042114258
49752,35368,KCg-m,KCg-m_R,gamma,1,2,50,48.34614236700152,0.0,-0.0008269548416137695,-0.003222525119781494
49774,35387,KCa'b'-m,KCa'b'-m_R,apbp,0,0,0,0.0,1.0,0.0,0.0
49805,35413,KCg-m,KCg-m_R,gamma,1,3,116,114.13914228476199,0.0,-0.026661038398742676,-0.028378307819366455
49867,35461,KCg-m,KCg-m_L,gamma,1,2,2,2.0,0.0,0.0026029348373413086,0.0026029348373413086
49899,35489,KCa'b'-m,KCa'b'-m_R,apbp,1,0,17,16.848886443101893,0.6918625063517281,-0.004607081413269043,-0.0047830939292907715
49903,35493,KCg-m,KCg-m_R,gamma,1,3,193,189.99046993400242,0.04045147804148443,-0.017855823040008545,-0.020972788333892822
49950,35535,KCa'b'-m,KCa'b'-m_L,apbp,0,0,0,0.0,1.0,0.0,0.0
49978,35559,KCa'b'-ap1,KCa'b'-ap1_R,apbp,1,0,4,4.0,0.6290508561598834,-0.003361046314239502,-0.003361046314239502
49987,35567,KCg-m,KCg-m_R,gamma,2,2,27,26.161904267779175,0.0,-0.004055619239807129,-0.005972743034362793
50035,35611,KCg-m,KCg-m_R,gamma,1,2,15,13.956161308420212,0.0,0.0024797916412353516,0.0005950331687927246
50057,35629,KCa'b'-ap1,KCa'b'-ap1_R,apbp,1,0,0,0.0,1.0,0.0,0.0
50065,35637,KCa'b'-ap1,KCa'b'-ap1_R,apbp,1,0,2,2.0,0.471833626145417,0.0009720325469970703,0.0009720325469970703
50122,35690,KCa'b'-ap2,KCa'b'-ap2_L,apbp,0,0,2,2.0,0.8992608588023078,0.0,0.0
50123,35691,KCab-s,KCab-s_R,ab,1,0,15,14.84144756585137,0.770788889456214,0.0026689767837524414,0.002433180809020996
50185,35742,KCg-m,KCg-m_R,gamma,1,2,25,23.63321545291285,0.0,5.2809715270996094e-05,-0.002423405647277832
50256,35797,KCg-m,KCg-m_R,gamma,1,2,19,18.569091630173062,0.0,-0.0019716620445251465,-0.0027003884315490723
50291,35824,KCg-m,KCg-m_R,gamma,1,2,71,69.64927277122085,0.10506777303645036,0.0026250481605529785,0.0005651116371154785
50304,35835,KCg-m,KCg-m_R,gamma,1,2,0,0.0,1.0,0.0,0.0
50411,35929,KCg-m,KCg-m_L,gamma,1,2,19,18.6266917749026,0.05187185811185033,0.00604325532913208,0.005499422550201416
50427,35944,KCab-s,KCab-s_R,ab,1,0,9,8.91158211337357,0.5651036145445919,-0.006575286388397217,-0.006789445877075195
50454,35968,KCa'b'-m,KCa'b'-m_R,apbp,0,0,19,18.979936754796125,0.14767332394566626,0.0,0.0
50471,35981,KCa'b'-ap1,KCa'b'-ap1_L,apbp,1,0,46,45.91738784234628,0.8496109007294693,-0.0033850669860839844,-0.003420412540435791
50568,36066,KCg-m,KCg-m_L,gamma,1,3,75,73.23976354556225,0.0,-0.008061528205871582,-0.010490715503692627
50582,36079,KCg-d,KCg-d_R,gamma,1,2,0,0.0,1.0,0.0,0.0
50591,36088,KCg-m,KCg-m_L,gamma,1,3,0,0.0,1.0,0.0,0.0
50659,36146,KCab-c,KCab-c_R,ab,2,0,6,5.975494601661669,0.0,-0.000110626220703125,-0.00012695789337158203
50698,36183,KCa'b'-ap2,KCa'b'-ap2_L,apbp,0,0,0,0.0,1.0,0.0,0.0
50705,36187,KCa'b'-ap2,KCa'b'-ap2_L,apbp,1,0,11,10.997021326826248,0.8832854382515454,-0.0014572739601135254,-0.001457810401916504
50712,36194,KCa'b'-ap1,KCa'b'-ap1_L,apbp,0,0,0,0.0,1.0,0.0,0.0
50744,36222,KCg-m,KCg-m_R,gamma,1,2,75,72.76169091296143,0.008487464810264913,-0.00540536642074585,-0.008649289608001709
50746,36224,KCa'b'-ap1,KCa'b'-ap1_R,apbp,0,0,0,0.0,1.0,0.0,0.0
50776,36250,KCab-s,KCab-s_R,ab,2,0,0,0.0,1.0,0.0,0.0
50791,36263,KCg-m,KCg-m_L,gamma,1,2,61,59.21424362823629,0.0,0.010056495666503906,0.007723212242126465
50820,36289,KCg-m,KCg-m_L,gamma,1,2,17,16.292434814720785,0.0,0.008961081504821777,0.007889389991760254
50839,36305,KCg-m,KCg-m_R,gamma,1,2,4,3.9806490434449384,0.0,-0.0036336183547973633,-0.0035787224769592285
50933,36387,KCg-d,KCg-d_L,gamma,1,2,0,0.0,1.0,0.0,0.0
51010,36453,KCa'b'-ap1,KCa'b'-ap1_R,apbp,0,0,0,0.0,1.0,0.0,0.0
51053,36488,KCg-m,KCg-m_L,gamma,1,2,310,307.3968945643745,0.7779364674578406,0.005900084972381592,0.002879023551940918
51054,36489,KCa'b'-ap2,KCa'b'-ap2_R,apbp,0,0,0,0.0,1.0,0.0,0.0
51055,36490,KCg-m,KCg-m_L,gamma,1,2,22,21.421010560874926,0.1551006002434452,0.011750876903533936,0.011065065860748291
51093,36524,KCg-m,KCg-m_R,gamma,1,2,88,86.54821368420333,0.16680260892929252,-0.0014025568962097168,-0.0033578872680664062
51095,36526,KCg-m,KCg-m_R,gamma,1,2,6,5.809754756313428,0.0,-0.0005897879600524902,-0.000877082347869873
51113,36540,KCg-m,KCg-m_R,gamma,1,2,5,5.0,0.0,-0.0008153319358825684,-0.0008153319358825684
51121,36547,KCg-m,KCg-m_R,gamma,1,2,28,26.221047642325427,0.0,0.003136932849884033,4.291534423828125e-05
51195,36610,KCg-m,KCg-m_R,gamma,1,2,31,30.505836651445872,0.0,-0.004284322261810303,-0.004728496074676514
51254,36660,KCa'b'-ap2,KCa'b'-ap2_R,apbp,1,0,1,1.0,0.9463523403390033,0.0021632909774780273,0.0021632909774780273
51318,36715,KCa'b'-ap2,KCa'b'-ap2_R,apbp,0,0,1,1.0,0.9526471221139287,0.0,0.0
51330,36724,KCg-m,KCg-m_L,gamma,1,2,0,0.0,1.0,0.0,0.0
51334,36728,KCa'b'-ap1,KCa'b'-ap1_L,apbp,0,0,5,4.943398551581702,0.8138447464595742,0.0,0.0
51354,36746,KCg-m,KCg-m_R,gamma,1,2,2,2.0,0.0,0.002652406692504883,0.002652406692504883
51383,36771,KCa'b'-ap1,KCa'b'-ap1_R,apbp,2,0,0,0.0,1.0,0.0,0.0
51391,36779,KCg-m,KCg-m_R,gamma,1,2,155,152.27100245880155,0.0,-0.03141963481903076,-0.0343930721282959
51394,36782,KCab-p,KCab-p_R,ab,1,0,0,0.0,1.0,0.0,0.0
51408,36794,KCg-m,KCg-m_R,gamma,1,2,211,206.77659614509022,0.33756645308706007,-0.002674996852874756,-0.007264971733093262
51428,36808,KCg-m,KCg-m_R,gamma,1,2,108,104.98639752798967,0.0,0.010177910327911377,0.006439208984375
51430,36810,KCg-m,KCg-m_R,gamma,1,2,3,3.0,0.0,-0.0010829567909240723,-0.0010829567909240723
51459,36835,KCg-m,KCg-m_L,gamma,1,2,9,8.765562589061483,0.0,0.0014476180076599121,0.0012497901916503906
51516,36883,KCg-m,KCg-m_R,gamma,1,2,96,93.87209258233993,0.11892364119023487,-0.016965866088867188,-0.019812345504760742
51535,36900,KCg-m,KCg-m_L,gamma,1,2,262,259.1801058487539,0.6543643287746286,1.0728836059570312e-06,-0.0035550594329833984
51538,36903,KCa'b'-ap1,KCa'b'-ap1_L,apbp,0,0,3,2.9894482774945983,0.9406032190238623,0.0,0.0
51552,36912,KCg-m,KCg-m_L,gamma,1,2,4,4.0,0.0,0.004072904586791992,0.004072904586791992
51553,36913,KCg-m,KCg-m_L,gamma,1,2,48,47.60972963373098,0.11794515909942269,0.004958689212799072,0.004559636116027832
51556,36916,KCa'b'-ap1,KCa'b'-ap1_R,apbp,2,0,78,77.50664172869482,0.6688219006800358,-0.019961953163146973,-0.021493077278137207
51583,36937,KCg-m,KCg-m_L,gamma,1,2,25,24.099876372386152,0.0,-0.0023497343063354492,-0.003424227237701416
51600,36952,KCab-p,KCab-p_R,ab,1,0,0,0.0,1.0,0.0,0.0
51667,37008,KCg-m,KCg-m_R,gamma,1,2,3,2.9912266032133408,0.4252340443922975,-0.0010671615600585938,-0.0010578036308288574
51679,37017,KCg-d,KCg-d_R,gamma,1,2,0,0.0,1.0,0.0,0.0
51686,37022,KCab-p,KCab-p_R,ab,1,0,0,0.0,1.0,0.0,0.0
51688,37024,KCa'b'-ap2,KCa'b'-ap2_R,apbp,1,0,3,3.0,0.9284970877511896,-0.0021393895149230957,-0.0021393895149230957
51715,37047,KCa'b'-ap1,KCa'b'-ap1_L,apbp,0,0,0,0.0,1.0,0.0,0.0
51742,37069,KCg-m,KCg-m_L,gamma,1,2,37,36.35297116117276,0.2867058180391385,-0.0005776882171630859,-0.0012974143028259277
51745,37072,KCa'b'-m,KCa'b'-m_R,apbp,0,0,18,17.74180944940133,0.3749916628810574,0.0,0.0
51751,37078,KCg-m,KCg-m_L,gamma,1,2,15,14.64801990099254,0.0,-0.0014529228210449219,-0.001822352409362793
51753,37080,KCa'b'-m,KCa'b'-m_R,apbp,0,0,4,3.9225531906089555,0.8764349302118254,0.0,0.0
51795,37114,KCa'b'-m,KCa'b'-m_L,apbp,0,0,0,0.0,1.0,0.0,0.0
51855,37169,KCg-m,KCg-m_R,gamma,1,2,36,34.69839970951338,0.0,-0.0034353137016296387,-0.005821645259857178
51865,37176,KCg-m,KCg-m_L,gamma,1,2,130,127.08876071867437,0.0,-0.01788884401321411,-0.021684587001800537
51866,37177,KCg-m,KCg-m_R,gamma,1,2,9,8.918451315776998,0.0,-0.006504833698272705,-0.006678521633148193
51883,37193,KCg-m,KCg-m_R,gamma,1,2,18,16.90282735575451,0.0,0.001209855079650879,-0.00027191638946533203
51894,37202,KCa'b'-ap2,KCa'b'-ap2_R,apbp,1,0,61,60.78605365340173,0.8305475769710217,0.0016543269157409668,0.001432955265045166
51937,37237,KCg-m,KCg-m_L,gamma,1,2,21,20.272444175177093,0.0,-0.00026285648345947266,-0.0012072920799255371
51998,37285,KCg-d,KCg-d_R,gamma,1,2,0,0.0,1.0,0.0,0.0
52022,37307,KCg-m,KCg-m_R,gamma,1,2,6,5.75523376714577,0.0,-0.0006802678108215332,-0.0009209513664245605
52140,37405,KCa'b'-ap1,KCa'b'-ap1_R,apbp,2,0,14,13.758881324283092,0.7454751055514967,-0.0025337934494018555,-0.0033142566680908203
52141,37406,KCa'b'-ap1,KCa'b'-ap1_L,apbp,1,0,27,26.87317721842171,0.9129688708563075,0.0033663511276245117,0.003273189067840576
52156,37419,KCg-m,KCg-m_R,gamma,1,2,0,0.0,1.0,0.0,0.0
52189,37444,KCa'b'-ap2,KCa'b'-ap2_L,apbp,2,0,0,0.0,1.0,0.0,0.0
52220,37465,KCg-m,KCg-m_R,gamma,1,3,85,83.57988388703018,0.0,-0.020238041877746582,-0.021950125694274902
52267,37505,KCa'b'-m,KCa'b'-m_R,apbp,0,0,81,80.6315137069154,0.5592830253794185,0.0,0.0
52318,37551,KCg-m,KCg-m_L,gamma,1,2,104,102.5322123573075,0.0,-0.014552652835845947,-0.016176044940948486
52337,37568,KCa'b'-ap2,KCa'b'-ap2_R,apbp,0,0,43,42.85065744141259,0.895000414065845,0.0,0.0
52402,37624,KCg-m,KCg-m_R,gamma,1,2,72,70.16372026034024,0.29290077409485316,-0.004300177097320557,-0.0066945552825927734
52513,37727,KCa'b'-ap1,KCa'b'-ap1_L,apbp,0,0,4,4.0,0.8102257338720045,0.0,0.0
52518,37732,KCg-m,KCg-m_R,gamma,1,2,14,13.17931096111431,0.0,0.0013198256492614746,-0.0001723170280456543
52564,37774,KCg-m,KCg-m_L,gamma,1,2,31,30.32313649212822,0.0,-0.0036258697509765625,-0.004109323024749756
52575,37783,KCg-m,KCg-m_R,gamma,1,2,101,97.69064834503979,0.0,-0.00992727279663086,-0.014246165752410889
52581,37787,KCa'b'-ap1,KCa'b'-ap1_R,apbp,2,0,0,0.0,1.0,0.0,0.0
52594,37797,KCg-d,KCg-d_R,gamma,1,2,0,0.0,1.0,0.0,0.0
52613,37814,KCa'b'-m,KCa'b'-m_R,apbp,1,0,4,4.0,0.0,-0.0032531023025512695,-0.0032531023025512695
52704,37894,KCab-s,KCab-s_L,ab,1,0,0,0.0,1.0,0.0,0.0
52706,37896,KCa'b'-m,KCa'b'-m_R,apbp,0,0,0,0.0,1.0,0.0,0.0
52751,37936,KCg-d,KCg-d_R,gamma,1,2,0,0.0,1.0,0.0,0.0
52773,37952,KCg-m,KCg-m_R,gamma,1,2,138,136.12158200213563,0.033908783810725276,-0.007176458835601807,-0.009184658527374268
52789,37963,KCa'b'-ap2,KCa'b'-ap2_R,apbp,0,0,2,1.9892291007470928,0.9580824388095144,0.0,0.0
52824,37995,KCab-s,KCab-s_L,ab,1,0,2,2.0,0.7813754364804397,-0.0015065670013427734,-0.0015065670013427734
52856,38022,KCg-m,KCg-m_L,gamma,1,2,0,0.0,1.0,0.0,0.0
52877,38042,KCa'b'-ap2,KCa'b'-ap2_R,apbp,0,0,0,0.0,1.0,0.0,0.0
52907,38067,KCg-d,KCg-d_R,gamma,1,2,0,0.0,1.0,0.0,0.0
52923,38081,KCa'b'-ap1,KCa'b'-ap1_L,apbp,1,0,0,0.0,1.0,0.0,0.0
52933,38089,KCa'b'-ap2,KCa'b'-ap2_R,apbp,0,0,0,0.0,1.0,0.0,0.0
52938,38094,KCg-m,KCg-m_L,gamma,1,2,60,58.21993510079224,0.0,-0.0014244318008422852,-0.0038109421730041504
52972,38119,KCa'b'-m,KCa'b'-m_R,apbp,1,0,4,3.999397797866044,0.5485120184983653,0.00044924020767211914,0.0004507899284362793
53014,38158,KCab-s,KCab-s_R,ab,1,0,14,13.943831241560758,0.7835792375201536,0.0011407732963562012,0.0010402798652648926
53050,38188,KCg-m,KCg-m_R,gamma,1,2,60,58.76577467995988,0.0,0.001412034034729004,-0.00013136863708496094
53099,38229,KCg-m,KCg-m_R,gamma,1,2,6,5.661571311200493,0.0,0.0015366673469543457,0.0013020634651184082
53144,38270,KCg-m,KCg-m_R,gamma,1,2,117,114.31771868349546,0.0,-0.005714476108551025,-0.008801877498626709
53154,38278,KCg-m,KCg-m_R,gamma,1,3,180,177.17643326665188,0.05975186972015707,0.004507243633270264,0.0009996891021728516
53173,38296,KCg-m,KCg-m_R,gamma,1,2,18,17.40229894143377,0.0,0.002619445323944092,0.0018750429153442383
53178,38300,KCg-m,KCg-m_R,gamma,1,2,85,82.9413000908864,0.5938017231668046,-0.010438263416290283,-0.013009905815124512
53217,38334,KCg-d,KCg-d_R,gamma,1,2,0,0.0,1.0,0.0,0.0
53221,38337,KCa'b'-ap2,KCa'b'-ap2_R,apbp,1,0,0,0.0,1.0,0.0,0.0
53241,38354,KCa'b'-ap2,KCa'b'-ap2_L,apbp,1,0,1,1.0,0.9910811218964906,0.000529170036315918,0.000529170036315918
53250,38362,KCa'b'-ap2,KCa'b'-ap2_R,apbp,2,0,16,15.979985491872196,0.802731672250661,-0.0018894672393798828,-0.0019112825393676758
53267,38375,KCg-m,KCg-m_R,gamma,1,3,125,121.81309276131742,0.0,-0.018466711044311523,-0.022282660007476807
53271,38379,KCg-d,KCg-d_L,gamma,1,2,0,0.0,1.0,0.0,0.0
53278,38386,KCa'b'-ap1,KCa'b'-ap1_L,apbp,1,0,83,82.87262586917788,0.8095046055677373,-0.0047675371170043945,-0.00494539737701416
53331,38434,KCa'b'-ap1,KCa'b'-ap1_L,apbp,0,0,2,1.985696627359718,0.8997472426808222,0.0,0.0
53354,38453,KCa'b'-ap2,KCa'b'-ap2_L,apbp,0,0,12,11.963695726193665,0.874637702908582,0.0,0.0
53382,38479,KCa'b'-ap2,KCa'b'-ap2_R,apbp,1,0,15,14.942535889199856,0.855919342494931,0.0005672574043273926,0.00047516822814941406
53383,38480,KCg-m,KCg-m_R,gamma,1,2,15,14.271363852506129,0.24554780184876296,0.003107011318206787,0.0020411014556884766
53397,38494,KCa'b'-ap2,KCa'b'-ap2_L,apbp,0,0,0,0.0,1.0,0.0,0.0
53430,38523,KCab-p,KCab-p_L,ab,1,0,0,0.0,1.0,0.0,0.0
53448,38540,KCa'b'-m,KCa'b'-m_R,apbp,1,0,0,0.0,1.0,0.0,0.0
53472,38557,KCg-m,KCg-m_R,gamma,1,2,97,94.14170029934512,0.0,-0.0073729753494262695,-0.01127403974533081
53505,38584,KCg-d,KCg-d_R,gamma,1,2,0,0.0,1.0,0.0,0.0
53535,38608,KCa'b'-ap1,KCa'b'-ap1_R,apbp,0,0,0,0.0,1.0,0.0,0.0
53592,38653,KCa'b'-ap1,KCa'b'-ap1_R,apbp,1,0,3,2.9919552676532533,0.8304564857551379,0.00017726421356201172,0.0001786947250366211
53633,38687,KCg-m,KCg-m_R,gamma,1,2,11,10.513494490463827,0.0,0.005366384983062744,0.004570722579956055
53645,38697,KCa'b'-ap2,KCa'b'-ap2_R,apbp,1,0,21,20.789710565605137,0.8537146725052724,0.008091151714324951,0.007699251174926758
53655,38706,KCg-m,KCg-m_R,gamma,1,2,194,190.71628558932835,0.028170825488254607,-0.0074440836906433105,-0.010894477367401123
53680,38728,KCg-d,KCg-d_L,gamma,1,2,0,0.0,1.0,0.0,0.0
53686,38733,KCa'b'-ap2,KCa'b'-ap2_R,apbp,0,0,0,0.0,1.0,0.0,0.0
53688,38735,KCg-m,KCg-m_R,gamma,1,2,4,4.0,0.0,0.0006410479545593262,0.0006410479545593262
53756,38797,KCg-m,KCg-m_L,gamma,1,2,6,6.0,0.0,0.0014101266860961914,0.0014101266860961914
53766,38807,KCa'b'-ap2,KCa'b'-ap2_R,apbp,1,0,0,0.0,1.0,0.0,0.0
53833,38862,KCa'b'-m,KCa'b'-m_R,apbp,1,0,0,0.0,1.0,0.0,0.0
53836,38865,KCg-m,KCg-m_R,gamma,1,2,32,31.170388459679415,0.5812282493039616,-0.0012257099151611328,-0.001877129077911377
53851,38880,KCa'b'-ap2,KCa'b'-ap2_R,apbp,0,0,9,8.998621800150627,0.8207122216444639,0.0,0.0
53863,38891,KCab-c,KCab-c_R,ab,1,0,103,102.0133043591003,0.8018406693977136,-0.011699795722961426,-0.012826621532440186
53881,38907,KCa'b'-m,KCa'b'-m_L,apbp,1,0,4,4.0,0.23628467750716084,-0.00018340349197387695,-0.00018340349197387695
53914,38937,KCa'b'-m,KCa'b'-m_R,apbp,0,0,0,0.0,1.0,0.0,0.0
53947,38965,KCg-m,KCg-m_R,gamma,1,2,106,103.41934152633605,0.0,-0.003265678882598877,-0.0062361955642700195
53957,38975,KCa'b'-m,KCa'b'-m_R,apbp,1,0,90,89.60616408123816,0.8168970954962711,-0.011968076229095459,-0.012484550476074219
53987,38998,KCg-m,KCg-m_L,gamma,1,2,15,14.710204598102221,0.05179113166991861,0.0009289979934692383,0.0005614161491394043
53994,39004,KCg-m,KCg-m_R,gamma,1,2,46,44.78039485920494,0.0,0.0005370378494262695,-0.0010636448860168457
54067,39074,KCa'b'-ap1,KCa'b'-ap1_L,apbp,0,0,14,13.923782863721843,0.8906509012768554,0.0,0.0
54192,39185,KCa'b'-ap1,KCa'b'-ap1_R,apbp,0,0,2,2.0,0.9316853614337703,0.0,0.0
54202,39193,KCg-m,KCg-m_L,gamma,2,2,30,29.139448227349614,0.0,0.004693031311035156,0.0025757551193237305
54255,39240,KCg-m,KCg-m_L,gamma,1,2,10,9.855465304158919,0.19650143827285077,-0.000759124755859375,-0.0008097290992736816
54345,39316,KCg-m,KCg-m_R,gamma,1,2,5,4.766830669783282,0.0,-0.0002696514129638672,-0.0009355545043945312
54398,39365,KCab-s,KCab-s_L,ab,1,0,0,0.0,1.0,0.0,0.0
54429,39390,KCa'b'-m,KCa'b'-m_L,apbp,0,0,30,29.78799949428435,0.5835085293146008,0.0,0.0
54455,39412,KCg-m,KCg-m_R,gamma,1,3,1,1.0,0.0,-3.933906555175781e-06,-3.933906555175781e-06
54549,39494,KCa'b'-ap1,KCa'b'-ap1_L,apbp,0,0,0,0.0,1.0,0.0,0.0
54641,39572,KCa'b'-ap1,KCa'b'-ap1_L,apbp,0,0,0,0.0,1.0,0.0,0.0
54647,39577,KCa'b'-ap1,KCa'b'-ap1_L,apbp,0,0,0,0.0,1.0,0.0,0.0
54661,39586,KCab-s,KCab-s_R,ab,1,0,21,20.797695894717442,0.5010411962029502,0.004447996616363525,0.004077255725860596
54702,39617,KCa'b'-ap1,KCa'b'-ap1_R,apbp,0,0,0,0.0,1.0,0.0,0.0
54717,39631,KCa'b'-m,KCa'b'-m_L,apbp,1,0,24,23.566966910130972,0.8036159116421068,0.009393930435180664,0.008509576320648193
54729,39642,KCa'b'-ap1,KCa'b'-ap1_L,apbp,0,0,0,0.0,1.0,0.0,0.0
54746,39656,KCg-m,KCg-m_R,gamma,1,2,107,105.29172702148246,0.0,-0.01347494125366211,-0.015288114547729492
54936,39818,KCg-m,KCg-m_R,gamma,1,2,77,75.22161074612593,0.0,-0.004151642322540283,-0.005475342273712158
54957,39838,KCa'b'-m,KCa'b'-m_R,apbp,1,0,1,1.0,0.8713346821676586,0.0010186433792114258,0.0010186433792114258
54996,39871,KCa'b'-ap2,KCa'b'-ap2_R,apbp,0,0,0,0.0,1.0,0.0,0.0
55003,39878,KCa'b'-ap1,KCa'b'-ap1_L,apbp,0,0,0,0.0,1.0,0.0,0.0
55062,39931,KCg-m,KCg-m_R,gamma,1,3,142,139.40873081069972,0.0,-0.007461965084075928,-0.011220216751098633
55083,39951,KCa'b'-ap1,KCa'b'-ap1_R,apbp,0,0,0,0.0,1.0,0.0,0.0
55123,39986,KCa'b'-ap2,KCa'b'-ap2_L,apbp,0,0,4,3.998095203111175,0.9113738887844681,0.0,0.0
55141,40003,KCa'b'-ap2,KCa'b'-ap2_R,apbp,0,0,0,0.0,1.0,0.0,0.0
55216,40061,KCa'b'-m,KCa'b'-m_R,apbp,1,0,15,14.78572551436526,0.04204555473627412,0.0014255046844482422,0.0011385679244995117
55227,40069,KCab-c,KCab-c_R,ab,1,0,0,0.0,1.0,0.0,0.0
55278,40112,KCg-m,KCg-m_R,gamma,1,2,56,54.26713429999483,0.0,-0.002896606922149658,-0.0057866573333740234
55316,40144,KCab-p,KCab-p_L,ab,1,0,0,0.0,1.0,0.0,0.0
55460,40263,KCa'b'-ap2,KCa'b'-ap2_R,apbp,1,0,0,0.0,1.0,0.0,0.0
55480,40280,KCa'b'-m,KCa'b'-m_L,apbp,0,0,6,5.917437712277788,0.7877272261378415,0.0,0.0
55485,40284,KCa'b'-ap1,KCa'b'-ap1_L,apbp,1,0,0,0.0,1.0,0.0,0.0
55528,40320,KCab-s,KCab-s_R,ab,2,0,9,8.877083152682964,0.5623673350641291,0.01218116283416748,0.011631965637207031
55542,40334,KCg-m,KCg-m_L,gamma,1,2,172,168.96548983108255,0.0,-0.01403653621673584,-0.01760542392730713
55586,40374,KCa'b'-ap1,KCa'b'-ap1_L,apbp,0,0,0,0.0,1.0,0.0,0.0
55670,40447,KCg-m,KCg-m_R,gamma,1,2,73,69.80062055206157,0.0,0.00552821159362793,0.0007292628288269043
55755,40517,KCab-c,KCab-c_R,ab,1,0,1,1.0,0.0,0.0,0.0
55765,40526,KCa'b'-m,KCa'b'-m_L,apbp,0,0,0,0.0,1.0,0.0,0.0
55850,40595,KCg-m,KCg-m_R,gamma,1,2,204,200.4220670510384,0.5591203697560048,-0.00495755672454834,-0.00878840684890747
55853,40598,KCg-m,KCg-m_L,gamma,1,2,233,230.26739709805142,0.738623991496192,-0.002255082130432129,-0.005288362503051758
55857,40601,KCg-m,KCg-m_R,gamma,1,3,2,2.0,0.0,0.0002608299255371094,0.0002608299255371094
55884,40621,KCa'b'-m,KCa'b'-m_L,apbp,1,0,0,0.0,1.0,0.0,0.0
55919,40650,KCa'b'-ap1,KCa'b'-ap1_R,apbp,0,0,2,2.0,0.744978611570423,0.0,0.0
55935,40665,KCa'b'-ap2,KCa'b'-ap2_L,apbp,1,0,0,0.0,1.0,0.0,0.0
55946,40673,KCab-p,KCab-p_R,ab,1,0,0,0.0,1.0,0.0,0.0
55955,40681,KCab-s,KCab-s_L,ab,1,0,0,0.0,1.0,0.0,0.0
55998,40721,KCg-m,KCg-m_R,gamma,1,2,52,51.796450747660145,0.43472318512450264,-0.010256707668304443,-0.01039743423461914
56000,40723,KCa'b'-ap1,KCa'b'-ap1_R,apbp,1,0,0,0.0,1.0,0.0,0.0
56130,40833,KCa'b'-ap2,KCa'b'-ap2_R,apbp,0,0,8,7.957039202793098,0.382757113083663,0.0,0.0
56145,40847,KCg-d,KCg-d_L,gamma,1,2,0,0.0,1.0,0.0,0.0
56223,40913,KCg-m,KCg-m_R,gamma,1,2,53,51.2628804801002,0.0,0.0015788078308105469,-0.0005022883415222168
56251,40939,KCg-m,KCg-m_L,gamma,1,2,8,7.881092455314864,0.0,0.0019845962524414062,0.0017703771591186523
56274,40959,KCab-s,KCab-s_R,ab,2,0,0,0.0,1.0,0.0,0.0
56284,40968,KCg-d,KCg-d_R,gamma,1,2,0,0.0,1.0,0.0,0.0
56297,40978,KCg-m,KCg-m_R,gamma,1,2,2,1.9502657353618162,0.6879972230284329,-3.653764724731445e-05,-3.4689903259277344e-05
56315,40991,KCg-m,KCg-m_R,gamma,1,2,51,48.27655286209009,0.0,0.0005086064338684082,-0.0036067962646484375
56352,41022,KCab-p,KCab-p_L,ab,1,0,0,0.0,1.0,0.0,0.0
56424,41077,KCg-m,KCg-m_R,gamma,1,2,41,40.10541618564633,0.0,-0.0024036765098571777,-0.003370940685272217
56430,41083,KCg-m,KCg-m_R,gamma,1,2,131,128.01522645620128,0.1822399817882171,0.0018096566200256348,-0.0021088719367980957
56461,41108,KCa'b'-ap2,KCa'b'-ap2_R,apbp,1,0,0,0.0,1.0,0.0,0.0
56650,41266,KCg-m,KCg-m_L,gamma,1,2,0,0.0,1.0,0.0,0.0
56666,41279,KCg-m,KCg-m_R,gamma,1,2,34,32.12649616656525,0.0,-0.0007804632186889648,-0.004194021224975586
56692,41298,KCa'b'-ap1,KCa'b'-ap1_L,apbp,0,0,4,4.0,0.8695584664380501,0.0,0.0
56749,41341,KCa'b'-m,KCa'b'-m_R,apbp,1,0,0,0.0,1.0,0.0,0.0
56866,41440,KCg-m,KCg-m_L,gamma,1,2,27,25.9306158677384,0.0,-0.001054525375366211,-0.0030707120895385742
56936,41503,KCa'b'-ap2,KCa'b'-ap2_R,apbp,0,0,5,4.962664717288334,0.8782620245131171,0.0,0.0
56943,41508,KCa'b'-ap2,KCa'b'-ap2_R,apbp,0,0,0,0.0,1.0,0.0,0.0
57015,41565,KCa'b'-ap2,KCa'b'-ap2_R,apbp,1,0,0,0.0,1.0,0.0,0.0
57075,41618,KCg-m,KCg-m_R,gamma,1,2,61,58.244854935729116,0.0,0.003969132900238037,0.0005285143852233887
57106,41643,KCa'b'-ap2,KCa'b'-ap2_R,apbp,0,0,0,0.0,1.0,0.0,0.0
57152,41681,KCg-m,KCg-m_L,gamma,1,2,62,60.88093446923023,0.0,-0.010188400745391846,-0.011250495910644531
57171,41696,KCg-m,KCg-m_R,gamma,1,2,0,0.0,1.0,0.0,0.0
57179,41703,KCg-m,KCg-m_R,gamma,1,2,63,61.61556908779883,0.0,-0.0037506818771362305,-0.0056688785552978516
57219,41737,KCab-s,KCab-s_R,ab,1,0,17,16.901114149733036,0.0,-0.0023077726364135742,-0.002278566360473633
57244,41759,KCab-p,KCab-p_L,ab,0,0,0,0.0,1.0,0.0,0.0
57302,41810,KCg-d,KCg-d_R,gamma,1,2,0,0.0,1.0,0.0,0.0
57314,41817,KCg-m,KCg-m_R,gamma,1,3,19,18.090506205860283,0.0,-0.004445552825927734,-0.006128251552581787
57341,41840,KCa'b'-m,KCa'b'-m_R,apbp,1,0,0,0.0,1.0,0.0,0.0
57355,41850,KCg-m,KCg-m_R,gamma,1,2,34,32.64571979000242,0.0,-0.008179128170013428,-0.009546399116516113
57356,41851,KCg-m,KCg-m_R,gamma,1,2,6,5.728523847863714,0.0,-0.001024484634399414,-0.001716911792755127
57387,41878,KCa'b'-m,KCa'b'-m_L,apbp,0,0,6,5.978743720068431,0.8144780964292877,0.0,0.0
57403,41894,KCa'b'-ap1,KCa'b'-ap1_R,apbp,0,0,0,0.0,1.0,0.0,0.0
57413,41902,KCg-d,KCg-d_R,gamma,1,2,0,0.0,1.0,0.0,0.0
57425,41911,KCab-s,KCab-s_R,ab,1,0,15,14.867186921571442,0.2491241339491131,0.005663692951202393,0.005435049533843994
57460,41936,KCg-d,KCg-d_R,gamma,1,2,3,2.9943026855694255,0.9069004115801194,0.001479506492614746,0.0014823079109191895
57498,41969,KCg-d,KCg-d_R,gamma,1,2,0,0.0,1.0,0.0,0.0
57532,42000,KCg-m,KCg-m_R,gamma,1,2,76,74.98312289713999,0.0,-0.004024028778076172,-0.00467449426651001
57545,42013,KCg-d,KCg-d_R,gamma,1,2,0,0.0,1.0,0.0,0.0
57550,42017,KCg-d,KCg-d_R,gamma,1,2,0,0.0,1.0,0.0,0.0
57568,42033,KCg-m,KCg-m_R,gamma,1,2,5,4.968929536181339,0.0,-0.0038114190101623535,-0.003789186477661133
57661,42115,KCa'b'-ap1,KCa'b'-ap1_L,apbp,0,0,0,0.0,1.0,0.0,0.0
57669,42123,KCg-m,KCg-m_R,gamma,1,2,122,119.19652956443727,0.0,-0.009370565414428711,-0.011695683002471924
57673,42127,KCa'b'-ap2,KCa'b'-ap2_L,apbp,0,0,0,0.0,1.0,0.0,0.0
57684,42137,KCg-m,KCg-m_R,gamma,1,2,124,121.71275919554606,0.0,-0.00800389051437378,-0.010450482368469238
57729,42176,KCab-s,KCab-s_R,ab,2,0,9,8.971551109158545,0.4995277532100507,0.014513015747070312,0.01443171501159668
57770,42212,KCg-m,KCg-m_L,gamma,1,2,68,66.79482044016089,0.12058592374227602,-0.00820302963256836,-0.009624302387237549
57796,42234,KCa'b'-ap2,KCa'b'-ap2_L,apbp,1,0,0,0.0,1.0,0.0,0.0
57806,42244,KCg-m,KCg-m_L,gamma,1,2,86,84.36300104606406,0.0,0.01670163869857788,0.014450371265411377
57865,42294,KCab-p,KCab-p_R,ab,1,0,0,0.0,1.0,0.0,0.0
57879,42306,KCab-s,KCab-s_R,ab,2,0,56,55.103068109880674,0.0,-0.018094420433044434,-0.02058553695678711
57902,42324,KCab-s,KCab-s_L,ab,1,0,0,0.0,1.0,0.0,0.0
57977,42391,KCa'b'-ap1,KCa'b'-ap1_R,apbp,1,0,1,1.0,0.8065800866376104,-0.0008993744850158691,-0.0008993744850158691
57978,42392,KCg-m,KCg-m_R,gamma,1,4,90,87.7046497943908,0.0,-0.023702502250671387,-0.02611178159713745
58013,42422,KCg-m,KCg-m_R,gamma,1,2,48,47.05581282957402,0.0,-0.0028717517852783203,-0.003407716751098633
58014,42423,KCg-m,KCg-m_R,gamma,1,2,0,0.0,1.0,0.0,0.0
58058,42462,KCg-m,KCg-m_L,gamma,1,2,64,62.297270922408885,0.0,-0.002340555191040039,-0.005033314228057861
58097,42494,KCa'b'-ap1,KCa'b'-ap1_L,apbp,1,0,0,0.0,1.0,0.0,0.0
58111,42506,KCa'b'-ap1,KCa'b'-ap1_R,apbp,1,0,0,0.0,1.0,0.0,0.0
58130,42521,KCa'b'-ap1,KCa'b'-ap1_R,apbp,1,0,0,0.0,1.0,0.0,0.0
58169,42556,KCab-p,KCab-p_R,ab,1,0,0,0.0,1.0,0.0,0.0
58183,42570,KCg-m,KCg-m_R,gamma,1,2,26,24.85257230566171,0.0,-0.011107444763183594,-0.012357175350189209
58275,42652,KCab-s,KCab-s_L,ab,2,0,22,21.89430760822058,0.9377283328147571,0.005218148231506348,0.0048569440841674805
58295,42671,KCab-p,KCab-p_R,ab,1,0,0,0.0,1.0,0.0,0.0
58387,42747,KCab-s,KCab-s_L,ab,1,0,0,0.0,1.0,0.0,0.0
58471,42819,KCg-m,KCg-m_L,gamma,1,2,8,7.924732353031903,0.0,0.0022395849227905273,0.0020837783813476562
58487,42835,KCg-m,KCg-m_R,gamma,1,2,5,4.798105228486465,0.0,-0.0010941028594970703,-0.0012845993041992188
58501,42844,KCg-d,KCg-d_R,gamma,1,3,0,0.0,1.0,0.0,0.0
58524,42863,KCg-d,KCg-d_R,gamma,1,2,0,0.0,1.0,0.0,0.0
58570,42904,KCa'b'-ap2,KCa'b'-ap2_R,apbp,0,0,14,13.904965528319027,0.8265807970409096,0.0,0.0
58586,42918,KCg-m,KCg-m_R,gamma,1,2,133,129.8767763115216,0.2894887051760257,-0.005119383335113525,-0.009533405303955078
58662,42982,KCab-s,KCab-s_L,ab,1,0,7,7.0,0.809449649997678,0.002126634120941162,0.002126634120941162
58782,43078,KCg-d,KCg-d_R,gamma,1,2,0,0.0,1.0,0.0,0.0
58802,43096,KCg-d,KCg-d_L,gamma,1,2,0,0.0,1.0,0.0,0.0
58805,43099,KCa'b'-m,KCa'b'-m_R,apbp,2,0,1,1.0,0.7175166265139241,0.0027091503143310547,0.0027091503143310547
58884,43161,KCa'b'-m,KCa'b'-m_L,apbp,0,0,0,0.0,1.0,0.0,0.0
58950,43218,KCg-m,KCg-m_R,gamma,1,2,50,48.49399051017936,0.0,0.005964756011962891,0.0039055943489074707
58961,43228,KCg-m,KCg-m_R,gamma,1,2,33,31.848186458196317,0.0,-0.003305196762084961,-0.005182802677154541
58980,43245,KCa'b'-ap2,KCa'b'-ap2_L,apbp,0,0,0,0.0,1.0,0.0,0.0
59001,43264,KCa'b'-ap2,KCa'b'-ap2_L,apbp,0,0,0,0.0,1.0,0.0,0.0
59078,43332,KCa'b'-m,KCa'b'-m_L,apbp,0,0,1,1.0,0.43472575638345773,0.0,0.0
59090,43342,KCa'b'-ap2,KCa'b'-ap2_R,apbp,0,0,0,0.0,1.0,0.0,0.0
59174,43413,KCg-m,KCg-m_R,gamma,1,2,7,6.817946564165805,0.6920365337779137,0.002416670322418213,0.0022187232971191406
59261,43485,KCg-m,KCg-m_R,gamma,1,2,90,87.64401262993326,0.2681541076168525,-0.014772236347198486,-0.01735466718673706
59286,43506,KCg-m,KCg-m_R,gamma,1,2,29,27.931854694699453,0.0,0.00036841630935668945,-0.001496434211730957
59320,43534,KCa'b'-ap2,KCa'b'-ap2_R,apbp,1,0,0,0.0,1.0,0.0,0.0
59384,43590,KCg-m,KCg-m_R,gamma,1,2,0,0.0,1.0,0.0,0.0
59442,43638,KCg-m,KCg-m_R,gamma,1,2,25,24.16111001726859,0.0,-0.0022349953651428223,-0.0034003257751464844
59463,43656,KCa'b'-ap2,KCa'b'-ap2_L,apbp,0,0,0,0.0,1.0,0.0,0.0
59494,43682,KCg-m,KCg-m_R,gamma,1,4,1,1.0,0.0,0.0012059211730957031,0.0012059211730957031
59616,43780,KCa'b'-ap2,KCa'b'-ap2_L,apbp,1,0,0,0.0,1.0,0.0,0.0
59715,43858,KCa'b'-ap2,KCa'b'-ap2_R,apbp,0,0,7,6.999398473738248,0.6095537467875873,0.0,0.0
59765,43898,KCa'b'-m,KCa'b'-m_R,apbp,0,0,0,0.0,1.0,0.0,0.0
59787,43916,KCab-p,KCab-p_R,ab,1,0,0,0.0,1.0,0.0,0.0
59818,43941,KCab-s,KCab-s_R,ab,1,0,3,2.813305808692176,0.611068697752086,0.0012325048446655273,0.0008180141448974609
59901,44009,KCa'b'-ap2,KCa'b'-ap2_R,apbp,0,0,3,3.0,0.791308454558115,0.0,0.0
59923,44023,KCg-m,KCg-m_R,gamma,1,2,7,6.954483467640488,0.0,-0.0008824467658996582,-0.0008550286293029785
59932,44029,KCg-m,KCg-m_R,gamma,1,2,82,80.01840464466567,0.04099329764147325,-0.007940113544464111,-0.010359346866607666
59978,44069,KCg-m,KCg-m_R,gamma,1,2,45,43.62399629097733,0.0,-0.01040506362915039,-0.011678576469421387
60011,44098,KCg-m,KCg-m_L,gamma,1,2,59,57.438073507236226,0.21376563388055098,0.0033385753631591797,0.0012197494506835938
60083,44157,KCa'b'-m,KCa'b'-m_L,apbp,1,0,0,0.0,1.0,0.0,0.0
60098,44171,KCa'b'-m,KCa'b'-m_R,apbp,0,0,0,0.0,1.0,0.0,0.0
60166,44225,KCab-p,KCab-p_L,ab,1,0,0,0.0,1.0,0.0,0.0
60172,44231,KCg-m,KCg-m_R,gamma,1,2,87,84.60082961910493,0.41993410546264676,-0.0036193132400512695,-0.007042586803436279
60200,44256,KCg-m,KCg-m_R,gamma,1,3,60,58.13547434646164,0.0,-0.0011919140815734863,-0.0033056139945983887
60227,44278,KCg-m,KCg-m_R,gamma,1,2,16,15.123547485215308,0.0,-0.00301283597946167,-0.004018902778625488
60314,44347,KCa'b'-m,KCa'b'-m_R,apbp,0,0,3,3.0,0.06968919648802469,0.0,0.0
60329,44356,KCg-m,KCg-m_R,gamma,1,2,1,1.0,0.31830946632387536,0.0009131431579589844,0.0009131431579589844
60344,44370,KCg-d,KCg-d_R,gamma,1,2,0,0.0,1.0,0.0,0.0
60349,44374,KCa'b'-ap1,KCa'b'-ap1_L,apbp,0,0,0,0.0,1.0,0.0,0.0
60354,44377,KCa'b'-ap1,KCa'b'-ap1_R,apbp,0,0,0,0.0,1.0,0.0,0.0
60388,44409,KCg-m,KCg-m_L,gamma,1,2,33,31.473403142749934,0.0,0.007073581218719482,0.0043485164642333984
60391,44412,KCa'b'-ap2,KCa'b'-ap2_L,apbp,0,0,15,14.944263719107564,0.8978431956887659,0.0,0.0
60443,44453,KCa'b'-ap2,KCa'b'-ap2_R,apbp,0,0,1,1.0,0.9114844020241913,0.0,0.0
60471,44479,KCg-m,KCg-m_L,gamma,1,2,158,155.9101412965409,0.0,-0.0053879618644714355,-0.008292436599731445
60494,44498,KCa'b'-ap2,KCa'b'-ap2_L,apbp,0,0,0,0.0,1.0,0.0,0.0
60505,44508,KCa'b'-m,KCa'b'-m_R,apbp,0,0,1,1.0,0.4317479312909069,0.0,0.0
60516,44516,KCg-m,KCg-m_R,gamma,1,2,13,12.551413605546266,0.0,-0.0006768703460693359,-0.0011299848556518555
60539,44536,KCa'b'-ap1,KCa'b'-ap1_L,apbp,0,0,0,0.0,1.0,0.0,0.0
60545,44539,KCg-m,KCg-m_L,gamma,1,2,56,54.22920738296562,0.0,0.010106325149536133,0.006940603256225586
60697,44663,KCa'b'-ap1,KCa'b'-ap1_L,apbp,1,0,0,0.0,1.0,0.0,0.0
60708,44673,KCg-d,KCg-d_R,gamma,1,2,0,0.0,1.0,0.0,0.0
60729,44689,KCa'b'-ap2,KCa'b'-ap2_R,apbp,1,0,0,0.0,1.0,0.0,0.0
60732,44692,KCab-s,KCab-s_L,ab,2,0,21,20.95475089888397,0.8794339797105452,-0.004720926284790039,-0.0049207210540771484
60739,44698,KCg-m,KCg-m_R,gamma,1,2,6,6.0,0.0,-0.0027725696563720703,-0.0027725696563720703
60763,44719,KCg-m,KCg-m_R,gamma,1,2,43,41.28476084611033,0.0,0.006039321422576904,0.0034143924713134766
60768,44724,KCg-m,KCg-m_R,gamma,1,2,8,7.707164363731133,0.0,0.0006703734397888184,0.00016164779663085938
60787,44740,KCab-s,KCab-s_L,ab,1,0,0,0.0,1.0,0.0,0.0
60829,44776,KCg-d,KCg-d_R,gamma,1,2,0,0.0,1.0,0.0,0.0
60834,44779,KCg-m,KCg-m_L,gamma,1,2,71,69.60956329224516,0.0,-3.2842159271240234e-05,-0.0014610886573791504
60890,44825,KCab-s,KCab-s_R,ab,1,0,17,16.843789562953816,0.446112276379208,0.002895057201385498,0.0027183890342712402
60948,44874,KCab-s,KCab-s_L,ab,2,0,0,0.0,1.0,0.0,0.0
60957,44881,KCg-m,KCg-m_R,gamma,2,2,68,65.65212884038765,0.0,-0.003464818000793457,-0.008576273918151855
60960,44883,KCa'b'-ap2,KCa'b'-ap2_R,apbp,1,0,2,2.0,0.8116404175905007,0.0034772157669067383,0.0034772157669067383
60983,44904,KCa'b'-m,KCa'b'-m_R,apbp,1,0,0,0.0,1.0,0.0,0.0
60986,44907,KCab-s,KCab-s_L,ab,1,0,0,0.0,1.0,0.0,0.0
61033,44943,KCa'b'-m,KCa'b'-m_R,apbp,1,0,0,0.0,1.0,0.0,0.0
61056,44962,KCg-d,KCg-d_R,gamma,1,2,0,0.0,1.0,0.0,0.0
61071,44973,KCa'b'-ap1,KCa'b'-ap1_L,apbp,0,0,0,0.0,1.0,0.0,0.0
61113,45007,KCg-m,KCg-m_R,gamma,1,3,2,1.9704148517921247,0.1995261777470209,-0.003666400909423828,-0.0036364197731018066
61115,45009,KCa'b'-ap2,KCa'b'-ap2_R,apbp,1,0,0,0.0,1.0,0.0,0.0
61116,45010,KCab-s,KCab-s_L,ab,1,0,0,0.0,1.0,0.0,0.0
61120,45013,KCab-s,KCab-s_L,ab,2,0,0,0.0,1.0,0.0,0.0
61126,45018,KCg-m,KCg-m_R,gamma,1,2,5,4.7765729404927715,0.0,-0.0056858062744140625,-0.0059182047843933105
61178,45067,KCg-m,KCg-m_R,gamma,1,2,31,29.7572002702886,0.0,-0.0050806403160095215,-0.006198883056640625
61237,45111,KCg-m,KCg-m_R,gamma,1,2,4,3.86834103574371,0.0,-0.004856705665588379,-0.005007624626159668
61253,45126,KCa'b'-ap1,KCa'b'-ap1_L,apbp,0,0,0,0.0,1.0,0.0,0.0
61259,45132,KCab-s,KCab-s_L,ab,1,0,0,0.0,1.0,0.0,0.0
61279,45150,KCg-m,KCg-m_R,gamma,1,2,3,2.798464693585384,0.0,-0.00010031461715698242,-0.0002968311309814453
61312,45176,KCg-m,KCg-m_L,gamma,1,2,50,48.97387202634765,0.08727030550387538,0.0025783777236938477,0.0013610124588012695
61333,45193,KCab-s,KCab-s_L,ab,1,0,2,2.0,0.6826534103242081,-0.00419461727142334,-0.00419461727142334
61334,45194,KCa'b'-m,KCa'b'-m_L,apbp,0,0,0,0.0,1.0,0.0,0.0
61339,45199,KCa'b'-ap2,KCa'b'-ap2_R,apbp,1,0,0,0.0,1.0,0.0,0.0
61382,45235,KCg-m,KCg-m_R,gamma,1,2,34,32.232182710240664,0.0,0.008402407169342041,0.004908084869384766
61456,45300,KCg-m,KCg-m_R,gamma,1,2,17,16.44963818410659,0.0,-0.00594097375869751,-0.006489574909210205
61464,45306,KCab-s,KCab-s_R,ab,1,0,0,0.0,1.0,0.0,0.0
61475,45314,KCa'b'-ap1,KCa'b'-ap1_R,apbp,1,0,6,5.999873743251067,0.5956932962754407,-0.005823493003845215,-0.005823254585266113
61517,45346,KCab-s,KCab-s_L,ab,2,0,0,0.0,1.0,0.0,0.0
61555,45374,KCa'b'-ap1,KCa'b'-ap1_R,apbp,0,0,8,7.99039648364563,0.6219891973992528,0.0,0.0
61570,45386,KCa'b'-ap2,KCa'b'-ap2_L,apbp,0,0,0,0.0,1.0,0.0,0.0
61579,45394,KCg-m,KCg-m_L,gamma,1,2,17,16.544187776931604,0.0,0.001907050609588623,0.001473069190979004
61605,45416,KCg-m,KCg-m_R,gamma,1,2,5,4.718925703327494,0.0,0.0012770891189575195,0.0006700754165649414
61639,45446,KCa'b'-m,KCa'b'-m_L,apbp,1,0,0,0.0,1.0,0.0,0.0
61802,45579,KCg-m,KCg-m_L,gamma,1,2,68,66.65405319489412,0.0,0.005251884460449219,0.0033005475997924805
61806,45582,KCab-s,KCab-s_R,ab,1,0,0,0.0,1.0,0.0,0.0
61936,45695,KCa'b'-ap2,KCa'b'-ap2_R,apbp,1,0,6,5.970163201686146,0.8128439638655109,0.0009487271308898926,0.0009334087371826172
61938,45697,KCa'b'-m,KCa'b'-m_R,apbp,1,0,0,0.0,1.0,0.0,0.0
61947,45703,KCab-p,KCab-p_R,ab,2,0,0,0.0,1.0,0.0,0.0
61962,45717,KCg-m,KCg-m_R,gamma,1,3,32,31.104061109189452,0.0,0.003017127513885498,0.001957535743713379
61967,45721,KCg-m,KCg-m_R,gamma,1,2,78,76.00257670372567,0.0,0.007386684417724609,0.0038489103317260742
61981,45733,KCg-m,KCg-m_R,gamma,1,2,32,31.459046519488698,0.0,1.5676021575927734e-05,-0.0006313920021057129
62003,45751,KCg-m,KCg-m_R,gamma,1,2,91,89.06090422705462,0.3843565812570592,0.0036701560020446777,0.0011948347091674805
62057,45795,KCa'b'-m,KCa'b'-m_R,apbp,0,0,7,6.983359019518239,0.6014359683758479,0.0,0.0
62062,45800,KCg-m,KCg-m_R,gamma,1,2,22,21.127293557746135,0.34827296073582636,0.003706991672515869,0.002018451690673828
62076,45810,KCg-d,KCg-d_R,gamma,1,3,0,0.0,1.0,0.0,0.0
62087,45817,KCab-p,KCab-p_R,ab,1,0,0,0.0,1.0,0.0,0.0
62159,45877,KCg-m,KCg-m_R,gamma,1,2,30,28.04185532779594,0.0,0.0030107498168945312,-9.709596633911133e-05
62174,45889,KCg-m,KCg-m_R,gamma,1,2,38,36.26713832364384,0.22107879735062835,0.0019408464431762695,-0.0006082653999328613
62188,45902,KCa'b'-m,KCa'b'-m_L,apbp,0,0,0,0.0,1.0,0.0,0.0
62241,45949,KCg-m,KCg-m_R,gamma,1,2,88,85.48320032620818,0.001697869009506317,0.00033336877822875977,-0.0034452080726623535
62274,45976,KCg-d,KCg-d_R,gamma,1,2,0,0.0,1.0,0.0,0.0
62344,46039,KCg-m,KCg-m_R,gamma,1,3,49,47.31212529168036,0.0,0.008189678192138672,0.005515754222869873
62417,46096,KCa'b'-m,KCa'b'-m_L,apbp,1,0,0,0.0,1.0,0.0,0.0
62436,46111,KCab-s,KCab-s_L,ab,1,0,0,0.0,1.0,0.0,0.0
62457,46127,KCab-p,KCab-p_R,ab,1,0,0,0.0,1.0,0.0,0.0
62471,46139,KCab-c,KCab-c_R,ab,1,0,59,58.017111378537884,0.0,-0.012806534767150879,-0.01379084587097168
62517,46175,KCab-m,KCab-m_R,ab,1,0,1,1.0,0.6779009330948887,-0.0003078579902648926,-0.0003078579902648926
62559,46211,KCg-m,KCg-m_R,gamma,1,2,5,4.732884245629134,0.0,-0.0014417171478271484,-0.0016916990280151367
62624,46266,KCab-s,KCab-s_R,ab,2,0,38,37.09714265705377,0.34529974013454084,-0.012929916381835938,-0.015927553176879883
62638,46278,KCa'b'-ap1,KCa'b'-ap1_L,apbp,1,0,3,3.0,0.7637285884473816,-0.002939283847808838,-0.002939283847808838
62641,46281,KCab-p,KCab-p_L,ab,1,0,0,0.0,1.0,0.0,0.0
62643,46282,KCg-m,KCg-m_R,gamma,1,2,5,4.695129928857829,0.0,0.002248406410217285,0.0019940733909606934
62645,46284,KCg-m,KCg-m_R,gamma,1,2,80,77.59701231680437,0.0,-0.0019634366035461426,-0.0045569539070129395
62660,46295,KCg-m,KCg-m_R,gamma,1,3,91,89.34278844673496,0.0,-0.008677244186401367,-0.010223627090454102
62703,46329,KCa'b'-ap1,KCa'b'-ap1_L,apbp,1,0,0,0.0,1.0,0.0,0.0
62733,46351,KCa'b'-ap2,KCa'b'-ap2_R,apbp,0,0,0,0.0,1.0,0.0,0.0
62753,46369,KCab-s,KCab-s_L,ab,1,0,0,0.0,1.0,0.0,0.0
62840,46445,KCab-s,KCab-s_R,ab,2,0,30,29.879440290904466,0.7593633722033667,-0.009922146797180176,-0.01030123233795166
62891,46490,KCg-m,KCg-m_R,gamma,2,2,35,34.46246617838723,0.0,0.0005952119827270508,-0.0009759664535522461
62905,46499,KCa'b'-m,KCa'b'-m_R,apbp,1,0,0,0.0,1.0,0.0,0.0
62917,46510,KCg-m,KCg-m_R,gamma,1,2,61,57.97402935868642,0.0,0.0011587738990783691,-0.003089010715484619
63035,46610,KCa'b'-ap2,KCa'b'-ap2_L,apbp,0,0,0,0.0,1.0,0.0,0.0
63097,46660,KCg-m,KCg-m_R,gamma,1,2,24,23.352041042779746,0.0,-0.0014752745628356934,-0.00234299898147583
63100,46663,KCg-m,KCg-m_R,gamma,1,2,37,35.52628163265145,0.1702198863591155,0.0005485415458679199,-0.0017257928848266602
63153,46706,KCg-m,KCg-m_R,gamma,1,2,127,124.04899191543433,0.18595245320172182,-0.007058382034301758,-0.010172784328460693
63156,46709,KCab-s,KCab-s_R,ab,1,0,6,5.993540000732466,0.6771258101213057,-0.002599775791168213,-0.002612292766571045
63189,46736,KCg-m,KCg-m_R,gamma,1,2,3,3.0,0.0,0.0014355182647705078,0.0014355182647705078
63199,46741,KCg-m,KCg-m_L,gamma,1,2,60,57.96504419452513,0.0,0.0026663541793823242,-0.00032836198806762695
63209,46749,KCa'b'-ap1,KCa'b'-ap1_L,apbp,1,0,0,0.0,1.0,0.0,0.0
63212,46752,KCa'b'-ap2,KCa'b'-ap2_L,apbp,0,0,0,0.0,1.0,0.0,0.0
63218,46758,KCa'b'-ap1,KCa'b'-ap1_L,apbp,0,0,2,2.0,0.8105321052400191,0.0,0.0
63253,46781,KCab-s,KCab-s_L,ab,1,0,0,0.0,1.0,0.0,0.0
63269,46796,KCg-m,KCg-m_R,gamma,1,2,2,2.0,0.0,-0.00015801191329956055,-0.00015801191329956055
63283,46810,KCa'b'-m,KCa'b'-m_L,apbp,0,0,0,0.0,1.0,0.0,0.0
63327,46848,KCg-m,KCg-m_L,gamma,1,2,161,157.7535771158506,0.0,0.0031145811080932617,-0.00016957521438598633
63345,46860,KCab-m,KCab-m_L,ab,2,0,22,21.524972474901432,0.0,-0.005760550498962402,-0.007215976715087891
63370,46879,KCa'b'-ap2,KCa'b'-ap2_R,apbp,1,0,0,0.0,1.0,0.0,0.0
63380,46887,KCa'b'-ap2,KCa'b'-ap2_R,apbp,0,0,0,0.0,1.0,0.0,0.0
63394,46898,KCg-m,KCg-m_R,gamma,1,2,98,94.85290447556797,0.0,-0.009714782238006592,-0.014006614685058594
63398,46902,KCg-m,KCg-m_R,gamma,1,2,84,82.24707385644344,0.0,-0.023816227912902832,-0.026044785976409912
63482,46971,KCg-m,KCg-m_R,gamma,1,2,166,162.49477789821026,0.5594735722386486,-0.022733628749847412,-0.026882708072662354
63483,46972,KCab-s,KCab-s_L,ab,1,0,31,30.50192276958629,0.6168126512112873,0.0016257762908935547,0.0009659528732299805
63499,46988,KCa'b'-m,KCa'b'-m_R,apbp,0,0,0,0.0,1.0,0.0,0.0
63506,46995,KCg-m,KCg-m_R,gamma,1,4,109,105.9695958571758,0.0,-0.002440810203552246,-0.006491303443908691
63508,46997,KCg-m,KCg-m_R,gamma,1,2,259,256.00958645438624,0.5301038892455422,-0.018990635871887207,-0.021748244762420654
63543,47024,KCg-d,KCg-d_R,gamma,1,2,0,0.0,1.0,0.0,0.0
63578,47054,KCg-m,KCg-m_R,gamma,1,3,30,29.562220531721138,0.0,-0.0070642828941345215,-0.007267355918884277
63590,47062,KCa'b'-ap1,KCa'b'-ap1_L,apbp,0,0,0,0.0,1.0,0.0,0.0
63629,47095,KCg-m,KCg-m_R,gamma,1,2,110,106.7674707517992,0.0,-0.002886176109313965,-0.006497800350189209
63634,47100,KCg-m,KCg-m_L,gamma,1,2,37,36.06430236713666,0.33240027673715006,-0.004916965961456299,-0.006328225135803223
63740,47194,KCg-m,KCg-m_L,gamma,1,2,57,55.03023600858646,0.0,0.005807638168334961,0.0029311776161193848
63794,47243,KCab-p,KCab-p_R,ab,1,0,0,0.0,1.0,0.0,0.0
63814,47261,KCab-s,KCab-s_L,ab,1,0,0,0.0,1.0,0.0,0.0
63823,47268,KCa'b'-m,KCa'b'-m_R,apbp,1,0,3,2.9387629464950673,0.7725452815298668,0.0006741881370544434,0.000552058219909668
63930,47351,KCg-m,KCg-m_R,gamma,1,2,42,39.83773776785767,0.0,-0.006882309913635254,-0.010789752006530762
63942,47361,KCg-m,KCg-m_L,gamma,1,2,313,310.650891767643,0.6300108453642055,-0.01547539234161377,-0.017715930938720703
64005,47415,KCa'b'-ap1,KCa'b'-ap1_R,apbp,1,0,7,6.8770376307044065,0.6008255452217288,-0.0007926225662231445,-0.0009627342224121094
64023,47428,KCa'b'-ap2,KCa'b'-ap2_L,apbp,0,0,0,0.0,1.0,0.0,0.0
64115,47502,KCg-m,KCg-m_R,gamma,1,2,26,23.660180919287168,0.0,0.007578372955322266,0.0024192333221435547
64133,47515,KCg-m,KCg-m_R,gamma,1,2,111,106.9894666090365,0.0,0.0043441057205200195,-0.0007356405258178711
64141,47521,KCa'b'-m,KCa'b'-m_R,apbp,1,0,3,2.959451969160152,0.0,-0.004175066947937012,-0.0041359663009643555
64196,47562,KCab-c,KCab-c_R,ab,2,0,6,5.096895608082111,0.0,0.005949258804321289,0.0013724565505981445
64253,47615,KCab-s,KCab-s_R,ab,1,0,0,0.0,1.0,0.0,0.0
64302,47654,KCg-d,KCg-d_R,gamma,1,2,0,0.0,1.0,0.0,0.0
64310,47659,KCg-d,KCg-d_R,gamma,1,3,0,0.0,1.0,0.0,0.0
64376,47717,KCg-m,KCg-m_R,gamma,2,2,18,17.482082022890793,0.0,-0.008633255958557129,-0.01028740406036377
64378,47719,KCab-s,KCab-s_L,ab,1,0,0,0.0,1.0,0.0,0.0
64404,47742,KCg-m,KCg-m_R,gamma,1,2,24,22.970031478900466,0.0,-0.0047942399978637695,-0.006326794624328613
64434,47767,KCg-m,KCg-m_L,gamma,1,3,15,14.860745244185301,0.0,-0.013300657272338867,-0.013371407985687256
64437,47770,KCg-m,KCg-m_R,gamma,1,2,21,20.005697865672616,0.0,-0.0006239414215087891,-0.0021259188652038574
64440,47773,KCg-m,KCg-m_R,gamma,1,3,156,152.41700507815705,0.0,-0.00843954086303711,-0.012699365615844727
64471,47799,KCg-m,KCg-m_R,gamma,1,2,46,45.167444100707556,0.0,-0.014504730701446533,-0.015349209308624268
64472,47800,KCa'b'-ap2,KCa'b'-ap2_L,apbp,0,0,0,0.0,1.0,0.0,0.0
64525,47843,KCg-m,KCg-m_R,gamma,1,2,45,43.71694557706633,0.0,-0.01348942518234253,-0.014787435531616211
64596,47897,KCg-m,KCg-m_R,gamma,1,2,29,28.129283913168493,0.0,-0.0004577040672302246,-0.0015234947204589844
64645,47940,KCa'b'-m,KCa'b'-m_R,apbp,0,0,0,0.0,1.0,0.0,0.0
64653,47948,KCa'b'-ap2,KCa'b'-ap2_R,apbp,0,0,1,1.0,0.7390192912218211,0.0,0.0
64674,47966,KCa'b'-ap2,KCa'b'-ap2_L,apbp,0,0,28,27.913946924083895,0.8205174735213513,0.0,0.0
64697,47986,KCg-m,KCg-m_L,gamma,1,2,29,28.319697168734184,0.0,-0.008298933506011963,-0.008901834487915039
64701,47990,KCg-m,KCg-m_R,gamma,1,2,12,11.345269753641755,0.4273766529198544,0.0018306970596313477,0.0010114312171936035
64782,48058,KCa'b'-ap2,KCa'b'-ap2_R,apbp,0,0,0,0.0,1.0,0.0,0.0
64794,48067,KCab-s,KCab-s_R,ab,2,0,1,1.0,0.8074181999741968,0.00046181678771972656,0.00046181678771972656
64799,48071,KCa'b'-m,KCa'b'-m_L,apbp,0,0,0,0.0,1.0,0.0,0.0
64809,48077,KCg-m,KCg-m_R,gamma,1,2,37,36.266279959695204,0.0,-0.00693124532699585,-0.007954120635986328
64860,48123,KCg-m,KCg-m_L,gamma,1,2,26,25.264793596393837,0.08174250583653797,0.007306694984436035,0.005733966827392578
64868,48128,KCa'b'-m,KCa'b'-m_L,apbp,0,0,12,11.855943701698248,0.6075500247026847,0.0,0.0
65109,48325,KCa'b'-m,KCa'b'-m_L,apbp,1,0,0,0.0,1.0,0.0,0.0
65121,48333,KCg-m,KCg-m_R,gamma,1,2,35,33.97519532503805,0.0,-0.0016412138938903809,-0.003140568733215332
65122,48334,KCg-m,KCg-m_R,gamma,1,2,31,29.95473158988294,0.0,-0.0018997788429260254,-0.003812730312347412
65161,48363,KCg-m,KCg-m_R,gamma,1,2,33,31.784485124127585,0.0,-0.004810214042663574,-0.006820321083068848
65205,48399,KCab-s,KCab-s_R,ab,1,0,6,5.992197731533793,0.8564842359128556,-0.005145013332366943,-0.005146443843841553
65206,48400,KCab-s,KCab-s_R,ab,1,0,10,9.997286437448706,0.8478737866215754,0.0020433664321899414,0.0020452141761779785
65347,48528,KCab-m,KCab-m_L,ab,1,0,0,0.0,1.0,0.0,0.0
65370,48550,KCg-m,KCg-m_L,gamma,1,2,63,61.16856089264597,0.0,-0.013563454151153564,-0.01632148027420044
65379,48557,KCg-m,KCg-m_R,gamma,1,2,49,47.3448935366844,0.0,0.0006691217422485352,-0.001789391040802002
65404,48579,KCab-p,KCab-p_R,ab,1,0,0,0.0,1.0,0.0,0.0
65420,48590,KCab-c,KCab-c_R,ab,1,0,9,8.986398624601705,0.0,0.002068459987640381,0.0020596981048583984
65427,48596,KCg-m,KCg-m_R,gamma,1,2,46,44.66767094232112,0.0,-0.010065793991088867,-0.011037051677703857
65446,48613,KCa'b'-ap2,KCa'b'-ap2_R,apbp,1,0,0,0.0,1.0,0.0,0.0
65483,48646,KCab-c,KCab-c_R,ab,1,0,7,6.3561083523990725,0.002842040481669479,-9.846687316894531e-05,-0.001806497573852539
65500,48660,KCa'b'-ap1,KCa'b'-ap1_R,apbp,0,0,18,17.84581909597339,0.7427718286869064,0.0,0.0
65606,48748,KCg-m,KCg-m_R,gamma,1,2,33,31.269406164525975,0.0,0.012577474117279053,0.008990108966827393
65633,48768,KCab-p,KCab-p_L,ab,1,0,0,0.0,1.0,0.0,0.0
65708,48829,KCab-s,KCab-s_L,ab,1,0,14,13.991507256248049,0.60166830292683,-0.004523813724517822,-0.004521071910858154
65712,48831,KCab-s,KCab-s_R,ab,1,0,0,0.0,1.0,0.0,0.0
65714,48833,KCa'b'-m,KCa'b'-m_L,apbp,0,0,0,0.0,1.0,0.0,0.0
65729,48847,KCa'b'-ap2,KCa'b'-ap2_R,apbp,0,0,0,0.0,1.0,0.0,0.0
65737,48854,KCg-m,KCg-m_R,gamma,1,2,50,48.33722222160222,0.0,-0.008422911167144775,-0.010967731475830078
65750,48863,KCa'b'-ap1,KCa'b'-ap1_L,apbp,0,0,1,1.0,0.7453281238063919,0.0,0.0
65752,48865,KCa'b'-m,KCa'b'-m_L,apbp,0,0,0,0.0,1.0,0.0,0.0
65768,48877,KCa'b'-ap1,KCa'b'-ap1_R,apbp,0,0,0,0.0,1.0,0.0,0.0
65814,48917,KCa'b'-m,KCa'b'-m_L,apbp,1,0,24,23.574377041312864,0.547126928429076,-0.0027204155921936035,-0.0034728050231933594
65854,48949,KCa'b'-m,KCa'b'-m_R,apbp,1,0,0,0.0,1.0,0.0,0.0
65864,48958,KCg-m,KCg-m_R,gamma,1,2,12,11.476722070151663,0.0,0.0002745985984802246,-0.0006493926048278809
65940,49017,KCab-s,KCab-s_R,ab,2,0,0,0.0,1.0,0.0,0.0
65965,49037,KCg-m,KCg-m_R,gamma,1,2,7,6.731058342257938,0.0,-0.0028358101844787598,-0.003359675407409668
65974,49046,KCa'b'-ap1,KCa'b'-ap1_L,apbp,0,0,0,0.0,1.0,0.0,0.0
65977,49048,KCab-s,KCab-s_R,ab,2,0,72,71.32546294205686,0.6969819467089833,0.007717728614807129,0.005735278129577637
65997,49065,KCg-m,KCg-m_R,gamma,1,2,109,106.74363235357316,0.1431408819966703,-0.00931096076965332,-0.011642396450042725
66015,49079,KCab-s,KCab-s_R,ab,2,0,6,5.701648347739633,0.0,-0.0031090974807739258,-0.004801750183105469
66028,49088,KCab-s,KCab-s_L,ab,1,0,1,1.0,0.19963159818278622,-0.001518845558166504,-0.001518845558166504
66038,49096,KCg-m,KCg-m_R,gamma,1,2,68,66.13539414507646,0.0,0.002075791358947754,5.644559860229492e-05
66047,49104,KCg-m,KCg-m_L,gamma,2,2,54,52.6040958279064,0.0,-0.00054168701171875,-0.004061579704284668
66073,49125,KCab-c,KCab-c_R,ab,1,0,12,11.441733220251466,0.061028037661622424,0.0012371540069580078,-0.0002707242965698242
66099,49142,KCg-m,KCg-m_R,gamma,1,2,127,123.67042397319946,0.0,-0.009730219841003418,-0.014535903930664062
66105,49146,KCg-m,KCg-m_L,gamma,1,2,88,86.69826365139087,0.031523247786742044,0.00607222318649292,0.004431009292602539
66113,49153,KCg-m,KCg-m_L,gamma,1,2,210,207.65464298191696,0.5815870713219641,-0.01491403579711914,-0.017776131629943848
66137,49172,KCab-c,KCab-c_R,ab,1,0,1,1.0,0.0,0.0,0.0
66171,49202,KCa'b'-ap2,KCa'b'-ap2_R,apbp,1,0,0,0.0,1.0,0.0,0.0
66179,49210,KCab-m,KCab-m_L,ab,1,0,3,2.8626480745422165,0.5127549910397123,0.002109050750732422,0.0018262267112731934
66219,49245,KCg-m,KCg-m_R,gamma,1,2,0,0.0,1.0,0.0,0.0
66238,49260,KCab-s,KCab-s_L,ab,1,0,13,12.621877404734015,0.1880867844335888,0.0013117790222167969,0.00046002864837646484
66387,49387,KCab-s,KCab-s_R,ab,1,0,6,5.940176943581843,0.0779140544940033,-0.002992093563079834,-0.003074347972869873
66440,49430,KCab-s,KCab-s_L,ab,1,0,4,3.998771619187752,0.8401376626739447,-0.0020941495895385742,-0.002093493938446045
66458,49444,KCab-s,KCab-s_L,ab,2,0,50,49.369987795064844,0.604921407327022,0.005440115928649902,0.003591299057006836
66519,49493,KCg-m,KCg-m_R,gamma,1,2,10,9.743745545459216,0.0,-0.0035164356231689453,-0.0037754178047180176
66531,49505,KCab-s,KCab-s_L,ab,1,0,0,0.0,1.0,0.0,0.0
66583,49549,KCg-m,KCg-m_R,gamma,1,2,2,2.0,0.0,9.620189666748047e-05,9.620189666748047e-05
66594,49557,KCg-m,KCg-m_R,gamma,1,2,32,30.94195109027557,0.0,-0.0003768801689147949,-0.0021355152130126953
66595,49558,KCg-m,KCg-m_R,gamma,1,2,51,49.255363191599315,0.0,0.0032677650451660156,0.0007888674736022949
66599,49561,KCab-s,KCab-s_L,ab,1,0,6,5.984460234163867,0.8503502283904324,-0.00233614444732666,-0.002355217933654785
66601,49563,KCg-m,KCg-m_R,gamma,1,2,20,19.307180880967586,0.0,0.0031654834747314453,0.0020745396614074707
66611,49572,KCg-m,KCg-m_R,gamma,1,2,3,2.8029680663582415,0.5383431827596238,0.0021578073501586914,0.0017402172088623047
66617,49577,KCg-m,KCg-m_L,gamma,1,2,4,3.961387591352484,0.0,-0.0017357468605041504,-0.0016982555389404297
66659,49607,KCg-d,KCg-d_L,gamma,1,2,0,0.0,1.0,0.0,0.0
66711,49653,KCab-s,KCab-s_L,ab,1,0,0,0.0,1.0,0.0,0.0
66720,49660,KCa'b'-m,KCa'b'-m_L,apbp,0,0,0,0.0,1.0,0.0,0.0
66812,49734,KCg-m,KCg-m_R,gamma,1,2,70,68.04457499146734,0.0,-0.0018578767776489258,-0.0036904215812683105
66865,49774,KCab-m,KCab-m_L,ab,1,0,4,3.9913758573401505,0.4565841728783687,-0.002382338047027588,-0.0023669004440307617
66891,49798,KCab-s,KCab-s_R,ab,2,0,0,0.0,1.0,0.0,0.0
66911,49816,KCg-m,KCg-m_R,gamma,1,2,271,268.3633764663138,0.0,-0.029464662075042725,-0.032468974590301514
66945,49845,KCg-m,KCg-m_R,gamma,1,2,69,67.05280356689543,0.0,-0.0070992112159729,-0.008750975131988525
66973,49867,KCg-d,KCg-d_R,gamma,1,2,0,0.0,1.0,0.0,0.0
67000,49889,KCg-m,KCg-m_L,gamma,1,2,129,127.72001123165585,0.016996157200958758,-0.0062361955642700195,-0.007635533809661865
67011,49899,KCa'b'-ap2,KCa'b'-ap2_L,apbp,0,0,11,10.979303384998431,0.8656534790888767,0.0,0.0
67022,49907,KCa'b'-ap1,KCa'b'-ap1_L,apbp,2,0,2,2.0,0.7057369693528134,0.002103567123413086,0.002103567123413086
67058,49936,KCg-m,KCg-m_L,gamma,1,2,74,72.633036338019,0.3712916081305562,0.0006420612335205078,-0.0008152127265930176
67102,49971,KCa'b'-ap1,KCa'b'-ap1_L,apbp,1,0,10,9.962493087397243,0.8392298364831446,0.0007964372634887695,0.0007579326629638672
67106,49974,KCg-m,KCg-m_L,gamma,1,2,64,62.14196027351217,0.0,0.0028366446495056152,0.00015145540237426758
67120,49984,KCg-m,KCg-m_R,gamma,1,2,97,95.29819151855104,0.0,-0.003123939037322998,-0.0054669976234436035
67249,50094,KCg-m,KCg-m_R,gamma,1,2,44,42.77919264735518,0.0,0.0037882328033447266,0.0026265382766723633
67257,50101,KCg-m,KCg-m_L,gamma,1,2,50,49.05027692254117,0.0,-0.006139159202575684,-0.007632315158843994
67274,50117,KCab-s,KCab-s_R,ab,2,0,0,0.0,1.0,0.0,0.0
67282,50121,KCab-m,KCab-m_L,ab,2,0,0,0.0,1.0,0.0,0.0
67287,50125,KCab-s,KCab-s_L,ab,1,0,0,0.0,1.0,0.0,0.0
67320,50153,KCg-m,KCg-m_R,gamma,1,3,1,1.0,0.1025813780449599,0.0022132396697998047,0.0022132396697998047
67337,50167,KCg-m,KCg-m_R,gamma,1,2,60,58.00539986371,0.0,-0.004199981689453125,-0.006472408771514893
67344,50174,KCab-c,KCab-c_R,ab,2,0,5,5.0,0.7392106875765665,0.005143284797668457,0.005143284797668457
67355,50179,KCg-d,KCg-d_R,gamma,1,2,0,0.0,1.0,0.0,0.0
67356,50180,KCg-m,KCg-m_L,gamma,1,2,19,18.584906670383106,0.3989533119204346,-0.0031198859214782715,-0.0036941170692443848
67359,50183,KCa'b'-m,KCa'b'-m_R,apbp,0,0,14,13.97368055086695,0.5579097923861508,0.0,0.0
67378,50198,KCa'b'-m,KCa'b'-m_L,apbp,2,0,10,9.720748498928803,0.5540945838233836,0.005648374557495117,0.004349708557128906
67406,50217,KCab-s,KCab-s_L,ab,1,0,16,15.969663422089543,0.6830657500865721,-0.005415141582489014,-0.0054585933685302734
67425,50232,KCg-m,KCg-m_R,gamma,1,2,38,36.702901826403306,0.0,0.000363767147064209,-0.0006959438323974609
67432,50239,KCg-m,KCg-m_R,gamma,1,2,21,20.020416403414576,0.0,0.00403362512588501,0.002494335174560547
67439,50244,KCa'b'-ap2,KCa'b'-ap2_L,apbp,0,0,5,4.990317496011733,0.8661193212346966,0.0,0.0
67451,50254,KCg-m,KCg-m_R,gamma,1,2,69,67.53721713676458,0.1724671204469266,0.00021857023239135742,-0.0016359686851501465
67468,50269,KCg-m,KCg-m_L,gamma,1,2,53,52.01422875765826,0.0,-0.012958765029907227,-0.014082252979278564
67474,50274,KCa'b'-ap1,KCa'b'-ap1_R,apbp,1,0,5,5.0,0.4665034201468724,-0.00023424625396728516,-0.00023424625396728516
67479,50276,KCg-m,KCg-m_L,gamma,1,2,96,93.73457729478406,0.12965455012018307,0.003617227077484131,0.0002709031105041504
67535,50315,KCab-s,KCab-s_R,ab,1,0,8,7.955955280728398,0.7345818887804725,0.0009793639183044434,0.0008850693702697754
67543,50321,KCa'b'-ap2,KCa'b'-ap2_R,apbp,1,0,0,0.0,1.0,0.0,0.0
67544,50322,KCa'b'-ap1,KCa'b'-ap1_R,apbp,1,0,2,2.0,0.5046633150502404,-0.0018474459648132324,-0.0018474459648132324
67581,50357,KCab-c,KCab-c_R,ab,1,0,4,3.9737798310439927,0.0,0.0012290477752685547,0.0012413263320922852
67654,50414,KCab-s,KCab-s_R,ab,1,0,22,21.438487780419795,0.0,-0.0020904541015625,-0.0031929612159729004
67665,50422,KCab-s,KCab-s_R,ab,1,0,0,0.0,1.0,0.0,0.0
67671,50428,KCa'b'-ap2,KCa'b'-ap2_R,apbp,1,0,3,3.0,0.7854906407392652,0.0014740228652954102,0.0014740228652954102
67686,50438,KCab-s,KCab-s_R,ab,2,0,0,0.0,1.0,0.0,0.0
67696,50447,KCab-s,KCab-s_R,ab,1,0,2,2.0,0.6907031352046861,-0.001993119716644287,-0.001993119716644287
67712,50458,KCg-m,KCg-m_R,gamma,1,2,42,39.85895463886715,0.0,-0.0001876354217529297,-0.0036986470222473145
67721,50465,KCg-m,KCg-m_R,gamma,1,2,59,57.629115985306655,0.1642159873333062,-0.003378748893737793,-0.00520479679107666
67722,50466,KCg-m,KCg-m_R,gamma,1,2,87,85.15337362404581,0.0,-0.008804678916931152,-0.0107804536819458
67774,50510,KCg-m,KCg-m_R,gamma,1,2,0,0.0,1.0,0.0,0.0
67809,50535,KCa'b'-m,KCa'b'-m_L,apbp,0,0,0,0.0,1.0,0.0,0.0
67828,50549,KCg-m,KCg-m_R,gamma,1,2,1,1.0,0.46218985223576997,0.0009908676147460938,0.0009908676147460938
67853,50568,KCg-d,KCg-d_R,gamma,1,2,0,0.0,1.0,0.0,0.0
67912,50616,KCa'b'-m,KCa'b'-m_L,apbp,0,0,0,0.0,1.0,0.0,0.0
67919,50623,KCab-s,KCab-s_R,ab,2,0,0,0.0,1.0,0.0,0.0
67977,50668,KCab-s,KCab-s_R,ab,2,0,0,0.0,1.0,0.0,0.0
67984,50673,KCg-d,KCg-d_R,gamma,1,2,0,0.0,1.0,0.0,0.0
68010,50697,KCab-c,KCab-c_R,ab,1,0,6,5.979459757390106,0.6190281683011131,-0.004136979579925537,-0.0041432976722717285
68098,50767,KCab-c,KCab-c_R,ab,1,0,3,3.0,0.0,-0.0007294416427612305,-0.0007294416427612305
68137,50800,KCg-m,KCg-m_R,gamma,1,2,90,87.83497534597795,0.0,-0.010393738746643066,-0.012602567672729492
68162,50821,KCab-s,KCab-s_L,ab,2,0,0,0.0,1.0,0.0,0.0
68176,50834,KCg-m,KCg-m_R,gamma,1,2,24,23.54974395616106,0.16099074729983248,0.0011043548583984375,0.0007713437080383301
68226,50872,KCg-m,KCg-m_R,gamma,1,2,25,23.570378985353557,0.0,-0.00011408329010009766,-0.0024239420890808105
68239,50882,KCg-m,KCg-m_L,gamma,1,2,10,9.126983987366925,0.0,0.004115104675292969,0.0021368861198425293
68254,50896,KCg-m,KCg-m_L,gamma,1,2,61,59.46567307132248,0.0918762785289839,0.01658254861831665,0.01398557424545288
68265,50907,KCab-c,KCab-c_R,ab,1,0,16,15.84541635468088,0.0,-0.009353399276733398,-0.009583532810211182
68283,50919,KCa'b'-ap1,KCa'b'-ap1_L,apbp,0,0,0,0.0,1.0,0.0,0.0
68287,50923,KCab-s,KCab-s_R,ab,2,0,0,0.0,1.0,0.0,0.0
68334,50962,KCa'b'-ap2,KCa'b'-ap2_R,apbp,0,0,0,0.0,1.0,0.0,0.0
68339,50966,KCa'b'-ap2,KCa'b'-ap2_L,apbp,1,0,0,0.0,1.0,0.0,0.0
68428,51040,KCa'b'-ap1,KCa'b'-ap1_R,apbp,0,0,2,2.0,0.9328848877261979,0.0,0.0
68484,51081,KCab-p,KCab-p_L,ab,1,0,0,0.0,1.0,0.0,0.0
68487,51084,KCg-m,KCg-m_R,gamma,1,2,0,0.0,1.0,0.0,0.0
68495,51091,KCab-s,KCab-s_R,ab,2,0,11,10.438960969552374,0.2765686169768716,0.00936746597290039,0.007207036018371582
68501,51096,KCab-m,KCab-m_L,ab,1,0,16,15.531287078187038,0.0,-0.0075373053550720215,-0.00838613510131836
68507,51101,KCa'b'-ap2,KCa'b'-ap2_L,apbp,0,0,0,0.0,1.0,0.0,0.0
68531,51122,KCg-m,KCg-m_R,gamma,1,2,41,39.64720052733698,0.0,-0.01205819845199585,-0.013261675834655762
68585,51165,KCab-s,KCab-s_R,ab,1,0,70,69.21342658338145,0.752846452507306,-0.0014906525611877441,-0.002597332000732422
68614,51187,KCab-m,KCab-m_L,ab,2,0,37,36.09633465254229,0.531597310329618,0.008699178695678711,0.005887031555175781
68635,51202,KCg-m,KCg-m_R,gamma,1,2,0,0.0,1.0,0.0,0.0
68708,51263,KCg-m,KCg-m_L,gamma,1,2,73,71.98239262609479,0.0,-0.002320408821105957,-0.0035775303840637207
68729,51282,KCa'b'-ap2,KCa'b'-ap2_L,apbp,0,0,6,5.995047137343467,0.7912429135416053,0.0,0.0
68737,51290,KCab-s,KCab-s_R,ab,1,0,12,11.80575327303131,0.0,-0.007638514041900635,-0.007997870445251465
68759,51310,KCg-m,KCg-m_L,gamma,1,2,64,62.762444677154434,0.02195380859270644,-0.009191036224365234,-0.010629773139953613
68790,51335,KCg-m,KCg-m_R,gamma,1,2,173,170.45009966103171,0.0,-0.01285409927368164,-0.015661120414733887
68803,51344,KCg-m,KCg-m_R,gamma,1,2,40,38.965080126332936,0.0,0.0034174323081970215,0.0024688243865966797
68941,51455,KCa'b'-ap1,KCa'b'-ap1_R,apbp,1,0,7,6.90498290580295,0.0,-0.0011704564094543457,-0.0013101696968078613
68979,51487,KCg-m,KCg-m_L,gamma,1,2,33,31.879645267862813,0.0,0.007595241069793701,0.00572127103805542
69002,51507,KCa'b'-ap2,KCa'b'-ap2_R,apbp,1,0,0,0.0,1.0,0.0,0.0
69022,51523,KCab-s,KCab-s_R,ab,1,0,13,12.919575527546552,0.6242687745292046,-0.004271149635314941,-0.004461228847503662
69037,51535,KCa'b'-ap2,KCa'b'-ap2_R,apbp,1,0,3,2.986839559396495,0.7711873396372386,-0.0012605786323547363,-0.0012593865394592285
69042,51537,KCg-m,KCg-m_R,gamma,1,3,13,12.498239070156483,0.0,-0.0007553696632385254,-0.0016027092933654785
69047,51541,KCab-p,KCab-p_R,ab,1,0,0,0.0,1.0,0.0,0.0
69077,51566,KCg-m,KCg-m_R,gamma,1,2,33,31.4638714444757,0.0,0.00915062427520752,0.007316648960113525
69101,51586,KCg-m,KCg-m_R,gamma,1,2,15,14.637504108863645,0.0,0.0022615790367126465,0.0018652677536010742
69114,51597,KCg-m,KCg-m_L,gamma,1,2,171,168.87698757188292,0.2537116982078283,-0.03172111511230469,-0.03376716375350952
69175,51641,KCg-m,KCg-m_R,gamma,1,2,0,0.0,1.0,0.0,0.0
69210,51666,KCa'b'-ap2,KCa'b'-ap2_L,apbp,0,0,2,2.0,0.946709862099615,0.0,0.0
69223,51677,KCa'b'-m,KCa'b'-m_L,apbp,0,0,2,2.0,0.9760943280492289,0.0,0.0
69224,51678,KCab-m,KCab-m_L,ab,1,0,0,0.0,1.0,0.0,0.0
69237,51689,KCg-m,KCg-m_L,gamma,1,2,17,16.491258615517317,0.0,-0.002711474895477295,-0.003504335880279541
69264,51712,KCg-m,KCg-m_L,gamma,1,2,20,19.515685223055428,0.0,-0.0018482208251953125,-0.002432703971862793
69308,51747,KCab-s,KCab-s_R,ab,2,0,19,18.76769857915209,0.5918518160007069,0.012247085571289062,0.011324167251586914
69337,51770,KCab-p,KCab-p_R,ab,1,0,0,0.0,1.0,0.0,0.0
69347,51779,KCg-m,KCg-m_R,gamma,1,2,0,0.0,1.0,0.0,0.0
69389,51811,KCab-s,KCab-s_L,ab,1,0,0,0.0,1.0,0.0,0.0
69417,51834,KCg-m,KCg-m_L,gamma,1,2,32,31.260149634176386,0.1964758978520875,0.005918622016906738,0.0048673152923583984
69426,51843,KCg-m,KCg-m_L,gamma,1,2,33,32.59409249004404,0.0,-0.013080000877380371,-0.013366878032684326
69431,51848,KCg-m,KCg-m_R,gamma,1,2,0,0.0,1.0,0.0,0.0
69446,51862,KCab-s,KCab-s_R,ab,2,0,0,0.0,1.0,0.0,0.0
69472,51882,KCab-s,KCab-s_R,ab,1,0,2,2.0,0.0,0.002421855926513672,0.002421855926513672
69501,51903,KCa'b'-m,KCa'b'-m_L,apbp,1,0,0,0.0,1.0,0.0,0.0
69507,51909,KCab-s,KCab-s_R,ab,1,0,2,2.0,0.6550805894304182,-0.0003587007522583008,-0.0003587007522583008
69508,51910,KCa'b'-m,KCa'b'-m_R,apbp,1,0,37,36.62500110443685,0.5872909600317628,-0.011174261569976807,-0.011748015880584717
69513,51914,KCab-s,KCab-s_R,ab,1,0,6,5.9686000730839845,0.6881730609749821,-0.0017545223236083984,-0.001767873764038086
69518,51918,KCab-c,KCab-c_R,ab,1,0,22,21.205539338820856,0.09645643678571528,0.004646360874176025,0.002997756004333496
69538,51933,KCab-m,KCab-m_L,ab,2,0,27,26.52414657772016,0.0,-0.004520535469055176,-0.006017923355102539
69539,51934,KCg-m,KCg-m_L,gamma,1,2,18,17.1486670952847,0.39860036050745035,-0.0020615458488464355,-0.003488302230834961
69584,51976,KCab-c,KCab-c_R,ab,1,0,60,59.37336694571535,0.1039353361723866,-0.00627291202545166,-0.007258176803588867
69603,51989,KCab-s,KCab-s_L,ab,2,0,14,13.700802407689194,0.1854366722601765,0.002146601676940918,0.0008966922760009766
69611,51996,KCab-m,KCab-m_L,ab,2,0,6,5.817929747580115,0.05929164144070588,-0.0033985376358032227,-0.003944873809814453
69620,52004,KCg-m,KCg-m_R,gamma,1,2,107,105.0933032077867,0.0,-0.00244063138961792,-0.004786849021911621
69649,52028,KCab-c,KCab-c_R,ab,1,0,28,27.67581347786981,0.34596500409932407,-0.006795942783355713,-0.00694727897644043
69650,52029,KCg-m,KCg-m_R,gamma,1,2,146,144.27012085620635,0.0,0.0005133152008056641,-0.0012192130088806152
69651,52030,KCab-s,KCab-s_L,ab,2,0,0,0.0,1.0,0.0,0.0
69664,52041,KCab-s,KCab-s_R,ab,2,0,0,0.0,1.0,0.0,0.0
69694,52066,KCab-s,KCab-s_R,ab,2,0,0,0.0,1.0,0.0,0.0
69709,52080,KCab-m,KCab-m_L,ab,1,0,56,54.7480149541639,0.6685472399528885,0.004408597946166992,0.0025767087936401367
69713,52083,KCab-m,KCab-m_L,ab,1,0,10,9.949841669036813,0.0,-0.007534384727478027,-0.007521569728851318
69716,52085,KCg-m,KCg-m_R,gamma,1,2,74,71.9339829458337,0.0,0.002804994583129883,-0.0007328391075134277
69721,52090,KCa'b'-ap2,KCa'b'-ap2_R,apbp,0,0,28,27.905959454323927,0.786889170245471,0.0,0.0
69742,52108,KCa'b'-m,KCa'b'-m_L,apbp,0,0,0,0.0,1.0,0.0,0.0
69747,52112,KCa'b'-ap1,KCa'b'-ap1_L,apbp,0,0,0,0.0,1.0,0.0,0.0
69758,52120,KCab-m,KCab-m_L,ab,1,0,9,8.759788443932486,0.501289357671031,-0.005578041076660156,-0.006088972091674805
69775,52134,KCab-s,KCab-s_R,ab,2,0,0,0.0,1.0,0.0,0.0
69842,52191,KCa'b'-ap1,KCa'b'-ap1_R,apbp,1,0,0,0.0,1.0,0.0,0.0
69854,52201,KCg-m,KCg-m_L,gamma,1,2,95,93.6744855820289,0.5661860602158606,-0.0051688551902771,-0.007014811038970947
69855,52202,KCg-m,KCg-m_L,gamma,1,2,97,94.46686062497682,0.0,9.739398956298828e-05,-0.004431605339050293
69859,52205,KCg-m,KCg-m_R,gamma,1,4,76,73.90199493760902,0.24173144582471573,0.007281243801116943,0.004120230674743652
69885,52226,KCg-d,KCg-d_L,gamma,1,2,0,0.0,1.0,0.0,0.0
69905,52241,KCab-s,KCab-s_L,ab,1,0,1,1.0,0.7797391824072153,-0.002877652645111084,-0.002877652645111084
69956,52279,KCa'b'-ap1,KCa'b'-ap1_R,apbp,1,0,4,3.9812285684353954,0.2567696828687299,0.00037348270416259766,0.0003591775894165039
69967,52290,KCg-m,KCg-m_R,gamma,1,2,0,0.0,1.0,0.0,0.0
69973,52293,KCab-c,KCab-c_R,ab,2,0,14,13.284638766195558,0.0,0.005177855491638184,0.0017343759536743164
69987,52302,KCab-s,KCab-s_R,ab,2,0,0,0.0,1.0,0.0,0.0
70022,52330,KCg-m,KCg-m_R,gamma,1,2,51,49.28259215398379,0.0,-0.004573047161102295,-0.0065978169441223145
70029,52337,KCg-m,KCg-m_R,gamma,1,2,7,6.837064733031701,0.3322524313850782,0.0019215941429138184,0.0016738176345825195
70030,52338,KCg-m,KCg-m_R,gamma,1,2,37,35.02221533111766,0.0,-0.001264333724975586,-0.004324495792388916
70111,52404,KCab-s,KCab-s_L,ab,1,0,0,0.0,1.0,0.0,0.0
70124,52414,KCab-s,KCab-s_R,ab,1,0,0,0.0,1.0,0.0,0.0
70143,52432,KCg-m,KCg-m_L,gamma,1,2,0,0.0,1.0,0.0,0.0
70175,52459,KCa'b'-ap1,KCa'b'-ap1_R,apbp,1,0,0,0.0,1.0,0.0,0.0
70185,52468,KCa'b'-ap2,KCa'b'-ap2_R,apbp,0,0,0,0.0,1.0,0.0,0.0
70193,52476,KCa'b'-ap2,KCa'b'-ap2_R,apbp,1,0,6,6.0,0.6579952882531814,-0.004452943801879883,-0.004452943801879883
70211,52491,KCab-m,KCab-m_L,ab,1,0,1,1.0,0.029629443868010658,-0.0036327242851257324,-0.0036327242851257324
70223,52499,KCg-m,KCg-m_L,gamma,1,2,16,14.569582112016342,0.0,0.009526610374450684,0.0063468217849731445
70235,52508,KCg-m,KCg-m_R,gamma,1,2,37,35.93850883452053,0.0,-0.01468569040298462,-0.015750527381896973
70261,52527,KCab-c,KCab-c_L,ab,1,0,0,0.0,1.0,0.0,0.0
70271,52537,KCg-m,KCg-m_L,gamma,1,2,47,45.41758273128282,0.0,0.0064858198165893555,0.004124045372009277
70282,52546,KCa'b'-m,KCa'b'-m_L,apbp,0,0,3,3.0,0.3559168758070182,0.0,0.0
70283,52547,KCg-m,KCg-m_R,gamma,1,2,61,60.363052323981,0.0,-0.005693197250366211,-0.006163060665130615
70312,52570,KCg-m,KCg-m_R,gamma,1,2,35,33.52843943682501,0.0,-0.0007645487785339355,-0.002454817295074463
70322,52578,KCg-m,KCg-m_L,gamma,1,2,42,40.77398321605001,0.5049783446259813,-0.005807042121887207,-0.007397472858428955
70324,52580,KCg-m,KCg-m_R,gamma,1,2,39,38.03847044314282,0.0,-0.00764387845993042,-0.008703827857971191
70336,52590,KCab-c,KCab-c_R,ab,1,0,23,22.221449776840657,0.5321181107680139,-0.0009933114051818848,-0.0018929243087768555
70378,52624,KCab-s,KCab-s_R,ab,2,0,31,30.88568983363974,0.644480926197595,-0.00045049190521240234,-0.0007495880126953125
70380,52625,KCab-c,KCab-c_R,ab,1,0,2,2.0,0.5628105816601834,0.002839207649230957,0.002839207649230957
70396,52637,KCab-s,KCab-s_R,ab,2,0,38,37.879844329245444,0.8576082327490437,-0.0026971101760864258,-0.0029391050338745117
70445,52675,KCg-m,KCg-m_R,gamma,1,2,20,19.233929780494726,0.0091691702846954,0.0031859278678894043,0.0018426179885864258
70457,52684,KCa'b'-ap1,KCa'b'-ap1_L,apbp,0,0,32,31.97743734760873,0.7238070559042149,0.0,0.0
70477,52700,KCab-m,KCab-m_R,ab,2,0,1,1.0,0.0,-0.0019373893737792969,-0.0019373893737792969
70489,52710,KCg-m,KCg-m_R,gamma,1,2,1,1.0,0.0,-2.5331974029541016e-05,-2.5331974029541016e-05
70501,52719,KCab-c,KCab-c_R,ab,1,0,2,2.0,0.0,0.002199411392211914,0.002199411392211914
70509,52726,KCg-m,KCg-m_R,gamma,1,2,117,114.79046504111443,0.0,-0.010786831378936768,-0.013480782508850098
70513,52729,KCa'b'-ap2,KCa'b'-ap2_R,apbp,1,0,0,0.0,1.0,0.0,0.0
70526,52740,KCg-m,KCg-m_R,gamma,1,2,0,0.0,1.0,0.0,0.0
70553,52762,KCg-m,KCg-m_R,gamma,1,2,2,1.8432243352443356,0.6038245264550985,0.0009222030639648438,0.0006427764892578125
70614,52813,KCg-m,KCg-m_L,gamma,1,2,9,8.851343719030965,0.0,-0.0032042860984802246,-0.0033711791038513184
70690,52876,KCab-m,KCab-m_L,ab,2,0,0,0.0,1.0,0.0,0.0
70740,52916,KCg-m,KCg-m_L,gamma,1,3,139,137.47219842441882,0.026788657372177165,0.005791068077087402,0.003886282444000244
70747,52921,KCab-p,KCab-p_R,ab,1,0,0,0.0,1.0,0.0,0.0
70816,52981,KCa'b'-ap2,KCa'b'-ap2_R,apbp,1,0,0,0.0,1.0,0.0,0.0
70902,53043,KCab-s,KCab-s_R,ab,1,0,0,0.0,1.0,0.0,0.0
70909,53050,KCab-m,KCab-m_R,ab,1,0,0,0.0,1.0,0.0,0.0
70928,53064,KCg-m,KCg-m_R,gamma,1,2,56,54.353994991051195,0.0,-0.008430778980255127,-0.010509252548217773
70950,53081,KCab-m,KCab-m_L,ab,1,0,53,52.24509052094493,0.5141522815939192,-0.01256340742111206,-0.013584136962890625
70952,53083,KCg-m,KCg-m_R,gamma,1,2,49,47.0958230922007,0.0,-0.002512335777282715,-0.004796504974365234
70993,53117,KCab-c,KCab-c_R,ab,0,0,0,0.0,1.0,0.0,0.0
71008,53129,KCab-m,KCab-m_R,ab,1,0,41,40.51595572432046,0.3704250209010742,-0.004537701606750488,-0.005569815635681152
71028,53146,KCg-m,KCg-m_R,gamma,1,2,26,24.868208382965687,0.0,-0.005001366138458252,-0.006765305995941162
71030,53148,KCab-s,KCab-s_L,ab,1,0,4,4.0,0.6055997598976061,0.0009369850158691406,0.0009369850158691406
71033,53151,KCg-m,KCg-m_R,gamma,1,2,0,0.0,1.0,0.0,0.0
71039,53156,KCab-m,KCab-m_R,ab,1,0,85,84.03637466883958,0.7446157240699764,-0.021917760372161865,-0.023208796977996826
71053,53169,KCa'b'-ap1,KCa'b'-ap1_R,apbp,0,0,1,1.0,0.8046922239162629,0.0,0.0
71088,53200,KCab-s,KCab-s_R,ab,1,0,0,0.0,1.0,0.0,0.0
71095,53207,KCa'b'-ap1,KCa'b'-ap1_L,apbp,1,0,0,0.0,1.0,0.0,0.0
71120,53224,KCab-s,KCab-s_R,ab,1,0,24,23.938370384535972,0.6131317118957538,-0.014668464660644531,-0.014710664749145508
71121,53225,KCg-m,KCg-m_R,gamma,1,2,5,5.0,0.0,-0.00203627347946167,-0.00203627347946167
71127,53230,KCab-c,KCab-c_R,ab,1,0,2,1.928525236774418,0.7990189378415363,0.0012115240097045898,0.0010396242141723633
71128,53231,KCab-c,KCab-c_L,ab,1,0,56,55.289327034220946,0.670428172979442,-0.0006633400917053223,-0.0017665624618530273
71166,53261,KCg-m,KCg-m_L,gamma,1,2,7,6.739925852472987,0.0,0.001515805721282959,0.0009484291076660156
71189,53279,KCab-c,KCab-c_R,ab,2,0,28,27.397332844440477,0.275773403613766,-0.01891922950744629,-0.021005630493164062
71317,53380,KCg-m,KCg-m_L,gamma,1,2,169,166.9192631617771,0.0,-0.015179336071014404,-0.017386674880981445
71326,53388,KCab-s,KCab-s_L,ab,2,0,5,5.0,0.41067340867098795,0.002590179443359375,0.002590179443359375
71366,53421,KCab-s,KCab-s_R,ab,1,0,1,1.0,0.0,0.0,0.0
71406,53454,KCg-m,KCg-m_L,gamma,1,2,254,251.10365691947482,0.6492524541512613,-0.0017395615577697754,-0.005174398422241211
71469,53502,KCab-m,KCab-m_L,ab,2,0,9,8.928330531093154,0.3987462259916361,0.0058487653732299805,0.005665898323059082
71474,53506,KCg-m,KCg-m_L,gamma,1,2,8,7.872042968248106,0.0,-0.0013211369514465332,-0.0015227794647216797
71486,53514,KCg-d,KCg-d_R,gamma,1,3,0,0.0,1.0,0.0,0.0
71494,53521,KCab-s,KCab-s_R,ab,2,0,6,5.993343400652373,0.9307452619847213,-0.0023238658905029297,-0.0023217201232910156
71501,53528,KCab-s,KCab-s_L,ab,2,0,0,0.0,1.0,0.0,0.0
71512,53538,KCab-c,KCab-c_R,ab,1,0,3,2.9793621062544458,0.8813831414414125,-0.0002529621124267578,-0.0002866983413696289
71530,53555,KCa'b'-ap2,KCa'b'-ap2_L,apbp,0,0,0,0.0,1.0,0.0,0.0
71610,53619,KCab-m,KCab-m_L,ab,1,0,6,5.695812171840604,0.24616257460891663,0.0017856955528259277,0.001056671142578125
71618,53626,KCg-m,KCg-m_L,gamma,1,2,131,128.09210565434006,0.0,-7.855892181396484e-05,-0.003464639186859131
71627,53633,KCab-s,KCab-s_R,ab,2,0,9,8.969011706425746,0.5254099392282292,-0.0120772123336792,-0.01212918758392334
71676,53671,KCab-s,KCab-s_R,ab,2,0,2,1.9028078642428086,0.8013802027775572,0.00015354156494140625,-0.00027298927307128906
71688,53683,KCg-d,KCg-d_R,gamma,1,2,0,0.0,1.0,0.0,0.0
71691,53685,KCab-c,KCab-c_R,ab,1,0,98,96.91060982688782,0.04880719439752585,-0.011029481887817383,-0.01199185848236084
71770,53746,KCg-m,KCg-m_R,gamma,1,2,3,3.0,0.0,-0.002355635166168213,-0.002355635166168213
71800,53771,KCa'b'-ap2,KCa'b'-ap2_R,apbp,0,0,0,0.0,1.0,0.0,0.0
71814,53782,KCa'b'-ap2,KCa'b'-ap2_R,apbp,0,0,0,0.0,1.0,0.0,0.0
71840,53805,KCa'b'-ap2,KCa'b'-ap2_R,apbp,1,0,0,0.0,1.0,0.0,0.0
71902,53855,KCg-m,KCg-m_R,gamma,1,3,13,12.659335292738398,0.0,0.0005259513854980469,-1.9311904907226562e-05
71907,53860,KCab-m,KCab-m_L,ab,2,0,2,2.0,0.0,0.003028273582458496,0.003028273582458496
71908,53861,KCa'b'-m,KCa'b'-m_R,apbp,1,0,0,0.0,1.0,0.0,0.0
71970,53914,KCab-s,KCab-s_L,ab,1,0,1,1.0,0.9881998393589172,0.0016895532608032227,0.0016895532608032227
72002,53941,KCg-m,KCg-m_L,gamma,1,2,26,25.153027156617984,0.0,0.002577662467956543,0.0013727545738220215
72032,53964,KCg-m,KCg-m_R,gamma,1,2,4,4.0,0.0,-0.001941084861755371,-0.001941084861755371
72049,53977,KCg-m,KCg-m_R,gamma,1,2,0,0.0,1.0,0.0,0.0
72097,54011,KCg-m,KCg-m_L,gamma,1,2,78,76.78346854600717,0.09535647414104077,-0.006003618240356445,-0.007287085056304932
72111,54023,KCg-m,KCg-m_R,gamma,1,2,74,72.40897243630089,0.0,-0.008311927318572998,-0.010410964488983154
72116,54027,KCg-m,KCg-m_L,gamma,1,2,0,0.0,1.0,0.0,0.0
72141,54043,KCg-m,KCg-m_R,gamma,1,2,39,37.50891079654448,0.0,-0.0015085935592651367,-0.0038118958473205566
72166,54066,KCab-m,KCab-m_R,ab,1,0,0,0.0,1.0,0.0,0.0
72195,54088,KCa'b'-ap1,KCa'b'-ap1_R,apbp,2,0,1,1.0,0.6856137785251702,-0.0025554895401000977,-0.0025554895401000977
72196,54089,KCa'b'-ap2,KCa'b'-ap2_L,apbp,0,0,0,0.0,1.0,0.0,0.0
72201,54092,KCab-c,KCab-c_L,ab,1,0,0,0.0,1.0,0.0,0.0
72230,54118,KCg-d,KCg-d_R,gamma,1,2,0,0.0,1.0,0.0,0.0
72234,54122,KCab-s,KCab-s_R,ab,1,0,22,21.689582592880264,0.6958435701363608,-0.0020343661308288574,-0.002670109272003174
72239,54127,KCab-s,KCab-s_R,ab,1,0,1,1.0,0.2950477565445569,-0.0029213428497314453,-0.0029213428497314453
72242,54130,KCa'b'-ap2,KCa'b'-ap2_L,apbp,0,0,0,0.0,1.0,0.0,0.0
72299,54179,KCab-c,KCab-c_R,ab,1,0,3,3.0,0.36168553900218237,0.0029962658882141113,0.0029962658882141113
72344,54215,KCa'b'-ap2,KCa'b'-ap2_R,apbp,0,0,0,0.0,1.0,0.0,0.0
72350,54219,KCg-m,KCg-m_L,gamma,1,2,33,32.430930138866714,0.0,-1.8775463104248047e-05,-0.0008672475814819336
72359,54227,KCab-s,KCab-s_R,ab,1,0,18,17.898620274478354,0.6780613708850878,-0.001379847526550293,-0.001538991928100586
72362,54230,KCa'b'-m,KCa'b'-m_R,apbp,0,0,1,1.0,0.8502921114373357,0.0,0.0
72375,54242,KCab-m,KCab-m_R,ab,1,0,43,42.41630732263002,0.0,-0.00012731552124023438,-0.0005650520324707031
72387,54252,KCg-m,KCg-m_R,gamma,1,2,84,82.74165027281536,0.0,-0.00186234712600708,-0.0033215880393981934
72433,54288,KCab-c,KCab-c_R,ab,1,0,83,81.8095137342241,0.0,-0.006307840347290039,-0.008002638816833496
72438,54291,KCab-p,KCab-p_R,ab,1,0,0,0.0,1.0,0.0,0.0
72495,54336,KCab-s,KCab-s_R,ab,2,0,0,0.0,1.0,0.0,0.0
72512,54346,KCg-d,KCg-d_R,gamma,1,2,0,0.0,1.0,0.0,0.0
72516,54349,KCab-m,KCab-m_L,ab,1,0,0,0.0,1.0,0.0,0.0
72523,54355,KCg-m,KCg-m_R,gamma,1,2,156,152.7394394659924,0.0,-0.00295335054397583,-0.007542550563812256
72538,54366,KCab-s,KCab-s_R,ab,2,0,1,1.0,0.686806157772404,0.0018880367279052734,0.0018880367279052734
72559,54380,KCab-s,KCab-s_L,ab,1,0,4,3.991232761826742,0.9390429802124718,0.004235029220581055,0.004220128059387207
72604,54420,KCg-m,KCg-m_L,gamma,1,2,13,12.814366065269109,0.09682682205316244,0.00030112266540527344,7.152557373046875e-05
72606,54421,KCg-m,KCg-m_L,gamma,1,2,0,0.0,1.0,0.0,0.0
72610,54425,KCab-m,KCab-m_L,ab,1,0,0,0.0,1.0,0.0,0.0
72643,54449,KCg-m,KCg-m_R,gamma,0,2,3,2.6745232576503106,0.0,0.0,0.0
72645,54451,KCab-s,KCab-s_R,ab,2,0,3,2.997336291548483,0.7916660434796462,-0.006236433982849121,-0.006232023239135742
72678,54478,KCg-m,KCg-m_L,gamma,1,2,125,123.45348171936519,0.25046138186428984,0.006246328353881836,0.004348039627075195
72681,54481,KCab-m,KCab-m_L,ab,2,0,25,24.591540691587657,0.0,0.016321659088134766,0.015214800834655762
72684,54484,KCg-m,KCg-m_L,gamma,1,2,56,55.37335814292628,0.0,-0.0158689022064209,-0.01623857021331787
72693,54492,KCa'b'-ap2,KCa'b'-ap2_R,apbp,0,0,0,0.0,1.0,0.0,0.0
72694,54493,KCa'b'-m,KCa'b'-m_R,apbp,1,0,29,28.690463355230158,0.5456655539235431,-0.0005203485488891602,-0.0009262561798095703
72695,54494,KCg-m,KCg-m_R,gamma,1,2,9,8.635669049310842,0.07800055504588707,-0.0024167299270629883,-0.002505064010620117
72723,54519,KCa'b'-ap2,KCa'b'-ap2_L,apbp,0,0,0,0.0,1.0,0.0,0.0
72755,54537,KCa'b'-ap2,KCa'b'-ap2_R,apbp,1,0,20,19.868319291876894,0.7806551524398637,0.0019705891609191895,0.0017644166946411133
72854,54617,KCg-m,KCg-m_L,gamma,1,2,1,1.0,0.16912376160954667,0.0032657384872436523,0.0032657384872436523
72855,54618,KCab-s,KCab-s_L,ab,1,0,0,0.0,1.0,0.0,0.0
72865,54625,KCa'b'-ap2,KCa'b'-ap2_R,apbp,0,0,10,9.965293560759989,0.8846400791267263,0.0,0.0
72913,54662,KCab-s,KCab-s_R,ab,2,0,14,13.515924873370407,0.0,-0.0019477605819702148,-0.003536224365234375
72916,54664,KCg-m,KCg-m_R,gamma,1,2,73,71.71310447050328,0.169286792647619,-0.0010439157485961914,-0.0023335814476013184
72939,54681,KCg-m,KCg-m_R,gamma,1,2,22,21.435129489178447,0.0,-0.008259415626525879,-0.008894801139831543
72978,54711,KCab-s,KCab-s_R,ab,1,0,20,19.918006326558327,0.7356996467340848,0.0009025335311889648,0.0008023381233215332
73006,54733,KCab-s,KCab-s_R,ab,1,0,10,9.942911915091965,0.7068415849272613,0.0011576414108276367,0.00106048583984375
73013,54738,KCg-m,KCg-m_L,gamma,1,2,131,128.563522810415,0.36777923954836433,0.0017254352569580078,-0.0017988085746765137
73039,54757,KCa'b'-ap2,KCa'b'-ap2_R,apbp,0,0,16,15.879416877771938,0.7544346273473913,0.0,0.0
73125,54825,KCg-m,KCg-m_L,gamma,1,2,22,21.24050983033281,0.0,0.0007624030113220215,2.384185791015625e-06
73146,54841,KCa'b'-ap2,KCa'b'-ap2_L,apbp,0,0,0,0.0,1.0,0.0,0.0
73161,54852,KCg-m,KCg-m_R,gamma,1,2,51,49.4041509896176,0.0,-0.0003910660743713379,-0.0026398301124572754
73191,54878,KCab-s,KCab-s_R,ab,1,0,0,0.0,1.0,0.0,0.0
73195,54881,KCg-m,KCg-m_R,gamma,1,2,15,14.295604059765855,0.17032866300295457,-0.00035440921783447266,-0.0019043684005737305
73196,54882,KCg-m,KCg-m_L,gamma,1,2,0,0.0,1.0,0.0,0.0
73197,54883,KCg-m,KCg-m_L,gamma,1,2,16,15.42713420425536,0.0,-0.010893583297729492,-0.01203066110610962
73227,54904,KCg-d,KCg-d_R,gamma,1,2,0,0.0,1.0,0.0,0.0
73248,54921,KCab-c,KCab-c_R,ab,1,0,0,0.0,1.0,0.0,0.0
73296,54961,KCg-m,KCg-m_R,gamma,1,2,73,69.94283383113243,0.0,-0.012568354606628418,-0.016937673091888428
73306,54970,KCab-s,KCab-s_R,ab,2,0,0,0.0,1.0,0.0,0.0
73335,54993,KCg-m,KCg-m_L,gamma,1,2,70,67.79258858014536,0.0,0.00687098503112793,0.003510117530822754
73337,54995,KCab-m,KCab-m_L,ab,2,0,0,0.0,1.0,0.0,0.0
73354,55009,KCg-m,KCg-m_L,gamma,1,2,69,67.69368670959207,0.0,-0.004553675651550293,-0.006393015384674072
73442,55083,KCab-m,KCab-m_R,ab,1,0,0,0.0,1.0,0.0,0.0
73453,55092,KCa'b'-ap2,KCa'b'-ap2_L,apbp,0,0,0,0.0,1.0,0.0,0.0
73457,55096,KCg-m,KCg-m_R,gamma,1,2,143,140.2742561358792,0.0,-0.012197911739349365,-0.016376078128814697
73487,55117,KCab-m,KCab-m_R,ab,2,0,2,2.0,0.6707333721094062,-0.002046942710876465,-0.002046942710876465
73508,55134,KCab-c,KCab-c_R,ab,1,0,57,55.19495888747995,0.0,0.008761405944824219,0.006228089332580566
73570,55179,KCab-c,KCab-c_R,ab,1,0,4,4.0,0.0,-0.004642665386199951,-0.004642665386199951
73583,55188,KCa'b'-m,KCa'b'-m_R,apbp,1,0,35,34.80882041121374,0.12498169758123955,-0.0016020536422729492,-0.001816391944885254
73588,55191,KCab-s,KCab-s_R,ab,2,0,0,0.0,1.0,0.0,0.0
73645,55227,KCab-m,KCab-m_R,ab,2,0,0,0.0,1.0,0.0,0.0
73650,55230,KCa'b'-m,KCa'b'-m_L,apbp,1,0,10,9.87424155312706,0.8236634070893011,0.003770768642425537,0.0036154985427856445
73721,55288,KCab-s,KCab-s_R,ab,1,0,54,53.91067420988731,0.875444672072541,-0.008091568946838379,-0.00818711519241333
73742,55302,KCab-c,KCab-c_R,ab,1,0,0,0.0,1.0,0.0,0.0
73744,55304,KCg-m,KCg-m_L,gamma,1,2,1,1.0,0.0,0.002164602279663086,0.002164602279663086
73750,55310,KCg-m,KCg-m_R,gamma,1,3,0,0.0,1.0,0.0,0.0
73783,55336,KCg-m,KCg-m_L,gamma,1,2,81,79.26256163002009,0.0,-0.005115032196044922,-0.006907641887664795
73814,55362,KCg-m,KCg-m_R,gamma,1,2,38,35.99338354063445,0.0,0.011387467384338379,0.008505523204803467
73850,55391,KCg-m,KCg-m_R,gamma,1,2,48,46.08543491298093,0.0,0.006540238857269287,0.003740966320037842
73970,55489,KCg-m,KCg-m_L,gamma,1,2,16,15.435886997385984,0.007764834332728857,0.00187605619430542,0.0007036924362182617
74016,55525,KCab-m,KCab-m_L,ab,2,0,0,0.0,1.0,0.0,0.0
74064,55563,KCa'b'-ap2,KCa'b'-ap2_L,apbp,1,0,0,0.0,1.0,0.0,0.0
74094,55588,KCg-d,KCg-d_R,gamma,1,2,0,0.0,1.0,0.0,0.0
74103,55596,KCab-m,KCab-m_R,ab,2,0,90,88.77190369455857,0.24732289503973776,0.00781559944152832,0.004316568374633789
74106,55599,KCab-m,KCab-m_R,ab,2,0,49,47.70435326079849,0.0,0.017860054969787598,0.01301109790802002
74110,55603,KCg-m,KCg-m_L,gamma,1,2,32,30.975984958057083,0.0,0.003168463706970215,0.0017984509468078613
74116,55608,KCa'b'-m,KCa'b'-m_L,apbp,0,0,15,14.929715975127577,0.6306483655234828,0.0,0.0
74135,55626,KCab-s,KCab-s_R,ab,2,0,0,0.0,1.0,0.0,0.0
74141,55630,KCa'b'-m,KCa'b'-m_R,apbp,0,0,0,0.0,1.0,0.0,0.0
74190,55670,KCg-m,KCg-m_R,gamma,1,2,215,211.2009580468773,0.18293765456743513,-0.02316415309906006,-0.0266951322555542
74203,55680,KCg-m,KCg-m_L,gamma,1,2,70,68.2612664888637,0.0,0.004224658012390137,0.0020276308059692383
74222,55698,KCg-m,KCg-m_L,gamma,2,2,0,0.0,1.0,0.0,0.0
74239,55709,KCa'b'-ap2,KCa'b'-ap2_R,apbp,0,0,0,0.0,1.0,0.0,0.0
74260,55728,KCg-m,KCg-m_R,gamma,1,2,1,1.0,0.0,0.0013689994812011719,0.0013689994812011719
74269,55734,KCg-d,KCg-d_R,gamma,1,2,0,0.0,1.0,0.0,0.0
74289,55750,KCab-m,KCab-m_L,ab,2,0,26,25.449157550030222,0.238174645679317,-0.012691974639892578,-0.014606118202209473
74301,55758,KCab-m,KCab-m_R,ab,1,0,2,2.0,0.6886156699792312,-0.0015491247177124023,-0.0015491247177124023
74307,55762,KCa'b'-ap2,KCa'b'-ap2_R,apbp,0,0,82,81.45777732225525,0.5626531271609787,0.0,0.0
74328,55778,KCab-c,KCab-c_R,ab,1,0,28,27.25171323494611,0.5601075825049379,-0.008306503295898438,-0.009432733058929443
74362,55804,KCg-d,KCg-d_L,gamma,1,2,0,0.0,1.0,0.0,0.0
74368,55809,KCg-m,KCg-m_R,gamma,1,1,35,33.84428245097468,0.0,-0.006616652011871338,-0.008784592151641846
74380,55819,KCa'b'-ap1,KCa'b'-ap1_R,apbp,1,0,3,2.9971776170067064,0.8880723139647186,0.001324295997619629,0.0013260841369628906
74403,55839,KCg-m,KCg-m_R,gamma,1,2,29,27.637702415798145,0.0,-0.00039762258529663086,-0.0027088522911071777
74421,55855,KCab-c,KCab-c_R,ab,1,0,0,0.0,1.0,0.0,0.0
74434,55865,KCg-m,KCg-m_L,gamma,1,3,32,31.023860311199652,0.0,0.004139602184295654,0.0027049779891967773
74461,55888,KCab-m,KCab-m_R,ab,1,0,19,18.26519876898493,0.08516374933367188,0.003633558750152588,0.002265334129333496
74518,55936,KCab-s,KCab-s_L,ab,1,0,0,0.0,1.0,0.0,0.0
74531,55948,KCa'b'-m,KCa'b'-m_L,apbp,0,0,21,20.63494685023159,0.7577671923615875,0.0,0.0
74542,55958,KCg-d,KCg-d_R,gamma,1,2,0,0.0,1.0,0.0,0.0
74548,55961,KCa'b'-ap1,KCa'b'-ap1_R,apbp,0,0,72,71.6035742172008,0.7607545671036609,0.0,0.0
74549,55962,KCab-s,KCab-s_L,ab,1,0,0,0.0,1.0,0.0,0.0
74553,55966,KCab-m,KCab-m_R,ab,1,0,49,48.22597296089649,0.03549054336821979,-0.007693052291870117,-0.008808612823486328
74568,55980,KCab-c,KCab-c_R,ab,1,0,1,1.0,0.7701566581127551,-0.0006928443908691406,-0.0006928443908691406
74610,56016,KCab-c,KCab-c_L,ab,1,0,26,25.909458373263774,0.4897708202965405,-0.007981300354003906,-0.008205294609069824
74620,56024,KCab-m,KCab-m_L,ab,1,0,9,8.673173541099894,0.2248034983665005,0.0016413331031799316,0.0006667375564575195
74623,56027,KCa'b'-ap2,KCa'b'-ap2_R,apbp,1,0,1,1.0,0.9785005299668307,0.001027822494506836,0.001027822494506836
74663,56050,KCa'b'-ap1,KCa'b'-ap1_L,apbp,1,0,10,9.97550852755593,0.9044849274069406,0.0026784539222717285,0.00263822078704834
74665,56051,KCa'b'-ap2,KCa'b'-ap2_R,apbp,1,0,1,1.0,0.8706274727025425,-0.0025721192359924316,-0.0025721192359924316
74668,56053,KCa'b'-ap1,KCa'b'-ap1_R,apbp,1,0,4,3.8411902321895424,0.6834595036563456,0.0011335015296936035,0.0008460879325866699
74682,56064,KCab-s,KCab-s_R,ab,1,0,7,6.928059654842169,0.7160655937217071,0.002081930637359619,0.0019057393074035645
74683,56065,KCa'b'-ap2,KCa'b'-ap2_R,apbp,0,0,2,2.0,0.7255443646370708,0.0,0.0
74698,56078,KCg-m,KCg-m_L,gamma,1,3,1,1.0,0.0,0.0004709959030151367,0.0004709959030151367
74708,56088,KCg-m,KCg-m_L,gamma,1,2,27,26.43095730833716,0.2569678847570446,0.005333900451660156,0.004694879055023193
74721,56100,KCab-s,KCab-s_R,ab,2,0,2,2.0,0.626814323505533,-0.0029300451278686523,-0.0029300451278686523
74740,56114,KCab-s,KCab-s_R,ab,2,0,0,0.0,1.0,0.0,0.0
74760,56131,KCab-c,KCab-c_L,ab,1,0,2,2.0,0.5463942650779253,-0.0003349184989929199,-0.0003349184989929199
74803,56164,KCab-s,KCab-s_R,ab,1,0,10,9.524461683001075,0.0026465031451016583,-0.0030893683433532715,-0.004181385040283203
74812,56172,KCab-s,KCab-s_R,ab,1,0,73,72.71335413877487,0.6929255469757746,-0.009236335754394531,-0.009531915187835693
74851,56202,KCab-m,KCab-m_R,ab,1,0,60,58.960696378552214,0.0,0.0008658766746520996,-0.0004862546920776367
74869,56218,KCab-s,KCab-s_R,ab,1,0,29,28.802359002617145,0.7966293757342545,-0.012037158012390137,-0.012292563915252686
74899,56243,KCab-m,KCab-m_R,ab,1,0,18,17.889322955466906,0.271325086891677,-0.007028698921203613,-0.007125556468963623
74926,56264,KCg-m,KCg-m_L,gamma,1,2,88,86.44524975381194,0.0,0.0023574233055114746,0.0004635453224182129
74992,56317,KCg-m,KCg-m_L,gamma,1,2,5,4.898836932374284,0.473528769421809,0.0025556087493896484,0.0024548768997192383
75029,56347,KCg-m,KCg-m_R,gamma,1,2,279,275.94040194898656,0.7828935301773207,-0.01733684539794922,-0.020311176776885986
75031,56349,KCa'b'-ap1,KCa'b'-ap1_R,apbp,1,0,9,8.87040584534359,0.6324301547768577,-0.0025095343589782715,-0.00275498628616333
75042,56359,KCab-c,KCab-c_L,ab,1,0,0,0.0,1.0,0.0,0.0
75045,56362,KCg-m,KCg-m_R,gamma,1,3,54,52.06826082854719,0.0,-0.010462522506713867,-0.013193070888519287
75050,56367,KCab-s,KCab-s_R,ab,1,0,17,16.95526194496532,0.7632252221567586,0.005444347858428955,0.005420804023742676
75053,56370,KCa'b'-ap2,KCa'b'-ap2_L,apbp,1,0,0,0.0,1.0,0.0,0.0
75058,56374,KCab-c,KCab-c_L,ab,1,0,11,10.719550883758405,0.31058568252339175,-8.344650268554688e-07,-0.0004463791847229004
75066,56381,KCab-c,KCab-c_R,ab,1,0,0,0.0,1.0,0.0,0.0
75070,56384,KCg-m,KCg-m_L,gamma,1,3,71,70.05267346191535,0.0,0.0016134381294250488,0.0004945993423461914
75072,56386,KCg-m,KCg-m_R,gamma,1,2,187,184.05542578586505,0.5241853863766335,-0.01199430227279663,-0.015248298645019531
75075,56388,KCa'b'-ap2,KCa'b'-ap2_R,apbp,1,0,11,10.918946189184387,0.4164818310730948,0.0016376972198486328,0.0015456080436706543
75106,56413,KCab-c,KCab-c_R,ab,1,0,22,21.137063133724638,0.0,0.003361046314239502,0.0016680359840393066
75122,56426,KCa'b'-ap2,KCa'b'-ap2_R,apbp,1,0,8,7.816523041725784,0.3650558892322063,-0.0002180337905883789,-0.0007148981094360352
75149,56452,KCab-s,KCab-s_R,ab,1,0,30,29.393169991291114,0.0,0.004373311996459961,0.0033003687858581543
75155,56456,KCab-m,KCab-m_L,ab,2,0,7,6.884970793008505,0.32451199745552783,-0.004172205924987793,-0.004520893096923828
75181,56477,KCab-s,KCab-s_L,ab,2,0,0,0.0,1.0,0.0,0.0
75185,56479,KCa'b'-ap2,KCa'b'-ap2_L,apbp,0,0,0,0.0,1.0,0.0,0.0
75216,56505,KCa'b'-m,KCa'b'-m_R,apbp,1,0,0,0.0,1.0,0.0,0.0
75225,56514,KCa'b'-ap1,KCa'b'-ap1_L,apbp,0,0,0,0.0,1.0,0.0,0.0
75260,56543,KCa'b'-ap1,KCa'b'-ap1_R,apbp,1,0,1,1.0,0.8242467155052455,-0.0017371773719787598,-0.0017371773719787598
75265,56548,KCa'b'-ap1,KCa'b'-ap1_R,apbp,2,0,5,4.959558626232347,0.7523715248233092,-0.0032792091369628906,-0.0034281015396118164
75288,56567,KCg-m,KCg-m_R,gamma,1,2,21,19.85673692681162,0.0,-0.001408398151397705,-0.0033815503120422363
75300,56577,KCab-s,KCab-s_R,ab,1,0,0,0.0,1.0,0.0,0.0
75310,56584,KCg-m,KCg-m_L,gamma,1,2,115,113.51211209871335,0.05132038465988845,-0.008432149887084961,-0.010088086128234863
75312,56586,KCg-m,KCg-m_L,gamma,1,2,3,3.0,0.0,-0.00607067346572876,-0.00607067346572876
75347,56614,KCg-m,KCg-m_L,gamma,1,2,5,4.9377496891269494,0.0,0.0024867653846740723,0.002433478832244873
75368,56627,KCg-m,KCg-m_L,gamma,1,2,21,19.879768472831604,0.0,0.013395607471466064,0.01068037748336792
75384,56640,KCab-s,KCab-s_R,ab,1,0,14,13.915975087311798,0.3613350105130174,-0.0020549893379211426,-0.0021465420722961426
75428,56678,KCab-m,KCab-m_L,ab,2,0,7,6.7981238475704515,0.07757260161700097,0.009295821189880371,0.008745789527893066
75446,56692,KCab-s,KCab-s_L,ab,1,0,1,1.0,0.9592079768648082,0.0016399621963500977,0.0016399621963500977
75507,56744,KCab-c,KCab-c_R,ab,2,0,19,18.312687999047704,0.15101385064509215,0.011433005332946777,0.007906317710876465
75513,56750,KCg-m,KCg-m_L,gamma,1,2,6,5.905374948050731,0.900174382453297,0.003392457962036133,0.003255128860473633
75578,56805,KCa'b'-ap2,KCa'b'-ap2_R,apbp,1,0,0,0.0,1.0,0.0,0.0
75597,56822,KCg-m,KCg-m_L,gamma,1,2,142,138.2514149250423,0.3201664520817201,0.0034897923469543457,-0.0011950135231018066
75611,56836,KCa'b'-ap2,KCa'b'-ap2_L,apbp,1,0,0,0.0,1.0,0.0,0.0
75650,56868,KCa'b'-ap1,KCa'b'-ap1_L,apbp,0,0,1,1.0,0.7149522028051738,0.0,0.0
75652,56870,KCg-m,KCg-m_R,gamma,1,2,21,20.2517284265423,0.0,-0.0016331076622009277,-0.0021513700485229492
75718,56923,KCa'b'-ap1,KCa'b'-ap1_R,apbp,2,0,1,1.0,0.7423922425543492,0.0011553764343261719,0.0011553764343261719
75756,56949,KCa'b'-ap1,KCa'b'-ap1_L,apbp,0,0,14,13.983769155464941,0.880258360007449,0.0,0.0
75758,56951,KCg-m,KCg-m_L,gamma,1,2,4,4.0,0.0,-0.005715847015380859,-0.005715847015380859
75774,56964,KCg-m,KCg-m_R,gamma,1,2,238,235.17119443961565,0.4114371408885412,-0.011626124382019043,-0.01472693681716919
75780,56969,KCa'b'-ap1,KCa'b'-ap1_L,apbp,1,0,0,0.0,1.0,0.0,0.0
75782,56971,KCa'b'-ap1,KCa'b'-ap1_L,apbp,0,0,22,21.95765291399525,0.8742083730995912,0.0,0.0
75802,56987,KCab-c,KCab-c_R,ab,1,0,0,0.0,1.0,0.0,0.0
75830,57006,KCg-m,KCg-m_L,gamma,1,2,78,76.3454131095234,0.0,-0.006856083869934082,-0.00857400894165039
75880,57049,KCg-m,KCg-m_R,gamma,1,2,36,34.38271957848206,0.04552817875063126,-0.0004947781562805176,-0.0023529529571533203
75882,57051,KCab-s,KCab-s_R,ab,2,0,0,0.0,1.0,0.0,0.0
75907,57073,KCg-m,KCg-m_L,gamma,1,2,80,78.47869301965142,0.0,-0.010672390460968018,-0.012196958065032959
75908,57074,KCab-m,KCab-m_L,ab,1,0,1,1.0,0.9546955940052972,-0.000952601432800293,-0.000952601432800293
75942,57102,KCab-s,KCab-s_L,ab,1,0,4,3.9850906468008356,0.7965119366534698,-0.0034402012825012207,-0.0034676194190979004
75958,57116,KCab-m,KCab-m_L,ab,2,0,1,1.0,0.8671510198125785,-0.0017142295837402344,-0.0017142295837402344
75964,57119,KCab-s,KCab-s_L,ab,1,0,0,0.0,1.0,0.0,0.0
75968,57123,KCab-m,KCab-m_L,ab,2,0,2,2.0,0.8029584990298964,0.008194446563720703,0.008194446563720703
75997,57146,KCab-s,KCab-s_R,ab,1,0,1,1.0,0.7685587118728149,0.0010155439376831055,0.0010155439376831055
76005,57154,KCab-c,KCab-c_R,ab,1,0,62,60.75704890755787,0.4198675961754152,-0.007446587085723877,-0.009458303451538086
76009,57158,KCab-s,KCab-s_L,ab,2,0,4,4.0,0.5065715411964696,0.004923462867736816,0.004923462867736816
76023,57170,KCg-d,KCg-d_R,gamma,1,2,0,0.0,1.0,0.0,0.0
76056,57198,KCa'b'-ap2,KCa'b'-ap2_L,apbp,0,0,0,0.0,1.0,0.0,0.0
76063,57205,KCg-m,KCg-m_R,gamma,1,2,98,95.70175672525016,0.0,-0.009439706802368164,-0.012650728225708008
76069,57211,KCa'b'-ap2,KCa'b'-ap2_L,apbp,0,0,0,0.0,1.0,0.0,0.0
76072,57213,KCab-s,KCab-s_L,ab,1,0,8,7.99702452126633,0.7354168253806407,-0.002325892448425293,-0.002324044704437256
76076,57216,KCg-d,KCg-d_R,gamma,1,2,0,0.0,1.0,0.0,0.0
76085,57225,KCg-m,KCg-m_L,gamma,1,2,5,4.721173715504339,0.0,0.002299487590789795,0.0023127198219299316
76091,57230,KCab-p,KCab-p_L,ab,1,0,0,0.0,1.0,0.0,0.0
76122,57255,KCg-m,KCg-m_L,gamma,1,2,67,65.85671639748277,0.0,-0.019651472568511963,-0.020782530307769775
76203,57323,KCa'b'-ap1,KCa'b'-ap1_L,apbp,1,0,0,0.0,1.0,0.0,0.0
76265,57372,KCab-m,KCab-m_R,ab,2,0,96,94.7998730786211,0.697263517918212,-0.004913449287414551,-0.008680939674377441
76271,57377,KCab-s,KCab-s_R,ab,1,0,0,0.0,1.0,0.0,0.0
76272,57378,KCab-c,KCab-c_R,ab,2,0,93,92.21076263175854,0.6993481987728654,-0.03187298774719238,-0.033746957778930664
76287,57391,KCa'b'-m,KCa'b'-m_L,apbp,0,0,0,0.0,1.0,0.0,0.0
76299,57400,KCa'b'-ap2,KCa'b'-ap2_L,apbp,0,0,1,1.0,0.9755426240615594,0.0,0.0
76309,57408,KCg-m,KCg-m_L,gamma,1,2,16,15.545814148755872,0.0,0.0019995570182800293,0.0014281272888183594
76317,57415,KCg-m,KCg-m_R,gamma,1,2,15,14.299233900212883,0.0,-0.005013465881347656,-0.005745887756347656
76352,57446,KCa'b'-ap2,KCa'b'-ap2_L,apbp,0,0,0,0.0,1.0,0.0,0.0
76354,57448,KCa'b'-ap2,KCa'b'-ap2_R,apbp,1,0,0,0.0,1.0,0.0,0.0
76370,57463,KCa'b'-ap2,KCa'b'-ap2_L,apbp,0,0,1,1.0,0.9692314638318069,0.0,0.0
76429,57512,KCa'b'-ap1,KCa'b'-ap1_R,apbp,0,0,4,3.991027235160644,0.8718661223595551,0.0,0.0
76431,57513,KCg-m,KCg-m_L,gamma,1,2,41,40.05541974976217,0.0,-0.0023069381713867188,-0.0034515857696533203
76436,57516,KCab-s,KCab-s_R,ab,2,0,12,11.894597795106732,0.7631287125933951,-0.010887384414672852,-0.011160969734191895
76443,57520,KCg-m,KCg-m_R,gamma,1,2,20,18.837118422832255,0.2129865092302486,0.0029711127281188965,0.0014262795448303223
76444,57521,KCab-c,KCab-c_R,ab,2,0,46,44.92960626033705,0.2848076484196936,-0.006783008575439453,-0.009346246719360352
76455,57530,KCg-d,KCg-d_L,gamma,1,2,0,0.0,1.0,0.0,0.0
76476,57548,KCg-m,KCg-m_L,gamma,1,2,60,58.84223149292233,0.0824785014199297,-1.615285873413086e-05,-0.0012654662132263184
76488,57557,KCg-m,KCg-m_L,gamma,1,2,0,0.0,1.0,0.0,0.0
76493,57561,KCg-m,KCg-m_R,gamma,1,2,156,153.1810577187532,0.0,0.0015530586242675781,-0.0017338991165161133
76508,57573,KCg-m,KCg-m_L,gamma,1,2,0,0.0,1.0,0.0,0.0
76523,57587,KCab-s,KCab-s_R,ab,2,0,14,13.855772359809679,0.6398952195957663,0.0023833513259887695,0.0020951032638549805
76531,57594,KCab-c,KCab-c_R,ab,1,0,59,58.341401413411695,0.6036701338141983,-0.009996354579925537,-0.010880768299102783
76564,57622,KCg-m,KCg-m_L,gamma,1,2,17,16.626005570875222,0.0,-0.009477078914642334,-0.009891390800476074
76566,57624,KCab-m,KCab-m_L,ab,2,0,15,14.695371575658754,0.6420512702010632,0.011458992958068848,0.01054084300994873
76582,57639,KCab-s,KCab-s_R,ab,1,0,15,14.959916101340742,0.6051434733832618,0.0013714432716369629,0.001326441764831543
76587,57642,KCg-m,KCg-m_R,gamma,1,2,102,99.55207533970353,0.0,-0.008836865425109863,-0.011703431606292725
76593,57647,KCab-s,KCab-s_R,ab,2,0,4,3.9973535475207806,0.9137030996149011,0.0018510818481445312,0.0018497705459594727
76594,57648,KCab-m,KCab-m_L,ab,2,0,9,8.764993632047801,0.4144730852833699,0.006005644798278809,0.0053577423095703125
76605,57657,KCab-m,KCab-m_L,ab,2,0,16,15.853793699852098,0.66263674029312,-0.020562291145324707,-0.020931124687194824
76608,57660,KCab-m,KCab-m_L,ab,2,0,36,35.81469020683982,0.1618326910679264,0.026952385902404785,0.026340126991271973
76615,57667,KCab-m,KCab-m_R,ab,1,0,12,11.924792220567117,0.0457733818117325,0.00033849477767944336,0.00018805265426635742
76648,57695,KCab-s,KCab-s_R,ab,1,0,2,2.0,0.5390582307123862,-0.0007457733154296875,-0.0007457733154296875
76660,57705,KCab-s,KCab-s_R,ab,2,0,8,7.974943040702813,0.0,-0.0014562606811523438,-0.001432180404663086
76665,57709,KCa'b'-m,KCa'b'-m_L,apbp,0,0,0,0.0,1.0,0.0,0.0
76676,57719,KCab-m,KCab-m_L,ab,2,0,43,41.88045226101691,0.39248680717992124,0.005715012550354004,0.002041935920715332
76688,57725,KCab-p,KCab-p_L,ab,1,0,0,0.0,1.0,0.0,0.0
76702,57736,KCab-p,KCab-p_R,ab,1,0,0,0.0,1.0,0.0,0.0
76727,57757,KCab-m,KCab-m_L,ab,1,0,0,0.0,1.0,0.0,0.0
76750,57774,KCab-s,KCab-s_R,ab,2,0,6,5.9680281913774,0.6578003483018512,0.002782464027404785,0.002721428871154785
76774,57790,KCab-m,KCab-m_L,ab,2,0,33,32.620601491251676,0.3856431773974911,-0.00835120677947998,-0.009785294532775879
76807,57820,KCab-c,KCab-c_R,ab,1,0,0,0.0,1.0,0.0,0.0
76811,57823,KCab-s,KCab-s_R,ab,2,0,16,15.779687024028796,0.002008117112940663,0.019397377967834473,0.01850712299346924
76837,57843,KCg-m,KCg-m_R,gamma,1,2,10,9.637873998389898,0.0,0.0003483891487121582,-4.023313522338867e-05
76850,57853,KCa'b'-ap1,KCa'b'-ap1_L,apbp,0,0,0,0.0,1.0,0.0,0.0
76862,57864,KCab-s,KCab-s_R,ab,1,0,0,0.0,1.0,0.0,0.0
76867,57868,KCa'b'-ap2,KCa'b'-ap2_R,apbp,1,0,3,3.0,0.8267758407254465,0.0013509392738342285,0.0013509392738342285
76889,57885,KCa'b'-ap1,KCa'b'-ap1_L,apbp,1,0,25,24.977624087808486,0.7425182980276498,-0.01258862018585205,-0.012609243392944336
76898,57894,KCab-s,KCab-s_R,ab,1,0,9,9.0,0.0,0.002912759780883789,0.002912759780883789
76933,57925,KCa'b'-ap2,KCa'b'-ap2_L,apbp,0,0,0,0.0,1.0,0.0,0.0
76949,57937,KCg-m,KCg-m_L,gamma,1,2,64,62.63800012780075,0.0,0.005604803562164307,0.004625499248504639
76973,57952,KCg-m,KCg-m_R,gamma,1,2,0,0.0,1.0,0.0,0.0
76984,57961,KCab-p,KCab-p_R,ab,1,0,0,0.0,1.0,0.0,0.0
77022,57992,KCab-c,KCab-c_R,ab,1,0,2,2.0,0.0,0.0010565519332885742,0.0010565519332885742
77054,58014,KCg-m,KCg-m_R,gamma,1,3,4,3.876349575376562,0.0,-0.00037235021591186523,-0.0005476474761962891
77060,58019,KCa'b'-ap2,KCa'b'-ap2_R,apbp,1,0,14,13.959158364299856,0.9211537762173886,-0.00557941198348999,-0.0056206583976745605
77068,58026,KCa'b'-m,KCa'b'-m_L,apbp,0,0,0,0.0,1.0,0.0,0.0
77076,58032,KCab-s,KCab-s_L,ab,2,0,4,3.996995700231263,0.8833102036317451,-0.0006693601608276367,-0.000666499137878418
77093,58044,KCg-m,KCg-m_L,gamma,1,2,1,1.0,0.17505322699921375,-0.001538395881652832,-0.001538395881652832
77108,58056,KCg-m,KCg-m_L,gamma,1,2,63,61.49146332878962,0.0,-0.009639739990234375,-0.01114034652709961
77126,58068,KCg-m,KCg-m_R,gamma,1,2,30,28.589244258532077,0.0,-0.0007720589637756348,-0.0031853914260864258
77131,58073,KCab-c,KCab-c_R,ab,1,0,107,105.92017553678056,0.8000345865981895,-0.0024059414863586426,-0.003985226154327393
77132,58074,KCg-m,KCg-m_R,gamma,1,2,75,73.25784845912361,0.0,-0.014132857322692871,-0.015868425369262695
77158,58095,KCg-m,KCg-m_R,gamma,1,2,128,125.16942426243016,0.039732747729124364,-0.003326117992401123,-0.006992042064666748
77164,58101,KCab-c,KCab-c_R,ab,1,0,0,0.0,1.0,0.0,0.0
77199,58129,KCa'b'-m,KCa'b'-m_R,apbp,0,0,23,22.811586016443723,0.5443291076044765,0.0,0.0
77219,58144,KCab-s,KCab-s_R,ab,2,0,0,0.0,1.0,0.0,0.0
77281,58199,KCg-m,KCg-m_R,gamma,1,2,1,1.0,0.0,0.0011763572692871094,0.0011763572692871094
77324,58238,KCab-c,KCab-c_R,ab,1,0,0,0.0,1.0,0.0,0.0
77367,58273,KCg-m,KCg-m_L,gamma,1,2,39,37.392535774796904,0.0,0.002528548240661621,-0.0005279183387756348
77382,58285,KCab-m,KCab-m_R,ab,1,0,12,11.707119147979384,0.5443505047706876,0.005604386329650879,0.005146920680999756
77390,58292,KCab-s,KCab-s_R,ab,2,0,0,0.0,1.0,0.0,0.0
77409,58306,KCa'b'-ap1,KCa'b'-ap1_L,apbp,0,0,3,2.9539183322790095,0.9261003009803326,0.0,0.0
77433,58322,KCab-s,KCab-s_R,ab,1,0,0,0.0,1.0,0.0,0.0
77442,58329,KCg-m,KCg-m_R,gamma,1,2,30,29.281889750787155,0.0,0.004425168037414551,0.0035200119018554688
77449,58336,KCg-m,KCg-m_R,gamma,1,2,5,4.682262343544231,0.0,0.0010595321655273438,0.0006451606750488281
77451,58338,KCg-m,KCg-m_R,gamma,1,2,109,106.75200989115673,0.0,0.009982287883758545,0.007468879222869873
77454,58341,KCg-m,KCg-m_L,gamma,1,2,12,11.71133472957883,0.0,-0.005081295967102051,-0.005321145057678223
77479,58360,KCg-m,KCg-m_R,gamma,1,2,3,3.0,0.0,0.0009908676147460938,0.0009908676147460938
77505,58380,KCab-m,KCab-m_L,ab,1,0,3,2.98195894802257,0.9459994074554486,0.00378572940826416,0.0037567615509033203
77523,58393,KCg-m,KCg-m_R,gamma,1,2,9,8.649921340184104,0.0,0.003129243850708008,0.002568483352661133
77539,58405,KCa'b'-ap2,KCa'b'-ap2_L,apbp,0,0,0,0.0,1.0,0.0,0.0
77628,58468,KCg-m,KCg-m_L,gamma,1,2,11,10.628746219642103,0.14090413216017983,0.0013248324394226074,0.0010013580322265625
77631,58470,KCg-m,KCg-m_L,gamma,1,2,32,31.3392703182416,0.48263396195658287,-0.0015853047370910645,-0.0022965669631958008
77637,58475,KCg-m,KCg-m_R,gamma,1,2,1,1.0,0.42278907761913914,0.0010001659393310547,0.0010001659393310547
77679,58507,KCa'b'-ap1,KCa'b'-ap1_R,apbp,1,0,0,0.0,1.0,0.0,0.0
77719,58538,KCg-m,KCg-m_L,gamma,1,2,33,31.7295636771091,0.0,-0.00392991304397583,-0.005719661712646484
77729,58548,KCab-s,KCab-s_R,ab,1,0,0,0.0,1.0,0.0,0.0
77735,58552,KCab-c,KCab-c_R,ab,1,0,0,0.0,1.0,0.0,0.0
77755,58566,KCa'b'-ap1,KCa'b'-ap1_R,apbp,0,0,1,1.0,0.9021585100418653,0.0,0.0
77760,58570,KCab-s,KCab-s_R,ab,1,0,0,0.0,1.0,0.0,0.0
77790,58588,KCab-c,KCab-c_R,ab,1,0,41,40.28360427633536,0.0,-0.007581114768981934,-0.008532583713531494
77810,58603,KCab-m,KCab-m_R,ab,1,0,72,70.96530344399216,0.6837907626063601,-0.002197444438934326,-0.0038185715675354004
77858,58643,KCa'b'-m,KCa'b'-m_L,apbp,0,0,0,0.0,1.0,0.0,0.0
77914,58683,KCab-s,KCab-s_L,ab,1,0,0,0.0,1.0,0.0,0.0
77975,58729,KCg-m,KCg-m_R,gamma,1,2,19,17.76419924090167,0.0,-0.0007491111755371094,-0.0036472678184509277
78013,58762,KCab-s,KCab-s_R,ab,2,0,12,11.745342945308215,0.41223048116709965,-0.0037593841552734375,-0.004903197288513184
78060,58797,KCab-s,KCab-s_R,ab,1,0,0,0.0,1.0,0.0,0.0
78066,58803,KCg-m,KCg-m_L,gamma,1,2,85,83.78599358853725,0.0,-0.0009443759918212891,-0.002587258815765381
78073,58809,KCa'b'-ap1,KCa'b'-ap1_L,apbp,1,0,2,2.0,0.7956336898754881,0.0018347501754760742,0.0018347501754760742
78097,58827,KCab-s,KCab-s_R,ab,2,0,89,88.42888612338922,0.6254092211176046,-0.037085890769958496,-0.03843677043914795
78118,58843,KCab-c,KCab-c_L,ab,1,0,22,21.863507049209467,0.17909687024198773,-0.0030657052993774414,-0.003142833709716797
78147,58868,KCa'b'-ap2,KCa'b'-ap2_R,apbp,0,0,0,0.0,1.0,0.0,0.0
78150,58871,KCa'b'-m,KCa'b'-m_L,apbp,0,0,1,1.0,0.8144033439487379,0.0,0.0
78155,58876,KCab-c,KCab-c_R,ab,1,0,18,17.82502608785044,0.20413215230391424,-0.002388894557952881,-0.002573728561401367
78189,58900,KCa'b'-m,KCa'b'-m_L,apbp,0,0,8,7.938523800077895,0.6579600410923351,0.0,0.0
78194,58905,KCa'b'-m,KCa'b'-m_L,apbp,0,0,2,2.0,0.4106754253784704,0.0,0.0
78203,58913,KCab-s,KCab-s_R,ab,2,0,8,7.8702856971164685,0.8585628178747433,0.00620269775390625,0.0058879852294921875
78222,58928,KCab-m,KCab-m_L,ab,1,0,3,3.0,0.5630039090298211,-9.202957153320312e-05,-9.202957153320312e-05
78234,58938,KCab-s,KCab-s_R,ab,1,0,5,4.993192429498195,0.6139039745745093,-0.002740204334259033,-0.0027394890785217285
78251,58953,KCg-m,KCg-m_R,gamma,1,2,45,43.768629769156696,0.0,-0.00372159481048584,-0.004555165767669678
78261,58962,KCab-m,KCab-m_L,ab,1,0,13,12.374349510516575,0.5340136902524313,0.004060029983520508,0.0026775002479553223
78356,59031,KCab-s,KCab-s_R,ab,1,0,0,0.0,1.0,0.0,0.0
78359,59033,KCa'b'-ap2,KCa'b'-ap2_R,apbp,0,0,0,0.0,1.0,0.0,0.0
78361,59035,KCg-m,KCg-m_R,gamma,1,2,22,21.06913526601555,0.0,-0.003697335720062256,-0.005739152431488037
78363,59037,KCab-m,KCab-m_L,ab,1,0,21,20.789861987180544,0.21081863029000203,0.0044441819190979,0.004062294960021973
78379,59048,KCa'b'-ap2,KCa'b'-ap2_R,apbp,0,0,0,0.0,1.0,0.0,0.0
78458,59109,KCg-m,KCg-m_R,gamma,1,2,0,0.0,1.0,0.0,0.0
78476,59125,KCab-c,KCab-c_L,ab,1,0,2,2.0,0.0,-0.0005204677581787109,-0.0005204677581787109
78480,59129,KCa'b'-ap2,KCa'b'-ap2_R,apbp,0,0,0,0.0,1.0,0.0,0.0
78483,59132,KCg-m,KCg-m_L,gamma,1,2,4,4.0,0.2852407815963774,0.004750728607177734,0.004750728607177734
78494,59139,KCab-c,KCab-c_R,ab,1,0,72,70.91393358537492,0.505938045877143,-0.0065552592277526855,-0.008049428462982178
78512,59155,KCa'b'-ap2,KCa'b'-ap2_L,apbp,0,0,0,0.0,1.0,0.0,0.0
78514,59157,KCg-m,KCg-m_L,gamma,1,3,12,11.903488738262293,0.0,-0.0046964287757873535,-0.004668056964874268
78531,59172,KCab-m,KCab-m_R,ab,1,0,0,0.0,1.0,0.0,0.0
78544,59183,KCab-s,KCab-s_R,ab,2,0,3,2.9870096289832726,0.5731569820908471,-0.0029108524322509766,-0.0029174089431762695
78589,59215,KCab-s,KCab-s_R,ab,1,0,0,0.0,1.0,0.0,0.0
78747,59341,KCab-s,KCab-s_L,ab,2,0,0,0.0,1.0,0.0,0.0
78768,59359,KCg-d,KCg-d_R,gamma,1,2,0,0.0,1.0,0.0,0.0
78772,59363,KCab-c,KCab-c_R,ab,2,0,5,4.795577699076741,0.0,-0.0002052783966064453,-0.0010625123977661133
78803,59391,KCab-s,KCab-s_R,ab,1,0,4,4.0,0.0,-0.0015159249305725098,-0.0015159249305725098
78811,59397,KCg-m,KCg-m_R,gamma,1,2,30,29.2389079547054,0.0,-0.010272502899169922,-0.011033236980438232
78858,59433,KCg-m,KCg-m_R,gamma,1,3,77,74.3334305754226,0.0,-0.0010564923286437988,-0.00464177131652832
78862,59436,KCg-m,KCg-m_L,gamma,1,2,0,0.0,1.0,0.0,0.0
78872,59444,KCg-m,KCg-m_L,gamma,1,2,18,17.317590766404503,0.0,0.004982590675354004,0.004055440425872803
78880,59450,KCg-m,KCg-m_L,gamma,1,2,25,23.403786355510643,0.0,0.007905423641204834,0.004772543907165527
78909,59471,KCab-c,KCab-c_R,ab,1,0,4,3.5553202672648005,0.0536099058126745,0.0030801892280578613,0.001602470874786377
78920,59479,KCg-m,KCg-m_R,gamma,1,2,92,89.82983624791761,0.0,-0.004406988620758057,-0.006849467754364014
78924,59481,KCab-s,KCab-s_R,ab,1,0,26,25.722470300384998,0.1857163173777164,0.0024091005325317383,0.001961231231689453
78928,59485,KCab-s,KCab-s_R,ab,1,0,2,2.0,0.8313819833451916,-0.00017756223678588867,-0.00017756223678588867
78946,59501,KCab-s,KCab-s_R,ab,1,0,6,5.9776026800567,0.0,0.0028306245803833008,0.002835869789123535
78959,59511,KCab-m,KCab-m_R,ab,1,0,21,19.955885769459215,0.0,0.002726316452026367,0.0005166530609130859
78984,59531,KCab-s,KCab-s_R,ab,2,0,2,2.0,0.7186467431836243,5.626678466796875e-05,5.626678466796875e-05
78992,59538,KCg-m,KCg-m_L,gamma,1,2,179,176.2584110833468,0.0,-0.015009880065917969,-0.0178145170211792
78997,59542,KCa'b'-m,KCa'b'-m_R,apbp,0,0,0,0.0,1.0,0.0,0.0
79013,59555,KCab-m,KCab-m_L,ab,2,0,3,3.0,0.0,0.00865793228149414,0.00865793228149414
79038,59574,KCab-c,KCab-c_R,ab,1,0,0,0.0,1.0,0.0,0.0
79052,59586,KCa'b'-ap1,KCa'b'-ap1_L,apbp,0,0,3,2.9881409849223832,0.9000288380754455,0.0,0.0
79092,59615,KCab-c,KCab-c_R,ab,1,0,12,11.338389394790111,0.0,0.0006374120712280273,-0.00031685829162597656
79184,59684,KCab-p,KCab-p_R,ab,1,0,0,0.0,1.0,0.0,0.0
79199,59696,KCa'b'-ap2,KCa'b'-ap2_R,apbp,0,0,13,12.94480968113448,0.9031281648420608,0.0,0.0
79203,59700,KCab-c,KCab-c_R,ab,2,0,8,7.39279308502277,0.0,0.01063680648803711,0.006864070892333984
79218,59714,KCab-c,KCab-c_L,ab,1,0,0,0.0,1.0,0.0,0.0
79224,59719,KCa'b'-m,KCa'b'-m_L,apbp,1,0,0,0.0,1.0,0.0,0.0
79275,59758,KCg-m,KCg-m_L,gamma,1,2,51,49.59518178455672,0.0,-0.00030815601348876953,-0.0014036297798156738
79299,59778,KCab-s,KCab-s_L,ab,1,0,1,1.0,0.9306282010215724,-0.0009899735450744629,-0.0009899735450744629
79362,59832,KCg-s3,KCg-s3_R,gamma,1,2,12,11.859013856777374,0.6273127152642834,0.002256631851196289,0.00216829776763916
79364,59834,KCa'b'-ap1,KCa'b'-ap1_R,apbp,0,0,0,0.0,1.0,0.0,0.0
79372,59841,KCg-m,KCg-m_R,gamma,1,3,3,2.5093918191944273,0.0,-0.0008452534675598145,-0.002274036407470703
79419,59875,KCg-d,KCg-d_L,gamma,1,2,10,9.75746546851847,0.2472910412238697,-0.003054022789001465,-0.003539144992828369
79444,59893,KCg-m,KCg-m_R,gamma,1,2,5,4.827144687058645,0.0,0.0007827281951904297,0.00044476985931396484
79476,59918,KCa'b'-ap1,KCa'b'-ap1_R,apbp,1,0,3,2.9534794936657183,0.899946776442381,0.00046122074127197266,0.00034105777740478516
79504,59940,KCab-c,KCab-c_R,ab,1,0,32,31.40912406590443,0.0,-0.008448898792266846,-0.009208321571350098
79508,59943,KCab-s,KCab-s_R,ab,2,0,7,6.545172952337066,0.21745400811155996,-0.0015593767166137695,-0.004497885704040527
79522,59953,KCab-p,KCab-p_R,ab,1,0,0,0.0,1.0,0.0,0.0
79536,59962,KCab-s,KCab-s_R,ab,1,0,0,0.0,1.0,0.0,0.0
79562,59978,KCab-c,KCab-c_R,ab,2,0,27,26.862946817258738,0.3802063153326464,0.007104277610778809,0.006587386131286621
79590,59999,KCab-c,KCab-c_R,ab,1,0,6,5.999719759529819,0.5148587630835565,-0.006297707557678223,-0.006297111511230469
79622,60027,KCg-m,KCg-m_L,gamma,1,2,68,66.09676105460188,0.2939576393340296,-0.006173431873321533,-0.008969366550445557
79653,60053,KCg-m,KCg-m_R,gamma,1,2,6,6.0,0.0,5.453824996948242e-05,5.453824996948242e-05
79656,60055,KCa'b'-ap2,KCa'b'-ap2_L,apbp,0,0,0,0.0,1.0,0.0,0.0
79684,60080,KCa'b'-m,KCa'b'-m_R,apbp,1,0,0,0.0,1.0,0.0,0.0
79690,60085,KCg-m,KCg-m_L,gamma,1,2,130,127.84300840416617,0.0,-0.020527422428131104,-0.023041188716888428
79735,60120,KCab-c,KCab-c_R,ab,1,0,0,0.0,1.0,0.0,0.0
79761,60139,KCg-m,KCg-m_L,gamma,1,2,19,18.3895898673535,0.0,0.0007578134536743164,-4.0531158447265625e-05
79776,60151,KCg-m,KCg-m_L,gamma,1,2,28,27.223840210968675,0.11334656604536024,0.00365370512008667,0.0025873780250549316
79777,60152,KCab-c,KCab-c_R,ab,1,0,10,9.893768527554476,0.0,-0.005326807498931885,-0.005380809307098389
79783,60157,KCg-m,KCg-m_L,gamma,1,3,14,13.786295468022313,0.08921097586874213,0.0010269880294799805,0.0007749795913696289
79793,60165,KCa'b'-m,KCa'b'-m_L,apbp,1,0,0,0.0,1.0,0.0,0.0
79795,60167,KCab-m,KCab-m_L,ab,2,0,73,71.84500269625457,0.6599366304975488,0.0003771781921386719,-0.0025845766067504883
79821,60184,KCab-s,KCab-s_R,ab,2,0,0,0.0,1.0,0.0,0.0
79831,60193,KCab-c,KCab-c_L,ab,2,0,0,0.0,1.0,0.0,0.0
79832,60194,KCg-m,KCg-m_R,gamma,1,2,0,0.0,1.0,0.0,0.0
79846,60206,KCa'b'-m,KCa'b'-m_R,apbp,1,0,0,0.0,1.0,0.0,0.0
79860,60218,KCa'b'-m,KCa'b'-m_R,apbp,0,0,44,43.601114881734134,0.7053182813643232,0.0,0.0
79877,60232,KCab-c,KCab-c_R,ab,1,0,43,41.76815007864605,0.0,0.005756676197052002,0.003492593765258789
79893,60244,KCa'b'-ap2,KCa'b'-ap2_L,apbp,0,0,0,0.0,1.0,0.0,0.0
79899,60249,KCa'b'-ap2,KCa'b'-ap2_R,apbp,0,0,0,0.0,1.0,0.0,0.0
79911,60259,KCab-m,KCab-m_L,ab,1,0,51,49.99146904008856,0.26815631707279847,0.006155133247375488,0.004047513008117676
79920,60266,KCab-c,KCab-c_R,ab,1,0,1,1.0,0.8534155231797104,0.00189208984375,0.00189208984375
79931,60275,KCg-m,KCg-m_R,gamma,1,2,38,35.887794278186206,0.0,0.007946431636810303,0.004418790340423584
79945,60286,KCab-c,KCab-c_R,ab,2,0,62,60.94902481616659,0.2657727163650938,-0.017467141151428223,-0.0208357572555542
79950,60291,KCg-m,KCg-m_L,gamma,1,2,78,77.0556894974867,0.0,-0.012822985649108887,-0.013743162155151367
79972,60310,KCab-m,KCab-m_R,ab,1,0,2,2.0,0.6465375005120063,0.0031452178955078125,0.0031452178955078125
80009,60341,KCab-c,KCab-c_R,ab,2,0,2,2.0,0.39157007285506584,-0.00020742416381835938,-0.00020742416381835938
80013,60345,KCab-s,KCab-s_R,ab,2,0,6,5.9662380051639445,0.8090900066794939,0.0035494565963745117,0.0034891366958618164
80027,60355,KCg-m,KCg-m_R,gamma,1,3,0,0.0,1.0,0.0,0.0
80076,60392,KCab-m,KCab-m_L,ab,1,0,78,77.53123715041629,0.5290062982520297,0.009548604488372803,0.008756458759307861
80079,60395,KCg-m,KCg-m_R,gamma,1,2,23,22.13584480549384,0.0,0.00032651424407958984,-0.0008406639099121094
80082,60398,KCab-s,KCab-s_R,ab,2,0,12,11.512093897287917,0.0,-0.0033135414123535156,-0.005253434181213379
80083,60399,KCg-m,KCg-m_R,gamma,1,2,75,73.01319421378727,0.019540213350942415,0.00254213809967041,-0.0005775690078735352
80094,60410,KCg-m,KCg-m_L,gamma,1,2,46,44.778970917667834,0.0,-0.007115483283996582,-0.008934080600738525
80123,60434,KCg-m,KCg-m_R,gamma,1,2,23,22.653510206112898,0.0,-0.0031548142433166504,-0.003474116325378418
80128,60438,KCg-s4,KCg-s4_R,gamma,1,2,12,11.639267305924806,0.3074589849628754,0.0026645660400390625,0.0018265247344970703
80131,60441,KCab-s,KCab-s_R,ab,2,0,0,0.0,1.0,0.0,0.0
80143,60451,KCg-m,KCg-m_L,gamma,1,2,43,42.314133629725646,0.0,-0.013157188892364502,-0.013791978359222412
80155,60460,KCab-s,KCab-s_R,ab,1,0,42,41.016358400048986,0.3733218946217234,-0.0022873282432556152,-0.004091739654541016
80168,60466,KCab-c,KCab-c_R,ab,1,0,0,0.0,1.0,0.0,0.0
80172,60469,KCab-s,KCab-s_R,ab,1,0,2,2.0,0.783755956944064,-0.0018373727798461914,-0.0018373727798461914
80201,60492,KCab-s,KCab-s_R,ab,2,0,0,0.0,1.0,0.0,0.0
80274,60552,KCa'b'-m,KCa'b'-m_L,apbp,0,0,0,0.0,1.0,0.0,0.0
80309,60580,KCab-m,KCab-m_L,ab,1,0,0,0.0,1.0,0.0,0.0
80325,60590,KCg-m,KCg-m_L,gamma,1,2,50,48.35551862700285,0.0,0.013812780380249023,0.011650800704956055
80348,60609,KCab-m,KCab-m_L,ab,1,0,66,64.99939934504616,0.4180902171513073,0.0014181137084960938,-0.0002257823944091797
80380,60633,KCg-m,KCg-m_L,gamma,1,2,54,53.25378024418887,0.6794585196717949,-0.0036815404891967773,-0.004592239856719971
80382,60635,KCab-c,KCab-c_R,ab,1,0,0,0.0,1.0,0.0,0.0
80395,60647,KCab-c,KCab-c_L,ab,1,0,16,15.821174062381438,0.07272983276278068,-0.013422131538391113,-0.013683140277862549
80397,60649,KCg-m,KCg-m_R,gamma,1,2,11,10.704845549549372,0.0,-0.0019620656967163086,-0.002268075942993164
80409,60658,KCab-m,KCab-m_L,ab,2,0,3,3.0,0.5159119056878638,-0.0028609037399291992,-0.0028609037399291992
80532,60757,KCg-m,KCg-m_L,gamma,1,2,12,11.656933510443132,0.0,-0.003404855728149414,-0.0037553906440734863
80539,60761,KCab-s,KCab-s_R,ab,1,0,11,10.923270689951657,0.7752921650672849,0.0038111209869384766,0.0037105679512023926
80543,60765,KCab-p,KCab-p_R,ab,1,0,0,0.0,1.0,0.0,0.0
80562,60779,KCab-s,KCab-s_R,ab,2,0,0,0.0,1.0,0.0,0.0
80566,60783,KCa'b'-ap2,KCa'b'-ap2_L,apbp,0,0,2,2.0,0.7191092230314706,0.0,0.0
80611,60817,KCa'b'-ap1,KCa'b'-ap1_L,apbp,0,0,1,1.0,0.869692984669693,0.0,0.0
80612,60818,KCab-p,KCab-p_L,ab,1,0,0,0.0,1.0,0.0,0.0
80614,60819,KCg-m,KCg-m_R,gamma,1,2,1,1.0,0.12356217835107257,-0.00035506486892700195,-0.00035506486892700195
80637,60830,KCa'b'-ap2,KCa'b'-ap2_R,apbp,0,0,1,1.0,0.9436150155681718,0.0,0.0
80663,60848,KCg-m,KCg-m_L,gamma,1,2,18,17.767189715249003,0.0,-0.004174411296844482,-0.004344642162322998
80704,60882,KCg-m,KCg-m_L,gamma,1,2,30,29.537902459254916,0.0,-0.004835963249206543,-0.005298495292663574
80708,60885,KCg-m,KCg-m_L,gamma,1,3,11,10.632511252212312,0.14050470466145162,-0.0008878707885742188,-0.0014939308166503906
80733,60906,KCab-c,KCab-c_R,ab,1,0,0,0.0,1.0,0.0,0.0
80735,60908,KCa'b'-m,KCa'b'-m_L,apbp,1,0,4,3.924060211240377,0.8728875467340126,0.003728210926055908,0.0035486817359924316
80747,60917,KCab-s,KCab-s_L,ab,1,0,0,0.0,1.0,0.0,0.0
80779,60941,KCg-m,KCg-m_L,gamma,1,2,24,23.492126187561688,0.0,-0.000659942626953125,-0.0012006163597106934
80814,60970,KCab-m,KCab-m_L,ab,1,0,5,4.8256341089448505,0.058922644191284845,0.001318812370300293,0.000991225242614746
80832,60987,KCa'b'-ap1,KCa'b'-ap1_R,apbp,0,0,0,0.0,1.0,0.0,0.0
80905,61044,KCg-d,KCg-d_L,gamma,1,2,0,0.0,1.0,0.0,0.0
80918,61054,KCab-c,KCab-c_L,ab,1,0,1,1.0,0.9420598505839325,-0.0029063820838928223,-0.0029063820838928223
80924,61060,KCg-d,KCg-d_L,gamma,1,2,0,0.0,1.0,0.0,0.0
80970,61102,KCg-m,KCg-m_L,gamma,1,2,13,12.691210489582586,0.0,0.005703926086425781,0.005289196968078613
80978,61106,KCab-m,KCab-m_R,ab,1,0,45,44.039456030432106,0.0,0.007990419864654541,0.006398200988769531
81000,61127,KCg-m,KCg-m_R,gamma,1,2,35,34.28033248730701,0.0,0.0065441131591796875,0.005548715591430664
81001,61128,KCg-m,KCg-m_L,gamma,1,2,8,7.708156088587867,0.09857954972812948,0.008414030075073242,0.007898569107055664
81004,61131,KCg-m,KCg-m_R,gamma,1,2,62,60.27504300312244,0.0,0.0024912357330322266,0.00031572580337524414
81005,61132,KCg-m,KCg-m_R,gamma,1,3,33,31.07230068595469,0.0,-0.0009625554084777832,-0.0048239827156066895
81049,61170,KCab-p,KCab-p_R,ab,1,0,0,0.0,1.0,0.0,0.0
81053,61173,KCab-m,KCab-m_R,ab,1,0,8,7.614442510377146,0.0,-0.0004627108573913574,-0.0013251900672912598
81056,61176,KCg-d,KCg-d_R,gamma,1,2,0,0.0,1.0,0.0,0.0
81093,61211,KCg-m,KCg-m_L,gamma,1,2,1,1.0,0.0,-0.0020525455474853516,-0.0020525455474853516
81095,61213,KCa'b'-ap2,KCa'b'-ap2_R,apbp,1,0,0,0.0,1.0,0.0,0.0
81129,61241,KCa'b'-m,KCa'b'-m_L,apbp,1,0,8,7.6435628236043485,0.49353668366895853,3.993511199951172e-05,-0.0006208419799804688
81141,61252,KCab-s,KCab-s_R,ab,2,0,0,0.0,1.0,0.0,0.0
81143,61254,KCg-m,KCg-m_L,gamma,1,2,6,5.922470430117837,0.0,0.005491733551025391,0.005411505699157715
81177,61286,KCg-d,KCg-d_R,gamma,1,2,0,0.0,1.0,0.0,0.0
81187,61295,KCa'b'-m,KCa'b'-m_R,apbp,0,0,0,0.0,1.0,0.0,0.0
81197,61305,KCab-m,KCab-m_R,ab,1,0,0,0.0,1.0,0.0,0.0
81202,61309,KCab-s,KCab-s_R,ab,2,0,1,1.0,0.09139494833374842,-0.0014411211013793945,-0.0014411211013793945
81203,61310,KCab-p,KCab-p_R,ab,1,0,0,0.0,1.0,0.0,0.0
81207,61313,KCab-s,KCab-s_R,ab,2,0,1,1.0,0.0,-0.0008424520492553711,-0.0008424520492553711
81233,61335,KCg-m,KCg-m_R,gamma,1,2,23,22.272573836910926,0.0,-0.002717733383178711,-0.003365635871887207
81239,61340,KCa'b'-m,KCa'b'-m_R,apbp,0,0,0,0.0,1.0,0.0,0.0
81251,61351,KCg-m,KCg-m_L,gamma,1,2,4,3.6690591980727176,0.34924586433448146,0.004160761833190918,0.003483295440673828
81273,61365,KCa'b'-ap2,KCa'b'-ap2_R,apbp,1,0,0,0.0,1.0,0.0,0.0
81278,61368,KCab-c,KCab-c_L,ab,1,0,54,52.45938880792522,0.32125707174273294,0.019338130950927734,0.016075491905212402
81338,61421,KCg-m,KCg-m_L,gamma,1,2,0,0.0,1.0,0.0,0.0
81348,61430,KCa'b'-m,KCa'b'-m_R,apbp,1,0,0,0.0,1.0,0.0,0.0
81349,61431,KCg-m,KCg-m_L,gamma,1,2,59,57.921253664811374,0.3873225162861295,-0.018382668495178223,-0.01991325616836548
81369,61448,KCg-m,KCg-m_L,gamma,1,2,6,6.0,0.0,-0.0030216574668884277,-0.0030216574668884277
81374,61453,KCg-m,KCg-m_L,gamma,1,2,21,20.16908089319593,0.0,0.004382193088531494,0.0029798150062561035
81377,61455,KCab-m,KCab-m_R,ab,2,0,6,6.0,0.0,-0.010992646217346191,-0.010992646217346191
81385,61460,KCg-m,KCg-m_L,gamma,1,2,13,12.641922134705487,0.0,-0.0012506842613220215,-0.0017141103744506836
81427,61492,KCg-m,KCg-m_R,gamma,1,2,212,209.40049468365154,0.0,-0.007338166236877441,-0.010287165641784668
81453,61508,KCab-c,KCab-c_R,ab,1,0,58,57.10693090722036,0.21404738212000776,-0.010475575923919678,-0.011643826961517334
81492,61540,KCa'b'-ap2,KCa'b'-ap2_L,apbp,0,0,0,0.0,1.0,0.0,0.0
81502,61549,KCg-m,KCg-m_L,gamma,1,2,0,0.0,1.0,0.0,0.0
81506,61552,KCg-m,KCg-m_R,gamma,1,2,0,0.0,1.0,0.0,0.0
81563,61595,KCg-m,KCg-m_R,gamma,1,2,6,5.528695262091875,0.0,0.0003040432929992676,-0.0005674958229064941
81577,61607,KCg-d,KCg-d_L,gamma,1,2,0,0.0,1.0,0.0,0.0
81589,61616,KCab-m,KCab-m_L,ab,1,0,4,4.0,0.0,-0.006351590156555176,-0.006351590156555176
81601,61625,KCg-m,KCg-m_R,gamma,1,3,37,35.897226038641634,0.0,0.004345059394836426,0.003009617328643799
81606,61628,KCg-m,KCg-m_R,gamma,1,2,0,0.0,1.0,0.0,0.0
81628,61649,KCg-m,KCg-m_R,gamma,1,2,32,31.430149805279797,0.0,0.002385258674621582,0.0018379688262939453
81630,61651,KCg-m,KCg-m_L,gamma,1,2,23,21.778534434174137,0.0,0.0009725689888000488,-0.001255333423614502
81631,61652,KCab-p,KCab-p_L,ab,1,0,0,0.0,1.0,0.0,0.0
81645,61660,KCab-c,KCab-c_L,ab,1,0,4,3.7073257957368897,0.5869572851755619,0.0015301108360290527,0.000866234302520752
81651,61663,KCg-m,KCg-m_R,gamma,1,2,27,26.03648813593696,0.0,0.0003247857093811035,-0.0013954639434814453
81656,61667,KCg-d,KCg-d_R,gamma,1,2,0,0.0,1.0,0.0,0.0
81657,61668,KCab-m,KCab-m_R,ab,1,0,2,2.0,0.0,-0.0035010576248168945,-0.0035010576248168945
81671,61680,KCg-m,KCg-m_L,gamma,1,2,0,0.0,1.0,0.0,0.0
81700,61698,KCab-m,KCab-m_R,ab,1,0,48,47.04375903745681,0.2910043152337725,0.0023750662803649902,0.0007537007331848145
81740,61726,KCg-m,KCg-m_L,gamma,1,2,2,2.0,0.2779401101124448,0.00021034479141235352,0.00021034479141235352
81781,61760,KCg-d,KCg-d_L,gamma,1,2,0,0.0,1.0,0.0,0.0
81820,61794,KCg-m,KCg-m_R,gamma,1,3,75,73.82082503962413,0.0,-0.01868903636932373,-0.019981563091278076
81851,61817,KCab-s,KCab-s_R,ab,1,0,2,1.9841291048803131,0.8921648494469733,0.0002821683883666992,0.0002777576446533203
81885,61846,KCab-p,KCab-p_R,ab,1,0,0,0.0,1.0,0.0,0.0
81925,61876,KCab-s,KCab-s_L,ab,2,0,6,5.842120287499105,0.29628339492824907,-0.0046607255935668945,-0.0051888227462768555
81934,61885,KCab-c,KCab-c_R,ab,1,0,5,5.0,0.5165166188803336,-0.00464177131652832,-0.00464177131652832
81956,61901,KCa'b'-m,KCa'b'-m_L,apbp,0,0,0,0.0,1.0,0.0,0.0
81967,61910,KCg-m,KCg-m_R,gamma,1,2,68,66.3708207485045,0.0,0.002779543399810791,0.0012843012809753418
81968,61911,KCab-c,KCab-c_L,ab,1,0,18,17.69381971098417,0.0,-0.006561636924743652,-0.007031619548797607
81976,61919,KCa'b'-ap2,KCa'b'-ap2_L,apbp,0,0,0,0.0,1.0,0.0,0.0
81979,61922,KCa'b'-ap2,KCa'b'-ap2_R,apbp,1,0,7,6.989922586376638,0.8438802381286318,-0.0021581649780273438,-0.002162635326385498
82025,61955,KCa'b'-m,KCa'b'-m_R,apbp,1,0,3,3.0,0.07396244484792802,0.00028067827224731445,0.00028067827224731445
82028,61958,KCa'b'-ap2,KCa'b'-ap2_L,apbp,0,0,59,58.816907983593744,0.9380218247233467,0.0,0.0
82062,61984,KCab-m,KCab-m_R,ab,1,0,29,28.583093235155367,0.02687891294718677,-0.007568538188934326,-0.008251726627349854
82068,61989,KCab-s,KCab-s_R,ab,1,0,0,0.0,1.0,0.0,0.0
82118,62032,KCg-m,KCg-m_R,gamma,1,2,90,87.11355813351307,0.0,-0.003575563430786133,-0.007363438606262207
82132,62045,KCg-m,KCg-m_R,gamma,1,2,38,35.99857113206397,0.0,-0.003487884998321533,-0.006428122520446777
82161,62068,KCg-m,KCg-m_R,gamma,1,2,13,12.680609211331642,0.0,-0.003103971481323242,-0.0033670663833618164
82188,62093,KCg-m,KCg-m_R,gamma,1,2,99,95.97016490893753,0.0,-0.01175004243850708,-0.015560746192932129
82192,62096,KCg-m,KCg-m_L,gamma,1,2,0,0.0,1.0,0.0,0.0
82210,62110,KCab-c,KCab-c_R,ab,1,0,0,0.0,1.0,0.0,0.0
82225,62119,KCa'b'-ap1,KCa'b'-ap1_R,apbp,0,0,3,3.0,0.8258378204951939,0.0,0.0
82284,62164,KCg-m,KCg-m_R,gamma,1,2,3,2.721881265125727,0.0,0.0016838312149047852,0.0009380578994750977
82292,62170,KCg-m,KCg-m_L,gamma,1,2,30,28.893382648131496,0.0,0.00495988130569458,0.003007948398590088
82296,62174,KCa'b'-ap2,KCa'b'-ap2_R,apbp,0,0,0,0.0,1.0,0.0,0.0
82315,62189,KCab-c,KCab-c_R,ab,1,0,0,0.0,1.0,0.0,0.0
82319,62192,KCab-c,KCab-c_L,ab,1,0,0,0.0,1.0,0.0,0.0
82358,62223,KCab-s,KCab-s_R,ab,1,0,0,0.0,1.0,0.0,0.0
82386,62250,KCg-m,KCg-m_R,gamma,1,2,75,73.03700270172207,0.0,0.0004392266273498535,-0.0024079084396362305
82399,62262,KCg-m,KCg-m_L,gamma,1,2,0,0.0,1.0,0.0,0.0
82440,62299,KCg-m,KCg-m_R,gamma,1,2,131,127.33348335246825,0.0,0.010622024536132812,0.005361735820770264
82460,62314,KCa'b'-ap1,KCa'b'-ap1_L,apbp,0,0,0,0.0,1.0,0.0,0.0
82472,62324,KCab-c,KCab-c_R,ab,1,0,2,1.918494051080218,0.7875142521053298,0.0015130043029785156,0.0013309717178344727
82474,62326,KCa'b'-m,KCa'b'-m_R,apbp,1,0,0,0.0,1.0,0.0,0.0
82480,62330,KCa'b'-m,KCa'b'-m_L,apbp,0,0,4,4.0,0.26126284617314965,0.0,0.0
82538,62375,KCab-m,KCab-m_R,ab,1,0,1,1.0,0.7489205865521058,-0.0010165572166442871,-0.0010165572166442871
82543,62380,KCg-m,KCg-m_L,gamma,1,2,37,35.323767295405425,0.1700001993646702,0.0049591064453125,0.002602219581604004
82570,62403,KCa'b'-ap2,KCa'b'-ap2_R,apbp,0,0,0,0.0,1.0,0.0,0.0
82582,62413,KCg-m,KCg-m_R,gamma,1,2,17,16.07238899519862,0.25400896290492225,0.00340193510055542,0.0017521381378173828
82594,62424,KCab-s,KCab-s_L,ab,1,0,1,1.0,0.7191829820171621,-0.004395842552185059,-0.004395842552185059
82635,62454,KCab-s,KCab-s_R,ab,2,0,20,19.883111679478688,0.6569318758597108,-0.010142326354980469,-0.010462641716003418
82646,62462,KCg-m,KCg-m_L,gamma,1,2,1,1.0,0.046291623797318306,-0.00027114152908325195,-0.00027114152908325195
82648,62463,KCa'b'-m,KCa'b'-m_R,apbp,1,0,0,0.0,1.0,0.0,0.0
82652,62466,KCab-m,KCab-m_R,ab,1,0,0,0.0,1.0,0.0,0.0
82672,62485,KCg-m,KCg-m_L,gamma,1,2,2,2.0,0.24835230664701619,9.131431579589844e-05,9.131431579589844e-05
82673,62486,KCab-s,KCab-s_R,ab,1,0,8,7.97642038823523,0.0,-0.010474920272827148,-0.010420501232147217
82693,62503,KCg-m,KCg-m_L,gamma,1,2,0,0.0,1.0,0.0,0.0
82728,62532,KCg-d,KCg-d_L,gamma,1,2,0,0.0,1.0,0.0,0.0
82744,62545,KCa'b'-m,KCa'b'-m_R,apbp,1,0,2,1.9753897235368392,0.5632188271432333,-0.0011184215545654297,-0.0010908842086791992
82761,62558,KCg-m,KCg-m_L,gamma,1,3,79,77.57682726964667,0.0,-0.0059934258460998535,-0.008122503757476807
82789,62579,KCab-s,KCab-s_R,ab,1,0,0,0.0,1.0,0.0,0.0
82798,62585,KCab-s,KCab-s_R,ab,1,0,4,3.997864127791864,0.7522455353048719,-0.004924952983856201,-0.004922389984130859
82804,62589,KCa'b'-m,KCa'b'-m_L,apbp,0,0,0,0.0,1.0,0.0,0.0
82895,62664,KCg-m,KCg-m_R,gamma,1,2,8,7.7123904233279,0.0,0.0002307295799255371,-0.0002040266990661621
82904,62672,KCg-m,KCg-m_L,gamma,1,2,3,3.0,0.04550825832609091,-0.004598796367645264,-0.004598796367645264
82906,62674,KCa'b'-m,KCa'b'-m_R,apbp,1,0,48,47.52176593730895,0.6102397574163129,0.0023668408393859863,0.0015772581100463867
82911,62679,KCab-c,KCab-c_R,ab,1,0,0,0.0,1.0,0.0,0.0
82939,62701,KCg-m,KCg-m_R,gamma,1,2,132,128.36953083649428,0.2635945903198589,-0.005957305431365967,-0.01038140058517456
82996,62750,KCg-m,KCg-m_L,gamma,1,2,16,15.466859799037202,0.2024326398234814,0.0035493969917297363,0.0028148293495178223
83052,62789,KCab-p,KCab-p_R,ab,2,0,0,0.0,1.0,0.0,0.0
83058,62793,KCg-m,KCg-m_L,gamma,1,2,43,42.30893661994407,0.04514736828753514,-0.0034272074699401855,-0.00411832332611084
83072,62803,KCa'b'-m,KCa'b'-m_L,apbp,0,0,10,9.881719464409754,0.7347120656717185,0.0,0.0
83089,62815,KCab-m,KCab-m_L,ab,2,0,45,44.158234667659315,0.4000039300114829,-0.009182214736938477,-0.011238932609558105
83091,62816,KCab-m,KCab-m_L,ab,2,0,7,6.875459707089745,0.35435084213256823,-0.0032434463500976562,-0.0035920143127441406
83094,62819,KCab-m,KCab-m_R,ab,1,0,18,17.401759263794386,0.3458007906012261,0.00029081106185913086,-0.0008028149604797363
83095,62820,KCab-m,KCab-m_L,ab,2,0,80,79.1931819097822,0.4285570932827077,0.015186786651611328,0.01295924186706543
83108,62827,KCab-m,KCab-m_L,ab,1,0,4,4.0,0.0,-0.003421962261199951,-0.003421962261199951
83121,62838,KCab-c,KCab-c_L,ab,1,0,7,6.839235432877214,0.6909148761000677,-0.00470423698425293,-0.004900455474853516
83162,62868,KCg-m,KCg-m_R,gamma,1,2,4,3.761109236074014,0.0,0.0004502534866333008,8.106231689453125e-06
83166,62872,KCa'b'-ap2,KCa'b'-ap2_L,apbp,0,0,0,0.0,1.0,0.0,0.0
83168,62874,KCab-s,KCab-s_R,ab,1,0,19,18.866153893240615,0.720416505375337,0.0030972957611083984,0.002764880657196045
83181,62884,KCab-s,KCab-s_R,ab,2,0,0,0.0,1.0,0.0,0.0
83221,62918,KCa'b'-ap2,KCa'b'-ap2_R,apbp,1,0,2,2.0,0.9036453299845518,-0.0015730857849121094,-0.0015730857849121094
83270,62957,KCg-m,KCg-m_L,gamma,1,2,2,2.0,0.3210121235737986,0.0033229589462280273,0.0033229589462280273
83278,62964,KCab-m,KCab-m_R,ab,1,0,22,21.785245649866976,0.07184796035391969,0.00018554925918579102,-8.428096771240234e-05
83329,63002,KCab-m,KCab-m_R,ab,1,0,0,0.0,1.0,0.0,0.0
83341,63012,KCg-m,KCg-m_R,gamma,1,2,84,81.91039272260826,0.044053227830804946,0.001956641674041748,-0.0009818673133850098
83352,63021,KCab-c,KCab-c_L,ab,0,0,22,21.80115938283317,0.8209864598640889,0.0,0.0
83360,63029,KCg-m,KCg-m_R,gamma,1,2,0,0.0,1.0,0.0,0.0
83371,63038,KCg-m,KCg-m_L,gamma,1,2,16,15.586813803188834,0.0,-0.00042307376861572266,-0.0006885528564453125
83392,63057,KCab-m,KCab-m_R,ab,1,0,0,0.0,1.0,0.0,0.0
83413,63071,KCab-c,KCab-c_L,ab,2,0,31,30.429493288108677,0.45936845973907936,0.006691455841064453,0.004571676254272461
83418,63074,KCab-c,KCab-c_R,ab,1,0,1,1.0,0.6740580668996066,0.0002630949020385742,0.0002630949020385742
83456,63102,KCa'b'-m,KCa'b'-m_L,apbp,0,0,21,20.762403988176796,0.7005401752895601,0.0,0.0
83481,63123,KCa'b'-m,KCa'b'-m_L,apbp,0,0,0,0.0,1.0,0.0,0.0
83489,63130,KCab-s,KCab-s_L,ab,2,0,0,0.0,1.0,0.0,0.0
83494,63135,KCg-m,KCg-m_R,gamma,1,2,90,86.83883087363515,0.0,-0.006110727787017822,-0.010594606399536133
83557,63184,KCab-m,KCab-m_R,ab,2,0,29,28.01697144630966,0.17195882721908282,0.012600541114807129,0.00885021686553955
83563,63189,KCab-c,KCab-c_R,ab,1,0,0,0.0,1.0,0.0,0.0
83576,63198,KCg-m,KCg-m_R,gamma,1,2,0,0.0,1.0,0.0,0.0
83584,63206,KCg-d,KCg-d_R,gamma,1,2,0,0.0,1.0,0.0,0.0
83604,63221,KCab-s,KCab-s_R,ab,1,0,0,0.0,1.0,0.0,0.0
83608,63223,KCg-m,KCg-m_R,gamma,1,2,123,119.0078516287949,0.0,-0.0013431906700134277,-0.007058978080749512
83611,63224,KCa'b'-ap2,KCa'b'-ap2_L,apbp,0,0,0,0.0,1.0,0.0,0.0
83612,63225,KCab-c,KCab-c_R,ab,1,0,7,7.0,0.48842119152543717,0.0003476738929748535,0.0003476738929748535
83624,63234,KCab-s,KCab-s_R,ab,1,0,4,4.0,0.7252175508328874,-0.004119873046875,-0.004119873046875
83632,63241,KCab-c,KCab-c_R,ab,1,0,0,0.0,1.0,0.0,0.0
83656,63260,KCab-m,KCab-m_L,ab,2,0,0,0.0,1.0,0.0,0.0
83678,63279,KCa'b'-ap2,KCa'b'-ap2_L,apbp,1,0,0,0.0,1.0,0.0,0.0
83684,63285,KCab-s,KCab-s_R,ab,2,0,22,21.773504984488245,0.3834270124725547,-1.3589859008789062e-05,-0.0010547637939453125
83691,63291,KCg-m,KCg-m_L,gamma,1,2,0,0.0,1.0,0.0,0.0
83715,63312,KCa'b'-ap2,KCa'b'-ap2_R,apbp,1,0,0,0.0,1.0,0.0,0.0
83737,63327,KCa'b'-ap2,KCa'b'-ap2_R,apbp,0,0,80,79.68597801514777,0.7690298644128254,0.0,0.0
83743,63333,KCab-s,KCab-s_R,ab,1,0,3,3.0,0.0,0.002025127410888672,0.002025127410888672
83777,63357,KCa'b'-ap1,KCa'b'-ap1_L,apbp,0,0,0,0.0,1.0,0.0,0.0
83783,63361,KCg-m,KCg-m_L,gamma,1,2,11,10.656198135792522,0.0,-0.00024062395095825195,-0.0009819269180297852
83807,63377,KCab-c,KCab-c_R,ab,0,0,0,0.0,1.0,0.0,0.0
83820,63384,KCg-m,KCg-m_R,gamma,1,2,4,4.0,0.0,-0.002177000045776367,-0.002177000045776367
83833,63395,KCg-m,KCg-m_R,gamma,1,2,0,0.0,1.0,0.0,0.0
83835,63397,KCab-m,KCab-m_R,ab,1,0,116,114.39981432212767,0.07921003013352579,-0.003883957862854004,-0.00593113899230957
83894,63446,KCa'b'-m,KCa'b'-m_R,apbp,0,0,0,0.0,1.0,0.0,0.0
83914,63463,KCab-c,KCab-c_L,ab,1,0,0,0.0,1.0,0.0,0.0
83921,63469,KCg-m,KCg-m_R,gamma,1,3,0,0.0,1.0,0.0,0.0
83924,63472,KCab-p,KCab-p_R,ab,1,0,0,0.0,1.0,0.0,0.0
83961,63498,KCab-s,KCab-s_R,ab,1,0,0,0.0,1.0,0.0,0.0
83965,63501,KCg-m,KCg-m_L,gamma,1,2,57,55.384197439707656,0.019856905080814186,-0.00043636560440063477,-0.0027334094047546387
83978,63512,KCab-s,KCab-s_L,ab,1,0,1,1.0,0.867262217798461,0.0017852783203125,0.0017852783203125
83989,63522,KCab-s,KCab-s_L,ab,2,0,0,0.0,1.0,0.0,0.0
84007,63536,KCg-m,KCg-m_R,gamma,1,2,72,70.37357411402776,0.0,-0.0014333724975585938,-0.002747833728790283
84011,63540,KCg-d,KCg-d_R,gamma,1,2,0,0.0,1.0,0.0,0.0
84037,63561,KCa'b'-ap2,KCa'b'-ap2_L,apbp,1,0,0,0.0,1.0,0.0,0.0
84131,63637,KCa'b'-ap2,KCa'b'-ap2_L,apbp,0,0,0,0.0,1.0,0.0,0.0
84137,63643,KCa'b'-ap2,KCa'b'-ap2_R,apbp,0,0,0,0.0,1.0,0.0,0.0
84241,63724,KCab-c,KCab-c_L,ab,1,0,0,0.0,1.0,0.0,0.0
84244,63727,KCa'b'-ap1,KCa'b'-ap1_L,apbp,0,0,0,0.0,1.0,0.0,0.0
84247,63730,KCa'b'-ap2,KCa'b'-ap2_L,apbp,0,0,0,0.0,1.0,0.0,0.0
84278,63759,KCab-s,KCab-s_R,ab,1,0,0,0.0,1.0,0.0,0.0
84295,63772,KCab-s,KCab-s_R,ab,1,0,19,18.746452961067067,0.7510035090301592,0.0011199712753295898,0.0008063316345214844
84299,63775,KCab-m,KCab-m_L,ab,2,0,2,1.9012592613452668,0.8036051498620916,-0.0005309581756591797,-0.0008697509765625
84319,63791,KCg-m,KCg-m_L,gamma,1,2,62,60.3989371991226,0.0,-0.005666851997375488,-0.007133960723876953
84334,63802,KCab-s,KCab-s_R,ab,1,0,0,0.0,1.0,0.0,0.0
84335,63803,KCab-m,KCab-m_L,ab,1,0,10,9.652198450954689,0.42986049613253635,0.0009592771530151367,0.0002880692481994629
84353,63818,KCab-c,KCab-c_L,ab,1,0,0,0.0,1.0,0.0,0.0
84400,63854,KCg-m,KCg-m_L,gamma,1,2,26,25.508371396648652,0.0,-0.006074070930480957,-0.006483733654022217
84446,63893,KCg-m,KCg-m_L,gamma,1,2,0,0.0,1.0,0.0,0.0
84472,63913,KCab-p,KCab-p_L,ab,1,0,0,0.0,1.0,0.0,0.0
84485,63925,KCab-m,KCab-m_R,ab,1,0,4,3.3756279003073058,0.0872962947695401,0.0028041601181030273,0.0016008615493774414
84498,63935,KCa'b'-ap2,KCa'b'-ap2_R,apbp,1,0,0,0.0,1.0,0.0,0.0
84536,63966,KCa'b'-ap2,KCa'b'-ap2_L,apbp,0,0,0,0.0,1.0,0.0,0.0
84598,64016,KCab-m,KCab-m_L,ab,1,0,68,67.35157990040963,0.6299250322172375,-0.0009109973907470703,-0.0018554925918579102
84602,64019,KCa'b'-m,KCa'b'-m_L,apbp,0,0,0,0.0,1.0,0.0,0.0
84628,64039,KCg-d,KCg-d_R,gamma,1,2,0,0.0,1.0,0.0,0.0
84638,64048,KCab-m,KCab-m_R,ab,1,0,20,19.007447679040066,0.4223084253850416,-0.004773616790771484,-0.006410419940948486
84641,64051,KCab-s,KCab-s_R,ab,2,0,0,0.0,1.0,0.0,0.0
84657,64061,KCa'b'-ap2,KCa'b'-ap2_L,apbp,0,0,0,0.0,1.0,0.0,0.0
84664,64067,KCg-m,KCg-m_R,gamma,1,2,0,0.0,1.0,0.0,0.0
84765,64146,KCab-s,KCab-s_R,ab,1,0,0,0.0,1.0,0.0,0.0
84777,64157,KCab-s,KCab-s_R,ab,2,0,9,8.97030579417125,0.6262010060656376,-0.0071299076080322266,-0.0072307586669921875
84811,64184,KCab-s,KCab-s_R,ab,2,0,14,13.621582406805674,0.0,0.0015708208084106445,0.000491023063659668
84822,64193,KCab-s,KCab-s_L,ab,1,0,3,3.0,0.7426962424908691,-0.003604590892791748,-0.003604590892791748
84884,64238,KCg-m,KCg-m_L,gamma,1,2,37,36.43255048767796,0.0,-0.017512857913970947,-0.017925798892974854
84902,64253,KCab-c,KCab-c_R,ab,1,0,0,0.0,1.0,0.0,0.0
84926,64271,KCg-m,KCg-m_L,gamma,1,2,2,2.0,0.0,-0.00402909517288208,-0.00402909517288208
84929,64273,KCab-m,KCab-m_R,ab,2,0,72,71.28383238855463,0.7078610559644708,0.007828712463378906,0.005854368209838867
84932,64276,KCg-m,KCg-m_L,gamma,1,2,160,157.28402721819643,0.5441434899208664,-0.024588942527770996,-0.027597010135650635
84941,64281,KCab-m,KCab-m_R,ab,1,0,0,0.0,1.0,0.0,0.0
84972,64310,KCg-m,KCg-m_R,gamma,1,2,18,16.684537216533585,0.0,0.002973794937133789,0.0007077455520629883
84974,64312,KCab-m,KCab-m_R,ab,1,0,30,29.610907935945427,0.315734663644414,-0.0021820664405822754,-0.002936720848083496
84987,64323,KCg-m,KCg-m_L,gamma,1,2,21,20.202186556130176,0.0,0.0005176067352294922,-0.0001754164695739746
84989,64325,KCg-m,KCg-m_L,gamma,1,2,4,3.914575925398489,0.2131703298549556,-0.001128077507019043,-0.0012215375900268555
84991,64327,KCab-s,KCab-s_R,ab,2,0,0,0.0,1.0,0.0,0.0
85012,64342,KCab-c,KCab-c_R,ab,1,0,1,1.0,0.0,0.00041937828063964844,0.00041937828063964844
85017,64345,KCab-c,KCab-c_R,ab,2,0,30,29.171687537034888,0.3269413461747877,0.0030078887939453125,0.001463174819946289
85033,64359,KCab-p,KCab-p_R,ab,1,0,0,0.0,1.0,0.0,0.0
85054,64375,KCab-m,KCab-m_R,ab,1,0,62,61.23149365373629,0.0,-0.012118756771087646,-0.013551473617553711
85091,64406,KCg-m,KCg-m_L,gamma,1,2,0,0.0,1.0,0.0,0.0
85110,64422,KCab-s,KCab-s_R,ab,2,0,17,16.582899801255078,0.0,-0.011006951332092285,-0.012303352355957031
85121,64431,KCg-m,KCg-m_L,gamma,1,2,14,13.49147353774399,0.0,-0.006388664245605469,-0.007334887981414795
85137,64442,KCg-m,KCg-m_R,gamma,1,3,110,107.1463090153227,0.0,-0.0053997039794921875,-0.00870215892791748
85141,64444,KCg-m,KCg-m_R,gamma,1,2,209,206.76902553626607,0.0,-0.0029336214065551758,-0.005638778209686279
85213,64497,KCg-d,KCg-d_L,gamma,1,2,0,0.0,1.0,0.0,0.0
85216,64499,KCg-m,KCg-m_L,gamma,1,2,100,97.30974144951156,0.0,-0.024730324745178223,-0.027684807777404785
85242,64519,KCa'b'-m,KCa'b'-m_R,apbp,0,0,0,0.0,1.0,0.0,0.0
85257,64529,KCab-s,KCab-s_R,ab,1,0,0,0.0,1.0,0.0,0.0
85321,64578,KCab-s,KCab-s_R,ab,2,0,3,2.762102331613038,0.4885430367592211,0.003156423568725586,0.002101898193359375
85325,64582,KCg-m,KCg-m_L,gamma,1,2,1,1.0,0.0,-0.002521514892578125,-0.002521514892578125
85340,64594,KCg-m,KCg-m_L,gamma,1,2,17,16.33016130710713,0.0,-0.003073751926422119,-0.003957927227020264
85342,64596,KCab-s,KCab-s_R,ab,2,0,0,0.0,1.0,0.0,0.0
85349,64601,KCg-d,KCg-d_R,gamma,1,2,0,0.0,1.0,0.0,0.0
85368,64617,KCg-d,KCg-d_L,gamma,1,2,0,0.0,1.0,0.0,0.0
85377,64624,KCab-m,KCab-m_R,ab,1,0,42,40.648470797342995,0.4088682168238826,0.0013248324394226074,-0.000703275203704834
85389,64634,KCab-c,KCab-c_R,ab,1,0,0,0.0,1.0,0.0,0.0
85391,64636,KCab-s,KCab-s_R,ab,2,0,0,0.0,1.0,0.0,0.0
85403,64646,KCab-m,KCab-m_L,ab,2,0,2,2.0,0.9372070677708196,-0.0024300813674926758,-0.0024300813674926758
85428,64659,KCab-p,KCab-p_L,ab,1,0,0,0.0,1.0,0.0,0.0
85442,64669,KCab-m,KCab-m_R,ab,2,0,43,41.77888874172521,0.2096648314722266,-0.001510024070739746,-0.005767822265625
85452,64674,KCa'b'-ap2,KCa'b'-ap2_R,apbp,0,0,3,2.9830491014355136,0.9684846575260655,0.0,0.0
85482,64699,KCa'b'-ap2,KCa'b'-ap2_L,apbp,1,0,2,2.0,0.8452347351551127,5.429983139038086e-05,5.429983139038086e-05
85512,64724,KCg-m,KCg-m_L,gamma,1,2,19,18.557724232159487,0.0,0.004137754440307617,0.0033180713653564453
85516,64728,KCg-m,KCg-m_R,gamma,1,2,88,85.13976601157079,0.0,0.008886277675628662,0.0047914981842041016
85522,64733,KCab-s,KCab-s_R,ab,1,0,0,0.0,1.0,0.0,0.0
85531,64742,KCab-s,KCab-s_R,ab,1,0,2,2.0,0.7035022544329843,0.0040427446365356445,0.0040427446365356445
85547,64757,KCg-m,KCg-m_L,gamma,1,3,3,3.0,0.5541163056584063,-9.608268737792969e-05,-9.608268737792969e-05
85590,64790,KCab-m,KCab-m_R,ab,1,0,5,5.0,0.0,-0.0004715919494628906,-0.0004715919494628906
85665,64846,KCg-m,KCg-m_L,gamma,1,3,20,19.545133936821784,0.0,-0.00994044542312622,-0.010564088821411133
85711,64876,KCab-s,KCab-s_R,ab,1,0,4,3.937113973007279,0.360705951930745,0.0009009838104248047,0.000760197639465332
85750,64904,KCa'b'-m,KCa'b'-m_L,apbp,0,0,4,4.0,0.3654664277438531,0.0,0.0
85752,64906,KCab-m,KCab-m_R,ab,2,0,33,31.222231130036718,0.0,0.004512906074523926,-0.002171635627746582
85805,64942,KCg-m,KCg-m_L,gamma,1,2,49,47.536255312441874,0.0,0.003003835678100586,0.0009579062461853027
85819,64952,KCab-c,KCab-c_R,ab,1,0,2,2.0,0.7074172919374487,-0.00031685829162597656,-0.00031685829162597656
85846,64970,KCab-m,KCab-m_L,ab,2,0,6,5.913084049292067,0.0,-0.005756378173828125,-0.006039023399353027
85851,64974,KCg-d,KCg-d_R,gamma,1,2,0,0.0,1.0,0.0,0.0
85900,65010,KCa'b'-ap2,KCa'b'-ap2_L,apbp,0,0,0,0.0,1.0,0.0,0.0
85920,65027,KCab-s,KCab-s_R,ab,1,0,2,2.0,0.43285450761087496,-0.0032609105110168457,-0.0032609105110168457
85923,65030,KCg-d,KCg-d_R,gamma,1,2,0,0.0,1.0,0.0,0.0
85986,65075,KCab-s,KCab-s_R,ab,1,0,3,2.972971033535383,0.7909392310837955,0.0007472038269042969,0.0007140636444091797
86020,65102,KCg-m,KCg-m_L,gamma,1,2,49,47.387853977218484,0.0,0.0036308765411376953,0.0014574527740478516
86024,65106,KCg-m,KCg-m_L,gamma,1,2,127,123.82870446510591,0.0,-0.004352986812591553,-0.00818014144897461
86028,65110,KCg-m,KCg-m_L,gamma,1,2,48,46.677494377729424,0.0,-0.003926277160644531,-0.005990803241729736
86041,65121,KCab-m,KCab-m_L,ab,1,0,2,2.0,0.7120315766508772,0.001050412654876709,0.001050412654876709
86072,65147,KCab-s,KCab-s_R,ab,1,0,6,6.0,0.7840060821162568,-0.0034881234169006348,-0.0034881234169006348
86079,65152,KCab-s,KCab-s_R,ab,1,0,0,0.0,1.0,0.0,0.0
86137,65189,KCg-m,KCg-m_R,gamma,1,2,65,62.693251348418194,0.0,-0.008508026599884033,-0.010813236236572266
86142,65194,KCa'b'-ap2,KCa'b'-ap2_L,apbp,0,0,2,2.0,0.9015708818941451,0.0,0.0
86153,65203,KCab-c,KCab-c_R,ab,2,0,17,16.647617954571523,0.4192908972834975,-0.0021086931228637695,-0.003535032272338867
86168,65216,KCab-s,KCab-s_R,ab,2,0,17,16.952284165144746,0.6883010096519241,0.002493619918823242,0.002356886863708496
86170,65217,KCab-c,KCab-c_L,ab,1,0,56,55.14038867273354,0.416192609402564,-0.00568234920501709,-0.007015049457550049
86180,65223,KCab-m,KCab-m_R,ab,1,0,0,0.0,1.0,0.0,0.0
86183,65225,KCg-d,KCg-d_R,gamma,1,2,12,11.902412915856026,0.9227783914046099,-0.0013391971588134766,-0.001449882984161377
86209,65244,KCg-m,KCg-m_L,gamma,1,2,13,12.577944103081787,0.0,0.0005878806114196777,-0.00014919042587280273
86231,65261,KCab-c,KCab-c_R,ab,1,0,0,0.0,1.0,0.0,0.0
86306,65324,KCa'b'-ap1,KCa'b'-ap1_R,apbp,0,0,0,0.0,1.0,0.0,0.0
86324,65338,KCab-s,KCab-s_L,ab,2,0,4,3.997522025872903,0.8993673390255326,0.0034302473068237305,0.00342404842376709
86349,65358,KCab-m,KCab-m_L,ab,1,0,4,3.989217574810389,0.5428612709843371,-0.005290031433105469,-0.005276799201965332
86372,65375,KCg-d,KCg-d_L,gamma,1,2,0,0.0,1.0,0.0,0.0
86395,65389,KCg-m,KCg-m_L,gamma,1,2,21,20.363686935764264,0.0,0.0011458992958068848,-0.0002944469451904297
86432,65419,KCab-s,KCab-s_R,ab,2,0,0,0.0,1.0,0.0,0.0
86437,65424,KCa'b'-m,KCa'b'-m_R,apbp,0,0,8,7.9415052060878555,0.10969159410012273,0.0,0.0
86468,65449,KCab-s,KCab-s_R,ab,1,0,1,1.0,0.31494870669084557,-0.0006928443908691406,-0.0006928443908691406
86528,65497,KCab-m,KCab-m_R,ab,1,0,27,26.39324520734726,0.14057008981174468,0.005735278129577637,0.004650115966796875
86553,65516,KCg-m,KCg-m_R,gamma,1,2,158,155.6879557843049,0.14586337252739637,-0.0071332454681396484,-0.010129213333129883
86554,65517,KCab-c,KCab-c_R,ab,1,0,0,0.0,1.0,0.0,0.0
86555,65518,KCg-m,KCg-m_L,gamma,1,3,67,64.56072825664482,0.0,-0.0028647184371948242,-0.005964219570159912
86583,65539,KCg-m,KCg-m_L,gamma,1,2,68,66.58758792491504,0.0,-0.010812699794769287,-0.012727797031402588
86608,65559,KCg-m,KCg-m_L,gamma,1,2,7,6.973666038603159,0.050205996321137404,-0.0052332282066345215,-0.0052637457847595215
86610,65561,KCg-m,KCg-m_L,gamma,1,2,114,112.38100988951112,0.084925788066128,-0.013359785079956055,-0.015222132205963135
86639,65580,KCab-s,KCab-s_R,ab,2,0,2,2.0,0.6912241244689831,-0.006818532943725586,-0.006818532943725586
86670,65602,KCab-m,KCab-m_R,ab,1,0,20,19.590148325748327,0.33342312688479164,-0.004743814468383789,-0.005269944667816162
86717,65638,KCab-s,KCab-s_L,ab,1,0,0,0.0,1.0,0.0,0.0
86751,65664,KCg-m,KCg-m_R,gamma,1,2,67,64.76334080906223,0.0,-0.0017265081405639648,-0.004431605339050293
86758,65670,KCab-s,KCab-s_R,ab,2,0,11,10.983988796590872,0.8324083530766573,-0.00342714786529541,-0.00345766544342041
86768,65676,KCab-s,KCab-s_R,ab,2,0,1,1.0,0.7254387532996353,-0.003882169723510742,-0.003882169723510742
86811,65708,KCab-s,KCab-s_R,ab,2,0,16,15.828744066822848,0.4234524298001709,-0.003323674201965332,-0.0037415027618408203
86814,65710,KCg-m,KCg-m_R,gamma,1,2,124,121.62449138588293,0.0,-0.01431959867477417,-0.01659703254699707
86850,65736,KCab-s,KCab-s_L,ab,2,0,0,0.0,1.0,0.0,0.0
86876,65759,KCg-m,KCg-m_R,gamma,1,2,56,54.71231990338529,0.0,-0.007964611053466797,-0.009506464004516602
86878,65761,KCab-s,KCab-s_L,ab,1,0,1,1.0,0.7637839635254869,-0.00014722347259521484,-0.00014722347259521484
86899,65779,KCab-s,KCab-s_L,ab,1,0,3,3.0,0.8217709293685457,-0.0018326044082641602,-0.0018326044082641602
86909,65789,KCg-d,KCg-d_R,gamma,1,2,0,0.0,1.0,0.0,0.0
86940,65813,KCg-d,KCg-d_L,gamma,1,2,0,0.0,1.0,0.0,0.0
86967,65835,KCg-m,KCg-m_L,gamma,1,2,23,22.481912578407684,0.0,-0.0021523237228393555,-0.002779364585876465
86970,65838,KCa'b'-ap2,KCa'b'-ap2_R,apbp,1,0,0,0.0,1.0,0.0,0.0
86985,65850,KCg-m,KCg-m_R,gamma,1,2,37,36.25627816704184,0.6524809760781629,0.011251628398895264,0.010276854038238525
87052,65901,KCg-m,KCg-m_L,gamma,1,2,6,5.535143372056396,0.0,-0.0053847432136535645,-0.006364226341247559
87103,65938,KCg-m,KCg-m_L,gamma,1,3,0,0.0,1.0,0.0,0.0
87138,65962,KCab-c,KCab-c_L,ab,1,0,18,17.66734891945749,0.6580881837036685,0.00038105249404907227,-0.0002923011779785156
87155,65971,KCg-m,KCg-m_R,gamma,1,3,92,88.8398608305534,0.0,-0.0009846091270446777,-0.004971206188201904
87163,65975,KCab-c,KCab-c_R,ab,1,0,3,3.0,0.0,-0.0026369094848632812,-0.0026369094848632812
87219,66008,KCa'b'-ap2,KCa'b'-ap2_R,apbp,1,0,1,1.0,0.9213144115398374,-0.0006336569786071777,-0.0006336569786071777
87232,66016,KCa'b'-ap2,KCa'b'-ap2_R,apbp,0,0,0,0.0,1.0,0.0,0.0
87254,66032,KCab-s,KCab-s_R,ab,2,0,13,12.808123249839442,0.0,-0.0024802684783935547,-0.003172636032104492
87261,66037,KCab-s,KCab-s_R,ab,1,0,10,9.99689737005731,0.45410642489457265,-0.0014704465866088867,-0.0014709830284118652
87276,66045,KCg-m,KCg-m_L,gamma,1,2,46,44.882836118909,0.0,-0.0005748867988586426,-0.0018779635429382324
87281,66048,KCa'b'-ap1,KCa'b'-ap1_L,apbp,1,0,0,0.0,1.0,0.0,0.0
87304,66064,KCg-m,KCg-m_L,gamma,1,2,24,23.07406544656624,0.0,0.0029584169387817383,0.001989305019378662
87308,66068,KCg-m,KCg-m_L,gamma,1,2,151,148.722918220714,0.0,-0.007130980491638184,-0.009852707386016846
87324,66080,KCab-p,KCab-p_R,ab,1,0,0,0.0,1.0,0.0,0.0
87334,66090,KCa'b'-ap2,KCa'b'-ap2_L,apbp,1,0,1,1.0,0.8430769938159199,-0.0008902549743652344,-0.0008902549743652344
87364,66114,KCa'b'-m,KCa'b'-m_R,apbp,1,0,0,0.0,1.0,0.0,0.0
87382,66128,KCg-m,KCg-m_R,gamma,1,2,136,132.54867430946436,0.0,0.009954869747161865,0.00510096549987793
87387,66132,KCg-d,KCg-d_R,gamma,1,2,0,0.0,1.0,0.0,0.0
87437,66172,KCg-m,KCg-m_R,gamma,1,2,22,21.572085890906035,0.0,0.0016961097717285156,0.0015118718147277832
87533,66249,KCa'b'-m,KCa'b'-m_L,apbp,0,0,0,0.0,1.0,0.0,0.0
87576,66276,KCab-s,KCab-s_R,ab,1,0,9,8.93930933289325,0.5678190347959555,-0.004023134708404541,-0.00412672758102417
87642,66327,KCg-m,KCg-m_R,gamma,1,2,4,4.0,0.0,-0.0011730790138244629,-0.0011730790138244629
87660,66341,KCg-m,KCg-m_R,gamma,1,2,104,100.57333554885692,0.23740765041768283,0.005369305610656738,0.00039011240005493164
87667,66345,KCa'b'-m,KCa'b'-m_L,apbp,0,0,0,0.0,1.0,0.0,0.0
87697,66366,KCg-m,KCg-m_L,gamma,1,2,67,64.41662378393639,0.0,-0.002556324005126953,-0.006215035915374756
87719,66383,KCab-s,KCab-s_R,ab,1,0,13,12.740627207038454,0.2568505915308365,0.001370847225189209,0.000844419002532959
87728,66390,KCab-s,KCab-s_R,ab,1,0,0,0.0,1.0,0.0,0.0
87731,66392,KCab-s,KCab-s_L,ab,1,0,0,0.0,1.0,0.0,0.0
87732,66393,KCab-c,KCab-c_L,ab,2,0,0,0.0,1.0,0.0,0.0
87758,66411,KCab-s,KCab-s_R,ab,1,0,0,0.0,1.0,0.0,0.0
87759,66412,KCg-m,KCg-m_R,gamma,1,2,32,30.894079845155968,0.0,-0.0017572641372680664,-0.003535330295562744
87776,66425,KCab-p,KCab-p_R,ab,1,0,0,0.0,1.0,0.0,0.0
87784,66432,KCab-s,KCab-s_R,ab,2,0,16,15.909799160841024,0.857470821501244,-0.0015567541122436523,-0.0017168521881103516
87788,66435,KCab-m,KCab-m_R,ab,1,0,55,53.87953490910972,0.225386815234966,-0.0011075735092163086,-0.0028583407402038574
87844,66476,KCg-m,KCg-m_R,gamma,1,2,81,79.36517235223796,0.0,-0.007914125919342041,-0.009748518466949463
87868,66497,KCg-d,KCg-d_L,gamma,1,2,0,0.0,1.0,0.0,0.0
87946,66558,KCab-s,KCab-s_R,ab,1,0,0,0.0,1.0,0.0,0.0
88000,66602,KCg-m,KCg-m_L,gamma,1,2,88,87.23495302569782,0.0,0.00772780179977417,0.006869375705718994
88023,66620,KCab-m,KCab-m_R,ab,2,0,6,5.579997834290818,0.39682380662653155,0.0033777952194213867,0.0012514591217041016
88028,66625,KCg-m,KCg-m_L,gamma,1,2,15,14.46000655184908,0.0,-0.005060970783233643,-0.006139814853668213
88046,66640,KCab-c,KCab-c_L,ab,1,0,1,1.0,0.9275493135240888,0.0030410289764404297,0.0030410289764404297
88068,66658,KCab-s,KCab-s_R,ab,2,0,0,0.0,1.0,0.0,0.0
88108,66691,KCg-m,KCg-m_L,gamma,1,2,157,154.68082913153452,0.0,-0.014251172542572021,-0.01717013120651245
88109,66692,KCa'b'-ap2,KCa'b'-ap2_R,apbp,0,0,1,1.0,0.8577336001445905,0.0,0.0
88132,66708,KCg-m,KCg-m_L,gamma,1,2,17,16.38886419062666,0.0,-0.004251420497894287,-0.005138039588928223
88185,66750,KCa'b'-ap2,KCa'b'-ap2_L,apbp,0,0,0,0.0,1.0,0.0,0.0
88192,66756,KCab-c,KCab-c_R,ab,1,0,38,37.47019503154822,0.11891877242244067,-0.018491089344024658,-0.01961064338684082
88283,66817,KCa'b'-m,KCa'b'-m_R,apbp,1,0,0,0.0,1.0,0.0,0.0
88290,66819,KCg-m,KCg-m_R,gamma,1,2,67,65.90492180647192,0.42770949105967354,0.005559861660003662,0.004418671131134033
88404,66908,KCab-s,KCab-s_L,ab,1,0,8,7.917326258545322,0.6220815481868055,-0.0010811686515808105,-0.001159965991973877
88407,66910,KCab-s,KCab-s_R,ab,1,0,0,0.0,1.0,0.0,0.0
88428,66927,KCg-m,KCg-m_L,gamma,1,2,15,14.355127939268815,0.0,-0.008148252964019775,-0.00927668809890747
88476,66959,KCa'b'-ap1,KCa'b'-ap1_L,apbp,1,0,0,0.0,1.0,0.0,0.0
88554,67017,KCab-m,KCab-m_L,ab,2,0,0,0.0,1.0,0.0,0.0
88584,67041,KCg-m,KCg-m_R,gamma,1,2,2,2.0,0.0,-0.0027511119842529297,-0.0027511119842529297
88588,67044,KCab-m,KCab-m_R,ab,1,0,14,13.262349767286302,0.0,0.0038187503814697266,0.002104043960571289
88631,67080,KCab-m,KCab-m_L,ab,1,0,0,0.0,1.0,0.0,0.0
88653,67096,KCab-s,KCab-s_R,ab,2,0,0,0.0,1.0,0.0,0.0
88655,67097,KCg-m,KCg-m_R,gamma,1,2,73,70.37981079172273,0.0,-0.014177918434143066,-0.017094135284423828
88703,67127,KCg-m,KCg-m_R,gamma,1,2,17,16.71165663153369,0.0,-0.003519773483276367,-0.003887355327606201
88711,67133,KCa'b'-m,KCa'b'-m_L,apbp,1,0,0,0.0,1.0,0.0,0.0
88775,67182,KCab-s,KCab-s_R,ab,2,0,0,0.0,1.0,0.0,0.0
88808,67207,KCa'b'-m,KCa'b'-m_L,apbp,0,0,0,0.0,1.0,0.0,0.0
88822,67219,KCa'b'-ap1,KCa'b'-ap1_R,apbp,0,0,119,118.4627308030662,0.8122914762029358,0.0,0.0
88824,67221,KCab-p,KCab-p_R,ab,1,0,0,0.0,1.0,0.0,0.0
88834,67229,KCa'b'-m,KCa'b'-m_L,apbp,0,0,7,6.912178457328373,0.7440589874947251,0.0,0.0
88845,67238,KCg-m,KCg-m_L,gamma,1,2,11,10.444378383278492,0.0,0.003325045108795166,0.0023536086082458496
88869,67257,KCg-m,KCg-m_L,gamma,1,2,2,2.0,0.15590249963263414,-0.0014615654945373535,-0.0014615654945373535
88884,67270,KCg-m,KCg-m_R,gamma,1,2,41,39.08760993333108,0.0,0.0021368861198425293,-0.0001684427261352539
88899,67278,KCab-p,KCab-p_R,ab,1,0,0,0.0,1.0,0.0,0.0
88938,67309,KCab-s,KCab-s_R,ab,1,0,0,0.0,1.0,0.0,0.0
88980,67337,KCab-m,KCab-m_L,ab,1,0,1,1.0,0.35515088510133863,0.0027006864547729492,0.0027006864547729492
89003,67358,KCab-m,KCab-m_R,ab,1,0,31,30.429591575497657,0.31178266370872754,-0.0038962960243225098,-0.004774510860443115
89041,67383,KCg-m,KCg-m_L,gamma,1,2,7,6.736269189129205,0.0,-0.0025876760482788086,-0.003064751625061035
89067,67406,KCab-m,KCab-m_L,ab,2,0,32,31.621511386284716,0.7529992007473777,-0.007674455642700195,-0.008674025535583496
89071,67409,KCab-s,KCab-s_L,ab,2,0,0,0.0,1.0,0.0,0.0
89158,67468,KCg-m,KCg-m_L,gamma,1,2,0,0.0,1.0,0.0,0.0
89170,67478,KCab-s,KCab-s_R,ab,1,0,0,0.0,1.0,0.0,0.0
89269,67552,KCg-m,KCg-m_L,gamma,1,2,42,40.99356780267734,0.0,-0.0016165375709533691,-0.0029506683349609375
89323,67597,KCab-s,KCab-s_L,ab,2,0,28,27.68241346459883,0.7210891907213893,0.010123968124389648,0.009175539016723633
89327,67600,KCg-d,KCg-d_R,gamma,1,2,0,0.0,1.0,0.0,0.0
89338,67605,KCab-m,KCab-m_L,ab,1,0,49,48.15627996197025,0.5994676004801737,6.777048110961914e-05,-0.0009114742279052734
89384,67641,KCab-m,KCab-m_R,ab,1,0,19,18.460804584575627,0.13005646298944434,-0.0003345012664794922,-0.0010097622871398926
89419,67665,KCa'b'-m,KCa'b'-m_L,apbp,0,0,0,0.0,1.0,0.0,0.0
89435,67678,KCab-s,KCab-s_R,ab,2,0,0,0.0,1.0,0.0,0.0
89442,67682,KCg-m,KCg-m_L,gamma,1,3,63,61.422439138658056,0.0,-0.011785626411437988,-0.013353228569030762
89461,67695,KCa'b'-ap2,KCa'b'-ap2_R,apbp,0,0,49,48.93495656632689,0.829169807057585,0.0,0.0
89471,67705,KCg-m,KCg-m_R,gamma,1,2,37,35.2846244141745,0.0,0.00033164024353027344,-0.001661062240600586
89505,67734,KCab-s,KCab-s_R,ab,2,0,35,34.35765902483305,0.0,-0.03389894962310791,-0.03533363342285156
89530,67752,KCa'b'-ap2,KCa'b'-ap2_R,apbp,1,0,18,17.946070039449907,0.7782591766453805,0.003637969493865967,0.0035685300827026367
89536,67757,KCg-m,KCg-m_L,gamma,1,2,10,9.656711569081194,0.107185086104373,0.006099998950958252,0.005718111991882324
89552,67771,KCab-c,KCab-c_R,ab,1,0,0,0.0,1.0,0.0,0.0
89574,67788,KCab-s,KCab-s_R,ab,1,0,7,6.936070954662068,0.12580336560421793,-0.0042539238929748535,-0.004309594631195068
89617,67821,KCab-c,KCab-c_L,ab,2,0,0,0.0,1.0,0.0,0.0
89623,67827,KCab-m,KCab-m_R,ab,1,0,0,0.0,1.0,0.0,0.0
89658,67850,KCab-s,KCab-s_R,ab,1,0,3,2.9236854531707803,0.5172488740866212,-0.000799715518951416,-0.000827491283416748
89659,67851,KCab-c,KCab-c_R,ab,1,0,0,0.0,1.0,0.0,0.0
89707,67886,KCa'b'-m,KCa'b'-m_L,apbp,1,0,0,0.0,1.0,0.0,0.0
89718,67894,KCab-s,KCab-s_R,ab,1,0,1,1.0,0.8030943831594399,0.00025200843811035156,0.00025200843811035156
89719,67895,KCab-m,KCab-m_R,ab,1,0,17,16.760908870434463,0.0,-0.002045571804046631,-0.0024379491806030273
89761,67923,KCg-m,KCg-m_R,gamma,1,2,13,12.253645155317113,0.0,-0.0006266236305236816,-0.0012815594673156738
89782,67940,KCg-m,KCg-m_L,gamma,1,2,24,23.308009711798825,0.0,0.005392611026763916,0.004363358020782471
89804,67955,KCab-c,KCab-c_R,ab,2,0,4,3.964669679757774,0.904842925545423,-0.005215644836425781,-0.005324959754943848
89834,67980,KCab-m,KCab-m_R,ab,1,0,11,10.442735311831392,0.0,-0.0022228360176086426,-0.0034273266792297363
89839,67982,KCg-m,KCg-m_R,gamma,1,2,0,0.0,1.0,0.0,0.0
89841,67984,KCg-m,KCg-m_R,gamma,1,2,121,118.33515633825296,0.0,-0.00968235731124878,-0.01268148422241211
89858,67998,KCg-m,KCg-m_L,gamma,1,2,118,115.66540407317552,0.14718768181844424,0.018176019191741943,0.01496744155883789
89862,68001,KCab-s,KCab-s_R,ab,2,0,31,30.259485063281748,0.0,0.0042896270751953125,0.002008676528930664
90091,68169,KCa'b'-m,KCa'b'-m_L,apbp,0,0,0,0.0,1.0,0.0,0.0
90098,68176,KCab-s,KCab-s_R,ab,2,0,12,11.508569876264875,0.5779580284191874,0.012141942977905273,0.010477066040039062
90138,68203,KCab-m,KCab-m_R,ab,2,0,29,28.3148582386482,0.0,0.002912163734436035,0.0010235309600830078
90139,68204,KCab-c,KCab-c_L,ab,1,0,1,1.0,0.8206082066684032,-0.0022507905960083008,-0.0022507905960083008
90153,68217,KCa'b'-ap1,KCa'b'-ap1_L,apbp,0,0,0,0.0,1.0,0.0,0.0
90181,68236,KCab-s,KCab-s_R,ab,2,0,0,0.0,1.0,0.0,0.0
90189,68240,KCg-m,KCg-m_L,gamma,1,2,3,3.0,0.0,-0.0020329952239990234,-0.0020329952239990234
90266,68296,KCab-m,KCab-m_R,ab,1,0,0,0.0,1.0,0.0,0.0
90291,68315,KCa'b'-m,KCa'b'-m_R,apbp,1,0,0,0.0,1.0,0.0,0.0
90296,68319,KCg-m,KCg-m_L,gamma,1,2,16,15.613581330090717,0.0,0.0031294822692871094,0.002710402011871338
90323,68340,KCa'b'-ap1,KCa'b'-ap1_R,apbp,1,0,0,0.0,1.0,0.0,0.0
90352,68363,KCab-s,KCab-s_R,ab,2,0,39,38.43223891225425,0.47804887854324846,0.004047751426696777,0.0024023056030273438
90363,68371,KCg-m,KCg-m_L,gamma,1,2,19,18.600331994985304,0.5951642103998959,-0.00243222713470459,-0.002756178379058838
90367,68374,KCg-m,KCg-m_R,gamma,1,2,26,24.96434883452104,0.0,-0.00016862154006958008,-0.0021286606788635254
90393,68396,KCg-m,KCg-m_L,gamma,1,2,6,5.9412332978565745,0.0,-0.0006940960884094238,-0.0007470846176147461
90403,68405,KCab-s,KCab-s_R,ab,2,0,3,3.0,0.7109680783227181,0.0008890628814697266,0.0008890628814697266
90439,68428,KCab-m,KCab-m_R,ab,1,0,0,0.0,1.0,0.0,0.0
90459,68444,KCab-c,KCab-c_R,ab,1,0,31,30.599997332248,0.0,-0.007712185382843018,-0.008179128170013428
90473,68456,KCab-s,KCab-s_R,ab,2,0,48,47.693620933979886,0.7961188085231181,-0.007421970367431641,-0.008155584335327148
90525,68493,KCa'b'-m,KCa'b'-m_L,apbp,1,0,0,0.0,1.0,0.0,0.0
90569,68527,KCg-m,KCg-m_L,gamma,1,2,55,53.53109579564517,0.0,-0.004976153373718262,-0.006461143493652344
90614,68560,KCa'b'-m,KCa'b'-m_L,apbp,0,0,0,0.0,1.0,0.0,0.0
90640,68575,KCg-m,KCg-m_L,gamma,1,2,118,115.9639285681439,0.13368889563687972,0.001529991626739502,-0.0011154413223266602
90649,68584,KCa'b'-ap2,KCa'b'-ap2_L,apbp,0,0,0,0.0,1.0,0.0,0.0
90650,68585,KCab-s,KCab-s_R,ab,2,0,0,0.0,1.0,0.0,0.0
90672,68606,KCab-s,KCab-s_R,ab,1,0,7,6.948503080681722,0.48658358519510736,0.0008298158645629883,0.0007463693618774414
90790,68697,KCg-d,KCg-d_L,gamma,1,2,0,0.0,1.0,0.0,0.0
90805,68707,KCab-s,KCab-s_R,ab,2,0,23,22.573353126277844,0.23316388368178564,-0.0028198957443237305,-0.004304647445678711
90809,68709,KCab-m,KCab-m_R,ab,2,0,0,0.0,1.0,0.0,0.0
90812,68711,KCab-s,KCab-s_R,ab,1,0,17,16.811650516909104,0.0,-0.0013630986213684082,-0.0016369819641113281
90870,68750,KCg-m,KCg-m_L,gamma,1,2,132,129.67457225821087,0.008855976845876051,-0.0007781386375427246,-0.0039057135581970215
90905,68776,KCab-s,KCab-s_R,ab,1,0,6,5.5423198621999425,0.0,0.0010929107666015625,-0.0004131197929382324
90919,68786,KCab-m,KCab-m_L,ab,1,0,0,0.0,1.0,0.0,0.0
90928,68793,KCab-s,KCab-s_R,ab,1,0,0,0.0,1.0,0.0,0.0
90935,68799,KCab-s,KCab-s_R,ab,2,0,24,23.40546697214702,0.2579167577885232,0.0010411739349365234,-0.0012663602828979492
90944,68805,KCab-s,KCab-s_R,ab,2,0,3,3.0,0.6943762914824162,-0.0021343231201171875,-0.0021343231201171875
91041,68874,KCg-m,KCg-m_R,gamma,1,2,111,109.16094234097831,0.0,-0.009649217128753662,-0.011988818645477295
91091,68910,KCa'b'-ap2,KCa'b'-ap2_L,apbp,0,0,0,0.0,1.0,0.0,0.0
91244,69022,KCg-d,KCg-d_R,gamma,1,2,0,0.0,1.0,0.0,0.0
91287,69060,KCab-c,KCab-c_L,ab,1,0,12,11.925407346021093,0.4552104812491289,-0.008995354175567627,-0.009054124355316162
91344,69102,KCg-m,KCg-m_L,gamma,0,2,8,7.292019452836179,0.0,0.0,0.0
91382,69131,KCab-p,KCab-p_R,ab,1,0,0,0.0,1.0,0.0,0.0
91386,69134,KCa'b'-m,KCa'b'-m_R,apbp,1,0,0,0.0,1.0,0.0,0.0
91435,69170,KCab-m,KCab-m_L,ab,2,0,5,4.899403931288042,0.2798070827358002,-0.007869720458984375,-0.008209586143493652
91487,69203,KCg-d,KCg-d_L,gamma,1,2,0,0.0,1.0,0.0,0.0
91493,69209,KCab-s,KCab-s_R,ab,1,0,0,0.0,1.0,0.0,0.0
91497,69212,KCa'b'-ap2,KCa'b'-ap2_R,apbp,0,0,27,26.931588317551068,0.6655537251342314,0.0,0.0
91544,69252,KCab-s,KCab-s_R,ab,1,0,3,2.923754216849071,0.6127029197569938,-0.00014126300811767578,-0.00021249055862426758
91595,69289,KCab-s,KCab-s_R,ab,2,0,0,0.0,1.0,0.0,0.0
91608,69297,KCg-m,KCg-m_L,gamma,1,2,16,15.410721670055764,0.406253204100082,0.006640732288360596,0.005428791046142578
91751,69404,KCab-p,KCab-p_R,ab,1,0,0,0.0,1.0,0.0,0.0
91797,69439,KCab-m,KCab-m_R,ab,0,0,0,0.0,1.0,0.0,0.0
91800,69442,KCab-m,KCab-m_L,ab,2,0,10,9.848238902101306,0.21548830812725486,-0.011621832847595215,-0.012327909469604492
91910,69524,KCg-m,KCg-m_L,gamma,1,2,3,2.9645057488291533,0.49631151763249015,0.001365959644317627,0.001387178897857666
91926,69535,KCg-d,KCg-d_L,gamma,1,2,0,0.0,1.0,0.0,0.0
91928,69537,KCg-m,KCg-m_L,gamma,1,3,106,103.60681009559599,0.0,-0.0011921525001525879,-0.004436671733856201
91960,69564,KCab-p,KCab-p_R,ab,2,0,0,0.0,1.0,0.0,0.0
91981,69576,KCab-m,KCab-m_L,ab,1,0,4,3.958581679082204,0.0,-0.0011932849884033203,-0.0012729167938232422
92008,69599,KCg-d,KCg-d_L,gamma,1,2,0,0.0,1.0,0.0,0.0
92013,69603,KCg-d,KCg-d_L,gamma,1,2,0,0.0,1.0,0.0,0.0
92030,69612,KCg-m,KCg-m_L,gamma,1,2,24,23.5019647347179,0.0,0.0008659958839416504,0.00043010711669921875
92031,69613,KCab-s,KCab-s_R,ab,1,0,7,6.898246466404194,0.4153329388817238,-0.004129886627197266,-0.0043749213218688965
92040,69620,KCab-s,KCab-s_R,ab,1,0,2,2.0,0.8013724791562942,0.0019071102142333984,0.0019071102142333984
92106,69675,KCab-s,KCab-s_R,ab,1,0,2,2.0,0.6308979585696421,-0.000250399112701416,-0.000250399112701416
92130,69697,KCg-m,KCg-m_L,gamma,1,2,17,16.203668700971967,0.0,0.007974982261657715,0.006473720073699951
92149,69711,KCa'b'-ap2,KCa'b'-ap2_R,apbp,0,0,0,0.0,1.0,0.0,0.0
92168,69725,KCg-d,KCg-d_L,gamma,1,2,0,0.0,1.0,0.0,0.0
92190,69742,KCa'b'-ap1,KCa'b'-ap1_R,apbp,0,0,1,1.0,0.8227758285316723,0.0,0.0
92252,69787,KCab-m,KCab-m_R,ab,1,0,0,0.0,1.0,0.0,0.0
92274,69805,KCab-c,KCab-c_R,ab,1,0,50,48.4894755786438,0.02558812472156512,0.007184386253356934,0.004687309265136719
92275,69806,KCab-s,KCab-s_L,ab,1,0,0,0.0,1.0,0.0,0.0
92278,69808,KCg-m,KCg-m_R,gamma,1,2,0,0.0,1.0,0.0,0.0
92294,69816,KCa'b'-m,KCa'b'-m_R,apbp,0,0,20,19.612372080965876,0.5321175567325716,0.0,0.0
92335,69846,KCab-s,KCab-s_R,ab,1,0,20,19.940345174890233,0.637145327970975,-0.00544208288192749,-0.005500316619873047
92358,69862,KCab-c,KCab-c_L,ab,1,0,0,0.0,1.0,0.0,0.0
92402,69893,KCa'b'-m,KCa'b'-m_L,apbp,0,0,0,0.0,1.0,0.0,0.0
92424,69911,KCg-m,KCg-m_L,gamma,1,2,0,0.0,1.0,0.0,0.0
92430,69915,KCab-c,KCab-c_R,ab,1,0,0,0.0,1.0,0.0,0.0
92484,69955,KCab-m,KCab-m_R,ab,1,0,49,48.453542692030034,0.46347304657871363,-0.008451402187347412,-0.0090903639793396
92494,69963,KCab-s,KCab-s_R,ab,1,0,0,0.0,1.0,0.0,0.0
92504,69971,KCab-s,KCab-s_R,ab,1,0,9,8.976903265615636,0.7675821355668746,0.0042198896408081055,0.004209458827972412
92532,69989,KCab-m,KCab-m_R,ab,1,0,0,0.0,1.0,0.0,0.0
92563,70014,KCab-m,KCab-m_R,ab,1,0,17,16.768225978528932,0.8421580131367065,0.002172112464904785,0.0017874836921691895
92574,70022,KCab-m,KCab-m_R,ab,1,0,0,0.0,1.0,0.0,0.0
92628,70061,KCab-s,KCab-s_R,ab,2,0,5,5.0,0.5884568130444491,0.006725788116455078,0.006725788116455078
92633,70064,KCa'b'-ap2,KCa'b'-ap2_L,apbp,0,0,1,1.0,0.9211995343125525,0.0,0.0
92635,70065,KCab-m,KCab-m_R,ab,1,0,0,0.0,1.0,0.0,0.0
92662,70089,KCa'b'-ap1,KCa'b'-ap1_R,apbp,0,0,0,0.0,1.0,0.0,0.0
92679,70102,KCg-m,KCg-m_L,gamma,1,2,19,17.897033261090794,0.0,0.007397294044494629,0.004355967044830322
92687,70110,KCab-c,KCab-c_R,ab,1,0,120,118.3335994682022,0.3440336147042557,-0.004819214344024658,-0.007103443145751953
92716,70131,KCab-s,KCab-s_R,ab,1,0,12,11.969965358048661,0.4985788349105535,-0.0035533905029296875,-0.0036173462867736816
92784,70187,KCg-m,KCg-m_R,gamma,1,2,17,16.303877978808597,0.29358933427876566,0.0030704736709594727,0.0019533634185791016
92794,70192,KCab-c,KCab-c_R,ab,1,0,0,0.0,1.0,0.0,0.0
92809,70205,KCab-m,KCab-m_R,ab,1,0,0,0.0,1.0,0.0,0.0
92847,70234,KCa'b'-ap1,KCa'b'-ap1_L,apbp,0,0,0,0.0,1.0,0.0,0.0
92877,70256,KCab-s,KCab-s_R,ab,1,0,8,7.833496192662947,0.24112570558752272,-0.0004878044128417969,-0.0008741021156311035
92924,70290,KCg-m,KCg-m_R,gamma,1,2,6,5.746206477209483,0.0,-0.001454770565032959,-0.0016469359397888184
92927,70293,KCg-m,KCg-m_R,gamma,1,2,0,0.0,1.0,0.0,0.0
92952,70315,KCab-m,KCab-m_R,ab,1,0,38,37.32115042618542,0.4393450652571802,-0.006246447563171387,-0.007194221019744873
92960,70321,KCab-s,KCab-s_R,ab,1,0,0,0.0,1.0,0.0,0.0
92967,70326,KCg-d,KCg-d_L,gamma,1,2,0,0.0,1.0,0.0,0.0
92985,70340,KCab-m,KCab-m_R,ab,1,0,37,35.73484439873312,0.3169346887655446,0.004620373249053955,0.0025326013565063477
93017,70363,KCa'b'-m,KCa'b'-m_L,apbp,0,0,60,59.72959133777614,0.7023794618493604,0.0,0.0
93044,70385,KCg-m,KCg-m_L,gamma,1,2,111,108.70353214133438,0.0,-0.00233304500579834,-0.004556775093078613
93050,70390,KCab-s,KCab-s_L,ab,1,0,0,0.0,1.0,0.0,0.0
93065,70403,KCg-m,KCg-m_L,gamma,1,2,3,3.0,0.0,0.0028284788131713867,0.0028284788131713867
93108,70438,KCab-p,KCab-p_R,ab,1,0,0,0.0,1.0,0.0,0.0
93113,70441,KCab-m,KCab-m_R,ab,1,0,0,0.0,1.0,0.0,0.0
93128,70452,KCab-m,KCab-m_R,ab,1,0,0,0.0,1.0,0.0,0.0
93150,70470,KCab-c,KCab-c_R,ab,1,0,9,8.693805912217046,0.10707871387423808,-0.006927907466888428,-0.007585465908050537
93216,70521,KCg-m,KCg-m_L,gamma,1,2,11,10.773643692486853,0.004644267985682102,-0.002962648868560791,-0.003367781639099121
93263,70555,KCa'b'-ap1,KCa'b'-ap1_R,apbp,1,0,0,0.0,1.0,0.0,0.0
93288,70576,KCab-s,KCab-s_R,ab,1,0,0,0.0,1.0,0.0,0.0
93301,70587,KCab-m,KCab-m_R,ab,1,0,20,19.831124801658184,0.6839741717484864,0.0020900964736938477,0.002034306526184082
93314,70598,KCab-c,KCab-c_R,ab,2,0,36,35.729230862999565,0.1273718928713305,0.001595139503479004,0.0006959438323974609
93325,70608,KCab-m,KCab-m_R,ab,1,0,0,0.0,1.0,0.0,0.0
93326,70609,KCab-s,KCab-s_R,ab,2,0,14,13.955957546068388,0.43758144639335106,-0.010984420776367188,-0.011029481887817383
93327,70610,KCg-m,KCg-m_L,gamma,1,3,34,32.932183556530205,0.0,0.0012769699096679688,-6.884336471557617e-05
93380,70652,KCa'b'-ap2,KCa'b'-ap2_R,apbp,0,0,9,8.949516674700686,0.7324511832775387,0.0,0.0
93409,70677,KCab-s,KCab-s_L,ab,1,0,14,13.973995270539548,0.9084034920686683,-2.086162567138672e-06,-4.690885543823242e-05
93462,70716,KCg-m,KCg-m_R,gamma,1,2,11,10.670422320081515,0.0,-0.0023698806762695312,-0.0028766393661499023
93464,70717,KCab-s,KCab-s_R,ab,1,0,37,36.64664299723551,0.0,-0.005407929420471191,-0.005930304527282715
93485,70734,KCg-m,KCg-m_R,gamma,1,2,0,0.0,1.0,0.0,0.0
93582,70801,KCa'b'-m,KCa'b'-m_R,apbp,2,0,0,0.0,1.0,0.0,0.0
93593,70808,KCab-m,KCab-m_R,ab,1,0,0,0.0,1.0,0.0,0.0
93616,70823,KCg-m,KCg-m_L,gamma,1,2,59,56.83390123516624,0.0,0.007302284240722656,0.0036400556564331055
93644,70843,KCa'b'-ap2,KCa'b'-ap2_L,apbp,0,0,0,0.0,1.0,0.0,0.0
93772,70938,KCg-m,KCg-m_R,gamma,1,2,27,25.094771898243636,0.0,0.0028460025787353516,0.00019288063049316406
93786,70949,KCab-m,KCab-m_L,ab,1,0,9,8.882392346539778,0.09138744689307088,-0.005425155162811279,-0.005632460117340088
93797,70958,KCab-c,KCab-c_R,ab,1,0,25,24.259076417075654,0.0,-0.009019553661346436,-0.010367751121520996
93803,70961,KCg-m,KCg-m_L,gamma,1,2,69,68.00978167951861,0.0,-0.009725034236907959,-0.01071995496749878
93837,70989,KCab-s,KCab-s_R,ab,2,0,1,1.0,0.6715179352451603,-0.0018295049667358398,-0.0018295049667358398
93841,70992,KCab-s,KCab-s_L,ab,2,0,0,0.0,1.0,0.0,0.0
93859,71006,KCg-m,KCg-m_R,gamma,1,2,30,29.033622208492158,0.0,-0.0042975544929504395,-0.005211532115936279
93889,71028,KCab-m,KCab-m_R,ab,1,0,21,20.810868997529294,0.0,-0.006578922271728516,-0.00685352087020874
93893,71032,KCab-s,KCab-s_R,ab,1,0,1,1.0,0.8172363919451354,0.0002599954605102539,0.0002599954605102539
93902,71039,KCa'b'-ap2,KCa'b'-ap2_L,apbp,0,0,0,0.0,1.0,0.0,0.0
93976,71104,KCab-p,KCab-p_R,ab,1,0,0,0.0,1.0,0.0,0.0
94001,71121,KCg-m,KCg-m_R,gamma,1,2,11,10.4453354991034,0.0,-0.00010848045349121094,-0.0007610917091369629
94018,71133,KCab-m,KCab-m_R,ab,1,0,8,7.9381208243439145,0.3694351934785149,-0.002107977867126465,-0.0020999908447265625
94050,71155,KCab-m,KCab-m_R,ab,2,0,4,3.8250884248214057,0.0,0.009879827499389648,0.008868694305419922
94078,71176,KCa'b'-ap2,KCa'b'-ap2_L,apbp,0,0,0,0.0,1.0,0.0,0.0
94101,71191,KCab-s,KCab-s_R,ab,2,0,34,33.47740325812397,0.7092321511833625,0.0030121803283691406,0.0019290447235107422
94171,71248,KCab-m,KCab-m_L,ab,1,0,49,48.725398385804695,0.635438153993202,0.006385684013366699,0.005828142166137695
94240,71300,KCab-p,KCab-p_R,ab,1,0,0,0.0,1.0,0.0,0.0
94310,71354,KCg-m,KCg-m_L,gamma,1,2,18,17.53259697209471,0.6649796670922193,0.001606762409210205,0.0007885098457336426
94336,71375,KCab-s,KCab-s_R,ab,1,0,2,2.0,0.5700489535282162,-0.001985907554626465,-0.001985907554626465
94430,71446,KCab-m,KCab-m_L,ab,1,0,21,20.532493295211335,0.3777351951346722,-0.00965338945388794,-0.010179698467254639
94489,71492,KCab-c,KCab-c_R,ab,0,0,0,0.0,1.0,0.0,0.0
94490,71493,KCab-s,KCab-s_R,ab,2,0,49,48.78765472332275,0.4524071259880572,-0.011413097381591797,-0.011949419975280762
94491,71494,KCab-m,KCab-m_R,ab,1,0,0,0.0,1.0,0.0,0.0
94509,71503,KCab-c,KCab-c_R,ab,1,0,0,0.0,1.0,0.0,0.0
94518,71509,KCab-m,KCab-m_R,ab,1,0,0,0.0,1.0,0.0,0.0
94530,71518,KCg-m,KCg-m_L,gamma,1,2,0,0.0,1.0,0.0,0.0
94606,71575,KCg-m,KCg-m_L,gamma,1,2,28,27.24427077929624,0.0,-0.0069394707679748535,-0.007858335971832275
94614,71581,KCab-s,KCab-s_L,ab,2,0,13,12.829192618408953,0.737508051796789,0.0013695955276489258,0.0003782510757446289
94622,71585,KCab-c,KCab-c_R,ab,2,0,5,5.0,0.13731133710498414,0.007716059684753418,0.007716059684753418
94663,71608,KCg-m,KCg-m_L,gamma,1,2,4,3.8028871521921603,0.07871733212889494,-0.002498805522918701,-0.0027524232864379883
94674,71616,KCg-m,KCg-m_R,gamma,1,2,12,11.451406256329705,0.0,0.002383112907409668,0.0017921924591064453
94721,71651,KCab-m,KCab-m_R,ab,1,0,0,0.0,1.0,0.0,0.0
94754,71677,KCab-s,KCab-s_R,ab,1,0,15,14.902587531158481,0.7087195950313868,0.0035959482192993164,0.0033153295516967773
94785,71702,KCab-c,KCab-c_R,ab,1,0,0,0.0,1.0,0.0,0.0
94790,71706,KCab-s,KCab-s_R,ab,2,0,20,19.73260140532324,0.0,-0.0052269697189331055,-0.006178855895996094
94802,71714,KCa'b'-m,KCa'b'-m_R,apbp,1,0,0,0.0,1.0,0.0,0.0
94839,71745,KCab-c,KCab-c_R,ab,0,0,0,0.0,1.0,0.0,0.0
94845,71751,KCab-p,KCab-p_L,ab,1,0,7,6.994101136417012,0.9639127420777713,-0.0006421208381652832,-0.0006503462791442871
94914,71802,KCg-m,KCg-m_L,gamma,1,2,8,7.517794956892002,0.0,0.0016376972198486328,0.0003644227981567383
94974,71849,KCg-m,KCg-m_R,gamma,1,2,18,17.372923777125912,0.0,0.0037935972213745117,0.0027948617935180664
94993,71862,KCab-s,KCab-s_L,ab,2,0,0,0.0,1.0,0.0,0.0
95042,71899,KCg-m,KCg-m_L,gamma,1,2,4,4.0,0.0,-0.0008851289749145508,-0.0008851289749145508
95072,71922,KCg-m,KCg-m_L,gamma,1,2,8,7.647104238754313,0.45780053604518645,0.0010521411895751953,0.0005384683609008789
95078,71928,KCab-s,KCab-s_L,ab,2,0,0,0.0,1.0,0.0,0.0
95081,71929,KCg-m,KCg-m_L,gamma,1,2,35,34.33700261235406,0.0,-0.003624856472015381,-0.004579365253448486
95092,71936,KCab-m,KCab-m_L,ab,1,0,10,9.584543047238183,0.4030620276135699,0.0024936795234680176,0.0015106201171875
95158,71982,KCg-m,KCg-m_R,gamma,1,2,82,80.15094324096201,0.0,-0.0027617812156677246,-0.005096912384033203
95167,71989,KCg-m,KCg-m_R,gamma,1,2,79,77.05722580844154,0.0,0.0004520416259765625,-0.0023488402366638184
95186,72002,KCab-c,KCab-c_L,ab,2,0,1,1.0,0.7649226476055349,-0.002313971519470215,-0.002313971519470215
95189,72004,KCg-m,KCg-m_L,gamma,1,2,29,28.306055683055312,0.0,-0.0022034645080566406,-0.003319382667541504
95213,72021,KCg-m,KCg-m_R,gamma,1,2,29,27.817994915001872,0.0,0.0020066499710083008,0.0005652308464050293
95265,72065,KCab-s,KCab-s_L,ab,1,0,0,0.0,1.0,0.0,0.0
95291,72087,KCg-d,KCg-d_L,gamma,1,2,0,0.0,1.0,0.0,0.0
95307,72097,KCab-s,KCab-s_L,ab,2,0,1,1.0,0.1857979951529934,0.0,0.0
95349,72126,KCab-p,KCab-p_L,ab,1,0,0,0.0,1.0,0.0,0.0
95358,72132,KCa'b'-ap1,KCa'b'-ap1_R,apbp,0,0,0,0.0,1.0,0.0,0.0
95367,72140,KCab-m,KCab-m_R,ab,1,0,29,28.653713752135328,0.0,0.001470029354095459,0.0009868741035461426
95368,72141,KCg-m,KCg-m_L,gamma,1,2,20,19.54015700971687,0.0,-0.0049231648445129395,-0.0054776668548583984
95397,72162,KCab-m,KCab-m_R,ab,1,0,0,0.0,1.0,0.0,0.0
95404,72169,KCg-m,KCg-m_L,gamma,1,2,2,2.0,0.0,-0.0005850791931152344,-0.0005850791931152344
95484,72229,KCg-d,KCg-d_L,gamma,1,2,0,0.0,1.0,0.0,0.0
95517,72256,KCa'b'-ap1,KCa'b'-ap1_L,apbp,0,0,7,6.975416381618614,0.9065252670539923,0.0,0.0
95518,72257,KCa'b'-ap2,KCa'b'-ap2_L,apbp,0,0,2,2.0,0.862909769570668,0.0,0.0
95533,72267,KCab-m,KCab-m_L,ab,1,0,49,48.411332132180334,0.679979728746977,0.0004080533981323242,-0.00048792362213134766
95548,72278,KCab-c,KCab-c_R,ab,1,0,0,0.0,1.0,0.0,0.0
95581,72305,KCab-c,KCab-c_R,ab,1,0,107,105.92004492627002,0.0,-0.015429079532623291,-0.01687842607498169
95583,72307,KCab-s,KCab-s_L,ab,1,0,14,13.948868158840922,0.8709324753654468,-0.0009978413581848145,-0.001098036766052246
95585,72309,KCab-s,KCab-s_R,ab,1,0,0,0.0,1.0,0.0,0.0
95590,72313,KCab-s,KCab-s_R,ab,2,0,0,0.0,1.0,0.0,0.0
95591,72314,KCab-p,KCab-p_R,ab,1,0,0,0.0,1.0,0.0,0.0
95639,72350,KCa'b'-ap2,KCa'b'-ap2_L,apbp,0,0,0,0.0,1.0,0.0,0.0
95653,72361,KCab-c,KCab-c_R,ab,2,0,72,71.06694247524206,0.694171408357144,-0.03198683261871338,-0.03438699245452881
95699,72401,KCab-s,KCab-s_R,ab,1,0,0,0.0,1.0,0.0,0.0
95707,72408,KCab-s,KCab-s_R,ab,1,0,4,3.930771978580102,0.0,0.0005953311920166016,0.0005540847778320312
95735,72429,KCa'b'-m,KCa'b'-m_L,apbp,1,0,57,56.250753449398836,0.8332649553428578,0.016228795051574707,0.015034198760986328
95778,72456,KCa'b'-ap2,KCa'b'-ap2_L,apbp,0,0,0,0.0,1.0,0.0,0.0
95783,72461,KCab-m,KCab-m_R,ab,1,0,2,2.0,0.5032365562289549,0.0002219080924987793,0.0002219080924987793
95861,72520,KCg-m,KCg-m_L,gamma,1,2,50,48.850090277116,0.0,-0.00041371583938598633,-0.0019481182098388672
95941,72582,KCg-m,KCg-m_L,gamma,1,2,16,15.527120405523142,0.0,-0.003599703311920166,-0.004354000091552734
95970,72600,KCab-p,KCab-p_L,ab,1,0,0,0.0,1.0,0.0,0.0
96041,72647,KCab-s,KCab-s_L,ab,2,0,6,5.981896707296131,0.854051611247841,0.0008904933929443359,0.0007991790771484375
96065,72662,KCa'b'-m,KCa'b'-m_R,apbp,1,0,94,93.5699268193018,0.663003804615481,-0.005713045597076416,-0.0063132643699646
96131,72713,KCab-s,KCab-s_R,ab,2,0,42,41.81523795920968,0.8512728214496205,-0.0011935234069824219,-0.0017551183700561523
96191,72756,KCab-m,KCab-m_R,ab,1,0,14,13.803489507740096,0.6310352748210161,0.002663850784301758,0.002406775951385498
96231,72787,KCg-m,KCg-m_L,gamma,1,2,45,43.73005529032402,0.0,-0.0002720952033996582,-0.0018321871757507324
96263,72814,KCab-s,KCab-s_L,ab,2,0,18,17.83776178599769,0.7125470348691588,-0.0046694278717041016,-0.005234718322753906
96273,72819,KCab-c,KCab-c_R,ab,2,0,36,35.17241447870927,0.0,-0.0033783912658691406,-0.006197333335876465
96274,72820,KCab-c,KCab-c_R,ab,1,0,4,3.7487519421134214,0.0,-0.0017437338829040527,-0.0021982192993164062
96304,72843,KCg-d,KCg-d_R,gamma,1,2,0,0.0,1.0,0.0,0.0
96324,72860,KCg-m,KCg-m_R,gamma,1,2,95,92.28520599235232,0.053636706154486305,0.0029619932174682617,-0.0010830163955688477
96383,72900,KCab-s,KCab-s_R,ab,1,0,0,0.0,1.0,0.0,0.0
96624,73066,KCg-m,KCg-m_L,gamma,1,2,0,0.0,1.0,0.0,0.0
96688,73106,KCg-m,KCg-m_L,gamma,1,2,44,41.81739739187266,0.0,0.00904691219329834,0.005624890327453613
96711,73122,KCab-s,KCab-s_R,ab,1,0,2,2.0,0.7071366184098897,0.0012520551681518555,0.0012520551681518555
96721,73130,KCg-m,KCg-m_L,gamma,1,2,4,4.0,0.0,0.00405508279800415,0.00405508279800415
96723,73132,KCab-p,KCab-p_L,ab,1,0,0,0.0,1.0,0.0,0.0
96746,73152,KCab-m,KCab-m_L,ab,2,0,60,59.29137624785865,0.759145315072214,0.0139998197555542,0.011641144752502441
96781,73175,KCab-m,KCab-m_R,ab,1,0,0,0.0,1.0,0.0,0.0
96825,73204,KCab-p,KCab-p_L,ab,0,0,0,0.0,1.0,0.0,0.0
96847,73223,KCab-m,KCab-m_L,ab,2,0,22,21.586058269505536,0.6296475716311428,-0.0011321306228637695,-0.0023980140686035156
96850,73225,KCab-c,KCab-c_R,ab,1,0,0,0.0,1.0,0.0,0.0
96902,73262,KCab-s,KCab-s_R,ab,2,0,1,1.0,0.9235777954051786,0.0,0.0
96961,73306,KCa'b'-ap2,KCa'b'-ap2_R,apbp,1,0,0,0.0,1.0,0.0,0.0
96963,73307,KCab-s,KCab-s_R,ab,1,0,1,1.0,0.8981276184795467,0.0010541677474975586,0.0010541677474975586
96977,73318,KCab-s,KCab-s_R,ab,2,0,1,1.0,0.4074477326037851,-0.0014827251434326172,-0.0014827251434326172
97024,73358,KCab-s,KCab-s_L,ab,2,0,1,1.0,0.70125529776307,0.0037882328033447266,0.0037882328033447266
97075,73396,KCab-m,KCab-m_L,ab,2,0,14,13.781937780633715,0.1136765533505313,0.0048487186431884766,0.004178404808044434
97181,73486,KCg-m,KCg-m_L,gamma,1,2,1,1.0,0.43027536225483426,-0.0008074641227722168,-0.0008074641227722168
97239,73531,KCg-m,KCg-m_L,gamma,1,2,5,5.0,0.0,-0.00206756591796875,-0.00206756591796875
97258,73548,KCab-m,KCab-m_R,ab,1,0,18,17.45073751813038,0.0,0.0012159943580627441,-4.7147274017333984e-05
97305,73578,KCg-m,KCg-m_R,gamma,1,2,107,104.86555265544754,0.0,-0.013590872287750244,-0.01615387201309204
97348,73610,KCg-m,KCg-m_L,gamma,1,2,49,47.18866970355439,0.0,0.003084838390350342,0.0003654360771179199
97356,73617,KCab-c,KCab-c_L,ab,1,0,0,0.0,1.0,0.0,0.0
97373,73626,KCab-s,KCab-s_R,ab,1,0,1,1.0,0.7006820290115744,0.0003879070281982422,0.0003879070281982422
97410,73655,KCab-m,KCab-m_R,ab,1,0,41,39.978540579246186,0.0,-0.003816068172454834,-0.005368351936340332
97497,73728,KCab-s,KCab-s_L,ab,1,0,3,3.0,0.9222554787236985,0.0,0.0
97522,73746,KCab-m,KCab-m_R,ab,1,0,0,0.0,1.0,0.0,0.0
97573,73783,KCab-m,KCab-m_R,ab,1,0,99,98.03112190704712,0.5145261770269663,-0.023619234561920166,-0.024762630462646484
97591,73794,KCg-d,KCg-d_L,gamma,1,2,0,0.0,1.0,0.0,0.0
97601,73800,KCab-s,KCab-s_R,ab,1,0,81,80.31298719703946,0.6909751348507772,-0.010082900524139404,-0.011064112186431885
97624,73817,KCg-m,KCg-m_L,gamma,1,2,20,19.677334131709383,0.0,-0.004636824131011963,-0.005022943019866943
97689,73868,KCab-m,KCab-m_R,ab,1,0,0,0.0,1.0,0.0,0.0
97719,73891,KCab-s,KCab-s_R,ab,1,0,6,5.903826339076706,0.274471592320282,-0.006183922290802002,-0.006075263023376465
97738,73909,KCab-s,KCab-s_R,ab,2,0,3,2.9817869354403532,0.09209925657491533,-0.007464289665222168,-0.007452249526977539
97772,73933,KCg-m,KCg-m_R,gamma,1,2,18,17.85030138634805,0.0,-0.007241368293762207,-0.0074394941329956055
97823,73966,KCab-m,KCab-m_R,ab,1,0,0,0.0,1.0,0.0,0.0
97927,74033,KCa'b'-ap2,KCa'b'-ap2_L,apbp,0,0,0,0.0,1.0,0.0,0.0
97949,74049,KCa'b'-m,KCa'b'-m_L,apbp,0,0,9,8.92218388287367,0.15186413107192373,0.0,0.0
97999,74079,KCg-m,KCg-m_R,gamma,1,2,107,104.01247202978952,0.21151751641090197,0.005313277244567871,0.001432180404663086
98006,74086,KCab-s,KCab-s_L,ab,1,0,0,0.0,1.0,0.0,0.0
98017,74097,KCg-m,KCg-m_R,gamma,1,2,22,21.35806371193502,0.0,-0.005192935466766357,-0.006337404251098633
98070,74138,KCab-m,KCab-m_L,ab,2,0,16,15.565120151109163,0.0,0.0033605098724365234,0.0017033815383911133
98104,74164,KCg-m,KCg-m_L,gamma,1,2,17,16.885350924472213,0.4437455321565966,0.003189384937286377,0.003042459487915039
98107,74166,KCab-s,KCab-s_L,ab,1,0,39,37.90911321557615,0.44948435945770776,0.00034624338150024414,-0.0015506148338317871
98120,74178,KCab-c,KCab-c_R,ab,1,0,2,2.0,0.0,8.881092071533203e-05,8.881092071533203e-05
98275,74271,KCg-m,KCg-m_L,gamma,1,2,3,2.9204178107160446,0.46819261889475,0.0022467374801635742,0.0021740198135375977
98318,74303,KCab-s,KCab-s_L,ab,2,0,0,0.0,1.0,0.0,0.0
98359,74332,KCab-s,KCab-s_R,ab,1,0,6,5.333632642657001,0.1135300541342416,0.0037993788719177246,0.002171337604522705
98445,74398,KCab-m,KCab-m_L,ab,1,0,3,3.0,0.6706807627793197,0.004085898399353027,0.004085898399353027
98462,74411,KCg-d,KCg-d_L,gamma,1,2,0,0.0,1.0,0.0,0.0
98490,74425,KCab-s,KCab-s_R,ab,1,0,20,19.83478979082065,0.6793681920652261,-0.0036035776138305664,-0.0038695931434631348
98509,74439,KCab-m,KCab-m_R,ab,1,0,49,47.915329109841686,0.06268398114037713,0.005765736103057861,0.003989279270172119
98582,74492,KCab-m,KCab-m_L,ab,2,0,27,26.377290209598275,0.5048425543124618,0.020328998565673828,0.018069982528686523
98590,74499,KCab-m,KCab-m_L,ab,2,0,14,13.410725286689896,0.3638887119910501,-0.004840970039367676,-0.006852507591247559
98614,74515,KCab-m,KCab-m_R,ab,1,0,3,2.967966528922909,0.8121852976174847,0.001317739486694336,0.0012575387954711914
98662,74547,KCab-m,KCab-m_L,ab,1,0,11,10.94436545008179,0.8028339637803549,-0.007971465587615967,-0.008020937442779541
98665,74550,KCg-m,KCg-m_L,gamma,1,2,15,14.758539243201664,0.0,-0.00457453727722168,-0.004963934421539307
98714,74586,KCab-s,KCab-s_L,ab,2,0,2,2.0,0.8547321169503584,0.004143476486206055,0.004143476486206055
98782,74630,KCg-m,KCg-m_L,gamma,2,2,97,95.52558100770675,0.0,-0.029938220977783203,-0.03302311897277832
98813,74651,KCab-m,KCab-m_L,ab,1,0,13,12.870906491589567,0.8308561277604423,0.0026047825813293457,0.002383887767791748
98901,74713,KCg-d,KCg-d_L,gamma,1,2,0,0.0,1.0,0.0,0.0
98924,74731,KCab-s,KCab-s_R,ab,2,0,23,22.756954212686757,0.3780554582989754,0.007499575614929199,0.006742238998413086
98946,74746,KCg-m,KCg-m_L,gamma,2,2,0,0.0,1.0,0.0,0.0
98969,74765,KCab-s,KCab-s_R,ab,2,0,8,7.909791193989783,0.5103925984277472,-0.004635334014892578,-0.004958987236022949
98979,74771,KCab-s,KCab-s_R,ab,1,0,28,27.844827907657862,0.7147800727831563,-0.01083606481552124,-0.010986089706420898
99108,74859,KCab-s,KCab-s_R,ab,1,0,17,16.4163094961578,0.0,0.004960954189300537,0.004169642925262451
99139,74883,KCg-m,KCg-m_R,gamma,1,2,60,58.289102226895,0.0,0.0004451870918273926,-0.0018157362937927246
99140,74884,KCa'b'-m,KCa'b'-m_R,apbp,0,0,0,0.0,1.0,0.0,0.0
99150,74893,KCab-m,KCab-m_L,ab,2,0,13,12.991340193210139,0.8171936764415849,-0.00475919246673584,-0.004761099815368652
99154,74896,KCab-m,KCab-m_R,ab,1,0,0,0.0,1.0,0.0,0.0
99195,74934,KCg-m,KCg-m_L,gamma,1,2,92,90.02755466815954,0.00023443206814731247,-0.01015251874923706,-0.012273609638214111
99225,74957,KCg-m,KCg-m_L,gamma,1,2,0,0.0,1.0,0.0,0.0
99248,74978,KCab-s,KCab-s_L,ab,1,0,32,31.87935438482506,0.6486286903462156,-0.004523277282714844,-0.0047286152839660645
99281,75007,KCab-p,KCab-p_L,ab,0,0,0,0.0,1.0,0.0,0.0
99324,75032,KCab-c,KCab-c_R,ab,2,0,0,0.0,1.0,0.0,0.0
99391,75084,KCg-d,KCg-d_R,gamma,1,2,0,0.0,1.0,0.0,0.0
99436,75115,KCg-m,KCg-m_L,gamma,1,2,69,67.42859471266374,0.0,-0.007130146026611328,-0.009048938751220703
99583,75228,KCa'b'-ap2,KCa'b'-ap2_R,apbp,1,0,4,3.9984742615190436,0.8475428977915896,0.0026746392250061035,0.002672135829925537
99608,75246,KCg-m,KCg-m_R,gamma,1,2,58,56.85588281634289,0.0,-0.0009573101997375488,-0.002891719341278076
99659,75281,KCab-s,KCab-s_R,ab,1,0,6,5.987233653693165,0.558063360851862,-0.0006755590438842773,-0.0006811618804931641
99785,75379,KCab-c,KCab-c_R,ab,1,0,7,6.806590740677331,0.0,0.00014913082122802734,-0.0002868175506591797
99796,75387,KCa'b'-m,KCa'b'-m_R,apbp,1,0,24,23.904096393882213,0.31322337841367304,-0.006108760833740234,-0.006268501281738281
99819,75402,KCab-m,KCab-m_R,ab,1,0,13,12.55069590441833,0.0,0.007196307182312012,0.006624460220336914
99838,75416,KCab-c,KCab-c_L,ab,1,0,0,0.0,1.0,0.0,0.0
99847,75422,KCg-m,KCg-m_L,gamma,1,2,106,102.50825213498764,0.0,-0.014061510562896729,-0.018394947052001953
99858,75432,KCg-m,KCg-m_L,gamma,1,2,18,17.670830913662996,0.0,-0.0007538795471191406,-0.0014258027076721191
99875,75445,KCg-m,KCg-m_L,gamma,1,2,1,1.0,0.5515689075648935,0.001972198486328125,0.001972198486328125
99958,75506,KCab-c,KCab-c_R,ab,1,0,12,11.595631001365657,0.007261429842400047,-0.004980564117431641,-0.005681931972503662
100076,75592,KCab-c,KCab-c_R,ab,1,0,0,0.0,1.0,0.0,0.0
100136,75633,KCa'b'-ap2,KCa'b'-ap2_L,apbp,0,0,21,20.769327056584313,0.7406184890188044,0.0,0.0
100204,75683,KCab-s,KCab-s_R,ab,1,0,9,8.96729190914941,0.9278589265642785,0.0005002617835998535,0.00045758485794067383
100237,75710,KCab-c,KCab-c_L,ab,1,0,23,22.703131554324095,0.00016712579828879318,-0.0011280179023742676,-0.0014678239822387695
100246,75717,KCa'b'-ap2,KCa'b'-ap2_L,apbp,0,0,0,0.0,1.0,0.0,0.0
100251,75721,KCg-m,KCg-m_L,gamma,1,2,15,14.890123057249912,0.0,-0.006139636039733887,-0.0060953497886657715
100272,75738,KCg-m,KCg-m_L,gamma,1,2,37,36.401288186703965,0.0,-0.0017319917678833008,-0.0022487640380859375
100335,75785,KCab-m,KCab-m_R,ab,1,0,0,0.0,1.0,0.0,0.0
100341,75791,KCab-c,KCab-c_L,ab,1,0,7,6.834709461371095,0.38553587736612865,-0.006001114845275879,-0.0062607526779174805
100423,75854,KCa'b'-m,KCa'b'-m_R,apbp,0,0,85,84.5895513218854,0.9110290616816419,0.0,0.0
100484,75900,KCab-s,KCab-s_L,ab,1,0,73,72.6566104471563,0.6923747897384873,-0.001881241798400879,-0.0022485852241516113
100497,75913,KCab-s,KCab-s_R,ab,2,0,3,2.8526667316115533,0.7133182819116023,0.0016695261001586914,0.001026749610900879
100537,75943,KCab-m,KCab-m_R,ab,1,0,0,0.0,1.0,0.0,0.0
100544,75947,KCab-s,KCab-s_R,ab,2,0,31,30.840964821093575,0.7834397288501993,-0.007208824157714844,-0.007754087448120117
100592,75985,KCg-d,KCg-d_L,gamma,1,2,0,0.0,1.0,0.0,0.0
100615,76001,KCg-m,KCg-m_L,gamma,1,2,88,85.90390160821379,0.11734277699401163,0.0036269426345825195,0.000567018985748291
100619,76005,KCab-c,KCab-c_L,ab,0,0,0,0.0,1.0,0.0,0.0
100672,76046,KCab-c,KCab-c_R,ab,2,0,0,0.0,1.0,0.0,0.0
100728,76086,KCa'b'-ap2,KCa'b'-ap2_L,apbp,0,0,0,0.0,1.0,0.0,0.0
100773,76118,KCg-m,KCg-m_L,gamma,1,2,1,1.0,0.2805988990219794,-0.0013502240180969238,-0.0013502240180969238
100795,76134,KCab-s,KCab-s_R,ab,2,0,14,13.865915363948966,0.6177213677779974,-0.0041310787200927734,-0.004397392272949219
100815,76149,KCab-s,KCab-s_R,ab,2,0,7,6.817076455379745,0.17950494771089193,-0.00015687942504882812,-0.0009093284606933594
100823,76153,KCab-m,KCab-m_R,ab,1,0,20,19.63010717485053,0.17738850626407157,-0.0030080080032348633,-0.003583669662475586
100878,76194,KCab-m,KCab-m_L,ab,2,0,17,16.718656926686677,0.17286806364058993,-0.011849164962768555,-0.012816905975341797
100885,76200,KCab-c,KCab-c_L,ab,1,0,0,0.0,1.0,0.0,0.0
100914,76221,KCab-c,KCab-c_R,ab,1,0,10,9.550569239276117,0.0,0.005745887756347656,0.00479280948638916
100950,76239,KCab-s,KCab-s_R,ab,2,0,13,12.96395308578141,0.7389324571715099,-0.005953073501586914,-0.006052494049072266
101010,76286,KCg-m,KCg-m_L,gamma,1,2,18,17.530325460210257,0.0,-0.0012614130973815918,-0.0017315149307250977
101133,76374,KCg-m,KCg-m_L,gamma,1,2,4,4.0,0.16877845754844417,0.0013253092765808105,0.0013253092765808105
101257,76464,KCab-m,KCab-m_R,ab,1,0,65,63.750608425067284,0.2898459259770122,0.0034693479537963867,0.0017458796501159668
101312,76510,KCg-m,KCg-m_L,gamma,1,2,11,10.559644755067401,0.0,0.002011716365814209,0.0015524029731750488
101313,76511,KCab-m,KCab-m_L,ab,2,0,0,0.0,1.0,0.0,0.0
101320,76517,KCab-m,KCab-m_R,ab,0,0,0,0.0,1.0,0.0,0.0
101490,76630,KCab-s,KCab-s_R,ab,1,0,1,1.0,0.865485628794171,0.00048661231994628906,0.00048661231994628906
101524,76657,KCab-m,KCab-m_L,ab,2,0,37,36.6470705693201,0.47872206777437865,0.003931999206542969,0.0029240846633911133
101538,76668,KCab-s,KCab-s_L,ab,1,0,0,0.0,1.0,0.0,0.0
101596,76710,KCab-m,KCab-m_L,ab,2,0,14,13.835938818646836,0.2488850303415234,-0.006566047668457031,-0.0069386959075927734
101647,76739,KCg-d,KCg-d_L,gamma,1,2,0,0.0,1.0,0.0,0.0
101648,76740,KCa'b'-m,KCa'b'-m_L,apbp,0,0,12,11.86139547985145,0.38704451797979367,0.0,0.0
101691,76770,KCab-s,KCab-s_R,ab,1,0,47,46.85412141919652,0.6647331019093132,-0.004015088081359863,-0.004201292991638184
101786,76839,KCab-s,KCab-s_L,ab,2,0,23,22.924045728113512,0.8169898717303239,0.014838099479675293,0.014617204666137695
101792,76843,KCg-m,KCg-m_L,gamma,1,2,26,25.51145029981801,0.0,-0.006787240505218506,-0.007101476192474365
101802,76850,KCab-s,KCab-s_R,ab,2,0,4,3.98559283048777,0.6533515189528019,0.004337191581726074,0.004310727119445801
101816,76861,KCab-m,KCab-m_R,ab,1,0,0,0.0,1.0,0.0,0.0
101981,76978,KCab-m,KCab-m_L,ab,1,0,39,38.903183086327445,0.8963244969737948,-0.0011513233184814453,-0.0012590885162353516
102042,77024,KCab-s,KCab-s_R,ab,2,0,10,9.937267772093831,0.24881382366477822,-0.017861485481262207,-0.01784038543701172
102084,77056,KCab-m,KCab-m_R,ab,1,0,13,12.662221997738026,0.0,0.0017508268356323242,0.0013894438743591309
102095,77066,KCg-m,KCg-m_L,gamma,1,2,82,80.09172847926378,0.0,-0.005476951599121094,-0.00816798210144043
102109,77075,KCab-m,KCab-m_L,ab,2,0,35,34.40232483016014,0.0,-0.008404135704040527,-0.010872483253479004
102136,77099,KCg-m,KCg-m_L,gamma,1,2,185,182.27209653258177,0.5987592603976132,-0.015646159648895264,-0.01880037784576416
102199,77141,KCg-m,KCg-m_L,gamma,1,2,46,44.607591451107666,0.0,0.0003763437271118164,-0.0012817978858947754
102210,77149,KCab-s,KCab-s_R,ab,2,0,3,2.9216398126038956,0.5329194220384038,0.003679990768432617,0.0032405853271484375
102283,77197,KCg-d,KCg-d_R,gamma,1,2,0,0.0,1.0,0.0,0.0
102310,77211,KCab-s,KCab-s_R,ab,1,0,0,0.0,1.0,0.0,0.0
102317,77217,KCa'b'-m,KCa'b'-m_L,apbp,1,0,0,0.0,1.0,0.0,0.0
102357,77242,KCab-c,KCab-c_R,ab,1,0,36,35.45760029628228,0.13505259895959304,0.005880773067474365,0.0052263736724853516
102440,77306,KCab-m,KCab-m_L,ab,2,0,82,81.19069975298545,0.5537512761190789,-0.005943179130554199,-0.008255481719970703
102457,77321,KCab-s,KCab-s_R,ab,2,0,0,0.0,1.0,0.0,0.0
102459,77322,KCab-c,KCab-c_L,ab,2,0,3,3.0,0.0,0.000782012939453125,0.000782012939453125
102468,77329,KCab-m,KCab-m_R,ab,1,0,3,3.0,0.37712282326501634,0.00034797191619873047,0.00034797191619873047
102512,77365,KCab-s,KCab-s_L,ab,1,0,2,2.0,0.8497308058054172,-0.0013980269432067871,-0.0013980269432067871
102548,77395,KCab-m,KCab-m_L,ab,1,0,0,0.0,1.0,0.0,0.0
102587,77424,KCab-s,KCab-s_R,ab,1,0,20,18.8167103234182,0.0,0.006009280681610107,0.003874838352203369
102621,77446,KCg-m,KCg-m_L,gamma,1,2,15,14.59317675398693,0.0,-0.006664574146270752,-0.007419705390930176
102671,77482,KCab-c,KCab-c_R,ab,1,0,0,0.0,1.0,0.0,0.0
102719,77514,KCab-s,KCab-s_L,ab,1,0,17,16.690898781938643,0.38508819562992774,-0.005995810031890869,-0.0067324042320251465
102744,77530,KCab-m,KCab-m_L,ab,1,0,5,4.9648848370924545,0.564478655638679,0.0015617012977600098,0.001489877700805664
102748,77534,KCab-s,KCab-s_R,ab,2,0,54,52.83572899747515,0.20155227359538005,-0.0034526586532592773,-0.006620526313781738
102887,77633,KCg-m,KCg-m_R,gamma,1,3,67,65.61317734841643,0.0,0.000675201416015625,-0.0009913444519042969
102904,77643,KCab-m,KCab-m_L,ab,1,0,0,0.0,1.0,0.0,0.0
102923,77660,KCab-m,KCab-m_R,ab,1,0,6,5.706506342156527,0.0,-0.001010119915008545,-0.001141190528869629
102954,77681,KCg-m,KCg-m_L,gamma,1,2,6,5.80103355297768,0.0,0.0045059919357299805,0.004088640213012695
102990,77712,KCab-m,KCab-m_R,ab,1,0,1,1.0,0.7700191473728681,-0.003177464008331299,-0.003177464008331299
102997,77718,KCab-s,KCab-s_R,ab,2,0,1,1.0,0.9044677961304974,0.0,0.0
103011,77728,KCab-c,KCab-c_R,ab,1,0,2,2.0,0.0,0.0,0.0
103144,77825,KCg-m,KCg-m_R,gamma,1,2,0,0.0,1.0,0.0,0.0
103274,77930,KCab-m,KCab-m_R,ab,1,0,1,1.0,0.8264390942935573,-0.0018083453178405762,-0.0018083453178405762
103278,77933,KCab-p,KCab-p_R,ab,1,0,0,0.0,1.0,0.0,0.0
103401,78020,KCab-s,KCab-s_R,ab,2,0,13,12.75219873294727,0.0,-0.006865978240966797,-0.007631063461303711
103416,78031,KCg-m,KCg-m_L,gamma,1,2,10,9.773239977220069,0.0,-0.0006732940673828125,-0.0009246468544006348
103419,78034,KCab-m,KCab-m_R,ab,1,0,0,0.0,1.0,0.0,0.0
103421,78036,KCab-m,KCab-m_L,ab,2,0,28,27.41055571523316,0.15487125228641713,0.011121869087219238,0.009108185768127441
103423,78038,KCab-s,KCab-s_L,ab,2,0,6,5.98601408932839,0.9545609700963713,-0.0019603967666625977,-0.001985311508178711
103436,78047,KCab-m,KCab-m_L,ab,2,0,0,0.0,1.0,0.0,0.0
103502,78096,KCab-s,KCab-s_L,ab,1,0,0,0.0,1.0,0.0,0.0
103609,78174,KCg-m,KCg-m_L,gamma,1,2,64,62.67912372119124,0.0,-0.0009554624557495117,-0.002685725688934326
103640,78197,KCab-p,KCab-p_R,ab,1,0,0,0.0,1.0,0.0,0.0
103663,78213,KCg-d,KCg-d_R,gamma,1,2,0,0.0,1.0,0.0,0.0
103704,78237,KCab-s,KCab-s_R,ab,1,0,6,5.988392434573848,0.8300514555493769,0.0002391338348388672,0.00022614002227783203
103715,78243,KCg-d,KCg-d_L,gamma,1,2,0,0.0,1.0,0.0,0.0
103720,78248,KCg-m,KCg-m_L,gamma,1,2,0,0.0,1.0,0.0,0.0
103728,78254,KCab-s,KCab-s_L,ab,1,0,3,2.8656240061589946,0.7941951693011782,-4.839897155761719e-05,-0.00031280517578125
103750,78270,KCg-m,KCg-m_L,gamma,1,2,41,39.9805819789365,0.0,-0.009734690189361572,-0.011275112628936768
103770,78284,KCg-d,KCg-d_L,gamma,1,2,0,0.0,1.0,0.0,0.0
103794,78300,KCa'b'-m,KCa'b'-m_L,apbp,0,0,0,0.0,1.0,0.0,0.0
103832,78327,KCab-p,KCab-p_R,ab,1,0,0,0.0,1.0,0.0,0.0
103845,78333,KCa'b'-m,KCa'b'-m_L,apbp,0,0,1,1.0,0.7447145615206987,0.0,0.0
103941,78406,KCab-m,KCab-m_L,ab,1,0,10,9.740286894262985,0.0,0.0008036494255065918,0.0004947781562805176
103945,78409,KCab-s,KCab-s_R,ab,1,0,0,0.0,1.0,0.0,0.0
103957,78415,KCa'b'-ap2,KCa'b'-ap2_L,apbp,0,0,0,0.0,1.0,0.0,0.0
104068,78498,KCg-m,KCg-m_L,gamma,1,3,54,52.15361691397839,0.19545037959278908,-0.007477998733520508,-0.010662257671356201
104082,78508,KCab-m,KCab-m_R,ab,1,0,38,36.980596263913995,0.3464652014339589,0.003415048122406006,0.001785874366760254
104086,78511,KCab-s,KCab-s_R,ab,1,0,4,4.0,0.058055925446234564,0.0006364583969116211,0.0006364583969116211
104117,78533,KCab-m,KCab-m_R,ab,2,0,0,0.0,1.0,0.0,0.0
104127,78542,KCab-c,KCab-c_L,ab,1,0,0,0.0,1.0,0.0,0.0
104149,78560,KCab-s,KCab-s_R,ab,1,0,0,0.0,1.0,0.0,0.0
104166,78573,KCg-m,KCg-m_R,gamma,1,2,143,140.92311166181415,0.0,0.0026807785034179688,0.00031179189682006836
104232,78621,KCab-m,KCab-m_R,ab,1,0,70,68.83890005087281,0.34129394180704586,0.007812082767486572,0.006264209747314453
104240,78627,KCab-c,KCab-c_R,ab,1,0,0,0.0,1.0,0.0,0.0
104284,78658,KCab-c,KCab-c_L,ab,1,0,1,1.0,0.9265272748635935,0.0007283687591552734,0.0007283687591552734
104293,78663,KCab-c,KCab-c_R,ab,1,0,0,0.0,1.0,0.0,0.0
104359,78712,KCab-m,KCab-m_L,ab,2,0,33,32.59532974864142,0.3460103975985067,-0.004963994026184082,-0.005437254905700684
104385,78732,KCg-m,KCg-m_L,gamma,1,2,25,24.620837331141388,0.0,-0.010898947715759277,-0.011141777038574219
104393,78738,KCab-s,KCab-s_R,ab,1,0,1,1.0,0.8121565816488525,0.0019464492797851562,0.0019464492797851562
104448,78778,KCa'b'-m,KCa'b'-m_L,apbp,0,0,29,28.7432324265871,0.7193394692086877,0.0,0.0
104462,78789,KCab-s,KCab-s_L,ab,2,0,0,0.0,1.0,0.0,0.0
104490,78815,KCab-m,KCab-m_R,ab,1,0,2,2.0,0.6652988217173521,-0.0014247298240661621,-0.0014247298240661621
104513,78836,KCg-d,KCg-d_R,gamma,1,2,0,0.0,1.0,0.0,0.0
104526,78846,KCg-m,KCg-m_R,gamma,1,2,82,79.17097971699614,0.0,-0.004720211029052734,-0.00832289457321167
104535,78855,KCa'b'-ap2,KCa'b'-ap2_L,apbp,0,0,3,3.0,0.8872047631752238,0.0,0.0
104545,78862,KCab-m,KCab-m_L,ab,2,0,8,7.632564518739728,0.539636995814743,-0.0030765533447265625,-0.004861950874328613
104717,78992,KCab-s,KCab-s_L,ab,1,0,50,49.63912950498506,0.266090699890524,-0.007143139839172363,-0.0076392292976379395
104723,78995,KCab-s,KCab-s_R,ab,1,0,136,135.41345798842556,0.8100959430042612,-0.021063804626464844,-0.021749675273895264
104743,79008,KCab-m,KCab-m_L,ab,2,0,1,1.0,0.27034830593973813,0.0,0.0
104745,79010,KCab-s,KCab-s_R,ab,2,0,0,0.0,1.0,0.0,0.0
104755,79016,KCa'b'-ap1,KCa'b'-ap1_R,apbp,0,0,0,0.0,1.0,0.0,0.0
104845,79078,KCa'b'-ap2,KCa'b'-ap2_L,apbp,0,0,0,0.0,1.0,0.0,0.0
104846,79079,KCab-s,KCab-s_R,ab,2,0,0,0.0,1.0,0.0,0.0
104866,79093,KCab-c,KCab-c_L,ab,1,0,6,5.92327066412196,0.5627676260002804,0.003606557846069336,0.0034885406494140625
104887,79108,KCab-m,KCab-m_R,ab,1,0,8,7.480612941071348,0.0,0.006506443023681641,0.005200386047363281
104940,79148,KCab-c,KCab-c_R,ab,1,0,23,22.588230838870412,0.0,-0.009427785873413086,-0.01032876968383789
104970,79170,KCab-m,KCab-m_L,ab,2,0,3,3.0,0.7808465058772172,-0.0020751953125,-0.0020751953125
104980,79180,KCab-m,KCab-m_R,ab,1,0,0,0.0,1.0,0.0,0.0
104983,79182,KCg-m,KCg-m_L,gamma,1,2,5,4.672211623566694,0.0,0.002110600471496582,0.0014519691467285156
105128,79291,KCg-m,KCg-m_R,gamma,1,2,31,29.687279074819998,0.0,0.006677091121673584,0.0038467049598693848
105134,79295,KCab-s,KCab-s_R,ab,1,0,7,7.0,0.4674779842479752,-0.00014865398406982422,-0.00014865398406982422
105264,79389,KCab-s,KCab-s_R,ab,1,0,0,0.0,1.0,0.0,0.0
105330,79438,KCab-s,KCab-s_R,ab,1,0,0,0.0,1.0,0.0,0.0
105338,79446,KCab-m,KCab-m_L,ab,1,0,28,27.34021509021339,0.23958168964250517,-1.430511474609375e-06,-0.0009546875953674316
105345,79449,KCab-c,KCab-c_R,ab,1,0,0,0.0,1.0,0.0,0.0
105349,79452,KCab-s,KCab-s_R,ab,1,0,92,90.48301692546022,0.5638068805112242,0.0045108795166015625,0.002377152442932129
105400,79496,KCab-c,KCab-c_L,ab,1,0,1,1.0,0.25475182234431726,0.0,0.0
105407,79502,KCg-m,KCg-m_L,gamma,1,2,4,3.9294759687026897,0.255767989062083,0.0007309317588806152,0.0006755590438842773
105509,79573,KCab-m,KCab-m_L,ab,1,0,1,1.0,0.42465782768583743,-0.0014211535453796387,-0.0014211535453796387
105653,79684,KCab-m,KCab-m_L,ab,1,0,37,35.81573289327672,0.19288583912048446,0.0018318891525268555,-0.0002446174621582031
105662,79690,KCg-d,KCg-d_L,gamma,1,2,0,0.0,1.0,0.0,0.0
105676,79699,KCab-s,KCab-s_R,ab,1,0,5,4.646346117984958,0.0,-0.0003178715705871582,-0.0014816522598266602
105684,79704,KCab-p,KCab-p_R,ab,1,0,0,0.0,1.0,0.0,0.0
105807,79792,KCab-s,KCab-s_R,ab,2,0,23,22.825519333322127,0.07481636044891733,-0.01715981960296631,-0.017760157585144043
105929,79882,KCab-m,KCab-m_L,ab,1,0,47,46.187116164954965,0.6596259145570971,-0.006776869297027588,-0.00799417495727539
105935,79886,KCab-s,KCab-s_L,ab,1,0,0,0.0,1.0,0.0,0.0
105960,79901,KCab-s,KCab-s_L,ab,1,0,0,0.0,1.0,0.0,0.0
106034,79953,KCab-m,KCab-m_R,ab,1,0,13,12.780481626500436,0.7514293938116353,0.0016758441925048828,0.001347661018371582
106115,80008,KCg-m,KCg-m_R,gamma,1,2,6,5.884473016943897,0.1907114900479342,-0.004684627056121826,-0.004700005054473877
106124,80012,KCab-m,KCab-m_R,ab,1,0,0,0.0,1.0,0.0,0.0
106206,80070,KCab-s,KCab-s_L,ab,1,0,30,29.926108732889727,0.7798521077265407,0.002820312976837158,0.002678215503692627
106209,80073,KCab-m,KCab-m_L,ab,1,0,23,22.30872344967039,0.0,0.009990334510803223,0.008503913879394531
106236,80092,KCa'b'-ap2,KCa'b'-ap2_R,apbp,0,0,0,0.0,1.0,0.0,0.0
106301,80139,KCg-d,KCg-d_R,gamma,1,2,0,0.0,1.0,0.0,0.0
106446,80245,KCab-m,KCab-m_R,ab,1,0,12,11.986536099993144,0.7337303390058201,-0.0038847923278808594,-0.0038768649101257324
106448,80246,KCa'b'-m,KCa'b'-m_L,apbp,1,0,2,2.0,0.9991564912755573,-0.0032712221145629883,-0.0032712221145629883
106506,80283,KCab-s,KCab-s_L,ab,1,0,4,3.971603796033682,0.9094488503628273,0.004893898963928223,0.004844784736633301
106511,80287,KCab-m,KCab-m_L,ab,1,0,2,2.0,0.0,-0.006173849105834961,-0.006173849105834961
106559,80321,KCa'b'-ap2,KCa'b'-ap2_L,apbp,1,0,0,0.0,1.0,0.0,0.0
106691,80409,KCg-m,KCg-m_R,gamma,1,2,50,48.76061806246306,0.0,-0.01585477590560913,-0.01667320728302002
106711,80420,KCa'b'-ap2,KCa'b'-ap2_R,apbp,1,0,0,0.0,1.0,0.0,0.0
106762,80457,KCab-m,KCab-m_L,ab,2,0,0,0.0,1.0,0.0,0.0
106828,80500,KCab-m,KCab-m_R,ab,1,0,2,2.0,0.1631038766086171,0.00048738718032836914,0.00048738718032836914
106846,80512,KCab-c,KCab-c_R,ab,1,0,0,0.0,1.0,0.0,0.0
106882,80539,KCab-m,KCab-m_R,ab,1,0,30,29.863176410247974,0.5613700828485482,-0.0019075870513916016,-0.002100825309753418
106885,80542,KCg-m,KCg-m_L,gamma,1,2,10,9.550029319271854,0.125250581053511,0.00044673681259155273,-0.0005142092704772949
106893,80548,KCab-s,KCab-s_R,ab,1,0,0,0.0,1.0,0.0,0.0
106905,80556,KCg-m,KCg-m_L,gamma,1,2,132,129.82104004975946,0.0,-0.011003553867340088,-0.013898670673370361
106931,80573,KCa'b'-ap2,KCa'b'-ap2_R,apbp,1,0,0,0.0,1.0,0.0,0.0
106942,80582,KCab-m,KCab-m_L,ab,2,0,4,4.0,0.1734299253871623,-0.0038548707962036133,-0.0038548707962036133
106981,80608,KCab-s,KCab-s_R,ab,1,0,2,2.0,0.37537814273746867,-0.0016624927520751953,-0.0016624927520751953
107009,80631,KCab-s,KCab-s_L,ab,1,0,2,2.0,0.8561070319787085,0.0021375417709350586,0.0021375417709350586
107019,80637,KCg-m,KCg-m_L,gamma,1,2,8,7.651874573899526,0.3503880270376197,0.0019363164901733398,0.0016390085220336914
107027,80643,KCab-m,KCab-m_R,ab,1,0,0,0.0,1.0,0.0,0.0
107041,80654,KCab-s,KCab-s_R,ab,2,0,0,0.0,1.0,0.0,0.0
107164,80735,KCg-m,KCg-m_L,gamma,1,2,25,24.731503666628335,0.5178018585153784,-0.00032204389572143555,-0.0007058978080749512
107197,80762,KCg-m,KCg-m_R,gamma,1,2,2,2.0,0.0,0.00020641088485717773,0.00020641088485717773
107232,80790,KCg-m,KCg-m_L,gamma,1,2,104,101.23404409048484,0.25484304869268204,-0.008241057395935059,-0.011172473430633545
107312,80848,KCa'b'-m,KCa'b'-m_L,apbp,0,0,0,0.0,1.0,0.0,0.0
107336,80865,KCab-m,KCab-m_R,ab,1,0,29,28.114962674545595,0.0,-0.008202672004699707,-0.009809434413909912
107452,80955,KCg-m,KCg-m_R,gamma,1,2,11,10.455569342846303,0.0,0.0007603168487548828,0.00012993812561035156
107453,80956,KCab-s,KCab-s_R,ab,2,0,4,3.862318482643503,0.2589614597934951,0.005588173866271973,0.005029082298278809
107516,81000,KCg-m,KCg-m_L,gamma,1,2,3,3.0,0.0,0.0038914084434509277,0.0038914084434509277
107550,81025,KCa'b'-ap2,KCa'b'-ap2_L,apbp,0,0,0,0.0,1.0,0.0,0.0
107575,81041,KCab-c,KCab-c_L,ab,1,0,0,0.0,1.0,0.0,0.0
107653,81096,KCab-s,KCab-s_R,ab,2,0,27,26.372836799376937,0.0,-0.0004462003707885742,-0.0020140409469604492
107657,81100,KCab-s,KCab-s_R,ab,1,0,6,5.966346560793561,0.8234588486900439,-0.004278957843780518,-0.004327893257141113
107679,81115,KCab-s,KCab-s_L,ab,1,0,0,0.0,1.0,0.0,0.0
107737,81155,KCab-p,KCab-p_L,ab,1,0,0,0.0,1.0,0.0,0.0
107761,81175,KCab-m,KCab-m_R,ab,1,0,10,9.625721411780699,0.0,-0.001959860324859619,-0.002674102783203125
107780,81191,KCab-m,KCab-m_R,ab,1,0,10,9.879127259495979,0.0,-0.006387591361999512,-0.006325900554656982
107825,81222,KCab-m,KCab-m_L,ab,1,0,33,32.39302811926283,0.0,-0.003288447856903076,-0.004083216190338135
107840,81235,KCab-m,KCab-m_R,ab,2,0,51,49.6103201456573,0.09220384001134901,0.00717008113861084,0.0031987428665161133
107852,81243,KCg-m,KCg-m_R,gamma,1,3,22,21.349171088743294,0.0,-0.004416346549987793,-0.005454063415527344
108002,81339,KCg-m,KCg-m_R,gamma,1,2,94,92.10683820104701,0.0,-0.007552981376647949,-0.00942528247833252
108059,81374,KCab-s,KCab-s_L,ab,2,0,41,40.88079534847273,0.8134112510406961,-0.0008124113082885742,-0.0012488365173339844
108072,81384,KCab-p,KCab-p_L,ab,2,0,0,0.0,1.0,0.0,0.0
108124,81424,KCab-m,KCab-m_R,ab,1,0,3,2.9770966558409966,0.21376338721555285,0.0037478208541870117,0.003740072250366211
108126,81426,KCab-m,KCab-m_R,ab,1,0,30,29.30604209192702,0.30932120487930664,-0.006128132343292236,-0.007235169410705566
108277,81542,KCab-c,KCab-c_L,ab,2,0,0,0.0,1.0,0.0,0.0
108345,81593,KCab-s,KCab-s_L,ab,1,0,0,0.0,1.0,0.0,0.0
108379,81615,KCg-m,KCg-m_L,gamma,1,2,37,36.327638160458605,0.0,-0.0014137625694274902,-0.00231093168258667
108389,81623,KCg-m,KCg-m_L,gamma,1,2,104,100.89608662031547,0.0,0.011758625507354736,0.007054269313812256
108406,81635,KCa'b'-m,KCa'b'-m_R,apbp,0,0,1,1.0,0.9128348558906731,0.0,0.0
108481,81686,KCab-c,KCab-c_R,ab,2,0,0,0.0,1.0,0.0,0.0
108536,81731,KCg-m,KCg-m_L,gamma,2,2,0,0.0,1.0,0.0,0.0
108539,81733,KCab-c,KCab-c_L,ab,1,0,33,32.683063227901954,0.0,-0.005377829074859619,-0.005982875823974609
108602,81778,KCab-m,KCab-m_R,ab,1,0,0,0.0,1.0,0.0,0.0
108610,81782,KCab-m,KCab-m_L,ab,1,0,25,24.76910068214736,0.7324881757755547,-0.01158207654953003,-0.01176530122756958
108622,81791,KCab-m,KCab-m_R,ab,1,0,0,0.0,1.0,0.0,0.0
108640,81805,KCab-m,KCab-m_L,ab,2,0,20,19.852637958925676,0.0,-0.010482311248779297,-0.010695099830627441
108661,81820,KCab-s,KCab-s_L,ab,1,0,0,0.0,1.0,0.0,0.0
108808,81927,KCab-c,KCab-c_L,ab,1,0,122,121.35132465692635,0.3503841861695105,0.005672335624694824,0.004786491394042969
108833,81942,KCg-m,KCg-m_R,gamma,1,2,35,33.85690057358241,0.00022807249581359852,0.008616268634796143,0.006707906723022461
109056,82110,KCab-m,KCab-m_R,ab,1,0,0,0.0,1.0,0.0,0.0
109108,82149,KCab-m,KCab-m_L,ab,2,0,24,23.648292283803173,0.0,-0.029311656951904297,-0.029802322387695312
109117,82157,KCa'b'-ap2,KCa'b'-ap2_L,apbp,1,0,1,1.0,0.9332499956075159,-0.0025411248207092285,-0.0025411248207092285
109161,82192,KCg-m,KCg-m_L,gamma,1,2,5,4.620840668090836,0.0,-0.002585887908935547,-0.003444671630859375
109220,82235,KCa'b'-ap2,KCa'b'-ap2_L,apbp,0,0,0,0.0,1.0,0.0,0.0
109263,82268,KCab-c,KCab-c_L,ab,2,0,0,0.0,1.0,0.0,0.0
109268,82272,KCg-m,KCg-m_R,gamma,1,2,42,41.36749459363064,0.0,-0.002379179000854492,-0.002809584140777588
109275,82277,KCg-m,KCg-m_L,gamma,1,2,55,53.149909871468196,0.0,0.01064455509185791,0.007909119129180908
109321,82312,KC,KC_R,other,0,0,69,68.28007790224038,0.7170043301986955,0.0,0.0
109332,82316,KCab-m,KCab-m_R,ab,1,0,0,0.0,1.0,0.0,0.0
109333,82317,KCab-m,KCab-m_L,ab,2,0,4,3.994614202757117,0.526428300954423,-0.0038198232650756836,-0.003815770149230957
109382,82349,KCab-m,KCab-m_L,ab,1,0,33,32.43244762205359,0.5622207460523506,0.0025557875633239746,0.0017118453979492188
109413,82367,KCab-p,KCab-p_L,ab,1,0,0,0.0,1.0,0.0,0.0
109449,82394,KCg-m,KCg-m_L,gamma,1,2,39,38.01446667771127,0.0,-0.0012508630752563477,-0.0020917654037475586
109478,82415,KCab-p,KCab-p_L,ab,1,0,0,0.0,1.0,0.0,0.0
109492,82426,KCg-m,KCg-m_L,gamma,1,2,16,15.95200141059971,0.0,-0.0055435895919799805,-0.005536258220672607
109512,82441,KCg-m,KCg-m_L,gamma,1,2,145,142.34667165814244,0.0009636108005688703,-0.003957867622375488,-0.0069928765296936035
109550,82465,KCab-c,KCab-c_L,ab,1,0,0,0.0,1.0,0.0,0.0
109583,82487,KCg-m,KCg-m_R,gamma,1,2,14,13.342470052530508,0.0,0.006448268890380859,0.005021095275878906
109607,82505,KCa'b'-m,KCa'b'-m_L,apbp,0,0,0,0.0,1.0,0.0,0.0
109619,82510,KCab-m,KCab-m_L,ab,1,0,28,27.589625079439614,0.4828581507554955,-0.0008755326271057129,-0.001643538475036621
109655,82539,KCa'b'-ap1,KCa'b'-ap1_L,apbp,1,0,0,0.0,1.0,0.0,0.0
109676,82554,KCg-m,KCg-m_L,gamma,1,2,59,57.81488332556325,0.0,-0.003594815731048584,-0.005058586597442627
109697,82567,KCg-m,KCg-m_R,gamma,1,2,52,49.55664097662812,0.0,0.0075588226318359375,0.00406259298324585
109708,82575,KCg-m,KCg-m_L,gamma,1,3,28,27.38234632109483,0.0,-0.008336424827575684,-0.009166598320007324
109755,82605,KCab-s,KCab-s_R,ab,1,0,0,0.0,1.0,0.0,0.0
109758,82607,KCab-c,KCab-c_L,ab,2,0,8,7.54043602567442,0.0,-0.0018597841262817383,-0.003961086273193359
109802,82644,KCab-s,KCab-s_L,ab,2,0,26,25.970517552498368,0.837222421015068,-0.006922483444213867,-0.006992816925048828
109851,82679,KCab-m,KCab-m_L,ab,2,0,0,0.0,1.0,0.0,0.0
109853,82681,KCg-m,KCg-m_L,gamma,1,2,0,0.0,1.0,0.0,0.0
109862,82690,KCab-s,KCab-s_R,ab,1,0,7,6.884833571370374,0.0,-0.0003676414489746094,-0.0004621148109436035
109870,82695,KCab-m,KCab-m_L,ab,1,0,32,30.69046055347961,0.4022371395505356,-0.0035400390625,-0.006060898303985596
109871,82696,KCab-m,KCab-m_R,ab,2,0,6,5.978730474369902,0.11174961376379824,-0.001316666603088379,-0.0013540983200073242
109873,82697,KCg-m,KCg-m_R,gamma,1,2,0,0.0,1.0,0.0,0.0
109910,82720,KCab-m,KCab-m_R,ab,1,0,83,81.91120345065026,0.6596179920150801,-0.018244445323944092,-0.019598841667175293
109917,82726,KCab-s,KCab-s_L,ab,1,0,0,0.0,1.0,0.0,0.0
109919,82728,KCab-s,KCab-s_L,ab,1,0,0,0.0,1.0,0.0,0.0
109988,82779,KCab-s,KCab-s_R,ab,2,0,9,8.709236194160987,0.25468782835317777,0.004924297332763672,0.003702402114868164
110009,82796,KCab-m,KCab-m_R,ab,1,0,0,0.0,1.0,0.0,0.0
110050,82826,KCab-m,KCab-m_L,ab,1,0,8,7.8380942437148935,0.4955721021555839,-0.005042433738708496,-0.005354642868041992
110079,82851,KCab-m,KCab-m_R,ab,1,0,1,1.0,0.8443248906669963,-0.0022287964820861816,-0.0022287964820861816
110090,82856,KCg-m,KCg-m_L,gamma,2,2,73,71.41732977832386,0.0,-0.021014928817749023,-0.024663925170898438
110112,82872,KCab-s,KCab-s_L,ab,2,0,1,1.0,0.9054980780869492,0.0,0.0
110210,82937,KCab-s,KCab-s_L,ab,2,0,0,0.0,1.0,0.0,0.0
110269,82984,KCab-p,KCab-p_R,ab,1,0,0,0.0,1.0,0.0,0.0
110274,82986,KCab-m,KCab-m_L,ab,1,0,3,3.0,0.7620463635987255,-0.0015661120414733887,-0.0015661120414733887
110282,82993,KCg-m,KCg-m_L,gamma,1,2,55,54.506786971937714,0.5019021548041855,0.0006821751594543457,0.00020331144332885742
110328,83024,KCab-c,KCab-c_L,ab,1,0,5,4.955893912210105,0.0,-0.00026929378509521484,-0.0003224015235900879
110338,83030,KCab-c,KCab-c_R,ab,1,0,18,17.83073954378714,0.3812358185887872,-0.010873854160308838,-0.010971248149871826
110375,83058,KCg-m,KCg-m_R,gamma,1,2,11,10.570590474733509,0.0,-0.0031281113624572754,-0.0036458969116210938
110380,83062,KCab-s,KCab-s_R,ab,1,0,30,29.24373614127487,0.07775518189849148,-0.004103124141693115,-0.005649447441101074
110544,83184,KCab-s,KCab-s_L,ab,2,0,14,13.897601918138964,0.8796183447841722,0.008253335952758789,0.007844209671020508
110574,83205,KCg-m,KCg-m_L,gamma,1,2,38,37.38665124797354,0.0,-0.012214362621307373,-0.012704610824584961
110599,83223,KCab-s,KCab-s_R,ab,2,0,16,15.859798417004512,0.9169959885838065,0.003609180450439453,0.0031832456588745117
110674,83276,KCab-s,KCab-s_R,ab,1,0,17,16.95890346963028,0.0,-0.002581954002380371,-0.002612769603729248
110689,83284,KCab-m,KCab-m_L,ab,1,0,6,5.878198758262879,0.0,-0.006941556930541992,-0.007066547870635986
110701,83293,KCab-m,KCab-m_L,ab,2,0,0,0.0,1.0,0.0,0.0
110746,83326,KCg-d,KCg-d_L,gamma,1,2,0,0.0,1.0,0.0,0.0
110815,83377,KCab-m,KCab-m_R,ab,1,0,51,49.298716320467996,0.14660097161346342,0.007226169109344482,0.0039678215980529785
110897,83430,KCab-s,KCab-s_R,ab,1,0,19,18.685034978248765,0.6913946184847751,5.125999450683594e-06,-0.0005511045455932617
110950,83463,KCg-m,KCg-m_L,gamma,1,2,216,213.4124328748811,0.2801424201350056,-0.032428205013275146,-0.03523600101470947
111033,83527,KCab-c,KCab-c_L,ab,1,0,2,2.0,0.23199547707849966,0.002821207046508789,0.002821207046508789
111060,83549,KCab-s,KCab-s_R,ab,1,0,17,16.626458889846123,0.3414323707238586,-0.007108807563781738,-0.007428228855133057
111109,83581,KCg-m,KCg-m_L,gamma,1,2,46,44.941733408549844,0.011210747306421355,0.005187034606933594,0.0039047598838806152
111127,83593,KCg-m,KCg-m_L,gamma,1,2,20,19.207928612602515,0.14550230212116397,-0.0005084872245788574,-0.0018818974494934082
111165,83619,KCg-m,KCg-m_R,gamma,1,2,259,256.1352533230273,0.5662283297496754,-0.031814754009246826,-0.034945905208587646
111185,83634,KCa'b'-ap1,KCa'b'-ap1_R,apbp,2,0,22,21.87200975522007,0.8604761545714974,-0.009397387504577637,-0.009809255599975586
111197,83643,KCg-d,KCg-d_L,gamma,1,2,0,0.0,1.0,0.0,0.0
111260,83684,KCab-m,KCab-m_L,ab,2,0,12,11.748615092343329,0.0,0.0006973743438720703,-0.0005879402160644531
111360,83753,KCab-m,KCab-m_R,ab,2,0,0,0.0,1.0,0.0,0.0
111576,83905,KCg-m,KCg-m_L,gamma,1,2,131,128.39256147227718,0.0,-0.002275824546813965,-0.0055359601974487305
111636,83948,KCab-m,KCab-m_L,ab,1,0,0,0.0,1.0,0.0,0.0
111640,83951,KCab-c,KCab-c_L,ab,1,0,17,16.725374210876986,0.23366778636051128,0.0005235671997070312,0.00020420551300048828
111652,83961,KCab-s,KCab-s_L,ab,2,0,0,0.0,1.0,0.0,0.0
111655,83962,KCg-m,KCg-m_L,gamma,1,2,157,154.39134265842227,0.0,-0.004705488681793213,-0.007887780666351318
111695,83991,KCg-m,KCg-m_L,gamma,1,2,141,137.38098909716987,0.23879286438206185,-0.004970848560333252,-0.010181963443756104
111702,83998,KCab-c,KCab-c_L,ab,1,0,50,49.25163315304561,0.666063312125688,-6.669759750366211e-05,-0.001404404640197754
111744,84028,KCg-d,KCg-d_R,gamma,1,2,0,0.0,1.0,0.0,0.0
111754,84037,KCab-c,KCab-c_L,ab,1,0,10,9.901949879854758,0.6340208473129335,0.0005036592483520508,0.0004119277000427246
111795,84070,KCg-m,KCg-m_L,gamma,1,2,17,16.44477384804828,0.3420497107881636,0.006948590278625488,0.005959451198577881
111803,84077,KCg-m,KCg-m_L,gamma,1,2,119,116.16536746288565,0.0,-0.002560913562774658,-0.0061920881271362305
111812,84084,KCab-c,KCab-c_R,ab,1,0,0,0.0,1.0,0.0,0.0
111878,84132,KCab-m,KCab-m_L,ab,1,0,9,8.830320312290098,0.0,-0.005506277084350586,-0.005804777145385742
111958,84193,KCab-c,KCab-c_L,ab,1,0,13,12.932902336755815,0.4216458723956541,-0.0036573410034179688,-0.0037208199501037598
111985,84216,KCab-c,KCab-c_R,ab,2,0,8,7.570355641334642,0.0,-0.00233304500579834,-0.004198551177978516
112009,84232,KCg-m,KCg-m_L,gamma,1,3,51,50.20362028300487,0.0,-0.005803227424621582,-0.006720006465911865
112023,84241,KCab-c,KCab-c_R,ab,1,0,2,2.0,0.6208983112103283,-0.0026268959045410156,-0.0026268959045410156
112026,84244,KCab-m,KCab-m_L,ab,1,0,21,20.372322458097667,0.0,-7.76052474975586e-05,-0.0012871623039245605
112040,84255,KCg-m,KCg-m_R,gamma,1,3,3,3.0,0.06366286892817273,0.0036145448684692383,0.0036145448684692383
112144,84325,KCa'b'-m,KCa'b'-m_L,apbp,0,0,7,7.0,0.7699160447287093,0.0,0.0
112189,84357,KCg-m,KCg-m_L,gamma,1,2,15,14.820833512120215,0.047905551346645384,0.0007830262184143066,0.0005713105201721191
112293,84430,KCa'b'-m,KCa'b'-m_L,apbp,1,0,3,3.0,0.2755322689162657,-0.0026836395263671875,-0.0026836395263671875
112329,84461,KCab-m,KCab-m_L,ab,1,0,23,22.807500898866863,0.3158066092169762,-0.012095987796783447,-0.012361466884613037
112359,84483,KCg-m,KCg-m_L,gamma,1,2,33,32.53179847736302,0.0,-0.0035059452056884766,-0.004181265830993652
112378,84496,KCab-m,KCab-m_L,ab,2,0,0,0.0,1.0,0.0,0.0
112442,84538,KCg-m,KCg-m_L,gamma,1,2,0,0.0,1.0,0.0,0.0
112593,84641,KCg-m,KCg-m_L,gamma,1,2,55,54.01951426407002,0.0,-0.014294326305389404,-0.015518009662628174
112605,84650,KCab-c,KCab-c_L,ab,1,0,30,29.43046216738869,0.21298570333649364,-0.007568299770355225,-0.008657634258270264
112610,84653,KCab-m,KCab-m_L,ab,1,0,5,5.0,0.0,0.002771735191345215,0.002771735191345215
112621,84663,KCab-s,KCab-s_L,ab,2,0,1,1.0,0.896217634554646,0.0003724098205566406,0.0003724098205566406
112683,84708,KCab-m,KCab-m_L,ab,1,0,91,89.89541732246143,0.41369514688386716,8.970499038696289e-05,-0.0013688206672668457
112697,84718,KCg-m,KCg-m_L,gamma,1,2,135,133.5464294962547,0.0,-0.010735034942626953,-0.012317180633544922
112729,84741,KCab-s,KCab-s_L,ab,1,0,0,0.0,1.0,0.0,0.0
112749,84755,KCg-m,KCg-m_R,gamma,1,2,208,204.00732700479645,0.30042708883865515,-0.007819831371307373,-0.011848688125610352
112834,84811,KCab-c,KCab-c_L,ab,1,0,0,0.0,1.0,0.0,0.0
112835,84812,KCg-m,KCg-m_L,gamma,1,2,0,0.0,1.0,0.0,0.0
112879,84849,KCg-m,KCg-m_L,gamma,1,2,81,78.77339862798549,0.0,-0.0013634562492370605,-0.004543483257293701
112896,84860,KCab-m,KCab-m_R,ab,1,0,16,15.763051736073104,0.7122271811662452,0.0015633702278137207,0.001251816749572754
113055,84968,KCab-m,KCab-m_R,ab,1,0,0,0.0,1.0,0.0,0.0
113057,84969,KCab-s,KCab-s_R,ab,1,0,9,8.79561948212456,0.5520906146191977,0.003368198871612549,0.0028561949729919434
113074,84982,KCab-c,KCab-c_L,ab,1,0,35,34.50851129142546,0.4641367216504856,-0.002148151397705078,-0.00301516056060791
113090,84992,KCab-c,KCab-c_R,ab,1,0,34,33.50521647821405,0.0,0.0065236687660217285,0.005369007587432861
113244,85099,KCab-m,KCab-m_L,ab,1,0,31,30.22597152785464,0.5009033530841193,-0.002565920352935791,-0.0037671923637390137
113252,85105,KCab-m,KCab-m_L,ab,2,0,47,46.42961207482974,0.158030438045184,0.01878368854522705,0.01659679412841797
113280,85126,KCab-c,KCab-c_R,ab,1,0,8,7.83014639816461,0.5019030589149847,-0.002753019332885742,-0.0027995705604553223
113286,85130,KCg-m,KCg-m_L,gamma,1,2,35,33.30379027187615,0.0,0.00048279762268066406,-0.0025873780250549316
113299,85143,KCab-m,KCab-m_L,ab,2,0,0,0.0,1.0,0.0,0.0
113394,85209,KCab-s,KCab-s_R,ab,2,0,1,1.0,0.9285660081536058,0.001043081283569336,0.001043081283569336
113429,85236,KCab-c,KCab-c_L,ab,1,0,0,0.0,1.0,0.0,0.0
113450,85249,KCab-s,KCab-s_L,ab,1,0,0,0.0,1.0,0.0,0.0
113528,85304,KCg-m,KCg-m_L,gamma,1,2,28,27.01811400747017,0.0,0.0014192461967468262,6.908178329467773e-05
113606,85362,KCab-s,KCab-s_R,ab,1,0,4,3.9689514197976306,0.5338610473687256,0.0012573599815368652,0.0012246966361999512
113611,85366,KCab-s,KCab-s_R,ab,2,0,0,0.0,1.0,0.0,0.0
113661,85400,KCab-m,KCab-m_R,ab,1,0,1,1.0,0.0,0.0,0.0
113741,85453,KCab-s,KCab-s_L,ab,1,0,0,0.0,1.0,0.0,0.0
113835,85516,KCab-m,KCab-m_R,ab,1,0,0,0.0,1.0,0.0,0.0
113903,85565,KCab-m,KCab-m_R,ab,1,0,18,17.695690283857353,0.0,0.004591107368469238,0.004244506359100342
113972,85615,KCg-m,KCg-m_L,gamma,1,2,4,4.0,0.0,0.00215071439743042,0.00215071439743042
114029,85653,KCg-m,KCg-m_L,gamma,1,2,18,17.408090423019004,0.0,-0.0007902979850769043,-0.0016671419143676758
114089,85695,KCab-s,KCab-s_R,ab,2,0,0,0.0,1.0,0.0,0.0
114090,85696,KCg-m,KCg-m_L,gamma,1,2,68,66.70636928803162,0.0,0.005375802516937256,0.003344118595123291
114103,85703,KCab-m,KCab-m_R,ab,1,0,7,6.981204264857842,0.8055755087414511,-0.00020545721054077148,-0.00023478269577026367
114179,85755,KCg-d,KCg-d_L,gamma,1,2,0,0.0,1.0,0.0,0.0
114209,85778,KCab-m,KCab-m_R,ab,1,0,52,51.03433561660504,0.35620178775958117,0.002870798110961914,0.001431584358215332
114235,85798,KCg-m,KCg-m_R,gamma,1,3,85,83.15812794321265,0.0,-0.0037404894828796387,-0.005756020545959473
114290,85831,KCab-c,KCab-c_L,ab,2,0,15,14.718138958478864,0.06667541675412413,-0.004743099212646484,-0.005799651145935059
114316,85848,KCab-s,KCab-s_R,ab,2,0,1,1.0,0.0,0.0,0.0
114354,85877,KCa'b'-ap2,KCa'b'-ap2_L,apbp,0,0,0,0.0,1.0,0.0,0.0
114364,85884,KCab-m,KCab-m_L,ab,1,0,4,3.9998711216241167,0.7256772751818613,-0.004220545291900635,-0.004220187664031982
114370,85889,KCa'b'-ap1,KCa'b'-ap1_R,apbp,0,0,9,9.0,0.4206116432451058,0.0,0.0
114440,85941,KCab-m,KCab-m_L,ab,2,0,33,32.7349441191207,0.5413357766682562,0.016905665397644043,0.0161588191986084
114580,86047,KCab-m,KCab-m_L,ab,1,0,10,9.62221506097859,0.14767015782584883,0.0032998323440551758,0.002645432949066162
114594,86058,KCg-m,KCg-m_R,gamma,2,2,207,203.71337377625034,0.0,-0.026885390281677246,-0.033318281173706055
114597,86061,KCab-c,KCab-c_L,ab,1,0,5,5.0,0.1634074112875151,0.0002416372299194336,0.0002416372299194336
114649,86101,KCab-m,KCab-m_L,ab,1,0,35,34.51656558424952,0.7565352480179626,-0.0029889345169067383,-0.003483116626739502
114745,86169,KCab-s,KCab-s_L,ab,2,0,1,1.0,0.7466425198937061,0.0,0.0
114847,86232,KCab-c,KCab-c_L,ab,2,0,39,38.31226577931942,0.17357310872990456,-0.009128093719482422,-0.010955572128295898
114865,86243,KCab-m,KCab-m_L,ab,1,0,27,26.679437013508377,0.06323753742305364,-0.004605889320373535,-0.004978299140930176
114889,86259,KCab-m,KCab-m_L,ab,2,0,0,0.0,1.0,0.0,0.0
114902,86268,KCab-c,KCab-c_L,ab,1,0,3,2.9054850100383294,0.0,-0.0002619028091430664,-0.00045102834701538086
114930,86289,KCab-c,KCab-c_L,ab,1,0,87,86.30834872993043,0.0,-0.004126429557800293,-0.005056619644165039
114956,86306,KCg-m,KCg-m_L,gamma,1,2,46,44.713742760368504,0.0,-0.0004563331604003906,-0.0026738643646240234
115071,86381,KCab-c,KCab-c_R,ab,1,0,0,0.0,1.0,0.0,0.0
115174,86447,KCab-m,KCab-m_L,ab,1,0,35,33.94329236159671,0.32349004488975003,-0.0005357861518859863,-0.00224226713180542
115234,86492,KCg-m,KCg-m_L,gamma,1,3,128,125.20880379038691,0.0,-0.008411288261413574,-0.011520981788635254
115240,86497,KCg-m,KCg-m_R,gamma,1,2,125,121.99761329657481,0.0,-0.017518579959869385,-0.02093505859375
115267,86512,KCab-s,KCab-s_R,ab,1,0,109,108.16341668689807,0.6570688851280924,-0.023182988166809082,-0.024154603481292725
115287,86525,KCg-m,KCg-m_L,gamma,1,2,115,112.36009135357466,0.0,0.009513497352600098,0.005326032638549805
115470,86656,KCg-d,KCg-d_L,gamma,1,2,0,0.0,1.0,0.0,0.0
115485,86663,KCab-s,KCab-s_R,ab,2,0,29,28.80866094961663,0.7458273881928291,-0.010322213172912598,-0.010904669761657715
115501,86674,KCab-c,KCab-c_R,ab,1,0,13,12.740245197163137,0.0,0.0071648359298706055,0.006611764430999756
115540,86703,KCab-s,KCab-s_L,ab,1,0,6,6.0,0.7925820562999283,0.004014134407043457,0.004014134407043457
115611,86745,KCab-c,KCab-c_L,ab,1,0,0,0.0,1.0,0.0,0.0
115664,86785,KCg-m,KCg-m_L,gamma,1,2,68,66.75422614316209,0.22185591277861336,-0.005083024501800537,-0.006891310214996338
115711,86815,KCg-m,KCg-m_L,gamma,1,2,1,1.0,0.30532676724308533,0.0015904903411865234,0.0015904903411865234
115752,86845,KCab-c,KCab-c_L,ab,1,0,0,0.0,1.0,0.0,0.0
115819,86888,KCab-c,KCab-c_L,ab,1,0,4,4.0,0.028960983077728285,0.00031048059463500977,0.00031048059463500977
116057,87054,KCab-p,KCab-p_L,ab,1,0,0,0.0,1.0,0.0,0.0
116084,87072,KCg-m,KCg-m_L,gamma,1,2,45,44.235844158588634,0.0,0.0008942484855651855,5.0067901611328125e-05
116218,87171,KCg-m,KCg-m_L,gamma,1,2,28,26.67802880461483,0.0,0.0010497570037841797,-0.0011241436004638672
116246,87188,KCab-c,KCab-c_L,ab,1,0,0,0.0,1.0,0.0,0.0
116304,87228,KCab-m,KCab-m_L,ab,2,0,24,23.685736460012386,0.42122722574794547,-0.002543807029724121,-0.0035872459411621094
116436,87314,KCg-m,KCg-m_L,gamma,1,2,1,1.0,0.0,-0.0013793110847473145,-0.0013793110847473145
116458,87331,KCab-c,KCab-c_L,ab,1,0,9,8.870200264229375,0.20487568007839116,-0.011153995990753174,-0.011180341243743896
116467,87335,KCab-m,KCab-m_R,ab,1,0,0,0.0,1.0,0.0,0.0
116518,87364,KCg-m,KCg-m_L,gamma,1,2,98,95.11586290304459,0.36030761178112986,-0.007321476936340332,-0.011890888214111328
116550,87391,KCg-m,KCg-m_L,gamma,1,2,24,23.563041691449286,0.0,-0.007989883422851562,-0.008481800556182861
116553,87392,KCg-m,KCg-m_L,gamma,1,2,42,40.25713058652532,0.0,0.01150578260421753,0.008881330490112305
116895,87616,KCab-c,KCab-c_L,ab,1,0,1,1.0,0.07697403992140149,-0.0032126307487487793,-0.0032126307487487793
116917,87632,KCg-d,KCg-d_L,gamma,1,2,0,0.0,1.0,0.0,0.0
116973,87674,KCg-m,KCg-m_L,gamma,1,2,39,37.915260992309044,0.15541872422693617,-0.0077994465827941895,-0.008898496627807617
117016,87697,KCab-c,KCab-c_L,ab,1,0,10,9.678738726518665,0.15643523341888485,0.0010462403297424316,0.0005631446838378906
117038,87714,KCab-s,KCab-s_L,ab,1,0,0,0.0,1.0,0.0,0.0
117041,87717,KCab-m,KCab-m_R,ab,1,0,0,0.0,1.0,0.0,0.0
117051,87723,KCg-m,KCg-m_L,gamma,1,2,30,29.195780236824785,0.0,-0.005720019340515137,-0.0067446231842041016
117077,87742,KCab-m,KCab-m_L,ab,1,0,53,52.5632833265564,0.018092030298050454,-0.011461317539215088,-0.012068450450897217
117106,87762,KCa'b'-m,KCa'b'-m_L,apbp,0,0,0,0.0,1.0,0.0,0.0
117108,87764,KCab-c,KCab-c_L,ab,1,0,5,4.78367277051016,0.3310722050724871,-0.00737231969833374,-0.007887482643127441
117135,87788,KCg-m,KCg-m_L,gamma,1,2,74,72.17826382666973,0.0,-0.0030934810638427734,-0.005449354648590088
117171,87814,KCab-p,KCab-p_L,ab,2,0,0,0.0,1.0,0.0,0.0
117192,87829,KCab-p,KCab-p_R,ab,1,0,0,0.0,1.0,0.0,0.0
117195,87832,KCab-s,KCab-s_L,ab,2,0,1,1.0,0.8493453860036014,0.004514455795288086,0.004514455795288086
117228,87854,KCab-m,KCab-m_R,ab,1,0,41,40.19643757163587,0.503856954199305,0.004488646984100342,0.0034536123275756836
117243,87865,KCab-s,KCab-s_R,ab,1,0,5,4.941665284494846,0.0,-0.00019311904907226562,-0.00017249584197998047
117286,87896,KCg-m,KCg-m_L,gamma,1,2,72,70.82326020692045,0.24702661147048297,0.0077697038650512695,0.006188392639160156
117342,87932,KCab-s,KCab-s_R,ab,1,0,0,0.0,1.0,0.0,0.0
117370,87951,KCab-s,KCab-s_R,ab,2,0,13,12.88035869619339,0.5232640218498963,-0.012234210968017578,-0.012516140937805176
117375,87954,KCab-c,KCab-c_R,ab,1,0,1,1.0,0.635494101317504,-0.0011281967163085938,-0.0011281967163085938
117446,88001,KCab-s,KCab-s_R,ab,0,0,0,0.0,1.0,0.0,0.0
117495,88033,KCab-c,KCab-c_R,ab,2,0,19,18.697225689131088,0.0,-0.005052447319030762,-0.006162047386169434
117513,88044,KCg-m,KCg-m_L,gamma,1,2,39,37.811592262296095,0.0,0.007721364498138428,0.005905807018280029
117560,88080,KCab-c,KCab-c_L,ab,1,0,20,19.98857270809923,0.8146761245733753,-0.0027992725372314453,-0.002810657024383545
117660,88151,KCab-m,KCab-m_R,ab,1,0,24,23.50862681842855,0.551284056794443,-0.009647905826568604,-0.010233938694000244
117723,88200,KCab-c,KCab-c_L,ab,1,0,63,62.58434893350102,0.0,-0.0076111555099487305,-0.008410453796386719
117777,88234,KCab-s,KCab-s_R,ab,1,0,0,0.0,1.0,0.0,0.0
117811,88260,KCab-p,KCab-p_L,ab,1,0,0,0.0,1.0,0.0,0.0
117883,88313,KCab-s,KCab-s_R,ab,1,0,78,77.08881906352791,0.6335553754904634,-0.005773365497589111,-0.007202088832855225
117886,88315,KCab-c,KCab-c_R,ab,1,0,3,2.916873971361101,0.0,0.0013102293014526367,0.001229405403137207
117936,88351,KCg-d,KCg-d_L,gamma,1,2,10,9.916970857031558,0.6214631629219344,-2.6047229766845703e-05,-0.00010693073272705078
117952,88364,KCg-m,KCg-m_R,gamma,1,2,122,118.8949339509586,0.0,0.004157602787017822,0.0004565119743347168
118000,88393,KCg-m,KCg-m_L,gamma,2,2,15,14.225691433617445,0.3317113487347311,0.008638381958007812,0.005589127540588379
118007,88399,KCab-m,KCab-m_L,ab,2,0,17,16.610564914246236,0.0,-0.008710622787475586,-0.009548187255859375
118021,88406,KCab-m,KCab-m_R,ab,1,0,2,2.0,0.6452290040019089,0.0038433074951171875,0.0038433074951171875
118041,88418,KCab-c,KCab-c_R,ab,1,0,7,6.967049491812544,0.2564801286913907,-0.0006905198097229004,-0.0006546378135681152
118080,88446,KCab-s,KCab-s_L,ab,1,0,0,0.0,1.0,0.0,0.0
118083,88448,KCab-s,KCab-s_L,ab,2,0,1,1.0,0.1818187881387381,-0.00708460807800293,-0.00708460807800293
118100,88461,KCg-m,KCg-m_L,gamma,1,2,1,1.0,0.31728885692904657,0.0013107061386108398,0.0013107061386108398
118184,88516,KCab-p,KCab-p_L,ab,1,0,0,0.0,1.0,0.0,0.0
118204,88533,KCab-c,KCab-c_R,ab,2,0,46,44.633616310799,0.0,-0.016562938690185547,-0.022409796714782715
118280,88590,KCg-d,KCg-d_L,gamma,1,2,0,0.0,1.0,0.0,0.0
118341,88626,KCab-p,KCab-p_R,ab,1,0,0,0.0,1.0,0.0,0.0
118351,88632,KCab-s,KCab-s_R,ab,1,0,2,2.0,0.26752020970847024,0.0010248422622680664,0.0010248422622680664
118504,88735,KCab-s,KCab-s_R,ab,2,0,47,46.3991943098755,0.0,-0.026525020599365234,-0.028122305870056152
118507,88738,KCab-c,KCab-c_L,ab,1,0,62,61.35118360969661,0.7325781715462363,0.0019341707229614258,0.0008483529090881348
118508,88739,KCg-m,KCg-m_L,gamma,1,2,24,23.683927987202484,0.14713569996046372,0.0003400444984436035,0.00010967254638671875
118532,88755,KCab-c,KCab-c_R,ab,1,0,19,18.21234103061392,0.39283177183282925,0.00452953577041626,0.002884507179260254
118569,88780,KCab-p,KCab-p_R,ab,1,0,0,0.0,1.0,0.0,0.0
118580,88787,KCa'b'-ap1,KCa'b'-ap1_L,apbp,0,0,0,0.0,1.0,0.0,0.0
118595,88798,KCab-c,KCab-c_R,ab,2,0,21,20.153999480739397,0.5229385779822026,-0.0003279447555541992,-0.003172636032104492
118629,88819,KCg-m,KCg-m_R,gamma,1,2,2,2.0,0.0,-0.0027149319648742676,-0.0027149319648742676
118636,88824,KCa'b'-m,KCa'b'-m_R,apbp,1,0,21,20.81177710365916,0.5453038532430253,-0.005327582359313965,-0.005623519420623779
118732,88893,KCg-m,KCg-m_L,gamma,1,2,32,31.0697491812949,0.26514234834123745,0.0013346672058105469,-0.0004725456237792969
118769,88917,KCg-m,KCg-m_R,gamma,1,2,63,62.20015764196614,0.0,0.007665753364562988,0.0066373348236083984
118825,88961,KCab-c,KCab-c_L,ab,1,0,8,7.891831346678598,0.8444506026886018,0.0015993118286132812,0.0013706684112548828
118841,88976,KCab-s,KCab-s_L,ab,1,0,5,4.992561381307386,0.47790368913878517,-0.001272737979888916,-0.0012606382369995117
119055,89117,KCab-s,KCab-s_L,ab,1,0,4,3.947643642383223,0.5875984723867418,0.007497549057006836,0.007386684417724609
119101,89147,KCg-m,KCg-m_R,gamma,1,2,154,151.16526028854034,0.0,-0.005736827850341797,-0.009011983871459961
119144,89173,KCg-m,KCg-m_L,gamma,2,2,67,64.78061553945608,0.0,-0.003011345863342285,-0.009538769721984863
119152,89179,KCg-m,KCg-m_L,gamma,1,2,119,116.95579624837464,0.5327346130951267,0.003681182861328125,0.0012060999870300293
119160,89187,KCab-c,KCab-c_R,ab,1,0,4,4.0,0.38592705664894433,-0.001116335391998291,-0.001116335391998291
119167,89191,KCg-d,KCg-d_L,gamma,1,3,0,0.0,1.0,0.0,0.0
119240,89239,KCab-m,KCab-m_L,ab,2,0,8,7.699216854722975,0.0,-0.007087111473083496,-0.008290410041809082
119278,89264,KCg-m,KCg-m_R,gamma,1,2,54,52.21598493880581,0.41214404928951665,-0.010161340236663818,-0.011951804161071777
119280,89265,KCg-m,KCg-m_R,gamma,1,2,32,31.271885425058514,0.0,-0.00823676586151123,-0.00887221097946167
119348,89305,KCab-s,KCab-s_L,ab,1,0,3,2.9557061051847535,0.7831823789849149,-0.00048530101776123047,-0.0006475448608398438
119411,89346,KCab-m,KCab-m_L,ab,1,0,24,23.225114750386144,0.0,0.003217160701751709,0.0017238259315490723
119413,89348,KCab-s,KCab-s_L,ab,1,0,0,0.0,1.0,0.0,0.0
119465,89380,KCab-c,KCab-c_L,ab,1,0,1,1.0,0.7869324073357862,-0.0016404986381530762,-0.0016404986381530762
119468,89383,KCab-m,KCab-m_R,ab,1,0,0,0.0,1.0,0.0,0.0
119475,89386,KCg-m,KCg-m_L,gamma,1,2,67,65.32065811486082,0.0,0.00566941499710083,0.0028247833251953125
119532,89421,KCab-s,KCab-s_L,ab,2,0,3,3.0,0.8753879521425457,-0.009612679481506348,-0.009612679481506348
119536,89425,KCg-m,KCg-m_L,gamma,1,3,2,2.0,0.0,0.0,0.0
119591,89457,KCg-m,KCg-m_R,gamma,1,2,64,62.25543027035029,0.0,-0.0027908682823181152,-0.004599392414093018
119612,89470,KCg-m,KCg-m_L,gamma,1,2,125,123.06065018168887,0.3471724286420632,0.005765378475189209,0.003048837184906006
119632,89486,KCg-m,KCg-m_R,gamma,1,2,67,63.98708972277298,0.0,0.00841677188873291,0.003774106502532959
119635,89488,KCab-s,KCab-s_L,ab,1,0,0,0.0,1.0,0.0,0.0
119852,89623,KCab-s,KCab-s_R,ab,2,0,19,18.137661885118046,0.0,0.01680159568786621,0.012869119644165039
119901,89659,KCab-p,KCab-p_L,ab,1,0,0,0.0,1.0,0.0,0.0
119936,89685,KCg-m,KCg-m_R,gamma,1,2,185,181.79935799077694,0.00809306630989702,0.0009077787399291992,-0.0032632946968078613
120070,89766,KCab-s,KCab-s_L,ab,2,0,13,12.903457752491457,0.44511915408945835,-0.008713603019714355,-0.009148716926574707
120094,89784,KCab-m,KCab-m_R,ab,1,0,0,0.0,1.0,0.0,0.0
120202,89854,KCab-m,KCab-m_L,ab,1,0,2,2.0,0.5305641928142218,0.0013744831085205078,0.0013744831085205078
120275,89896,KCa'b'-ap2,KCa'b'-ap2_L,apbp,0,0,0,0.0,1.0,0.0,0.0
120291,89911,KCab-s,KCab-s_L,ab,1,0,0,0.0,1.0,0.0,0.0
120313,89923,KCg-m,KCg-m_L,gamma,1,2,131,129.13075990080887,0.0,-0.009848475456237793,-0.01182490587234497
120513,90059,KCab-c,KCab-c_L,ab,1,0,2,2.0,0.7163107938389465,-0.003120601177215576,-0.003120601177215576
120567,90099,KCab-s,KCab-s_R,ab,1,0,0,0.0,1.0,0.0,0.0
120642,90145,KCg-m,KCg-m_L,gamma,1,2,10,9.725555784313222,0.06461652897614292,-0.005000412464141846,-0.005128383636474609
120660,90155,KCab-m,KCab-m_L,ab,2,0,4,4.0,0.0,-0.013432145118713379,-0.013432145118713379
120689,90175,KCab-m,KCab-m_R,ab,1,0,0,0.0,1.0,0.0,0.0
120699,90181,KCab-m,KCab-m_R,ab,1,0,2,2.0,0.9452638040463487,-0.0017408132553100586,-0.0017408132553100586
120726,90195,KCab-m,KCab-m_R,ab,1,0,0,0.0,1.0,0.0,0.0
120781,90232,KCab-c,KCab-c_R,ab,1,0,0,0.0,1.0,0.0,0.0
120818,90259,KCg-m,KCg-m_L,gamma,1,2,22,21.4846440950247,0.0,0.0004722476005554199,-0.00015807151794433594
120853,90283,KCg-m,KCg-m_L,gamma,1,2,14,13.703059313028081,0.16219525083468428,0.0010909438133239746,0.0007980465888977051
120894,90316,KCab-s,KCab-s_L,ab,2,0,39,38.85736497420512,0.7931453099787168,0.005998492240905762,0.005536198616027832
120914,90329,KCab-s,KCab-s_R,ab,1,0,9,8.867015542946504,0.7342959622507755,-0.005402088165283203,-0.005551338195800781
120949,90350,KCg-d,KCg-d_R,gamma,1,2,0,0.0,1.0,0.0,0.0
121079,90433,KCab-c,KCab-c_L,ab,1,0,19,18.778511456960622,0.45049720866876575,-0.00789707899093628,-0.008197784423828125
121103,90445,KCg-m,KCg-m_R,gamma,1,2,6,5.753772388306469,0.0,0.00138092041015625,0.0010883808135986328
121106,90447,KCab-c,KCab-c_L,ab,1,0,0,0.0,1.0,0.0,0.0
121122,90456,KCab-m,KCab-m_L,ab,2,0,3,2.9221067539960446,0.13271911272009265,0.005498170852661133,0.005181550979614258
121138,90469,KCab-m,KCab-m_R,ab,1,0,1,1.0,0.5206827038646796,0.0,0.0
121150,90478,KCab-m,KCab-m_R,ab,0,0,0,0.0,1.0,0.0,0.0
121241,90541,KCab-m,KCab-m_R,ab,1,0,0,0.0,1.0,0.0,0.0
121446,90679,KCab-c,KCab-c_L,ab,1,0,22,21.672354334682648,0.7395290694014852,0.0028371214866638184,0.0020203590393066406
121501,90717,KCg-m,KCg-m_L,gamma,1,2,35,34.407974983355054,0.0,0.001734018325805664,0.001246035099029541
121597,90783,KCab-c,KCab-c_L,ab,1,0,0,0.0,1.0,0.0,0.0
121665,90821,KCab-m,KCab-m_L,ab,2,0,43,42.59832054494514,0.0811006564038771,-0.03546857833862305,-0.03640615940093994
121704,90848,KCab-c,KCab-c_L,ab,1,0,1,1.0,0.959282387333064,-0.0007555484771728516,-0.0007555484771728516
121712,90852,KCg-m,KCg-m_L,gamma,1,2,84,82.77250862841846,0.1319784014823003,-0.005946040153503418,-0.007499337196350098
121769,90888,KCab-s,KCab-s_R,ab,1,0,14,13.798527409315966,0.0,-0.0025386810302734375,-0.0027903318405151367
121910,90987,KCab-c,KCab-c_L,ab,2,0,10,9.960488065114502,0.15698219750339196,0.01264190673828125,0.01240849494934082
121966,91027,KCab-c,KCab-c_R,ab,2,0,8,7.780479113700464,0.03400194184305434,-0.0004786252975463867,-0.0007898807525634766
122000,91049,KCab-s,KCab-s_R,ab,2,0,0,0.0,1.0,0.0,0.0
122077,91100,KCg-m,KCg-m_L,gamma,1,2,11,10.983239143383937,0.0,0.001965045928955078,0.0019715428352355957
122089,91110,KCab-s,KCab-s_R,ab,1,0,0,0.0,1.0,0.0,0.0
122110,91123,KCab-p,KCab-p_R,ab,1,0,0,0.0,1.0,0.0,0.0
122137,91143,KCab-m,KCab-m_R,ab,1,0,0,0.0,1.0,0.0,0.0
122226,91208,KCab-m,KCab-m_L,ab,2,0,0,0.0,1.0,0.0,0.0
122240,91216,KCab-m,KCab-m_L,ab,1,0,22,21.484525170991713,0.01020928690047048,0.0008978843688964844,-2.8371810913085938e-05
122249,91224,KCab-s,KCab-s_R,ab,2,0,6,5.920381633554479,0.22386839903362032,-0.0039670467376708984,-0.004195451736450195
122275,91244,KCab-m,KCab-m_L,ab,1,0,4,4.0,0.7440695296527614,-0.00020450353622436523,-0.00020450353622436523
122285,91253,KCg-m,KCg-m_L,gamma,1,3,0,0.0,1.0,0.0,0.0
122293,91259,KCg-m,KCg-m_R,gamma,1,3,44,42.95356582464486,0.0,0.0016904473304748535,0.0007357001304626465
122326,91283,KCg-m,KCg-m_L,gamma,1,2,53,52.26910087110881,0.0,-0.005923449993133545,-0.006625056266784668
122354,91304,KCg-m,KCg-m_R,gamma,1,2,0,0.0,1.0,0.0,0.0
122378,91323,KCg-m,KCg-m_L,gamma,1,2,175,172.61095142555456,0.1550647005804828,-0.021100163459777832,-0.023714005947113037
122463,91372,KCab-s,KCab-s_L,ab,2,0,0,0.0,1.0,0.0,0.0
122481,91383,KCg-m,KCg-m_L,gamma,1,2,49,47.41069581390649,0.0,0.004766523838043213,0.002158045768737793
122573,91443,KCab-c,KCab-c_R,ab,1,0,3,2.987121932598896,0.8544734109740715,0.0014412403106689453,0.001428842544555664
122595,91457,KCg-m,KCg-m_L,gamma,1,2,46,44.89821653758771,0.0,-0.007450282573699951,-0.008668005466461182
122600,91461,KCa'b'-ap2,KCa'b'-ap2_L,apbp,0,0,21,20.954374139276965,0.9367494051960491,0.0,0.0
122631,91480,KCab-s,KCab-s_R,ab,1,0,6,5.998581467160012,0.0,-0.007826626300811768,-0.007826566696166992
122647,91489,KCg-d,KCg-d_L,gamma,1,2,0,0.0,1.0,0.0,0.0
122691,91515,KCa'b'-m,KCa'b'-m_L,apbp,0,0,0,0.0,1.0,0.0,0.0
122703,91524,KCg-m,KCg-m_L,gamma,1,2,55,53.97291850839308,0.0,-0.005894362926483154,-0.007048130035400391
122865,91625,KCa'b'-ap2,KCa'b'-ap2_L,apbp,0,0,0,0.0,1.0,0.0,0.0
122874,91632,KCa'b'-ap2,KCa'b'-ap2_L,apbp,0,0,0,0.0,1.0,0.0,0.0
122892,91643,KCg-m,KCg-m_R,gamma,1,2,39,37.51335916407802,0.0,-0.0021109580993652344,-0.0035548806190490723
122979,91702,KCg-m,KCg-m_L,gamma,1,2,23,22.567956814441533,0.0,-0.0069661736488342285,-0.007119536399841309
123035,91738,KCab-m,KCab-m_R,ab,1,0,0,0.0,1.0,0.0,0.0
123071,91762,KCab-m,KCab-m_L,ab,1,0,10,9.802022080312357,0.19484822850960706,0.0033208727836608887,0.002990424633026123
123107,91787,KCab-m,KCab-m_L,ab,1,0,1,1.0,0.7083386172052828,-0.0009053349494934082,-0.0009053349494934082
123140,91808,KCab-m,KCab-m_L,ab,1,0,0,0.0,1.0,0.0,0.0
123169,91830,KCab-c,KCab-c_R,ab,1,0,6,6.0,0.02489935141762398,0.0028595924377441406,0.0028595924377441406
123241,91883,KCab-m,KCab-m_L,ab,2,0,19,18.719200428104266,0.4513775353491322,0.014704585075378418,0.013127684593200684
123263,91899,KCg-m,KCg-m_L,gamma,1,2,0,0.0,1.0,0.0,0.0
123274,91905,KCab-m,KCab-m_L,ab,1,0,0,0.0,1.0,0.0,0.0
123280,91908,KCg-m,KCg-m_R,gamma,1,2,12,11.851184705945203,0.0,-0.0009216070175170898,-0.0009889602661132812
123380,91978,KCab-c,KCab-c_L,ab,1,0,5,4.992030838051848,0.682442652747351,-0.0012574195861816406,-0.0012534856796264648
123401,91991,KCab-m,KCab-m_R,ab,1,0,0,0.0,1.0,0.0,0.0
123404,91993,KCg-m,KCg-m_L,gamma,1,2,24,23.64335074214763,0.0,-0.006023764610290527,-0.006383061408996582
123421,92003,KCg-m,KCg-m_R,gamma,1,3,21,19.99064990686155,0.1456435293108289,-0.0020896196365356445,-0.0031012296676635742
123472,92037,KCab-m,KCab-m_L,ab,2,0,5,4.937861254172606,0.018732045000055743,0.003916263580322266,0.003701448440551758
123477,92041,KCg-m,KCg-m_L,gamma,1,2,2,2.0,0.6168733802644414,0.004240274429321289,0.004240274429321289
123494,92054,KCg-m,KCg-m_L,gamma,1,2,23,22.366678283333407,0.07823706823243001,-0.005209982395172119,-0.005933582782745361
123523,92068,KCa'b'-m,KCa'b'-m_L,apbp,0,0,0,0.0,1.0,0.0,0.0
123544,92079,KCab-s,KCab-s_R,ab,1,0,13,12.913082932486233,0.0,-0.002294003963470459,-0.0024004578590393066
123585,92107,KCg-m,KCg-m_R,gamma,1,2,14,13.795647592625995,0.0,0.007533848285675049,0.0073449015617370605
123605,92123,KCa'b'-ap1,KCa'b'-ap1_R,apbp,1,0,17,16.85059027874582,0.5439576958107823,-0.0003802776336669922,-0.0005838274955749512
123648,92151,KCab-m,KCab-m_R,ab,1,0,0,0.0,1.0,0.0,0.0
123653,92154,KCab-c,KCab-c_L,ab,1,0,0,0.0,1.0,0.0,0.0
123684,92174,KCg-m,KCg-m_L,gamma,1,2,35,33.7281020830307,0.0,-0.0004736185073852539,-0.0028024911880493164
123749,92215,KCab-c,KCab-c_R,ab,1,0,2,2.0,0.8771526310956985,-0.0029078125953674316,-0.0029078125953674316
123775,92233,KCab-m,KCab-m_L,ab,1,0,42,41.42677651507739,0.3649941920851445,-0.006321728229522705,-0.006919801235198975
123841,92268,KCg-m,KCg-m_L,gamma,1,2,112,110.53354078219796,0.0,-0.025922715663909912,-0.02741420269012451
123894,92305,KCg-m,KCg-m_R,gamma,1,3,78,76.01113191030214,0.0,-0.005870521068572998,-0.008056104183197021
123939,92332,KCab-m,KCab-m_L,ab,2,0,46,45.529363636388105,0.6329071209136085,0.014963865280151367,0.013487100601196289
123978,92356,KCab-c,KCab-c_L,ab,1,0,8,7.835613167254005,0.4850471975784774,-0.008767843246459961,-0.009032189846038818
123997,92368,KCab-c,KCab-c_L,ab,1,0,8,7.999492905686851,0.4171895207097088,-0.004534304141998291,-0.004533350467681885
124021,92389,KCg-m,KCg-m_L,gamma,1,2,12,11.76662939460463,0.0,-0.00984954833984375,-0.010180950164794922
124046,92405,KCg-m,KCg-m_L,gamma,1,2,11,10.865887835214957,0.1703777195198288,-0.0063515305519104,-0.006392955780029297
124055,92410,KCg-m,KCg-m_R,gamma,1,2,12,11.783342189166625,0.0,-0.0011893510818481445,-0.0013298988342285156
124097,92436,KCg-d,KCg-d_L,gamma,1,2,0,0.0,1.0,0.0,0.0
124128,92454,KCab-m,KCab-m_L,ab,2,0,5,4.548353016997694,0.08899893242832765,0.014309406280517578,0.012415647506713867
124211,92502,KCab-m,KCab-m_R,ab,2,0,48,46.892419998196566,0.5734796684334298,0.007230877876281738,0.0038661956787109375
124242,92526,KCg-m,KCg-m_R,gamma,1,2,3,2.91394642812302,0.0,-0.0022472143173217773,-0.002275407314300537
124370,92601,KCg-m,KCg-m_L,gamma,1,2,95,92.74360385626949,0.0,-0.0003770589828491211,-0.0031726956367492676
124376,92604,KCab-p,KCab-p_R,ab,1,0,0,0.0,1.0,0.0,0.0
124435,92642,KCab-c,KCab-c_L,ab,1,0,1,1.0,0.12334226161583955,0.0,0.0
124454,92656,KCab-c,KCab-c_L,ab,1,0,0,0.0,1.0,0.0,0.0
124605,92762,KCab-m,KCab-m_R,ab,1,0,7,6.763843208110873,0.0,0.0014275908470153809,0.0008372664451599121
124624,92777,KCab-m,KCab-m_L,ab,2,0,0,0.0,1.0,0.0,0.0
124632,92780,KCg-m,KCg-m_R,gamma,1,2,12,11.879991830828342,0.0,0.002750098705291748,0.0025848746299743652
124685,92816,KCab-m,KCab-m_R,ab,1,0,0,0.0,1.0,0.0,0.0
124690,92820,KCg-m,KCg-m_L,gamma,1,2,73,71.51342038255937,0.0,0.005694031715393066,0.0039855241775512695
124807,92895,KCab-m,KCab-m_L,ab,2,0,4,3.9174619560960657,0.0,-0.0014554262161254883,-0.0019224882125854492
124937,92979,KCa'b'-ap1,KCa'b'-ap1_R,apbp,1,0,25,24.772191819213337,0.7096646006528393,-0.01245725154876709,-0.012733995914459229
125002,93021,KCab-m,KCab-m_L,ab,2,0,6,6.0,0.0,-0.004815220832824707,-0.004815220832824707
125081,93071,KCab-m,KCab-m_R,ab,1,0,0,0.0,1.0,0.0,0.0
125185,93142,KCab-s,KCab-s_L,ab,2,0,0,0.0,1.0,0.0,0.0
125552,93365,KCg-m,KCg-m_L,gamma,1,2,0,0.0,1.0,0.0,0.0
125574,93381,KCab-m,KCab-m_L,ab,2,0,4,4.0,0.0,0.0031464099884033203,0.0031464099884033203
125644,93421,KCg-d,KCg-d_L,gamma,1,2,7,6.589341740949765,0.0,-0.0002995729446411133,-0.0010527968406677246
125813,93520,KCg-d,KCg-d_L,gamma,1,2,0,0.0,1.0,0.0,0.0
125860,93550,KCg-m,KCg-m_R,gamma,1,2,7,7.0,0.0,-0.0029885172843933105,-0.0029885172843933105
125908,93581,KCa'b'-ap1,KCa'b'-ap1_R,apbp,1,0,1,1.0,0.8343252437191043,-0.00032597780227661133,-0.00032597780227661133
126002,93648,KCg-m,KCg-m_R,gamma,1,2,48,46.349946228902766,0.0,0.002602994441986084,0.0003782510757446289
126057,93681,KCab-m,KCab-m_L,ab,2,0,0,0.0,1.0,0.0,0.0
126084,93701,KCab-m,KCab-m_R,ab,1,0,0,0.0,1.0,0.0,0.0
126174,93766,KCab-m,KCab-m_L,ab,2,0,1,1.0,0.2514711931375413,0.004948616027832031,0.004948616027832031
126319,93848,KCab-s,KCab-s_L,ab,1,0,0,0.0,1.0,0.0,0.0
126390,93890,KCab-c,KCab-c_L,ab,1,0,26,25.041636844073885,0.4424720655429886,0.002461671829223633,0.0008583664894104004
126446,93927,KCab-m,KCab-m_R,ab,2,0,66,64.90178435079896,0.3670540964242385,-0.03112161159515381,-0.033907532691955566
126602,94028,KCg-m,KCg-m_R,gamma,1,2,66,64.25684504216538,0.0,-0.0059032440185546875,-0.007788717746734619
126673,94071,KCa'b'-ap2,KCa'b'-ap2_R,apbp,1,0,1,1.0,0.5183254866736846,-0.0017017722129821777,-0.0017017722129821777
126683,94078,KCab-m,KCab-m_L,ab,1,0,59,57.79643849693329,0.3162496262905868,0.003497600555419922,0.0017349720001220703
126766,94123,KCg-m,KCg-m_L,gamma,1,2,31,29.76883743884068,0.009587218909442148,-0.004344642162322998,-0.0061356425285339355
126779,94131,KCg-m,KCg-m_L,gamma,1,2,80,77.8326749514516,0.0,-0.008670568466186523,-0.011157989501953125
126787,94136,KCab-m,KCab-m_L,ab,2,0,22,21.38780899141939,0.6672727082235606,-0.00010251998901367188,-0.0020647048950195312
126815,94151,KCg-m,KCg-m_L,gamma,1,2,31,30.035293207416807,0.3282816131295948,-0.008943736553192139,-0.010155320167541504
126945,94228,KCab-c,KCab-c_R,ab,1,0,0,0.0,1.0,0.0,0.0
126973,94245,KCg-m,KCg-m_L,gamma,1,2,1,1.0,0.0,-0.002408921718597412,-0.002408921718597412
127046,94287,KCg-d,KCg-d_R,gamma,1,2,0,0.0,1.0,0.0,0.0
127047,94288,KCab-m,KCab-m_L,ab,1,0,0,0.0,1.0,0.0,0.0
127130,94335,KCg-m,KCg-m_L,gamma,1,2,68,66.18879137427005,0.0,-0.0023291707038879395,-0.005129516124725342
127203,94382,KCg-m,KCg-m_L,gamma,2,2,1,1.0,0.21928215195322764,-0.0019396543502807617,-0.0019396543502807617
127225,94398,KCg-m,KCg-m_L,gamma,1,2,3,3.0,0.0,-0.001529097557067871,-0.001529097557067871
127326,94455,KCab-m,KCab-m_L,ab,2,0,1,1.0,0.9677668556607004,0.0023174285888671875,0.0023174285888671875
127366,94477,KCa'b'-ap2,KCa'b'-ap2_R,apbp,0,0,0,0.0,1.0,0.0,0.0
127372,94480,KCg-m,KCg-m_L,gamma,1,2,10,9.666302619032129,0.0,-0.003120124340057373,-0.0035406947135925293
127397,94499,KCg-m,KCg-m_R,gamma,1,2,54,52.45385810890258,0.0,-0.004597306251525879,-0.005893230438232422
127463,94541,KCab-c,KCab-c_L,ab,1,0,0,0.0,1.0,0.0,0.0
127471,94547,KCa'b'-m,KCa'b'-m_L,apbp,1,0,0,0.0,1.0,0.0,0.0
127577,94606,KCg-d,KCg-d_L,gamma,1,2,0,0.0,1.0,0.0,0.0
127593,94617,KCg-m,KCg-m_L,gamma,1,2,48,46.97929251890545,0.0,-0.02294337749481201,-0.023962855339050293
127739,94706,KCa'b'-m,KCa'b'-m_R,apbp,1,0,8,7.887014335641104,0.5312635613859216,0.002204000949859619,0.0019534826278686523
127944,94829,KCg-m,KCg-m_L,gamma,1,2,95,93.06106622280986,0.022732282596007646,-0.01263880729675293,-0.015263199806213379
127980,94850,KCg-m,KCg-m_L,gamma,1,2,196,192.84463958994402,0.027942023694919473,-0.009682774543762207,-0.013389885425567627
128075,94910,KCab-s,KCab-s_L,ab,2,0,9,8.990053737252293,0.8262079290378852,-0.009623169898986816,-0.009665131568908691
128085,94915,KCa'b'-ap1,KCa'b'-ap1_R,apbp,1,0,16,15.948293843764084,0.3804935331553432,-0.0012804269790649414,-0.001322031021118164
128097,94924,KCg-m,KCg-m_L,gamma,1,2,97,95.09350630270919,0.0,4.076957702636719e-05,-0.0029608607292175293
128212,95000,KCab-m,KCab-m_L,ab,1,0,2,2.0,0.05624891629241967,0.0024721622467041016,0.0024721622467041016
128352,95083,KCg-m,KCg-m_L,gamma,1,2,29,27.35251549684707,0.0,0.011479973793029785,0.008299171924591064
128366,95092,KCab-m,KCab-m_L,ab,1,0,0,0.0,1.0,0.0,0.0
128467,95146,KCab-c,KCab-c_L,ab,1,0,0,0.0,1.0,0.0,0.0
128471,95148,KCg-m,KCg-m_L,gamma,1,2,0,0.0,1.0,0.0,0.0
128565,95207,KCab-s,KCab-s_L,ab,1,0,0,0.0,1.0,0.0,0.0
128591,95227,KCa'b'-ap2,KCa'b'-ap2_L,apbp,0,0,0,0.0,1.0,0.0,0.0
128604,95232,KCa'b'-ap2,KCa'b'-ap2_L,apbp,0,0,7,7.0,0.8442921644664234,0.0,0.0
128731,95312,KCab-c,KCab-c_L,ab,1,0,7,6.9463236224196105,0.0,-0.0008593201637268066,-0.0009935498237609863
128743,95320,KCab-s,KCab-s_L,ab,1,0,0,0.0,1.0,0.0,0.0
128794,95352,KCa'b'-ap2,KCa'b'-ap2_L,apbp,0,0,0,0.0,1.0,0.0,0.0
128858,95398,KCa'b'-ap2,KCa'b'-ap2_R,apbp,1,0,0,0.0,1.0,0.0,0.0
128866,95404,KCab-c,KCab-c_L,ab,1,0,53,52.44055654420922,0.4418298105853569,-0.009562492370605469,-0.010393857955932617
128873,95410,KCab-m,KCab-m_L,ab,1,0,27,26.683617177956293,0.81371206479814,-0.006996452808380127,-0.00741422176361084
128901,95430,KCg-m,KCg-m_L,gamma,1,2,0,0.0,1.0,0.0,0.0
128925,95445,KCg-d,KCg-d_R,gamma,1,3,0,0.0,1.0,0.0,0.0
128929,95448,KCg-m,KCg-m_L,gamma,1,2,50,47.82414889833088,0.0,-0.0021619200706481934,-0.005008101463317871
128942,95456,KCab-c,KCab-c_L,ab,1,0,1,1.0,0.07916448158389422,-0.0043408870697021484,-0.0043408870697021484
129022,95501,KCab-p,KCab-p_L,ab,1,0,0,0.0,1.0,0.0,0.0
129027,95504,KCab-s,KCab-s_R,ab,1,0,1,1.0,0.7595492270288532,-0.001973450183868408,-0.001973450183868408
129122,95560,KCab-s,KCab-s_L,ab,1,0,12,11.934311072761442,0.8143461413135261,-0.0022212862968444824,-0.0023052096366882324
129189,95601,KCg-m,KCg-m_R,gamma,1,2,52,50.42517044274479,0.09011453726225964,-0.008741021156311035,-0.01117163896560669
129287,95665,KCg-m,KCg-m_R,gamma,1,2,29,27.513356285423775,0.0,0.004303097724914551,0.0021411776542663574
129292,95668,KCab-c,KCab-c_R,ab,0,0,0,0.0,1.0,0.0,0.0
129301,95675,KCa'b'-ap2,KCa'b'-ap2_L,apbp,0,0,0,0.0,1.0,0.0,0.0
129321,95687,KCg-m,KCg-m_R,gamma,2,3,4,3.809706314404107,0.0,-0.001331329345703125,-0.0019161701202392578
129330,95690,KCab-s,KCab-s_R,ab,2,0,36,35.80791233278132,0.8173662747819029,0.005161285400390625,0.004585146903991699
129608,95862,KCab-c,KCab-c_L,ab,1,0,41,40.56577476409505,0.3656926439340843,-0.0052471160888671875,-0.006057322025299072
129627,95875,KCg-m,KCg-m_L,gamma,1,2,0,0.0,1.0,0.0,0.0
129659,95894,KCab-p,KCab-p_L,ab,1,0,0,0.0,1.0,0.0,0.0
129798,95972,KCab-s,KCab-s_L,ab,1,0,0,0.0,1.0,0.0,0.0
129866,96013,KCg-m,KCg-m_L,gamma,1,2,0,0.0,1.0,0.0,0.0
129892,96027,KCab-m,KCab-m_R,ab,1,0,0,0.0,1.0,0.0,0.0
129897,96030,KCab-c,KCab-c_L,ab,1,0,0,0.0,1.0,0.0,0.0
129903,96032,KCg-m,KCg-m_R,gamma,1,3,0,0.0,1.0,0.0,0.0
129965,96074,KCg-m,KCg-m_R,gamma,1,2,43,41.15461858629306,0.0,0.008631289005279541,0.005964398384094238
130231,96238,KCg-d,KCg-d_L,gamma,1,2,0,0.0,1.0,0.0,0.0
130317,96287,KCg-m,KCg-m_R,gamma,1,2,28,26.785319663293336,0.0,-0.008902430534362793,-0.010426878929138184
130324,96291,KCg-m,KCg-m_L,gamma,1,2,28,27.24848509296469,0.4301730687848067,0.0010693073272705078,-0.00024646520614624023
130392,96335,KCab-s,KCab-s_R,ab,1,0,0,0.0,1.0,0.0,0.0
130403,96343,KCg-m,KCg-m_R,gamma,1,2,15,14.682243732847228,0.0,-0.005360543727874756,-0.005664527416229248
130429,96357,KCab-c,KCab-c_L,ab,1,0,0,0.0,1.0,0.0,0.0
130439,96364,KCg-m,KCg-m_L,gamma,1,2,224,221.6254210533755,0.13333803305248823,-0.014302730560302734,-0.01727306842803955
130521,96417,KCab-c,KCab-c_L,ab,1,0,2,2.0,0.844110367871364,-1.8417835235595703e-05,-1.8417835235595703e-05
130531,96423,KCab-m,KCab-m_L,ab,1,0,16,15.810517210579413,0.09494091079914706,-0.007357239723205566,-0.0076517462730407715
130556,96439,KCg-m,KCg-m_L,gamma,1,2,10,9.676704912275195,0.0,-0.0006867647171020508,-0.0009251832962036133
130580,96452,KCg-m,KCg-m_L,gamma,1,2,45,44.189405499580886,0.0,0.003114044666290283,0.0022875070571899414
130603,96463,KCg-m,KCg-m_R,gamma,1,2,136,132.95889025405057,0.0,-0.009984016418457031,-0.013018667697906494
130796,96572,KCab-m,KCab-m_R,ab,1,0,0,0.0,1.0,0.0,0.0
130806,96577,KCg-m,KCg-m_R,gamma,1,2,18,17.075366441280984,0.0,0.00010919570922851562,-0.0011202096939086914
130825,96588,KCab-c,KCab-c_L,ab,1,0,0,0.0,1.0,0.0,0.0
130875,96621,KCa'b'-ap2,KCa'b'-ap2_R,apbp,2,0,6,5.992765422647203,0.7574047717944589,-0.00598299503326416,-0.005967974662780762
130907,96639,KCg-m,KCg-m_R,gamma,1,2,160,156.95064245177866,0.0,-0.005209505558013916,-0.009327471256256104
130920,96647,KCg-m,KCg-m_L,gamma,1,2,0,0.0,1.0,0.0,0.0
130950,96663,KCa'b'-m,KCa'b'-m_L,apbp,0,0,2,2.0,0.701917881628772,0.0,0.0
130972,96676,KCg-m,KCg-m_L,gamma,1,4,0,0.0,1.0,0.0,0.0
131008,96694,KCab-m,KCab-m_R,ab,1,0,0,0.0,1.0,0.0,0.0
131100,96744,KCg-m,KCg-m_R,gamma,1,2,3,3.0,0.0,-0.0001652240753173828,-0.0001652240753173828
131101,96745,KCab-c,KCab-c_R,ab,1,0,79,78.34745901481803,0.17861904336148476,0.0049620866775512695,0.0040659308433532715
131198,96805,KCg-m,KCg-m_L,gamma,1,2,69,67.00377106764223,0.0,0.011266887187957764,0.007712185382843018
131212,96815,KCab-m,KCab-m_L,ab,2,0,0,0.0,1.0,0.0,0.0
131268,96849,KCg-m,KCg-m_L,gamma,1,2,31,30.543459914997644,0.40460313379038904,-0.006908595561981201,-0.007351279258728027
131293,96868,KCg-m,KCg-m_R,gamma,1,2,40,39.05590503138165,0.0,-0.006201684474945068,-0.007212162017822266
131332,96894,KCg-m,KCg-m_L,gamma,1,2,26,25.758140242110986,0.0,-0.0064904093742370605,-0.006621181964874268
131358,96914,KCab-c,KCab-c_L,ab,1,0,2,1.996766445436646,0.7830632533873354,-0.003538191318511963,-0.003533661365509033
131359,96915,KCab-c,KCab-c_L,ab,2,0,12,11.633631720301285,0.258448504176936,0.0045806169509887695,0.0028390884399414062
131373,96925,KCg-m,KCg-m_L,gamma,1,2,151,148.9811265707948,0.0,-0.018054723739624023,-0.020334243774414062
131423,96956,KCg-m,KCg-m_L,gamma,1,2,73,71.70906206495438,0.0,-0.0015270709991455078,-0.002904534339904785
131461,96980,KCab-m,KCab-m_R,ab,1,0,4,3.9662819382128,0.6237123024076373,-0.003010869026184082,-0.003063797950744629
131495,97005,KCab-m,KCab-m_L,ab,1,0,33,32.175292385066506,0.30719311383175407,0.0023807883262634277,0.0012840032577514648
131539,97034,KCab-m,KCab-m_L,ab,1,0,4,4.0,0.0,0.004149794578552246,0.004149794578552246
131597,97073,KCg-m,KCg-m_L,gamma,1,2,0,0.0,1.0,0.0,0.0
131620,97091,KCg-m,KCg-m_L,gamma,1,2,134,132.03272056889267,0.0,-0.0240478515625,-0.02621692419052124
131662,97113,KCa'b'-ap2,KCa'b'-ap2_R,apbp,0,0,0,0.0,1.0,0.0,0.0
131765,97181,KCab-c,KCab-c_L,ab,2,0,31,30.564335483655565,0.06836692947332368,0.0004652738571166992,-0.0006413459777832031
131797,97200,KCab-s,KCab-s_L,ab,1,0,4,3.9612269383684406,0.8721941600587511,0.0033845901489257812,0.0033358335494995117
131936,97291,KCab-m,KCab-m_L,ab,2,0,1,1.0,0.0,-0.0019234418869018555,-0.0019234418869018555
131946,97298,KCg-m,KCg-m_R,gamma,1,2,26,25.420294144910223,0.0,0.002907276153564453,0.0023450851440429688
131954,97301,KCg-m,KCg-m_L,gamma,1,2,28,27.39396100727459,0.0,0.0009003281593322754,0.00019431114196777344
131964,97307,KCab-s,KCab-s_R,ab,1,0,0,0.0,1.0,0.0,0.0
132006,97332,KCa'b'-ap2,KCa'b'-ap2_L,apbp,0,0,0,0.0,1.0,0.0,0.0
132048,97358,KCab-c,KCab-c_R,ab,1,0,50,49.36871395971451,0.0,-0.008298754692077637,-0.008846163749694824
132051,97361,KCg-m,KCg-m_L,gamma,1,2,0,0.0,1.0,0.0,0.0
132066,97370,KCab-c,KCab-c_L,ab,1,0,4,3.9527359087380396,0.0,0.0047779083251953125,0.004616975784301758
132117,97399,KCa'b'-m,KCa'b'-m_L,apbp,0,0,0,0.0,1.0,0.0,0.0
132230,97463,KCg-m,KCg-m_R,gamma,1,3,0,0.0,1.0,0.0,0.0
132312,97515,KCg-m,KCg-m_R,gamma,1,2,33,31.603177169553348,0.0,0.006183266639709473,0.003724336624145508
132410,97574,KCab-m,KCab-m_L,ab,1,0,1,1.0,0.6408843790854327,0.002022862434387207,0.002022862434387207
132467,97605,KCg-m,KCg-m_L,gamma,1,2,32,31.639947826028454,0.0,-0.010044336318969727,-0.01041501760482788
132539,97647,KCab-s,KCab-s_L,ab,1,0,0,0.0,1.0,0.0,0.0
132598,97687,KCg-m,KCg-m_L,gamma,1,2,0,0.0,1.0,0.0,0.0
132622,97701,KCab-p,KCab-p_L,ab,1,0,0,0.0,1.0,0.0,0.0
132649,97717,KCab-p,KCab-p_R,ab,1,0,0,0.0,1.0,0.0,0.0
132661,97727,KCa'b'-ap2,KCa'b'-ap2_L,apbp,0,0,4,4.0,0.8264032268008017,0.0,0.0
132747,97776,KCg-m,KCg-m_L,gamma,1,2,16,15.373645185107769,0.3754983795603815,0.0004379749298095703,-0.0002180337905883789
132791,97798,KCab-s,KCab-s_R,ab,2,0,76,74.49362843608083,0.5255360021681785,-0.0088425874710083,-0.012780904769897461
132800,97805,KCab-m,KCab-m_L,ab,2,0,4,4.0,0.6058672623647225,-0.0007051229476928711,-0.0007051229476928711
132804,97807,KCa'b'-ap1,KCa'b'-ap1_R,apbp,0,0,1,1.0,0.5442780688263675,0.0,0.0
132857,97833,KCa'b'-ap1,KCa'b'-ap1_L,apbp,1,0,0,0.0,1.0,0.0,0.0
132887,97848,KCab-s,KCab-s_R,ab,2,0,133,131.77779041063985,0.6506016942165785,0.017237305641174316,0.013622403144836426
132896,97854,KCab-s,KCab-s_L,ab,1,0,3,2.9941595167879123,0.8306912755384376,-0.0006828904151916504,-0.0006807446479797363
132912,97862,KCab-m,KCab-m_L,ab,1,0,37,36.269035299742,0.0,-0.01232832670211792,-0.013552427291870117
132978,97906,KCg-m,KCg-m_L,gamma,1,2,44,43.116014318181406,0.0,0.0009453296661376953,-7.838010787963867e-05
133053,97950,KCg-m,KCg-m_R,gamma,1,2,11,10.245394836814508,0.0,-0.002123534679412842,-0.0033648014068603516
133066,97956,KCg-m,KCg-m_L,gamma,1,2,52,50.227471367758746,0.0,-0.0005273222923278809,-0.0026649832725524902
133083,97968,KCa'b'-ap2,KCa'b'-ap2_L,apbp,0,0,0,0.0,1.0,0.0,0.0
133100,97980,KCab-c,KCab-c_R,ab,1,0,10,9.55242294921371,0.0,-0.002385556697845459,-0.0034409165382385254
133102,97982,KCab-p,KCab-p_L,ab,0,0,0,0.0,1.0,0.0,0.0
133165,98014,KCab-c,KCab-c_L,ab,2,0,63,62.46826887792959,0.061816324628268034,-0.0177762508392334,-0.019071102142333984
133214,98042,KCg-m,KCg-m_R,gamma,1,2,40,38.843071447440515,0.0,-0.0061244964599609375,-0.007548511028289795
133249,98061,KCg-m,KCg-m_L,gamma,1,2,6,5.948321427141604,0.0,-0.0007985830307006836,-0.0008302927017211914
133250,98062,KCab-s,KCab-s_R,ab,1,0,31,30.597828016612752,0.0,-0.005080044269561768,-0.005839228630065918
133256,98065,KCab-s,KCab-s_L,ab,2,0,0,0.0,1.0,0.0,0.0
133281,98081,KCab-m,KCab-m_L,ab,2,0,18,17.691043138479053,0.6589108991071743,0.008724689483642578,0.0075664520263671875
133308,98098,KCab-m,KCab-m_L,ab,1,0,0,0.0,1.0,0.0,0.0
133316,98104,KCg-m,KCg-m_L,gamma,1,2,15,14.185038981257685,0.0,-0.005923211574554443,-0.007787346839904785
133334,98116,KCa'b'-ap2,KCa'b'-ap2_R,apbp,0,0,0,0.0,1.0,0.0,0.0
133363,98133,KCab-s,KCab-s_L,ab,1,0,0,0.0,1.0,0.0,0.0
133435,98174,KCg-m,KCg-m_L,gamma,1,3,129,127.18963652592879,0.02807252411019053,-0.004223763942718506,-0.006105601787567139
133479,98200,KCg-m,KCg-m_L,gamma,1,2,44,42.9020803200512,0.0,-0.005180835723876953,-0.0060825347900390625
133500,98213,KCg-m,KCg-m_L,gamma,1,2,9,8.839272107156866,0.0,0.00444948673248291,0.004265189170837402
133549,98239,KCa'b'-m,KCa'b'-m_L,apbp,1,0,84,83.40119953806682,0.8624588194186251,0.002712428569793701,0.0019179582595825195
133550,98240,KCg-m,KCg-m_L,gamma,1,3,0,0.0,1.0,0.0,0.0
133564,98248,KCg-m,KCg-m_L,gamma,1,2,0,0.0,1.0,0.0,0.0
133570,98253,KCab-c,KCab-c_L,ab,1,0,0,0.0,1.0,0.0,0.0
133583,98264,KCab-m,KCab-m_L,ab,1,0,7,6.848294447049615,0.1192088819941192,-0.005750477313995361,-0.006032228469848633
133607,98275,KCg-m,KCg-m_L,gamma,1,2,11,10.848962647377387,0.1848102682991315,-0.00010901689529418945,-0.00034117698669433594
133630,98285,KCg-m,KCg-m_L,gamma,1,2,78,76.26242361494728,0.0,-0.0030515193939208984,-0.005311250686645508
133642,98292,KCg-m,KCg-m_R,gamma,1,2,27,25.82779963364992,0.0,0.008680403232574463,0.006620585918426514
133671,98305,KCg-m,KCg-m_R,gamma,1,2,228,223.93998712205945,0.30246051070539604,-0.004869520664215088,-0.009024620056152344
133709,98329,KCab-c,KCab-c_L,ab,1,0,0,0.0,1.0,0.0,0.0
133727,98343,KCab-c,KCab-c_R,ab,2,0,0,0.0,1.0,0.0,0.0
133806,98389,KCg-m,KCg-m_R,gamma,1,3,47,45.78651506994376,0.5056545761190808,4.667043685913086e-05,-0.0015454888343811035
133864,98428,KCab-s,KCab-s_L,ab,1,0,1,1.0,0.9584036593525157,-0.00042450428009033203,-0.00042450428009033203
133873,98433,KCab-m,KCab-m_L,ab,2,0,0,0.0,1.0,0.0,0.0
134059,98546,KCg-m,KCg-m_L,gamma,1,2,48,46.67484527029825,0.0,0.0031332969665527344,0.000643610954284668
134161,98598,KCg-m,KCg-m_L,gamma,1,2,11,10.645911656450256,0.0,-0.013059675693511963,-0.013809442520141602
134216,98635,KCg-m,KCg-m_R,gamma,1,2,11,10.832496083820093,0.0,-0.006991922855377197,-0.007025599479675293
134256,98656,KCg-m,KCg-m_L,gamma,1,2,74,72.6848145798515,0.0,-0.002404928207397461,-0.0038666725158691406
134271,98667,KCab-c,KCab-c_L,ab,1,0,0,0.0,1.0,0.0,0.0
134357,98720,KCab-c,KCab-c_R,ab,1,0,4,4.0,0.5037028085345813,-0.00025463104248046875,-0.00025463104248046875
134359,98722,KCg-m,KCg-m_R,gamma,1,2,16,15.366104611884644,0.0,-0.003118574619293213,-0.004261016845703125
134430,98758,KCg-m,KCg-m_L,gamma,1,2,4,4.0,0.05773514291372191,-0.001031041145324707,-0.001031041145324707
134438,98762,KCab-c,KCab-c_L,ab,1,0,30,29.848120423384284,0.8050684303994938,0.0005276203155517578,0.00029218196868896484
134523,98803,KCab-c,KCab-c_L,ab,1,0,4,3.953158995363234,0.6408076192058267,-0.0012447834014892578,-0.0012772083282470703
134660,98874,KCg-m,KCg-m_R,gamma,1,2,224,219.9930692865451,0.3664939241387759,-0.02541828155517578,-0.029385745525360107
134731,98911,KCa'b'-m,KCa'b'-m_L,apbp,2,0,5,4.905380336319187,0.6763796127450193,0.0013773441314697266,0.00110626220703125
134742,98917,KCg-m,KCg-m_L,gamma,1,2,7,6.701062594405001,0.0,0.003073453903198242,0.002430438995361328
134789,98939,KCab-m,KCab-m_L,ab,1,0,14,13.662651902540603,0.23283504399795357,0.0012518763542175293,0.0006224513053894043
134859,98975,KCa'b'-m,KCa'b'-m_L,apbp,0,0,9,8.84505833622173,0.5339260345403647,0.0,0.0
134865,98979,KCg-m,KCg-m_L,gamma,1,2,2,2.0,0.2054192429157329,-0.00048673152923583984,-0.00048673152923583984
134883,98987,KCg-m,KCg-m_R,gamma,1,3,241,237.69363530625762,0.21730418141091892,-0.007587909698486328,-0.011414110660552979
134891,98992,KCab-c,KCab-c_R,ab,1,0,0,0.0,1.0,0.0,0.0
134965,99036,KCg-m,KCg-m_L,gamma,1,2,0,0.0,1.0,0.0,0.0
135013,99059,KCab-m,KCab-m_L,ab,2,0,23,22.168671969351813,0.0,0.003301858901977539,0.00040709972381591797
135092,99104,KCa'b'-m,KCa'b'-m_R,apbp,0,0,2,2.0,0.30611591110135444,0.0,0.0
135158,99143,KCg-m,KCg-m_L,gamma,1,2,9,8.433429778029756,0.0,0.009534060955047607,0.008525073528289795
135219,99178,KCg-d,KCg-d_L,gamma,1,2,0,0.0,1.0,0.0,0.0
135238,99186,KCg-m,KCg-m_R,gamma,1,2,126,124.47030158143367,0.15235824299611042,-0.012022852897644043,-0.013882219791412354
135241,99188,KCg-d,KCg-d_L,gamma,1,2,0,0.0,1.0,0.0,0.0
135247,99193,KCab-s,KCab-s_R,ab,2,0,6,5.980550225993552,0.8284590682621663,-0.0031584501266479492,-0.0032404661178588867
135265,99202,KCab-m,KCab-m_R,ab,1,0,0,0.0,1.0,0.0,0.0
135354,99248,KCab-p,KCab-p_L,ab,1,0,0,0.0,1.0,0.0,0.0
135362,99252,KCg-m,KCg-m_R,gamma,1,3,72,70.44767609869896,0.0,-0.0033098459243774414,-0.0055045485496521
135363,99253,KCg-m,KCg-m_L,gamma,1,2,63,61.17463978408678,0.0,-0.0037147998809814453,-0.005932629108428955
135421,99279,KCg-d,KCg-d_R,gamma,1,2,0,0.0,1.0,0.0,0.0
135480,99316,KCg-m,KCg-m_L,gamma,1,2,0,0.0,1.0,0.0,0.0
135506,99331,KCg-m,KCg-m_L,gamma,1,2,103,100.7525920337134,0.0,-0.021961987018585205,-0.02438443899154663
135567,99362,KCab-m,KCab-m_L,ab,2,0,4,4.0,0.0,-0.0023827552795410156,-0.0023827552795410156
135614,99386,KCab-s,KCab-s_R,ab,2,0,13,12.799543797272658,0.34686033794660037,-0.0015823841094970703,-0.002464771270751953
135662,99412,KCg-d,KCg-d_L,gamma,1,2,0,0.0,1.0,0.0,0.0
135739,99457,KCg-m,KCg-m_R,gamma,1,2,62,60.87370680641486,0.0,-0.005638301372528076,-0.0069754719734191895
135773,99474,KCg-m,KCg-m_L,gamma,1,2,2,2.0,0.0,-0.0016200542449951172,-0.0016200542449951172
135783,99475,KCg-m,KCg-m_L,gamma,1,3,120,117.65696528553242,0.0,0.004285335540771484,0.0010904669761657715
135825,99498,KCg-m,KCg-m_L,gamma,1,2,42,40.48468176148817,0.0,-0.010020077228546143,-0.012630999088287354
135847,99512,KCg-m,KCg-m_L,gamma,1,2,6,6.0,0.0,-0.008934378623962402,-0.008934378623962402
135866,99523,KCab-c,KCab-c_R,ab,1,0,35,34.46007173028305,0.13495581256628686,-0.005102217197418213,-0.005965590476989746
135883,99532,KCg-m,KCg-m_L,gamma,1,2,3,3.0,0.0,-0.0013604164123535156,-0.0013604164123535156
135897,99539,KCg-d,KCg-d_L,gamma,1,2,0,0.0,1.0,0.0,0.0
135993,99590,KCab-m,KCab-m_R,ab,1,0,0,0.0,1.0,0.0,0.0
136044,99625,KCab-m,KCab-m_R,ab,1,0,27,26.813605473975496,0.6734784128967538,-0.004874050617218018,-0.0052658915519714355
136046,99626,KCg-d,KCg-d_L,gamma,1,2,0,0.0,1.0,0.0,0.0
136048,99628,KCab-p,KCab-p_L,ab,1,0,0,0.0,1.0,0.0,0.0
136101,99656,KCg-m,KCg-m_L,gamma,1,2,10,9.947956879034582,0.0,-0.0003560185432434082,-0.00034606456756591797
136127,99665,KCg-m,KCg-m_L,gamma,1,2,16,15.334063233737627,0.15637989902612673,-0.006178438663482666,-0.0073784589767456055
136153,99679,KCab-m,KCab-m_L,ab,2,0,25,24.755449465368393,0.3052027831103458,-0.003993511199951172,-0.0046346187591552734
136196,99699,KCab-p,KCab-p_L,ab,1,0,0,0.0,1.0,0.0,0.0
136208,99706,KCg-m,KCg-m_R,gamma,1,2,49,46.91457472376064,0.0,0.004033267498016357,0.0016030073165893555
136233,99720,KCab-s,KCab-s_L,ab,1,0,0,0.0,1.0,0.0,0.0
136240,99727,KCg-m,KCg-m_R,gamma,1,2,24,23.603325008081967,0.0,-0.008147954940795898,-0.008376717567443848
136258,99733,KCab-c,KCab-c_L,ab,1,0,0,0.0,1.0,0.0,0.0
136310,99760,KCg-m,KCg-m_R,gamma,1,2,88,85.70195538790452,0.0,-0.012505114078521729,-0.015371441841125488
136327,99770,KCab-m,KCab-m_L,ab,1,0,0,0.0,1.0,0.0,0.0
136345,99778,KCab-m,KCab-m_L,ab,2,0,50,49.41119030180963,0.4978436785402582,-0.028227925300598145,-0.029627680778503418
136428,99821,KCab-c,KCab-c_L,ab,1,0,0,0.0,1.0,0.0,0.0
136435,99824,KCab-c,KCab-c_L,ab,0,0,0,0.0,1.0,0.0,0.0
136459,99834,KCg-m,KCg-m_R,gamma,1,2,20,19.264830181093405,0.0,-0.0032082200050354004,-0.004329502582550049
136461,99836,KCab-m,KCab-m_L,ab,2,0,3,3.0,0.15333891008025705,0.0025787353515625,0.0025787353515625
136525,99874,KCg-m,KCg-m_L,gamma,1,2,68,66.73793366155758,0.0,-0.011759579181671143,-0.013346970081329346
136531,99878,KCg-m,KCg-m_R,gamma,1,2,53,52.048408213305095,0.0,-0.001410841941833496,-0.0023716092109680176
136570,99899,KCg-m,KCg-m_R,gamma,1,2,17,16.47171630304122,0.0,-0.008141279220581055,-0.008798420429229736
136581,99907,KCg-m,KCg-m_L,gamma,1,2,34,32.99441863937835,0.0,0.0021138787269592285,0.0011289715766906738
136705,99976,KCg-m,KCg-m_L,gamma,1,2,65,63.63657392500258,0.0,-0.015084505081176758,-0.016597628593444824
136825,100031,KCab-m,KCab-m_R,ab,1,0,0,0.0,1.0,0.0,0.0
136873,100054,KCab-c,KCab-c_R,ab,1,0,2,2.0,0.0,-0.00036406517028808594,-0.00036406517028808594
136896,100074,KCg-m,KCg-m_L,gamma,1,2,0,0.0,1.0,0.0,0.0
136912,100083,KCg-d,KCg-d_L,gamma,1,2,0,0.0,1.0,0.0,0.0
136943,100097,KCg-m,KCg-m_L,gamma,1,2,14,13.591242387055516,0.7827110783295166,0.001957535743713379,0.0015414953231811523
136988,100119,KCg-m,KCg-m_L,gamma,1,2,0,0.0,1.0,0.0,0.0
137008,100127,KCab-c,KCab-c_L,ab,1,0,0,0.0,1.0,0.0,0.0
137021,100135,KCa'b'-ap2,KCa'b'-ap2_L,apbp,0,0,0,0.0,1.0,0.0,0.0
137029,100140,KCab-m,KCab-m_R,ab,1,0,10,9.893714262437108,0.5313243873432602,-0.0010493993759155273,-0.0011745095252990723
137044,100146,KCab-s,KCab-s_L,ab,1,0,2,2.0,0.8218972460281345,0.0002970099449157715,0.0002970099449157715
137061,100158,KCg-m,KCg-m_L,gamma,1,2,132,129.22769209508567,0.0,-0.0017220377922058105,-0.005353689193725586
137072,100165,KCg-m,KCg-m_L,gamma,1,2,12,11.998051054911924,0.0,-0.004987955093383789,-0.004983961582183838
137174,100223,KCg-m,KCg-m_L,gamma,1,2,62,60.04279921250624,0.0,0.011233747005462646,0.008191943168640137
137233,100249,KCab-c,KCab-c_L,ab,1,0,0,0.0,1.0,0.0,0.0
137235,100251,KCab-s,KCab-s_R,ab,2,0,0,0.0,1.0,0.0,0.0
137257,100262,KCab-p,KCab-p_L,ab,1,0,0,0.0,1.0,0.0,0.0
137283,100274,KCg-d,KCg-d_L,gamma,1,2,0,0.0,1.0,0.0,0.0
137302,100283,KCg-d,KCg-d_L,gamma,1,2,0,0.0,1.0,0.0,0.0
137438,100362,KCg-m,KCg-m_L,gamma,1,2,5,4.969492512494091,0.0,0.004760861396789551,0.004726052284240723
137484,100390,KCg-m,KCg-m_L,gamma,1,2,36,35.12490256878073,0.0,0.0005345940589904785,-0.0005753040313720703
137541,100419,KCa'b'-ap2,KCa'b'-ap2_R,apbp,0,0,1,1.0,0.8123543353731257,0.0,0.0
137546,100422,KCg-m,KCg-m_L,gamma,1,2,27,26.29011033258448,0.0,0.008668303489685059,0.007696211338043213
137734,100513,KCab-c,KCab-c_L,ab,1,0,4,3.9344608537078893,0.7778938418607745,0.0009812116622924805,0.0007940530776977539
137789,100546,KCg-m,KCg-m_L,gamma,1,2,7,6.702342968361927,0.3170342647090815,0.007720232009887695,0.0071915388107299805
137837,100574,KCab-p,KCab-p_L,ab,1,0,0,0.0,1.0,0.0,0.0
137866,100592,KCab-s,KCab-s_L,ab,2,0,0,0.0,1.0,0.0,0.0
137890,100606,KCg-m,KCg-m_L,gamma,1,2,35,34.53810068127875,0.0,-0.005019128322601318,-0.005442976951599121
137952,100631,KCg-d,KCg-d_L,gamma,1,2,0,0.0,1.0,0.0,0.0
137977,100642,KCab-p,KCab-p_L,ab,1,0,0,0.0,1.0,0.0,0.0
137995,100655,KCa'b'-m,KCa'b'-m_L,apbp,1,0,0,0.0,1.0,0.0,0.0
138053,100685,KCg-m,KCg-m_L,gamma,1,2,37,35.921209720535444,0.0,-0.010650634765625,-0.012047886848449707
138162,100742,KCab-c,KCab-c_L,ab,1,0,0,0.0,1.0,0.0,0.0
138186,100756,KCg-d,KCg-d_L,gamma,1,2,0,0.0,1.0,0.0,0.0
138198,100761,KCg-d,KCg-d_L,gamma,1,2,0,0.0,1.0,0.0,0.0
138210,100765,KCa'b'-ap2,KCa'b'-ap2_L,apbp,1,0,0,0.0,1.0,0.0,0.0
138335,100833,KCg-m,KCg-m_R,gamma,1,2,34,32.73435897560223,0.0,0.0038570761680603027,0.001974046230316162
138352,100841,KCg-m,KCg-m_R,gamma,1,2,4,3.6249823536117525,0.0,0.0004869699478149414,-0.0001842975616455078
138353,100842,KCg-m,KCg-m_R,gamma,2,2,4,3.875505788494098,0.3097567272482638,0.0006113052368164062,0.00020575523376464844
138378,100856,KCg-m,KCg-m_L,gamma,1,2,0,0.0,1.0,0.0,0.0
138404,100873,KCab-s,KCab-s_L,ab,1,0,3,3.0,0.5476627214368978,0.004237771034240723,0.004237771034240723
138408,100875,KCg-m,KCg-m_R,gamma,1,2,30,28.635813673818884,0.0,0.0059577226638793945,0.003336489200592041
138439,100896,KCg-m,KCg-m_L,gamma,1,3,39,37.495374344591745,0.0,-0.0003771185874938965,-0.0026160478591918945
138447,100900,KCg-m,KCg-m_L,gamma,1,2,145,142.74588691912228,0.41306786752976576,-0.005174100399017334,-0.007867157459259033
138451,100903,KCg-m,KCg-m_L,gamma,1,2,2,1.7882560195593231,0.5431621752696569,0.002818584442138672,0.002221822738647461
138453,100905,KCab-m,KCab-m_L,ab,2,0,20,19.741499564095562,0.7688373648336292,0.016326546669006348,0.015248656272888184
138480,100921,KCab-c,KCab-c_L,ab,1,0,8,7.89943556945701,0.1550131362086001,0.0003733634948730469,0.00017493963241577148
138549,100954,KCab-s,KCab-s_L,ab,1,0,0,0.0,1.0,0.0,0.0
138563,100962,KCab-s,KCab-s_L,ab,1,0,0,0.0,1.0,0.0,0.0
138564,100963,KCg-m,KCg-m_L,gamma,1,2,100,97.44683448530952,0.0,-0.00039201974868774414,-0.003430783748626709
138573,100967,KCg-m,KCg-m_R,gamma,2,2,53,51.045743921367745,0.0,-0.011160612106323242,-0.015093564987182617
138634,101005,KCg-m,KCg-m_L,gamma,2,2,0,0.0,1.0,0.0,0.0
138810,101100,KCg-m,KCg-m_L,gamma,1,2,88,86.94927077487499,0.0963960503547997,0.006595194339752197,0.0053719282150268555
138826,101109,KCab-s,KCab-s_R,ab,1,0,13,12.922237677414856,0.6871826810762749,-0.00941234827041626,-0.00950843095779419
138875,101133,KCab-m,KCab-m_L,ab,1,0,0,0.0,1.0,0.0,0.0
138912,101154,KCab-s,KCab-s_L,ab,1,0,0,0.0,1.0,0.0,0.0
138929,101161,KCab-c,KCab-c_R,ab,1,0,0,0.0,1.0,0.0,0.0
138935,101165,KCg-m,KCg-m_L,gamma,1,2,57,56.11923932736384,0.0,-0.0020495057106018066,-0.0034654736518859863
138968,101181,KCg-m,KCg-m_L,gamma,1,2,31,29.87816494303755,0.0,-0.0005584359169006348,-0.00177001953125
139008,101201,KCg-m,KCg-m_R,gamma,1,2,54,51.865922561195745,0.0,-0.0016498565673828125,-0.004553854465484619
139032,101212,KCab-p,KCab-p_L,ab,1,0,0,0.0,1.0,0.0,0.0
139039,101217,KCg-m,KCg-m_L,gamma,1,2,4,4.0,0.031031823214841322,0.00208282470703125,0.00208282470703125
139053,101225,KCg-m,KCg-m_R,gamma,1,2,1,1.0,0.039715388100773935,-0.0014681220054626465,-0.0014681220054626465
139093,101244,KCg-m,KCg-m_L,gamma,1,2,71,68.85280386377944,0.0,-0.008374154567718506,-0.011533975601196289
139182,101292,KCg-m,KCg-m_R,gamma,1,2,0,0.0,1.0,0.0,0.0
139199,101301,KCab-c,KCab-c_L,ab,1,0,0,0.0,1.0,0.0,0.0
139212,101309,KCab-c,KCab-c_L,ab,1,0,0,0.0,1.0,0.0,0.0
139252,101324,KCab-s,KCab-s_R,ab,1,0,94,93.66229778045646,0.7095957662877486,-0.00779646635055542,-0.008335471153259277
139389,101384,KCa'b'-m,KCa'b'-m_R,apbp,1,0,7,6.726868683420124,0.33750369221381105,0.00213623046875,0.001596212387084961
139498,101433,KCa'b'-m,KCa'b'-m_L,apbp,0,0,20,19.726041274619547,0.7492892856532221,0.0,0.0
139508,101437,KCg-m,KCg-m_L,gamma,1,2,26,25.589866742712303,0.29277074629860284,0.004603385925292969,0.003981828689575195
139510,101438,KCg-m,KCg-m_R,gamma,1,2,26,25.420616632740867,0.0,-0.002874314785003662,-0.003305673599243164
139584,101474,KCa'b'-m,KCa'b'-m_L,apbp,0,0,22,21.644396020961437,0.6583695355812587,0.0,0.0
139589,101478,KCg-m,KCg-m_L,gamma,1,2,139,135.7157693662654,0.17729645804322614,0.01062321662902832,0.006491124629974365
139591,101480,KCg-d,KCg-d_L,gamma,1,2,0,0.0,1.0,0.0,0.0
139636,101503,KCab-c,KCab-c_L,ab,1,0,0,0.0,1.0,0.0,0.0
139642,101507,KCg-m,KCg-m_R,gamma,1,3,112,109.30209247196818,0.0,-0.0004176497459411621,-0.003528892993927002
139662,101518,KCab-m,KCab-m_L,ab,1,0,0,0.0,1.0,0.0,0.0
139663,101519,KCa'b'-ap2,KCa'b'-ap2_L,apbp,0,0,0,0.0,1.0,0.0,0.0
139685,101531,KCg-m,KCg-m_L,gamma,1,2,4,3.966475547800577,0.10286772165241781,-0.0004463791847229004,-0.00046187639236450195
139742,101561,KCg-m,KCg-m_R,gamma,1,2,86,82.8521419905616,0.0,0.0002766847610473633,-0.004253089427947998
139887,101636,KCab-m,KCab-m_L,ab,1,0,42,40.839807224481945,0.3670045740552183,0.0016134381294250488,-0.0008017420768737793
139894,101638,KCab-m,KCab-m_L,ab,1,0,0,0.0,1.0,0.0,0.0
139919,101652,KCab-m,KCab-m_L,ab,1,0,16,15.971829312268888,0.0,0.0008716583251953125,0.0008359551429748535
139943,101663,KCg-m,KCg-m_L,gamma,1,2,9,8.835943278619952,0.08709405360919359,0.003340423107147217,0.0031734704971313477
139952,101667,KCg-m,KCg-m_R,gamma,1,2,71,67.75259267370839,0.0,0.01659071445465088,0.012033045291900635
139970,101677,KCg-m,KCg-m_L,gamma,1,3,2,2.0,0.0,-0.0013542771339416504,-0.0013542771339416504
139976,101680,KCab-p,KCab-p_L,ab,1,0,0,0.0,1.0,0.0,0.0
139988,101687,KCg-m,KCg-m_L,gamma,1,2,9,8.47045743902715,0.0,0.002111077308654785,0.0011584758758544922
140052,101725,KCa'b'-ap1,KCa'b'-ap1_L,apbp,0,0,0,0.0,1.0,0.0,0.0
140175,101790,KCg-d,KCg-d_L,gamma,1,2,0,0.0,1.0,0.0,0.0
140180,101794,KCg-m,KCg-m_L,gamma,1,2,0,0.0,1.0,0.0,0.0
140182,101796,KCg-m,KCg-m_R,gamma,1,2,36,34.58694413549802,0.0,-0.009768307209014893,-0.011296391487121582
140365,101884,KCg-m,KCg-m_L,gamma,1,2,76,74.89814911707484,0.0,-0.007438480854034424,-0.008590281009674072
140368,101887,KCab-m,KCab-m_L,ab,1,0,0,0.0,1.0,0.0,0.0
140457,101934,KCab-s,KCab-s_L,ab,1,0,1,1.0,0.9405748416834919,-0.0020020008087158203,-0.0020020008087158203
140461,101936,KCg-m,KCg-m_L,gamma,1,2,33,31.83964800392458,0.0,0.00023740530014038086,-0.0014969706535339355
140582,101995,KCa'b'-m,KCa'b'-m_L,apbp,1,0,6,5.954532507808892,0.09318150343586783,-0.0001360774040222168,-0.00014907121658325195
140589,102000,KCg-m,KCg-m_R,gamma,1,2,19,18.08585432159681,0.0,-0.00010275840759277344,-0.0020064115524291992
140636,102020,KCg-m,KCg-m_R,gamma,1,2,11,10.304627824004141,0.0,-0.003944575786590576,-0.00535207986831665
140651,102026,KCab-c,KCab-c_L,ab,1,0,0,0.0,1.0,0.0,0.0
140661,102032,KCg-m,KCg-m_L,gamma,1,2,12,11.492466655688327,0.011658809390944897,0.004525959491729736,0.0035635828971862793
140726,102070,KCg-m,KCg-m_L,gamma,1,2,0,0.0,1.0,0.0,0.0
140730,102074,KCab-s,KCab-s_L,ab,1,0,2,2.0,0.9474089938445298,-4.83393669128418e-05,-4.83393669128418e-05
140737,102078,KCg-m,KCg-m_L,gamma,1,2,16,15.637916223504375,0.0,-0.0012198090553283691,-0.0016798973083496094
140795,102112,KCg-m,KCg-m_L,gamma,1,2,87,85.30938352878152,0.0,0.0020378828048706055,-0.00037169456481933594
140834,102131,KCab-s,KCab-s_R,ab,1,0,0,0.0,1.0,0.0,0.0
140867,102144,KCg-m,KCg-m_L,gamma,1,2,61,58.95360317145663,0.0,0.006094396114349365,0.003160238265991211
140883,102154,KCg-m,KCg-m_L,gamma,1,2,0,0.0,1.0,0.0,0.0
140943,102176,KCg-m,KCg-m_L,gamma,1,2,0,0.0,1.0,0.0,0.0
140961,102185,KCab-m,KCab-m_L,ab,1,0,0,0.0,1.0,0.0,0.0
140995,102201,KCg-m,KCg-m_L,gamma,1,3,109,107.4290253758167,0.0,-0.015946507453918457,-0.017460763454437256
141007,102206,KCab-p,KCab-p_L,ab,1,0,0,0.0,1.0,0.0,0.0
141046,102228,KCg-m,KCg-m_L,gamma,1,2,10,9.789557429692067,0.0,-0.005016505718231201,-0.005324661731719971
141131,102266,KCab-c,KCab-c_L,ab,1,0,0,0.0,1.0,0.0,0.0
141163,102276,KCab-p,KCab-p_L,ab,1,0,0,0.0,1.0,0.0,0.0
141219,102301,KCab-c,KCab-c_L,ab,1,0,0,0.0,1.0,0.0,0.0
141249,102314,KCg-m,KCg-m_L,gamma,1,2,17,16.653004931435735,0.1989146925075726,0.00013834238052368164,-8.71419906616211e-05
141274,102327,KCab-s,KCab-s_L,ab,1,0,0,0.0,1.0,0.0,0.0
141289,102335,KCab-c,KCab-c_R,ab,1,0,0,0.0,1.0,0.0,0.0
141299,102340,KCg-m,KCg-m_L,gamma,1,2,1,1.0,0.0,0.00042700767517089844,0.00042700767517089844
141343,102363,KCg-m,KCg-m_L,gamma,1,2,51,49.746685113356726,0.0,0.010900914669036865,0.009112715721130371
141559,102463,KCab-p,KCab-p_L,ab,2,0,0,0.0,1.0,0.0,0.0
141602,102483,KCg-m,KCg-m_L,gamma,1,2,125,122.87178881104234,0.11779593524586718,-0.006634235382080078,-0.009933710098266602
141659,102516,KCg-m,KCg-m_L,gamma,1,2,1,1.0,0.043145403998768976,0.0021457672119140625,0.0021457672119140625
141662,102518,KCab-c,KCab-c_L,ab,0,0,0,0.0,1.0,0.0,0.0
141709,102543,KCg-m,KCg-m_L,gamma,1,3,2,2.0,0.0,0.004656791687011719,0.004656791687011719
141772,102579,KCg-m,KCg-m_L,gamma,2,3,19,18.567075206092607,0.08638078086479092,-0.0018532276153564453,-0.0026776790618896484
141809,102598,KCab-m,KCab-m_L,ab,1,0,15,14.62968977992538,0.4841224936128381,-0.007941782474517822,-0.008913397789001465
141840,102615,KCg-m,KCg-m_L,gamma,1,2,3,3.0,0.0883267695089114,-0.0002792477607727051,-0.0002792477607727051
141914,102649,KCab-m,KCab-m_L,ab,1,0,10,9.8063243246309,0.025514565011036563,-0.002983689308166504,-0.00316697359085083
141950,102667,KCab-c,KCab-c_R,ab,1,0,61,60.051960883631565,0.2878426264939138,0.0057607293128967285,0.004449725151062012
142029,102706,KCab-c,KCab-c_L,ab,1,0,0,0.0,1.0,0.0,0.0
142069,102720,KCg-d,KCg-d_L,gamma,1,2,0,0.0,1.0,0.0,0.0
142083,102725,KCg-m,KCg-m_L,gamma,1,2,45,43.94279789055457,0.0,-0.008159458637237549,-0.009409487247467041
142189,102781,KCg-m,KCg-m_R,gamma,1,2,198,195.29858299093388,0.16168594868335798,-0.009235978126525879,-0.012750566005706787
142203,102786,KCg-d,KCg-d_L,gamma,1,2,0,0.0,1.0,0.0,0.0
142209,102789,KCg-m,KCg-m_L,gamma,1,2,21,20.531775618765025,0.01439468580220253,0.002248704433441162,0.0019257664680480957
142270,102816,KCab-m,KCab-m_L,ab,2,0,3,3.0,0.286069896927066,0.003944873809814453,0.003944873809814453
142299,102828,KCg-m,KCg-m_L,gamma,1,2,25,24.159452107168523,0.0,0.005508303642272949,0.0045493245124816895
142329,102846,KCa'b'-m,KCa'b'-m_L,apbp,0,0,0,0.0,1.0,0.0,0.0
142332,102848,KCab-c,KCab-c_L,ab,1,0,0,0.0,1.0,0.0,0.0
142361,102864,KCab-s,KCab-s_L,ab,2,0,7,6.974150608039092,0.9295676589396731,-0.0024851560592651367,-0.0025746822357177734
142470,102918,KCg-m,KCg-m_L,gamma,1,2,6,5.497010356693425,0.0,0.005998373031616211,0.004858195781707764
142531,102944,KCab-s,KCab-s_L,ab,1,0,0,0.0,1.0,0.0,0.0
142608,102980,KCa'b'-m,KCa'b'-m_R,apbp,0,0,6,5.9872734270074055,0.3354043899225305,0.0,0.0
142732,103043,KCg-m,KCg-m_L,gamma,1,2,11,10.618957102292928,0.0,0.0020998716354370117,0.0016794204711914062
142733,103044,KCg-d,KCg-d_L,gamma,1,2,0,0.0,1.0,0.0,0.0
142769,103064,KCg-m,KCg-m_R,gamma,1,2,67,64.9337450556597,0.06742915009515275,-0.006036221981048584,-0.008076012134552002
142795,103079,KCab-m,KCab-m_R,ab,1,0,6,5.591496107308907,0.1482326009256954,0.001831650733947754,0.0016133785247802734
142848,103104,KCa'b'-m,KCa'b'-m_L,apbp,2,0,0,0.0,1.0,0.0,0.0
142975,103167,KCab-c,KCab-c_R,ab,1,0,0,0.0,1.0,0.0,0.0
142994,103177,KCg-m,KCg-m_L,gamma,1,2,5,4.758100329111734,0.0,-0.002839982509613037,-0.003124535083770752
143029,103192,KCg-m,KCg-m_L,gamma,1,2,0,0.0,1.0,0.0,0.0
143033,103196,KCab-s,KCab-s_L,ab,1,0,15,14.896020385114989,0.8198757848993523,0.007436811923980713,0.007151186466217041
143083,103225,KCab-c,KCab-c_L,ab,1,0,0,0.0,1.0,0.0,0.0
143262,103306,KCg-d,KCg-d_L,gamma,1,2,0,0.0,1.0,0.0,0.0
143275,103314,KCab-c,KCab-c_L,ab,1,0,2,2.0,0.9528478465376378,0.0006374716758728027,0.0006374716758728027
143426,103398,KCg-m,KCg-m_L,gamma,1,2,2,1.5909974246316358,0.3145353892740125,0.002352118492126465,0.0013900995254516602
143487,103429,KCg-m,KCg-m_L,gamma,1,2,0,0.0,1.0,0.0,0.0
143569,103467,KCg-m,KCg-m_R,gamma,1,2,93,91.09978189128431,0.0,-0.008705615997314453,-0.010751724243164062
143645,103505,KCab-m,KCab-m_L,ab,1,0,15,14.571696675026978,0.4642194448129384,0.0030525922775268555,0.002153754234313965
143735,103545,KCg-m,KCg-m_R,gamma,1,2,1,1.0,0.0,-0.0018990039825439453,-0.0018990039825439453
143757,103555,KCg-m,KCg-m_L,gamma,1,2,23,22.442277847005354,0.6654600235334509,0.004310905933380127,0.0034848451614379883
143806,103581,KCab-m,KCab-m_L,ab,1,0,0,0.0,1.0,0.0,0.0
143875,103623,KCg-m,KCg-m_R,gamma,1,2,24,23.215608753590473,0.0,-0.00254899263381958,-0.003925502300262451
143895,103634,KCab-m,KCab-m_L,ab,1,0,1,1.0,0.5757332157542704,-0.0018382668495178223,-0.0018382668495178223
143947,103660,KCg-m,KCg-m_L,gamma,1,2,20,19.729940090829608,0.48859129503873566,-0.0015498995780944824,-0.001886606216430664
143949,103661,KCab-c,KCab-c_L,ab,1,0,0,0.0,1.0,0.0,0.0
144012,103694,KCg-m,KCg-m_R,gamma,1,3,70,67.90561672158641,0.0,-0.0030821561813354492,-0.006304383277893066
144118,103745,KCg-m,KCg-m_R,gamma,1,2,147,144.73338622310922,0.0,-0.012847542762756348,-0.015296399593353271
144122,103747,KCg-m,KCg-m_L,gamma,1,2,40,39.21269349891941,0.0,-0.013526976108551025,-0.01445859670639038
144134,103754,KCab-p,KCab-p_L,ab,1,0,0,0.0,1.0,0.0,0.0
144220,103791,KCg-d,KCg-d_R,gamma,1,2,0,0.0,1.0,0.0,0.0
144230,103796,KCg-m,KCg-m_L,gamma,1,2,61,60.1785254838515,0.534320261547923,-0.011805891990661621,-0.012690842151641846
144291,103826,KCg-m,KCg-m_R,gamma,1,2,8,7.707713209469537,0.0,0.004143059253692627,0.003747284412384033
144308,103834,KCab-s,KCab-s_R,ab,2,0,2,2.0,0.2739762505890344,0.0,0.0
144317,103838,KCg-m,KCg-m_L,gamma,1,2,111,108.73140199078262,0.0,-0.0029784440994262695,-0.005992770195007324
144340,103849,KCa'b'-m,KCa'b'-m_R,apbp,1,0,0,0.0,1.0,0.0,0.0
144464,103910,KCg-m,KCg-m_R,gamma,1,2,22,21.404631854763732,0.0,-0.006409049034118652,-0.006964683532714844
144486,103919,KCa'b'-m,KCa'b'-m_L,apbp,0,0,4,3.993899675217498,0.16578932653294198,0.0,0.0
144512,103937,KCg-m,KCg-m_L,gamma,1,2,1,1.0,0.0,-4.506111145019531e-05,-4.506111145019531e-05
144515,103939,KCab-s,KCab-s_R,ab,1,0,2,2.0,0.8929009184951454,-0.0016933679580688477,-0.0016933679580688477
144523,103944,KCa'b'-ap2,KCa'b'-ap2_R,apbp,2,0,12,11.987738142337037,0.7729430783964766,0.0013554096221923828,0.0013579130172729492
144570,103970,KCg-m,KCg-m_L,gamma,1,2,68,67.002583651778,0.25308048357340196,0.003061532974243164,0.001616358757019043
144578,103975,KCg-d,KCg-d_L,gamma,1,2,0,0.0,1.0,0.0,0.0
144715,104029,KCab-c,KCab-c_L,ab,1,0,0,0.0,1.0,0.0,0.0
144725,104036,KCab-c,KCab-c_L,ab,1,0,7,7.0,0.09188180895610416,0.0012357234954833984,0.0012357234954833984
144730,104037,KCg-m,KCg-m_L,gamma,1,2,138,136.05935570367197,0.0,-0.017412006855010986,-0.020054638385772705
144746,104040,KCab-c,KCab-c_L,ab,1,0,0,0.0,1.0,0.0,0.0
144747,104041,KCg-d,KCg-d_L,gamma,1,2,0,0.0,1.0,0.0,0.0
144813,104068,KCab-c,KCab-c_L,ab,0,0,0,0.0,1.0,0.0,0.0
144819,104069,KCg-d,KCg-d_L,gamma,1,2,0,0.0,1.0,0.0,0.0
145026,104183,KCa'b'-ap2,KCa'b'-ap2_L,apbp,0,0,14,13.959061237730358,0.6827904072426242,0.0,0.0
145085,104207,KCg-d,KCg-d_L,gamma,1,2,0,0.0,1.0,0.0,0.0
145143,104232,KCg-m,KCg-m_L,gamma,1,2,60,58.938263763246184,0.3769424621728166,-0.009807109832763672,-0.011390089988708496
145157,104238,KCg-m,KCg-m_R,gamma,1,2,1,1.0,0.4729471430819083,-0.0009038448333740234,-0.0009038448333740234
145174,104247,KCab-s,KCab-s_R,ab,1,0,0,0.0,1.0,0.0,0.0
145193,104255,KCab-c,KCab-c_L,ab,1,0,3,2.9975647912694425,0.6846155880817781,-0.0027642250061035156,-0.002762138843536377
145236,104278,KCab-c,KCab-c_L,ab,1,0,0,0.0,1.0,0.0,0.0
145268,104293,KCg-m,KCg-m_L,gamma,1,2,14,13.301911492343283,0.2567382237243459,0.004741013050079346,0.0032258033752441406
145352,104331,KCg-m,KCg-m_R,gamma,1,2,86,84.19335040795215,0.0,-0.008813977241516113,-0.011036515235900879
145355,104333,KCg-m,KCg-m_L,gamma,1,2,3,2.9340498053642428,0.003806350169832311,-0.000644981861114502,-0.0006825923919677734
145419,104361,KCab-s,KCab-s_R,ab,1,0,13,12.98432794687206,0.8484841724008017,-0.0007950067520141602,-0.0008214116096496582
145425,104365,KCab-c,KCab-c_L,ab,1,0,1,1.0,0.9368016309863237,0.002013564109802246,0.002013564109802246
145497,104395,KCab-c,KCab-c_R,ab,1,0,38,37.181696383264935,0.0,0.003141939640045166,0.0015929341316223145
145513,104403,KCab-s,KCab-s_L,ab,1,0,0,0.0,1.0,0.0,0.0
145574,104437,KCg-m,KCg-m_L,gamma,1,2,17,16.109350296453975,0.0,-0.002840280532836914,-0.004907071590423584
145610,104453,KCg-m,KCg-m_L,gamma,1,2,74,72.57284301747204,0.035772461427736074,-0.005594730377197266,-0.007401943206787109
145641,104466,KCg-m,KCg-m_L,gamma,1,2,2,2.0,0.0,-0.003253340721130371,-0.003253340721130371
145642,104467,KCab-c,KCab-c_L,ab,1,0,0,0.0,1.0,0.0,0.0
145764,104524,KCab-s,KCab-s_L,ab,1,0,0,0.0,1.0,0.0,0.0
145791,104534,KCab-c,KCab-c_R,ab,1,0,0,0.0,1.0,0.0,0.0
145792,104535,KCg-m,KCg-m_L,gamma,1,3,9,8.139581617901971,0.0,0.006918191909790039,0.00472414493560791
145859,104567,KCa'b'-ap2,KCa'b'-ap2_R,apbp,1,0,0,0.0,1.0,0.0,0.0
145869,104574,KCg-m,KCg-m_L,gamma,1,3,50,48.76039114286445,0.0,-0.01963728666305542,-0.02079552412033081
145974,104618,KCg-m,KCg-m_L,gamma,1,2,0,0.0,1.0,0.0,0.0
146084,104661,KCg-m,KCg-m_L,gamma,1,2,39,38.34898372889694,0.4624104845128843,-0.007450997829437256,-0.008253633975982666
146099,104668,KCa'b'-ap2,KCa'b'-ap2_R,apbp,0,0,0,0.0,1.0,0.0,0.0
146122,104681,KCg-m,KCg-m_R,gamma,1,2,71,68.05302879725942,0.0,0.000609278678894043,-0.003971576690673828
146128,104683,KCg-m,KCg-m_L,gamma,1,2,0,0.0,1.0,0.0,0.0
146166,104700,KCab-m,KCab-m_L,ab,1,0,2,2.0,0.729093392308077,-0.00026792287826538086,-0.00026792287826538086
146275,104758,KCab-c,KCab-c_R,ab,1,0,33,31.95187495912596,0.0,0.0034491419792175293,0.0017192959785461426
146301,104766,KCg-d,KCg-d_L,gamma,1,2,0,0.0,1.0,0.0,0.0
146350,104789,KCab-s,KCab-s_L,ab,1,0,11,10.963049126393752,0.4503752145807416,0.006966114044189453,0.006902575492858887
146387,104809,KCab-s,KCab-s_R,ab,1,0,0,0.0,1.0,0.0,0.0
146609,104901,KCab-s,KCab-s_L,ab,1,0,0,0.0,1.0,0.0,0.0
146675,104932,KCab-c,KCab-c_L,ab,1,0,0,0.0,1.0,0.0,0.0
146801,104994,KCab-m,KCab-m_L,ab,1,0,0,0.0,1.0,0.0,0.0
146923,105047,KCab-s,KCab-s_L,ab,2,0,6,5.996000978607045,0.0,-0.003321051597595215,-0.0033026933670043945
146925,105049,KCg-m,KCg-m_L,gamma,1,2,30,29.2799915476812,0.4599107403925464,-0.0034952759742736816,-0.004599034786224365
146943,105063,KCab-m,KCab-m_R,ab,1,0,35,34.5205177869245,0.4456218134227436,-0.003415226936340332,-0.004063904285430908
146958,105066,KCab-s,KCab-s_L,ab,0,0,4,3.9998299431224087,0.9184169919405394,0.0,0.0
147040,105108,KCg-m,KCg-m_L,gamma,1,2,48,46.316598378714524,0.0,0.013411760330200195,0.010791242122650146
147068,105120,KCg-m,KCg-m_L,gamma,1,2,42,40.52136672237923,0.0,0.0009313225746154785,-0.0013742446899414062
147185,105178,KCg-m,KCg-m_L,gamma,1,2,187,184.3467345499579,0.23863705478047004,-0.015732288360595703,-0.019128262996673584
147199,105185,KCab-c,KCab-c_L,ab,1,0,0,0.0,1.0,0.0,0.0
147217,105194,KCab-c,KCab-c_L,ab,1,0,0,0.0,1.0,0.0,0.0
147378,105259,KCab-c,KCab-c_L,ab,1,0,0,0.0,1.0,0.0,0.0
147444,105282,KCab-p,KCab-p_L,ab,1,0,0,0.0,1.0,0.0,0.0
147585,105355,KCg-d,KCg-d_L,gamma,1,2,0,0.0,1.0,0.0,0.0
147589,105357,KCg-m,KCg-m_L,gamma,1,2,4,4.0,0.0,0.0012093782424926758,0.0012093782424926758
147646,105382,KCg-m,KCg-m_L,gamma,1,2,35,34.38219528169679,0.06177127027593622,-0.01030057668685913,-0.010940909385681152
147696,105404,KCg-m,KCg-m_L,gamma,1,2,0,0.0,1.0,0.0,0.0
147700,105406,KCg-m,KCg-m_L,gamma,1,2,3,2.9878789089820614,0.1607481230218568,-0.0016229748725891113,-0.001596689224243164
147812,105443,KCg-m,KCg-m_L,gamma,1,2,62,60.21952366477,0.0,-0.006633341312408447,-0.009087741374969482
147885,105477,KCg-m,KCg-m_R,gamma,1,2,20,18.995448033179787,0.0,0.0033674240112304688,0.0019127726554870605
147953,105508,KCg-m,KCg-m_L,gamma,1,3,34,33.02934768462551,0.0,-0.002147197723388672,-0.0033150911331176758
148001,105532,KCab-c,KCab-c_R,ab,1,0,0,0.0,1.0,0.0,0.0
148093,105572,KCab-c,KCab-c_L,ab,1,0,0,0.0,1.0,0.0,0.0
148122,105587,KCg-m,KCg-m_L,gamma,1,2,72,70.39474908171951,0.24820502525666774,-0.002903163433074951,-0.004780709743499756
148137,105589,KCg-d,KCg-d_L,gamma,1,2,0,0.0,1.0,0.0,0.0
148145,105591,KCg-d,KCg-d_L,gamma,1,2,0,0.0,1.0,0.0,0.0
148150,105593,KCg-d,KCg-d_L,gamma,1,2,0,0.0,1.0,0.0,0.0
148161,105599,KCg-m,KCg-m_L,gamma,1,2,0,0.0,1.0,0.0,0.0
148198,105615,KCg-m,KCg-m_L,gamma,1,2,2,2.0,0.3802461935532018,0.0020956993103027344,0.0020956993103027344
148213,105620,KCab-c,KCab-c_R,ab,1,0,150,148.47930974449923,0.4258623063779193,-0.012249231338500977,-0.014119088649749756
148337,105677,KCab-s,KCab-s_R,ab,2,0,14,13.94409100816921,0.584742038254597,-0.00213778018951416,-0.0022443532943725586
148344,105680,KCg-m,KCg-m_L,gamma,1,2,88,85.09008941050595,0.0,0.0044609904289245605,0.0003820657730102539
148419,105705,KCg-m,KCg-m_R,gamma,1,2,26,24.602955387111237,0.1881625322790814,-0.0012183189392089844,-0.0028789639472961426
148464,105720,KCg-m,KCg-m_L,gamma,1,2,21,19.963326129648923,0.0,1.436471939086914e-05,-0.0017758607864379883
148486,105730,KCg-m,KCg-m_L,gamma,1,2,50,49.442009708034234,0.0,0.004796147346496582,0.004102885723114014
148493,105732,KCg-m,KCg-m_R,gamma,1,2,122,119.26750515639317,0.0,0.004409730434417725,0.0006312727928161621
148498,105735,KCg-m,KCg-m_L,gamma,1,2,15,14.623738981563807,0.0,0.0005776286125183105,-5.4776668548583984e-05
148529,105745,KCg-m,KCg-m_L,gamma,1,2,99,98.03626516202722,0.0,0.006823360919952393,0.005267798900604248
148548,105753,KCg-m,KCg-m_R,gamma,1,2,6,5.844955692384783,0.0,0.0019195079803466797,0.001766800880432129
148588,105768,KCg-m,KCg-m_L,gamma,1,2,53,51.1013681098472,0.012323848753379744,-0.0017991065979003906,-0.0039771199226379395
148680,105809,KCg-m,KCg-m_R,gamma,1,2,41,39.92076799113132,0.0,-0.0008557438850402832,-0.002030670642852783
148844,105878,KCg-m,KCg-m_L,gamma,1,2,20,19.092650575257768,0.0,0.010813236236572266,0.008679866790771484
148860,105888,KCg-m,KCg-m_R,gamma,1,2,58,55.34633238467685,0.0,0.0045043230056762695,0.000438690185546875
148930,105920,KCg-m,KCg-m_L,gamma,1,2,8,7.758804035167652,0.47579200895594126,-0.0015210509300231934,-0.0017574429512023926
148989,105948,KCg-m,KCg-m_L,gamma,1,2,136,133.86771930629473,0.20683262196018923,-0.00849604606628418,-0.011439502239227295
149132,106008,KCa'b'-m,KCa'b'-m_L,apbp,2,0,6,5.922057376940451,0.7842513193598322,-0.007021427154541016,-0.007387757301330566
149136,106010,KCab-p,KCab-p_L,ab,1,0,0,0.0,1.0,0.0,0.0
149180,106028,KCab-c,KCab-c_L,ab,0,0,0,0.0,1.0,0.0,0.0
149199,106038,KCg-m,KCg-m_L,gamma,1,2,1,1.0,0.05498470356533477,0.0036172866821289062,0.0036172866821289062
149279,106073,KCa'b'-ap2,KCa'b'-ap2_R,apbp,1,0,4,3.9948820360237756,0.8895244470523699,-0.00021761655807495117,-0.00022220611572265625
149297,106083,KCg-m,KCg-m_L,gamma,1,2,1,1.0,0.4876773216644863,0.0006197690963745117,0.0006197690963745117
149401,106123,KCab-p,KCab-p_L,ab,0,0,0,0.0,1.0,0.0,0.0
149636,106217,KCab-s,KCab-s_R,ab,1,0,23,22.83378830253063,0.421358033139573,-0.006560385227203369,-0.006795704364776611
149720,106249,KCg-m,KCg-m_L,gamma,1,2,18,17.222261390545423,0.0,-0.0035341978073120117,-0.004760622978210449
149737,106256,KCab-s,KCab-s_L,ab,1,0,0,0.0,1.0,0.0,0.0
149792,106283,KCg-m,KCg-m_R,gamma,1,2,11,10.727454562520737,0.0,0.0019465088844299316,0.0017153024673461914
149820,106296,KCg-m,KCg-m_L,gamma,2,2,0,0.0,1.0,0.0,0.0
149841,106302,KCab-s,KCab-s_L,ab,1,0,1,1.0,0.9541091156013243,-0.002340257167816162,-0.002340257167816162
149878,106321,KCg-m,KCg-m_L,gamma,1,2,107,105.0104137037268,0.0,-0.015539586544036865,-0.018076658248901367
150014,106387,KCg-d,KCg-d_R,gamma,1,2,0,0.0,1.0,0.0,0.0
150109,106420,KCab-m,KCab-m_R,ab,2,0,11,10.962830238916265,0.0,0.00039255619049072266,0.0003267526626586914
150259,106480,KCg-d,KCg-d_L,gamma,1,2,0,0.0,1.0,0.0,0.0
150451,106559,KCa'b'-ap2,KCa'b'-ap2_L,apbp,0,0,6,5.987470230564199,0.7499044284592119,0.0,0.0
150633,106632,KCg-m,KCg-m_L,gamma,1,3,147,145.48325587514316,0.0,-0.006651043891906738,-0.00817030668258667
150709,106665,KCab-m,KCab-m_L,ab,1,0,0,0.0,1.0,0.0,0.0
150732,106673,KCg-m,KCg-m_L,gamma,1,2,22,21.634932313944745,0.5653006652556657,-0.00476604700088501,-0.005193889141082764
150738,106677,KCa'b'-m,KCa'b'-m_R,apbp,0,0,0,0.0,1.0,0.0,0.0
150761,106684,KCab-p,KCab-p_L,ab,1,0,0,0.0,1.0,0.0,0.0
150781,106693,KCg-m,KCg-m_L,gamma,1,2,36,35.53477342071469,0.0,-0.0040433406829833984,-0.004821479320526123
150823,106707,KCa'b'-ap1,KCa'b'-ap1_R,apbp,1,0,0,0.0,1.0,0.0,0.0
150913,106743,KCg-m,KCg-m_R,gamma,1,2,87,85.80931561216775,0.0,-0.01894432306289673,-0.01994466781616211
150920,106747,KCab-s,KCab-s_L,ab,1,0,15,14.903690195632409,0.7883193996820604,0.00393909215927124,0.003761112689971924
150926,106748,KCa'b'-m,KCa'b'-m_L,apbp,0,0,0,0.0,1.0,0.0,0.0
150974,106764,KCab-s,KCab-s_L,ab,1,0,5,4.998656470618588,0.9131568918555288,0.0019845962524414062,0.00198209285736084
151134,106818,KCg-m,KCg-m_R,gamma,1,2,65,63.19156101591014,0.0,-0.00029790401458740234,-0.0029792189598083496
151187,106841,KCg-m,KCg-m_L,gamma,1,2,47,45.92071364550742,0.0,0.008966445922851562,0.00738835334777832
151224,106855,KCab-c,KCab-c_R,ab,1,0,0,0.0,1.0,0.0,0.0
151277,106871,KCg-m,KCg-m_L,gamma,1,2,1,1.0,0.534031302657667,0.001692056655883789,0.001692056655883789
151346,106900,KCab-m,KCab-m_L,ab,1,0,48,46.999077309976215,0.3887207459770837,0.0018814802169799805,0.00025451183319091797
151395,106921,KCab-c,KCab-c_L,ab,1,0,6,6.0,0.6413543838465293,-0.0013802647590637207,-0.0013802647590637207
151584,107000,KCa'b'-ap2,KCa'b'-ap2_R,apbp,0,0,1,1.0,0.9386460247227401,0.0,0.0
151710,107056,KCab-c,KCab-c_L,ab,1,0,0,0.0,1.0,0.0,0.0
151833,107108,KCab-m,KCab-m_L,ab,1,0,17,16.653772145962662,0.46997506697283675,-0.0078849196434021,-0.00819307565689087
151908,107142,KCab-m,KCab-m_L,ab,2,0,20,19.89528887501007,0.6272582962904445,0.01585829257965088,0.015400409698486328
151944,107157,KCg-d,KCg-d_L,gamma,1,2,0,0.0,1.0,0.0,0.0
151958,107162,KCab-s,KCab-s_R,ab,1,0,0,0.0,1.0,0.0,0.0
152025,107187,KCg-m,KCg-m_L,gamma,1,2,22,21.68517979514203,0.018804189045813397,0.0007818341255187988,0.0004646778106689453
152031,107189,KCa'b'-ap2,KCa'b'-ap2_R,apbp,0,0,0,0.0,1.0,0.0,0.0
152066,107199,KCab-s,KCab-s_L,ab,2,0,12,11.956754068918647,0.7472762380471782,-0.009760379791259766,-0.009804368019104004
152118,107220,KCg-m,KCg-m_L,gamma,1,2,121,119.39824903276357,0.0,-0.001389920711517334,-0.003444850444793701
152391,107321,KCg-m,KCg-m_R,gamma,1,3,0,0.0,1.0,0.0,0.0
152470,107354,KCg-d,KCg-d_L,gamma,1,2,0,0.0,1.0,0.0,0.0
152548,107383,KCg-m,KCg-m_L,gamma,1,2,33,31.76398822033332,0.0,-0.0038560032844543457,-0.0056122541427612305
152553,107384,KCab-s,KCab-s_L,ab,1,0,0,0.0,1.0,0.0,0.0
152559,107388,KCab-c,KCab-c_L,ab,1,0,2,2.0,0.9138212129791725,0.0021818876266479492,0.0021818876266479492
152601,107407,KCab-m,KCab-m_R,ab,2,0,6,5.602641240904803,0.21608213468847245,0.011989355087280273,0.010439276695251465
152688,107442,KCg-d,KCg-d_L,gamma,1,2,0,0.0,1.0,0.0,0.0
152706,107451,KCa'b'-m,KCa'b'-m_L,apbp,0,0,0,0.0,1.0,0.0,0.0
152784,107487,KCab-p,KCab-p_L,ab,1,0,0,0.0,1.0,0.0,0.0
152839,107499,KCab-s,KCab-s_L,ab,2,0,8,7.964754934377171,0.7027422188079935,0.010603189468383789,0.010468006134033203
152860,107506,KCa'b'-ap1,KCa'b'-ap1_R,apbp,1,0,0,0.0,1.0,0.0,0.0
152889,107515,KCab-s,KCab-s_R,ab,2,0,2,2.0,0.6653119876737862,-0.000991225242614746,-0.000991225242614746
152943,107535,KCg-m,KCg-m_L,gamma,1,2,33,32.13453416284551,0.0597675237503575,0.0043250322341918945,0.0031003952026367188
152964,107548,KCg-m,KCg-m_L,gamma,1,2,3,3.0,0.06486205591591722,0.003190279006958008,0.003190279006958008
153080,107590,KCab-p,KCab-p_R,ab,1,0,0,0.0,1.0,0.0,0.0
153083,107592,KCab-s,KCab-s_L,ab,1,0,1,1.0,0.9240423536068795,0.0012499094009399414,0.0012499094009399414
153165,107624,KCa'b'-m,KCa'b'-m_R,apbp,1,0,26,25.778188098288332,0.4833478338504628,-0.005000770092010498,-0.005386292934417725
153391,107707,KCg-m,KCg-m_R,gamma,1,2,232,229.37462183655384,0.0,-0.013975143432617188,-0.016637086868286133
153460,107731,KCab-m,KCab-m_L,ab,2,0,2,2.0,0.7985791665688009,0.008551836013793945,0.008551836013793945
153492,107745,KCab-s,KCab-s_L,ab,2,0,0,0.0,1.0,0.0,0.0
153545,107768,KCg-d,KCg-d_R,gamma,1,2,0,0.0,1.0,0.0,0.0
153573,107783,KCab-m,KCab-m_R,ab,1,0,23,22.74423443473245,0.513710442484303,-0.00018459558486938477,-0.0003323554992675781
153584,107788,KCab-p,KCab-p_L,ab,1,0,0,0.0,1.0,0.0,0.0
153593,107792,KCab-c,KCab-c_R,ab,1,0,0,0.0,1.0,0.0,0.0
153635,107810,KCg-m,KCg-m_L,gamma,1,2,0,0.0,1.0,0.0,0.0
153672,107825,KCa'b'-ap2,KCa'b'-ap2_R,apbp,0,0,10,9.943333870012893,0.8147125996001856,0.0,0.0
153695,107833,KCab-c,KCab-c_R,ab,1,0,0,0.0,1.0,0.0,0.0
153703,107838,KCab-c,KCab-c_L,ab,1,0,19,18.549679086543193,0.47866927209382126,-0.003470301628112793,-0.004305839538574219
153774,107868,KCa'b'-m,KCa'b'-m_L,apbp,0,0,31,30.45861734195748,0.5922793899138536,0.0,0.0
153817,107879,KCg-m,KCg-m_L,gamma,1,2,9,8.912214316063498,0.0,0.0033211708068847656,0.003283858299255371
154046,107956,KCg-m,KCg-m_L,gamma,1,2,0,0.0,1.0,0.0,0.0
154400,108086,KCa'b'-m,KCa'b'-m_L,apbp,1,0,29,28.716783966646425,0.7435060963152313,-0.006715595722198486,-0.0070320963859558105
154433,108099,KCg-m,KCg-m_R,gamma,1,2,170,166.58478925720124,0.24736939319155998,-0.0011014938354492188,-0.004665076732635498
154465,108110,KCg-m,KCg-m_L,gamma,1,2,30,29.038048325275568,0.0,0.0009092092514038086,-0.0009114742279052734
154495,108119,KCab-m,KCab-m_L,ab,1,0,1,1.0,0.5302944736335055,-0.001248180866241455,-0.001248180866241455
154509,108125,KCab-c,KCab-c_L,ab,1,0,0,0.0,1.0,0.0,0.0
154716,108208,KCab-c,KCab-c_L,ab,1,0,11,10.738551588414403,0.048186255458474186,-0.0046035051345825195,-0.004905283451080322
154739,108214,KCg-m,KCg-m_L,gamma,1,2,6,6.0,0.0,0.0062032341957092285,0.0062032341957092285
154837,108255,KCab-c,KCab-c_R,ab,1,0,0,0.0,1.0,0.0,0.0
154959,108299,KCab-c,KCab-c_L,ab,1,0,24,23.58513679262183,0.0,-0.0013397932052612305,-0.0024225711822509766
155022,108326,KCab-s,KCab-s_L,ab,1,0,19,18.62438547709412,0.2407378836489435,0.0011371970176696777,0.0007126331329345703
155118,108359,KCab-c,KCab-c_R,ab,1,0,0,0.0,1.0,0.0,0.0
155190,108384,KCab-s,KCab-s_L,ab,2,0,15,14.93928074318902,0.8349278532047356,-0.007681369781494141,-0.007918357849121094
155211,108396,KCa'b'-m,KCa'b'-m_L,apbp,0,0,0,0.0,1.0,0.0,0.0
155297,108439,KCab-c,KCab-c_L,ab,1,0,0,0.0,1.0,0.0,0.0
155312,108446,KCg-m,KCg-m_L,gamma,1,3,27,26.404311503277405,0.09755048893061478,-0.0059438347816467285,-0.006516575813293457
155692,108572,KCab-s,KCab-s_R,ab,2,0,13,12.769942989942724,0.3511472027373365,0.001704096794128418,0.0007899999618530273
155708,108575,KCab-c,KCab-c_R,ab,0,0,0,0.0,1.0,0.0,0.0
155716,108579,KCab-p,KCab-p_L,ab,1,0,0,0.0,1.0,0.0,0.0
155793,108607,KCa'b'-ap1,KCa'b'-ap1_R,apbp,2,0,4,4.0,0.36963276136029044,-0.004943132400512695,-0.004943132400512695
155871,108638,KCab-m,KCab-m_L,ab,1,0,0,0.0,1.0,0.0,0.0
155937,108661,KCab-s,KCab-s_L,ab,1,0,0,0.0,1.0,0.0,0.0
155996,108677,KCg-d,KCg-d_L,gamma,1,2,0,0.0,1.0,0.0,0.0
156345,108798,KCab-c,KCab-c_R,ab,1,0,16,15.68193835431173,0.10848262604840676,-0.0025241971015930176,-0.002797365188598633
156435,108827,KCab-m,KCab-m_L,ab,2,0,10,9.905224079372807,0.7278499671026981,0.01333165168762207,0.013052940368652344
156450,108835,KCg-m,KCg-m_L,gamma,1,2,7,6.987175920047537,0.0,-0.0007977485656738281,-0.0007770657539367676
156528,108867,KCg-m,KCg-m_L,gamma,1,2,13,12.598250703911166,0.0,-0.004823446273803711,-0.005392909049987793
156554,108871,KCab-s,KCab-s_L,ab,2,0,1,1.0,0.7201276066360122,0.0,0.0
156598,108888,KCab-s,KCab-s_R,ab,2,0,3,2.9263301576215452,0.8344554607543153,0.0013818740844726562,0.001047372817993164
156664,108916,KCg-m,KCg-m_L,gamma,1,2,6,5.936999928468495,0.0,-0.0022655129432678223,-0.0023475289344787598
156785,108954,KCg-d,KCg-d_L,gamma,1,2,0,0.0,1.0,0.0,0.0
157037,109045,KCab-m,KCab-m_R,ab,1,0,36,35.204475844299466,0.0,-0.004357278347015381,-0.005708158016204834
157166,109088,KCab-s,KCab-s_R,ab,1,0,12,11.770255956312786,0.580053597246989,0.006366848945617676,0.005883157253265381
157213,109103,KCab-s,KCab-s_L,ab,1,0,0,0.0,1.0,0.0,0.0
157281,109124,KCab-s,KCab-s_R,ab,2,0,21,20.78699030289606,0.0,-0.03366208076477051,-0.03417766094207764
157325,109136,KCg-d,KCg-d_R,gamma,1,2,0,0.0,1.0,0.0,0.0
157389,109155,KCab-s,KCab-s_L,ab,1,0,2,1.9960444035794143,0.943219923116782,-0.003531217575073242,-0.0035268068313598633
157588,109224,KCab-s,KCab-s_R,ab,1,0,0,0.0,1.0,0.0,0.0
157610,109231,KCab-m,KCab-m_R,ab,1,0,0,0.0,1.0,0.0,0.0
157675,109252,KCab-c,KCab-c_L,ab,1,0,0,0.0,1.0,0.0,0.0
157751,109275,KCa'b'-ap2,KCa'b'-ap2_R,apbp,1,0,2,2.0,0.8057590249375856,-0.0021827220916748047,-0.0021827220916748047
157864,109317,KCg-m,KCg-m_R,gamma,1,2,0,0.0,1.0,0.0,0.0
158007,109364,KCab-s,KCab-s_L,ab,1,0,5,4.985844154830618,0.893861946763604,0.0005216598510742188,0.0005090236663818359
158126,109399,KCab-s,KCab-s_L,ab,1,0,61,60.382181529357716,0.33342089966776145,-0.0016675591468811035,-0.0025464296340942383
158169,109414,KCab-c,KCab-c_L,ab,1,0,0,0.0,1.0,0.0,0.0
158246,109447,KCab-c,KCab-c_R,ab,1,0,2,2.0,0.7861027062051852,-0.00031381845474243164,-0.00031381845474243164
158263,109452,KCab-p,KCab-p_L,ab,1,0,0,0.0,1.0,0.0,0.0
158276,109458,KCab-c,KCab-c_R,ab,1,0,41,40.18049256355155,0.0,-0.00048464536666870117,-0.0017931461334228516
158328,109478,KCg-m,KCg-m_L,gamma,1,2,68,66.13069661274332,0.2630477956544094,0.016545414924621582,0.012355625629425049
158344,109486,KCab-m,KCab-m_R,ab,1,0,0,0.0,1.0,0.0,0.0
158368,109496,KCab-m,KCab-m_L,ab,1,0,0,0.0,1.0,0.0,0.0
158447,109523,KCg-d,KCg-d_L,gamma,1,2,0,0.0,1.0,0.0,0.0
158470,109533,KCab-m,KCab-m_L,ab,2,0,10,9.863430361166143,0.0,-0.0017409324645996094,-0.0022590160369873047
158500,109548,KCab-c,KCab-c_L,ab,1,0,0,0.0,1.0,0.0,0.0
158676,109609,KCg-m,KCg-m_L,gamma,1,2,1,1.0,0.4354139571192661,0.0012117624282836914,0.0012117624282836914
158857,109661,KCab-c,KCab-c_R,ab,1,0,0,0.0,1.0,0.0,0.0
158869,109664,KCa'b'-ap2,KCa'b'-ap2_R,apbp,0,0,4,4.0,0.9221991200763758,0.0,0.0
158876,109667,KCab-m,KCab-m_L,ab,1,0,0,0.0,1.0,0.0,0.0
159261,109795,KCg-m,KCg-m_L,gamma,1,2,61,59.311290710480115,0.0,-0.0029996633529663086,-0.005225121974945068
159286,109808,KCab-m,KCab-m_L,ab,1,0,0,0.0,1.0,0.0,0.0
159347,109828,KCab-m,KCab-m_L,ab,1,0,0,0.0,1.0,0.0,0.0
159383,109846,KCab-m,KCab-m_L,ab,1,0,3,3.0,0.7143380327390466,-0.0029070377349853516,-0.0029070377349853516
159580,109917,KCg-d,KCg-d_R,gamma,1,2,0,0.0,1.0,0.0,0.0
159654,109950,KCab-m,KCab-m_L,ab,1,0,1,1.0,0.6826869252378526,0.0,0.0
159665,109956,KCab-m,KCab-m_L,ab,2,0,4,3.855845145230747,0.5574116105917883,0.0032949447631835938,0.0026578903198242188
159667,109957,KCab-c,KCab-c_L,ab,1,0,0,0.0,1.0,0.0,0.0
159685,109966,KCab-m,KCab-m_L,ab,2,0,8,7.786415372414307,0.0,0.008003592491149902,0.007493138313293457
159692,109968,KCab-c,KCab-c_R,ab,1,0,6,5.954787375899276,0.8712832274888213,0.0027324557304382324,0.002696394920349121
159764,109989,KCab-m,KCab-m_L,ab,2,0,3,2.9977761867173465,0.7636497345930164,-0.0011276006698608398,-0.001128554344177246
160400,110194,KCab-s,KCab-s_L,ab,2,0,2,2.0,0.7771707575030142,0.0020596981048583984,0.0020596981048583984
160407,110196,KCab-s,KCab-s_L,ab,1,0,8,7.968808224908942,0.9269393899596773,-0.0037390589714050293,-0.003776252269744873
160563,110241,KCab-c,KCab-c_L,ab,1,0,29,28.831341143209176,0.24981494462916168,-0.008150696754455566,-0.008288919925689697
160568,110243,KCab-c,KCab-c_L,ab,2,0,106,105.29318440541184,0.7645930490331483,0.009923815727233887,0.007680177688598633
160681,110279,KCab-m,KCab-m_L,ab,1,0,1,1.0,0.41419877012618883,0.0,0.0
160745,110301,KCab-c,KCab-c_L,ab,1,0,4,4.0,0.9178290953044731,-0.004009842872619629,-0.004009842872619629
160748,110303,KCab-c,KCab-c_L,ab,2,0,16,15.315460230474178,0.0,0.018769025802612305,0.01554107666015625
160750,110304,KCab-m,KCab-m_L,ab,1,0,24,23.730788784890898,0.3352245514919698,6.633996963500977e-05,-0.0004113316535949707
160878,110342,KCg-m,KCg-m_R,gamma,1,2,0,0.0,1.0,0.0,0.0
160885,110344,KCab-s,KCab-s_R,ab,2,0,61,60.15994519065969,0.6945510115486456,0.005700469017028809,0.0033217668533325195
160889,110345,KCab-m,KCab-m_R,ab,2,0,0,0.0,1.0,0.0,0.0
161026,110384,KCa'b'-ap2,KCa'b'-ap2_R,apbp,1,0,0,0.0,1.0,0.0,0.0
161163,110431,KCab-s,KCab-s_L,ab,2,0,10,9.74646358600441,0.5727371326711908,0.00843501091003418,0.007457733154296875
161200,110447,KCab-c,KCab-c_L,ab,1,0,0,0.0,1.0,0.0,0.0
161302,110479,KCa'b'-m,KCa'b'-m_R,apbp,1,0,0,0.0,1.0,0.0,0.0
161418,110515,KCab-c,KCab-c_L,ab,0,0,5,5.0,0.27570527884457474,0.0,0.0
161432,110518,KCab-m,KCab-m_R,ab,1,0,0,0.0,1.0,0.0,0.0
161517,110546,KCab-c,KCab-c_R,ab,1,0,0,0.0,1.0,0.0,0.0
161529,110550,KCab-m,KCab-m_R,ab,1,0,0,0.0,1.0,0.0,0.0
161552,110559,KCab-s,KCab-s_R,ab,2,0,8,7.604514250235966,0.0,-0.008229970932006836,-0.009629964828491211
161627,110578,KCab-m,KCab-m_L,ab,2,0,13,12.966410102478672,0.4077619941285509,-0.008573174476623535,-0.008589863777160645
161648,110585,KCab-c,KCab-c_R,ab,1,0,66,65.19905231447868,0.6576787247900137,-0.017308056354522705,-0.01828634738922119
161706,110607,KCg-m,KCg-m_L,gamma,1,2,8,7.442063227511437,0.0,-0.0003923773765563965,-0.0015780925750732422
161786,110625,KCab-m,KCab-m_R,ab,1,0,0,0.0,1.0,0.0,0.0
161865,110641,KCab-c,KCab-c_L,ab,1,0,0,0.0,1.0,0.0,0.0
161970,110673,KCab-c,KCab-c_L,ab,1,0,4,4.0,0.0,0.00019663572311401367,0.00019663572311401367
162004,110679,KCab-c,KCab-c_L,ab,1,0,0,0.0,1.0,0.0,0.0
162048,110691,KCab-s,KCab-s_L,ab,1,0,33,32.82101821182688,0.5443689752378189,-0.006142973899841309,-0.0063065290451049805
162392,110788,KCab-s,KCab-s_R,ab,2,0,0,0.0,1.0,0.0,0.0
162399,110792,KCab-s,KCab-s_L,ab,1,0,5,5.0,0.7742492910931005,-0.0034363865852355957,-0.0034363865852355957
162527,110826,KCab-c,KCab-c_L,ab,1,0,3,3.0,0.3346472352670298,0.0004652738571166992,0.0004652738571166992
162607,110848,KCab-m,KCab-m_L,ab,1,0,22,21.26111189437256,0.008954245334368107,-0.0006299018859863281,-0.0017160773277282715
162619,110857,KCab-c,KCab-c_L,ab,0,0,0,0.0,1.0,0.0,0.0
162655,110871,KCab-m,KCab-m_L,ab,1,0,0,0.0,1.0,0.0,0.0
162674,110878,KCab-c,KCab-c_R,ab,1,0,26,25.425580363150477,0.27154875580854165,-0.0062392354011535645,-0.007125794887542725
162822,110924,KCab-c,KCab-c_L,ab,1,0,0,0.0,1.0,0.0,0.0
162951,110961,KCab-p,KCab-p_L,ab,1,0,0,0.0,1.0,0.0,0.0
162966,110965,KCab-c,KCab-c_L,ab,1,0,0,0.0,1.0,0.0,0.0
163102,110998,KCa'b'-ap1,KCa'b'-ap1_R,apbp,0,0,0,0.0,1.0,0.0,0.0
163235,111030,KCab-c,KCab-c_L,ab,0,0,5,4.991952186766597,0.4884646361473627,0.0,0.0
163251,111036,KCab-s,KCab-s_L,ab,1,0,0,0.0,1.0,0.0,0.0
163371,111069,KCab-c,KCab-c_L,ab,1,0,13,12.797024314786881,0.5889050333192678,0.0013593435287475586,0.0011053085327148438
163450,111095,KCab-m,KCab-m_L,ab,1,0,0,0.0,1.0,0.0,0.0
163490,111110,KCab-c,KCab-c_L,ab,1,0,9,8.93779440137321,0.7957176335912536,-0.0012424588203430176,-0.0013785958290100098
163500,111113,KCab-m,KCab-m_L,ab,1,0,0,0.0,1.0,0.0,0.0
163516,111121,KCg-m,KCg-m_R,gamma,1,2,26,24.669736643785935,0.0,0.0072287917137146,0.004394471645355225
163698,111183,KCg-m,KCg-m_L,gamma,1,2,6,5.625098265554227,0.0,-0.0013483762741088867,-0.0017908215522766113
163735,111191,KCg-m,KCg-m_L,gamma,1,2,4,4.0,0.007363151227722023,0.0007335543632507324,0.0007335543632507324
163739,111193,KCab-m,KCab-m_L,ab,1,0,53,52.3570934035269,0.6875018370813135,0.0038637518882751465,0.0027994513511657715
163808,111211,KCab-s,KCab-s_L,ab,1,0,0,0.0,1.0,0.0,0.0
163889,111233,KCab-m,KCab-m_L,ab,1,0,0,0.0,1.0,0.0,0.0
163971,111256,KCg-m,KCg-m_R,gamma,1,2,10,9.629070855989998,0.0,-0.0022063255310058594,-0.0025557875633239746
163974,111259,KCab-c,KCab-c_L,ab,2,0,58,57.28711280807184,0.3031986681216361,-0.0005511045455932617,-0.0028439760208129883
164099,111306,KCab-m,KCab-m_L,ab,1,0,0,0.0,1.0,0.0,0.0
164103,111307,KCg-m,KCg-m_R,gamma,1,3,1,1.0,0.21859916494008808,0.002249479293823242,0.002249479293823242
164216,111335,KCab-c,KCab-c_R,ab,1,0,23,22.829655330361543,0.16758142604434081,-0.0031295418739318848,-0.0033814311027526855
164355,111375,KCab-s,KCab-s_L,ab,1,0,0,0.0,1.0,0.0,0.0
164412,111390,KCab-m,KCab-m_L,ab,1,0,1,1.0,0.785136929843905,0.0018892288208007812,0.0018892288208007812
164534,111430,KCab-s,KCab-s_R,ab,1,0,0,0.0,1.0,0.0,0.0
164590,111447,KCab-c,KCab-c_L,ab,2,0,3,3.0,0.0,-0.008850455284118652,-0.008850455284118652
164607,111453,KCab-c,KCab-c_L,ab,1,0,0,0.0,1.0,0.0,0.0
164966,111543,KCab-m,KCab-m_L,ab,2,0,11,10.803341275939456,0.0,-0.012013435363769531,-0.01269221305847168
165036,111566,KCg-m,KCg-m_R,gamma,1,2,3,3.0,0.0,0.0023636817932128906,0.0023636817932128906
165105,111592,KCab-s,KCab-s_L,ab,1,0,0,0.0,1.0,0.0,0.0
165176,111616,KCab-m,KCab-m_L,ab,2,0,25,24.973907750470325,0.7311211276945488,-0.012363195419311523,-0.012412548065185547
165180,111618,KCab-c,KCab-c_R,ab,2,0,106,104.9405836429065,0.5906965641722899,-0.005279898643493652,-0.007924318313598633
165240,111636,KCab-s,KCab-s_R,ab,1,0,11,10.740249796718778,0.0,0.004741311073303223,0.004170060157775879
165260,111641,KCab-m,KCab-m_L,ab,2,0,2,2.0,0.9014521681202621,0.003388524055480957,0.003388524055480957
165307,111660,KCab-s,KCab-s_R,ab,1,0,0,0.0,1.0,0.0,0.0
165355,111672,KCab-m,KCab-m_L,ab,2,0,2,2.0,0.27220781336697203,-0.006658077239990234,-0.006658077239990234
165359,111674,KCab-m,KCab-m_L,ab,1,0,0,0.0,1.0,0.0,0.0
165459,111696,KCab-c,KCab-c_L,ab,1,0,0,0.0,1.0,0.0,0.0
165660,111751,KCab-m,KCab-m_L,ab,1,0,59,58.20418494361442,0.45508467817548787,-0.005147814750671387,-0.0060555338859558105
166005,111856,KCab-m,KCab-m_R,ab,1,0,0,0.0,1.0,0.0,0.0
166049,111870,KCab-m,KCab-m_L,ab,2,0,16,15.007859350987175,0.03835740935058662,5.7697296142578125e-05,-0.004735469818115234
166057,111873,KCab-s,KCab-s_R,ab,2,0,13,12.651118659161636,0.0,0.016678214073181152,0.015293002128601074
166075,111879,KCab-c,KCab-c_L,ab,1,0,0,0.0,1.0,0.0,0.0
166081,111882,KCab-p,KCab-p_L,ab,1,0,0,0.0,1.0,0.0,0.0
166119,111889,KCab-s,KCab-s_L,ab,2,0,0,0.0,1.0,0.0,0.0
166153,111899,KCab-s,KCab-s_L,ab,2,0,15,14.985432742916343,0.499282109411148,-0.012866020202636719,-0.012907981872558594
166283,111932,KCab-m,KCab-m_L,ab,1,0,11,10.809912548173473,0.0,0.003101646900177002,0.002648770809173584
166289,111936,KCab-m,KCab-m_L,ab,2,0,0,0.0,1.0,0.0,0.0
166321,111946,KCab-c,KCab-c_L,ab,1,0,2,1.9419074383672226,0.8532806186252416,-0.0005853176116943359,-0.0007030367851257324
166385,111966,KCab-s,KCab-s_L,ab,2,0,0,0.0,1.0,0.0,0.0
166386,111967,KCg-m,KCg-m_L,gamma,1,2,14,13.784045316513886,0.0,-0.004375100135803223,-0.004633665084838867
166533,112004,KCab-c,KCab-c_L,ab,1,0,70,69.06678421454826,0.15787358232993104,-0.0037241578102111816,-0.005035758018493652
166544,112007,KCab-c,KCab-c_L,ab,1,0,0,0.0,1.0,0.0,0.0
166581,112013,KCab-s,KCab-s_R,ab,1,0,0,0.0,1.0,0.0,0.0
166617,112022,KCab-s,KCab-s_L,ab,2,0,13,12.62705045766486,0.47843354114935244,0.0008112192153930664,-0.0005739927291870117
166687,112036,KCg-m,KCg-m_L,gamma,1,2,41,39.61421359283878,0.0,-0.0031899213790893555,-0.004965603351593018
166699,112041,KCab-m,KCab-m_L,ab,2,0,0,0.0,1.0,0.0,0.0
166749,112055,KCab-m,KCab-m_L,ab,1,0,10,9.79277639986851,0.40448476713172044,-0.00027489662170410156,-0.0006681680679321289
166876,112087,KCab-m,KCab-m_L,ab,2,0,11,10.339336412344174,0.11738075538295781,0.003674149513244629,0.0003020763397216797
166885,112089,KCab-c,KCab-c_L,ab,1,0,0,0.0,1.0,0.0,0.0
166914,112100,KCab-m,KCab-m_R,ab,1,0,16,15.921194321917273,0.7843431125367728,-0.006356358528137207,-0.006373226642608643
166918,112101,KCab-c,KCab-c_L,ab,1,0,43,42.06192294009973,0.5036779261534643,0.011747658252716064,0.010266900062561035
166957,112107,KCab-m,KCab-m_L,ab,1,0,0,0.0,1.0,0.0,0.0
167039,112130,KCab-c,KCab-c_L,ab,1,0,0,0.0,1.0,0.0,0.0
167187,112167,KCab-m,KCab-m_L,ab,1,0,17,16.98601136653202,0.27140052573985657,-7.665157318115234e-05,-8.356571197509766e-05
167201,112174,KCab-m,KCab-m_L,ab,1,0,3,3.0,0.9047881304426932,0.0038193464279174805,0.0038193464279174805
167235,112184,KCab-m,KCab-m_L,ab,1,0,13,12.385104351908426,0.15414515886820418,-0.0031072497367858887,-0.004374563694000244
167289,112195,KCab-c,KCab-c_L,ab,1,0,0,0.0,1.0,0.0,0.0
167297,112200,KCab-c,KCab-c_L,ab,1,0,22,21.396124419406057,0.0,-0.0013270974159240723,-0.002240300178527832
167305,112203,KCab-m,KCab-m_L,ab,1,0,2,2.0,0.2827254793758824,-0.00037020444869995117,-0.00037020444869995117
167406,112229,KCab-s,KCab-s_L,ab,2,0,0,0.0,1.0,0.0,0.0
167413,112231,KCab-c,KCab-c_L,ab,1,0,21,20.11656559733721,0.13030015071722284,0.004017472267150879,0.002166748046875
167474,112247,KCg-m,KCg-m_L,gamma,1,2,14,13.334161974418443,0.0,-0.0022459030151367188,-0.0031562447547912598
167484,112253,KCab-s,KCab-s_L,ab,2,0,0,0.0,1.0,0.0,0.0
167708,112316,KCab-s,KCab-s_R,ab,1,0,10,9.66054218126468,0.0,-0.002745687961578369,-0.0031978487968444824
167780,112328,KCab-s,KCab-s_R,ab,1,0,9,8.916242904960978,0.7329191574477647,0.0062291622161865234,0.006152153015136719
167793,112334,KCab-c,KCab-c_R,ab,1,0,0,0.0,1.0,0.0,0.0
168006,112390,KCab-c,KCab-c_L,ab,0,0,0,0.0,1.0,0.0,0.0
168059,112408,KCab-c,KCab-c_L,ab,1,0,0,0.0,1.0,0.0,0.0
168123,112425,KCab-c,KCab-c_L,ab,1,0,0,0.0,1.0,0.0,0.0
168234,112458,KCab-m,KCab-m_L,ab,2,0,46,45.4070183747646,0.47456304083702155,-0.039540648460388184,-0.04076182842254639
168306,112473,KCg-m,KCg-m_R,gamma,1,2,51,49.523997042457204,0.0,-0.0004165172576904297,-0.0020763278007507324
168315,112478,KCab-m,KCab-m_L,ab,2,0,0,0.0,1.0,0.0,0.0
168405,112500,KCab-c,KCab-c_R,ab,1,0,84,83.25734580814053,0.5112990450265515,-0.025934040546417236,-0.026579082012176514
168433,112507,KCab-s,KCab-s_R,ab,2,0,0,0.0,1.0,0.0,0.0
168459,112513,KCab-m,KCab-m_L,ab,2,0,29,28.246592219328992,0.607516881220307,-0.00944364070892334,-0.012473702430725098
168522,112531,KCa'b'-m,KCa'b'-m_L,apbp,0,0,0,0.0,1.0,0.0,0.0
168564,112538,KCab-c,KCab-c_L,ab,2,0,46,45.75241176643511,0.37871916467545785,-0.020296931266784668,-0.020902514457702637
168771,112592,KCab-s,KCab-s_L,ab,1,0,1,1.0,0.8402590568356878,-0.0008826255798339844,-0.0008826255798339844
168795,112594,KCab-c,KCab-c_L,ab,1,0,0,0.0,1.0,0.0,0.0
168916,112630,KCab-m,KCab-m_L,ab,1,0,23,22.149542728322725,0.5796655674588503,-0.0007153153419494629,-0.002222776412963867
169034,112665,KCab-s,KCab-s_L,ab,2,0,0,0.0,1.0,0.0,0.0
169141,112698,KCab-m,KCab-m_R,ab,1,0,0,0.0,1.0,0.0,0.0
169369,112751,KCab-c,KCab-c_L,ab,2,0,10,9.851449877103672,0.0,-0.018183588981628418,-0.01852881908416748
169403,112762,KCab-c,KCab-c_L,ab,1,0,0,0.0,1.0,0.0,0.0
169420,112767,KCab-m,KCab-m_L,ab,1,0,0,0.0,1.0,0.0,0.0
169484,112779,KCab-m,KCab-m_L,ab,2,0,0,0.0,1.0,0.0,0.0
169639,112822,KCab-c,KCab-c_L,ab,1,0,3,3.0,0.6049140116211945,-0.0008475184440612793,-0.0008475184440612793
169734,112853,KCab-c,KCab-c_L,ab,1,0,1,1.0,0.5474477238944562,-0.0036327242851257324,-0.0036327242851257324
169933,112892,KCab-c,KCab-c_L,ab,1,0,0,0.0,1.0,0.0,0.0
170005,112908,KCab-s,KCab-s_L,ab,2,0,1,1.0,0.6071123195219067,-0.003961801528930664,-0.003961801528930664
170040,112918,KCab-s,KCab-s_R,ab,2,0,16,15.860375559219207,0.38019371128724355,-0.013079643249511719,-0.013452768325805664
170179,112952,KCab-p,KCab-p_L,ab,1,0,0,0.0,1.0,0.0,0.0
170237,112967,KCab-c,KCab-c_L,ab,1,0,0,0.0,1.0,0.0,0.0
170293,112982,KCab-p,KCab-p_L,ab,0,0,0,0.0,1.0,0.0,0.0
170365,113002,KCab-c,KCab-c_L,ab,1,0,3,3.0,0.8968825593468778,-3.4689903259277344e-05,-3.4689903259277344e-05
170366,113003,KCab-c,KCab-c_L,ab,2,0,0,0.0,1.0,0.0,0.0
170466,113030,KCab-m,KCab-m_R,ab,1,0,13,12.761587953600861,0.5905332952232502,0.002248704433441162,0.0018343329429626465
170474,113034,KCab-m,KCab-m_L,ab,1,0,63,61.8486234487399,0.613752228155283,0.015520572662353516,0.013552665710449219
170719,113090,KCa'b'-ap2,KCa'b'-ap2_R,apbp,0,0,4,4.0,0.8028870620352931,0.0,0.0
170870,113119,KCab-c,KCab-c_R,ab,1,0,0,0.0,1.0,0.0,0.0
170919,113134,KCab-s,KCab-s_L,ab,1,0,11,10.892574409860629,0.6615074148531588,0.0016408562660217285,0.001448214054107666
171000,113158,KCab-c,KCab-c_L,ab,1,0,0,0.0,1.0,0.0,0.0
171048,113172,KCab-p,KCab-p_R,ab,1,0,0,0.0,1.0,0.0,0.0
171163,113204,KCg-m,KCg-m_R,gamma,1,2,35,33.51574865100027,0.0,-0.012850284576416016,-0.01504892110824585
171283,113226,KCg-m,KCg-m_L,gamma,1,2,116,114.44374064686112,0.0,0.0007075667381286621,-0.0010129809379577637
171292,113229,KCab-c,KCab-c_L,ab,1,0,0,0.0,1.0,0.0,0.0
171306,113232,KCab-s,KCab-s_R,ab,1,0,5,4.875736223224131,0.11960540600483222,0.0006920099258422852,0.0004576444625854492
171340,113243,KCab-m,KCab-m_L,ab,2,0,3,3.0,0.49453495003920234,0.011377811431884766,0.011377811431884766
171464,113269,KCab-c,KCab-c_L,ab,1,0,0,0.0,1.0,0.0,0.0
171985,113395,KCg-m,KCg-m_L,gamma,2,2,6,5.548027188166895,0.18497783117463762,0.012315869331359863,0.009426474571228027
172017,113404,KCab-c,KCab-c_L,ab,1,0,43,42.41941476812954,0.7917145446590914,0.00502324104309082,0.004067659378051758
172084,113419,KCg-m,KCg-m_R,gamma,1,2,0,0.0,1.0,0.0,0.0
172186,113441,KCab-m,KCab-m_R,ab,1,0,17,16.55699944085339,0.6011604752822418,0.0015932321548461914,0.0007058978080749512
172224,113448,KCab-c,KCab-c_L,ab,1,0,6,5.9502694809407775,0.020870253303027782,-0.0036943554878234863,-0.003789186477661133
172273,113456,KCab-c,KCab-c_L,ab,1,0,21,20.743960051262253,0.0,-0.002097189426422119,-0.0025142431259155273
172288,113459,KCab-m,KCab-m_L,ab,1,0,8,7.80434740054986,0.0,0.0006448626518249512,0.0003255605697631836
172298,113461,KCg-m,KCg-m_L,gamma,1,2,2,1.9446681862167217,0.5599551414471231,-0.002713322639465332,-0.002750217914581299
172324,113466,KCab-c,KCab-c_L,ab,1,0,0,0.0,1.0,0.0,0.0
172355,113475,KCab-c,KCab-c_L,ab,1,0,0,0.0,1.0,0.0,0.0
172379,113482,KCab-m,KCab-m_L,ab,2,0,1,1.0,0.8488596291700703,-0.0017864704132080078,-0.0017864704132080078
172492,113509,KCg-m,KCg-m_L,gamma,1,2,4,3.848136841226811,0.0,-0.0030969977378845215,-0.0032285451889038086
172635,113544,KCab-m,KCab-m_R,ab,1,0,18,17.014773496491127,0.0,0.003908812999725342,0.0017768144607543945
172748,113569,KCab-c,KCab-c_L,ab,1,0,0,0.0,1.0,0.0,0.0
172801,113580,KCab-c,KCab-c_L,ab,1,0,0,0.0,1.0,0.0,0.0
173081,113651,KCab-c,KCab-c_L,ab,1,0,0,0.0,1.0,0.0,0.0
173082,113652,KCab-c,KCab-c_L,ab,1,0,0,0.0,1.0,0.0,0.0
173137,113666,KCab-c,KCab-c_L,ab,1,0,0,0.0,1.0,0.0,0.0
173157,113672,KCab-m,KCab-m_R,ab,1,0,0,0.0,1.0,0.0,0.0
173188,113680,KCab-s,KCab-s_R,ab,1,0,0,0.0,1.0,0.0,0.0
173322,113713,KCg-m,KCg-m_R,gamma,1,2,38,36.46827644869807,0.0,0.0022850632667541504,0.00029331445693969727
173332,113717,KCab-c,KCab-c_L,ab,1,0,15,14.793097264243013,0.0,-0.007671058177947998,-0.00777280330657959
173472,113747,KCab-c,KCab-c_L,ab,1,0,0,0.0,1.0,0.0,0.0
173570,113762,KCab-c,KCab-c_L,ab,1,0,0,0.0,1.0,0.0,0.0
173573,113765,KCab-c,KCab-c_R,ab,1,0,0,0.0,1.0,0.0,0.0
173781,113809,KCab-m,KCab-m_L,ab,2,0,3,3.0,0.47563252473511086,-0.0021746158599853516,-0.0021746158599853516
173807,113817,KCab-s,KCab-s_R,ab,1,0,2,2.0,0.6725395002904528,-0.0020516514778137207,-0.0020516514778137207
173882,113839,KCab-s,KCab-s_R,ab,1,0,19,18.870493022188477,0.8436484922167361,-0.0003688335418701172,-0.0005130171775817871
173951,113855,KCab-s,KCab-s_L,ab,1,0,1,1.0,0.7347410682650087,0.002148270606994629,0.002148270606994629
173970,113859,KCab-c,KCab-c_L,ab,1,0,0,0.0,1.0,0.0,0.0
174029,113873,KCab-m,KCab-m_L,ab,2,0,1,1.0,0.7222054506365768,0.003027677536010742,0.003027677536010742
174047,113881,KCab-s,KCab-s_L,ab,1,0,0,0.0,1.0,0.0,0.0
174060,113882,KCab-c,KCab-c_R,ab,1,0,0,0.0,1.0,0.0,0.0
174127,113899,KCa'b'-m,KCa'b'-m_L,apbp,0,0,0,0.0,1.0,0.0,0.0
174181,113915,KCab-s,KCab-s_L,ab,2,0,10,9.89987899063704,0.0,0.0033882856369018555,0.0030832290649414062
174185,113917,KCab-m,KCab-m_L,ab,1,0,5,4.86489279498076,0.24032727278875868,-0.005017995834350586,-0.005444645881652832
174194,113919,KCab-c,KCab-c_L,ab,1,0,66,65.31778076184558,0.0,-0.010713279247283936,-0.012317478656768799
174546,114017,KCab-p,KCab-p_L,ab,0,0,0,0.0,1.0,0.0,0.0
174587,114028,KCab-m,KCab-m_R,ab,2,0,14,13.255380179929862,0.0,0.01006007194519043,0.006108760833740234
174608,114033,KCab-c,KCab-c_L,ab,1,0,119,118.06843529044245,0.3935240631360988,-0.018421471118927002,-0.019496262073516846
174813,114086,KCab-c,KCab-c_L,ab,1,0,13,12.726292688536493,0.06543416420176394,0.0018430352210998535,0.001239001750946045
175168,114154,KCab-s,KCab-s_L,ab,2,0,17,16.724445042056168,0.34816943225611846,-0.009626030921936035,-0.010438680648803711
175308,114198,KCab-c,KCab-c_L,ab,1,0,0,0.0,1.0,0.0,0.0
175328,114203,KCab-c,KCab-c_L,ab,1,0,9,8.91210143394295,0.4452550773708437,-0.0010370612144470215,-0.0011196136474609375
175490,114242,KCab-c,KCab-c_L,ab,1,0,31,30.542615082311613,0.3938296953589439,0.009548842906951904,0.00868767499923706
175745,114301,KCab-m,KCab-m_L,ab,1,0,65,64.32888735474106,0.4349619741798197,0.0009809136390686035,-5.519390106201172e-05
175766,114306,KCab-c,KCab-c_R,ab,1,0,43,42.26678284277766,0.0,-0.00503993034362793,-0.00618433952331543
175767,114307,KCg-m,KCg-m_L,gamma,1,2,0,0.0,1.0,0.0,0.0
175807,114313,KCab-s,KCab-s_L,ab,1,0,0,0.0,1.0,0.0,0.0
175918,114337,KCg-m,KCg-m_L,gamma,1,2,3,3.0,0.07085918472490262,0.0015386343002319336,0.0015386343002319336
175976,114350,KCab-c,KCab-c_R,ab,1,0,7,6.871216378097638,0.27800595508021053,0.0013932585716247559,0.0012456774711608887
176147,114386,KCab-m,KCab-m_L,ab,1,0,26,25.264162289009114,0.11902318797077432,0.00232011079788208,0.001040339469909668
176169,114390,KCab-c,KCab-c_L,ab,1,0,0,0.0,1.0,0.0,0.0
176320,114424,KCab-c,KCab-c_R,ab,1,0,45,44.06456069801905,0.45922490164795365,-0.001784682273864746,-0.0033898353576660156
176508,114460,KCab-m,KCab-m_L,ab,2,0,0,0.0,1.0,0.0,0.0
176770,114515,KCg-m,KCg-m_R,gamma,1,2,58,55.38611425916152,0.0,-0.004752457141876221,-0.007548630237579346
176984,114562,KCab-m,KCab-m_L,ab,2,0,14,13.624089483859116,0.40766411897360527,0.004931449890136719,0.0039708614349365234
177010,114567,KCab-m,KCab-m_L,ab,1,0,83,81.79633700672458,0.5359970775469501,0.0002561211585998535,-0.001598656177520752
177085,114583,KCab-m,KCab-m_L,ab,1,0,47,46.3236394240544,0.16197084459125335,0.0019078254699707031,0.0011570453643798828
177383,114647,KCab-c,KCab-c_R,ab,1,0,2,2.0,0.2710797833754406,-0.0019099116325378418,-0.0019099116325378418
177799,114742,KCab-c,KCab-c_L,ab,1,0,13,12.850404917772732,0.4235257962868626,0.006362617015838623,0.006028473377227783
177835,114750,KCab-m,KCab-m_L,ab,1,0,14,13.89298711417818,0.5926444567739296,0.005963325500488281,0.005820572376251221
178189,114824,KCab-m,KCab-m_L,ab,1,0,0,0.0,1.0,0.0,0.0
178307,114853,KCab-c,KCab-c_R,ab,1,0,3,3.0,0.6418633588258806,-0.0034209489822387695,-0.0034209489822387695
178377,114868,KCab-c,KCab-c_L,ab,1,0,3,3.0,0.8003909440052189,-0.003614068031311035,-0.003614068031311035
178476,114886,KCab-s,KCab-s_R,ab,2,0,0,0.0,1.0,0.0,0.0
178768,114939,KCab-c,KCab-c_L,ab,1,0,0,0.0,1.0,0.0,0.0
178810,114944,KCab-m,KCab-m_R,ab,2,0,71,69.12460842356978,0.5156280468468833,0.017482876777648926,0.011236190795898438
178917,114961,KCab-m,KCab-m_L,ab,1,0,3,3.0,0.11561066090489301,0.0029445886611938477,0.0029445886611938477
179084,114996,KCab-s,KCab-s_L,ab,1,0,5,4.990952989362027,0.3264132612045224,-0.008175015449523926,-0.008170783519744873
179219,115023,KCab-s,KCab-s_R,ab,2,0,0,0.0,1.0,0.0,0.0
179398,115066,KCg-m,KCg-m_L,gamma,1,2,1,1.0,0.6035288992938546,0.0009104013442993164,0.0009104013442993164
179489,115088,KCab-c,KCab-c_R,ab,1,0,67,65.73994150558461,0.0,-0.006834566593170166,-0.008945703506469727
179529,115098,KCab-m,KCab-m_L,ab,1,0,4,4.0,0.0,0.002417325973510742,0.002417325973510742
179669,115131,KCab-m,KCab-m_L,ab,2,0,1,1.0,0.5408854611695786,0.005097866058349609,0.005097866058349609
179774,115155,KCab-c,KCab-c_L,ab,1,0,2,1.9473768096579125,0.8724174319178053,0.0009816884994506836,0.0008994340896606445
179899,115178,KCab-c,KCab-c_L,ab,1,0,18,17.860560421060228,0.8955094228844481,0.0005117058753967285,0.00029271841049194336
180332,115261,KCa'b'-m,KCa'b'-m_R,apbp,0,0,0,0.0,1.0,0.0,0.0
180422,115282,KCab-c,KCab-c_R,ab,1,0,0,0.0,1.0,0.0,0.0
180494,115293,KCg-m,KCg-m_L,gamma,1,2,56,54.95158172316084,0.0,-0.0168154239654541,-0.01771599054336548
180588,115310,KCg-m,KCg-m_R,gamma,1,3,57,55.339327697937996,0.0,-0.00284421443939209,-0.004479944705963135
180728,115337,KCa'b'-ap2,KCa'b'-ap2_R,apbp,1,0,0,0.0,1.0,0.0,0.0
180757,115342,KCg-m,KCg-m_L,gamma,1,3,24,22.746927002597207,0.0,0.011515200138092041,0.008648216724395752
180812,115350,KCg-m,KCg-m_R,gamma,1,2,9,8.74022120383436,0.0,-0.0009331107139587402,-0.0012841224670410156
180859,115361,KCab-s,KCab-s_L,ab,2,0,0,0.0,1.0,0.0,0.0
180876,115364,KCab-s,KCab-s_L,ab,1,0,7,7.0,0.8472702823761463,0.0012350082397460938,0.0012350082397460938
180905,115366,KCg-m,KCg-m_R,gamma,1,2,6,5.855157698355785,0.0,0.0017558932304382324,0.0016707777976989746
180920,115370,KCab-s,KCab-s_R,ab,2,0,0,0.0,1.0,0.0,0.0
180939,115374,KCab-s,KCab-s_R,ab,2,0,0,0.0,1.0,0.0,0.0
181180,115420,KCab-c,KCab-c_R,ab,1,0,13,12.794594786122245,0.6513362175137339,-0.0006941556930541992,-0.0010210275650024414
181464,115468,KCab-m,KCab-m_R,ab,1,0,0,0.0,1.0,0.0,0.0
181516,115482,KCab-c,KCab-c_L,ab,1,0,1,1.0,0.9373286273066828,0.0010552406311035156,0.0010552406311035156
181795,115535,KCab-c,KCab-c_L,ab,1,0,0,0.0,1.0,0.0,0.0
181884,115552,KCab-m,KCab-m_L,ab,1,0,1,1.0,0.0,0.0,0.0
182596,115699,KCab-s,KCab-s_R,ab,2,0,3,3.0,0.5952702602683677,-0.0027860403060913086,-0.0027860403060913086
182674,115710,KCab-c,KCab-c_L,ab,1,0,33,32.27248932157479,0.5267639456562114,0.0037178397178649902,0.0024272799491882324
182702,115717,KCa'b'-ap1,KCa'b'-ap1_R,apbp,1,0,0,0.0,1.0,0.0,0.0
182780,115730,KCab-c,KCab-c_L,ab,2,0,1,1.0,0.6746793588750021,0.0005667209625244141,0.0005667209625244141
182857,115747,KCab-c,KCab-c_L,ab,1,0,0,0.0,1.0,0.0,0.0
183527,115889,KCab-c,KCab-c_L,ab,1,0,0,0.0,1.0,0.0,0.0
183652,115917,KCab-c,KCab-c_L,ab,1,0,2,2.0,0.9259998730044973,-0.0020806193351745605,-0.0020806193351745605
183659,115919,KCab-s,KCab-s_L,ab,1,0,64,63.316981539559706,0.618386221660982,-0.004256010055541992,-0.005207955837249756
183749,115939,KCab-c,KCab-c_L,ab,1,0,38,37.70239094618689,0.2172186077143679,-0.008972346782684326,-0.009284019470214844
184536,116101,KCab-p,KCab-p_R,ab,1,0,0,0.0,1.0,0.0,0.0
184619,116122,KCg-m,KCg-m_L,gamma,1,2,70,68.57824851927522,0.0,0.009079933166503906,0.006875574588775635
185076,116225,KCab-c,KCab-c_L,ab,1,0,0,0.0,1.0,0.0,0.0
185154,116239,KCab-s,KCab-s_L,ab,2,0,33,32.532886817434886,0.5221714421127137,0.0068198442459106445,0.005321979522705078
185386,116285,KCg-m,KCg-m_L,gamma,1,2,133,129.8387933872411,0.3531932399242375,0.008535206317901611,0.004005253314971924
185506,116309,KCab-c,KCab-c_L,ab,1,0,0,0.0,1.0,0.0,0.0
185639,116330,KCg-m,KCg-m_L,gamma,1,2,79,77.07459411358393,0.0,0.0015200972557067871,-0.0005586743354797363
185655,116331,KCab-s,KCab-s_L,ab,1,0,18,17.972973715240784,0.7626387746020905,-0.0012753605842590332,-0.001294255256652832
185892,116364,KCab-m,KCab-m_L,ab,2,0,10,9.856949343837654,0.0,0.00019681453704833984,-0.00031244754791259766
186043,116395,KCab-m,KCab-m_R,ab,2,0,101,99.43376189283057,0.5989736866864327,0.004622936248779297,0.0003018379211425781
186170,116418,KCab-m,KCab-m_L,ab,1,0,101,100.28678923010008,0.7291288974908571,0.006755352020263672,0.0058890581130981445
186305,116454,KCa'b'-ap2,KCa'b'-ap2_R,apbp,1,0,0,0.0,1.0,0.0,0.0
186613,116496,KCab-c,KCab-c_R,ab,1,0,8,7.225853067237164,0.0,0.001331925392150879,-0.0008300542831420898
186833,116537,KCab-m,KCab-m_R,ab,2,0,59,58.309658563382435,0.4224253687718478,-0.00038933753967285156,-0.003011345863342285
186977,116572,KCa'b'-m,KCa'b'-m_R,apbp,1,0,0,0.0,1.0,0.0,0.0
187266,116625,KCab-s,KCab-s_R,ab,2,0,1,1.0,0.8022446586382472,0.0,0.0
187909,116724,KCab-c,KCab-c_L,ab,1,0,0,0.0,1.0,0.0,0.0
188103,116773,KCab-c,KCab-c_L,ab,1,0,0,0.0,1.0,0.0,0.0
188114,116777,KCab-m,KCab-m_L,ab,1,0,0,0.0,1.0,0.0,0.0
188198,116798,KCg-m,KCg-m_L,gamma,2,2,3,3.0,0.0,-0.010890722274780273,-0.010890722274780273
188253,116807,KCab-s,KCab-s_R,ab,1,0,6,5.991759598343087,0.8273276132869646,-0.004491031169891357,-0.004494905471801758
188606,116875,KCab-c,KCab-c_R,ab,1,0,10,9.091671693230639,0.0,0.003659963607788086,0.001916050910949707
189047,116959,KCg-m,KCg-m_R,gamma,1,3,33,32.02818094432325,0.0,0.001735985279083252,0.00033020973205566406
189068,116965,KCab-m,KCab-m_R,ab,1,0,0,0.0,1.0,0.0,0.0
189744,117093,KCab-s,KCab-s_R,ab,1,0,0,0.0,1.0,0.0,0.0
189868,117107,KCab-c,KCab-c_L,ab,1,0,0,0.0,1.0,0.0,0.0
190056,117141,KCab-p,KCab-p_L,ab,1,0,0,0.0,1.0,0.0,0.0
190256,117181,KCab-c,KCab-c_L,ab,1,0,0,0.0,1.0,0.0,0.0
190302,117195,KCab-s,KCab-s_R,ab,1,0,0,0.0,1.0,0.0,0.0
190305,117197,KCab-c,KCab-c_L,ab,2,0,3,3.0,0.0,-0.004445910453796387,-0.004445910453796387
191629,117450,KCg-m,KCg-m_L,gamma,1,2,61,59.56151032862327,0.0,0.004913210868835449,0.002237081527709961
191728,117475,KCab-m,KCab-m_L,ab,1,0,13,12.515343683052505,0.34346013794370006,0.0011830925941467285,8.672475814819336e-05
191843,117491,KCab-c,KCab-c_L,ab,1,0,0,0.0,1.0,0.0,0.0
191928,117508,KCab-s,KCab-s_R,ab,2,0,0,0.0,1.0,0.0,0.0
191936,117510,KCab-c,KCab-c_R,ab,1,0,0,0.0,1.0,0.0,0.0
192097,117534,KCab-s,KCab-s_L,ab,1,0,0,0.0,1.0,0.0,0.0
192146,117542,KCab-m,KCab-m_L,ab,1,0,2,2.0,0.0,-0.001873016357421875,-0.001873016357421875
192421,117600,KCab-p,KCab-p_R,ab,1,0,0,0.0,1.0,0.0,0.0
192762,117664,KCab-s,KCab-s_R,ab,1,0,5,4.9332846199861695,0.9068763910558147,0.0004658699035644531,0.00038230419158935547
193578,117820,KCab-s,KCab-s_L,ab,1,0,0,0.0,1.0,0.0,0.0
193963,117893,KCab-m,KCab-m_L,ab,1,0,21,20.099327081963185,0.13565867525594782,0.007916569709777832,0.006277561187744141
194148,117931,KCab-c,KCab-c_L,ab,1,0,0,0.0,1.0,0.0,0.0
194483,117982,KCg-m,KCg-m_R,gamma,1,2,59,56.81145116355321,0.0,0.01234900951385498,0.009985685348510742
194600,118006,KCab-s,KCab-s_L,ab,1,0,4,3.984927832565229,0.8981568823416628,-0.0008326172828674316,-0.0008450150489807129
194678,118021,KCa'b'-m,KCa'b'-m_R,apbp,1,0,36,35.498475773306254,0.641503659952748,0.004935801029205322,0.004087924957275391
194889,118064,KCab-c,KCab-c_L,ab,1,0,0,0.0,1.0,0.0,0.0
194990,118085,KCa'b'-m,KCa'b'-m_L,apbp,0,0,0,0.0,1.0,0.0,0.0
195206,118122,KCab-m,KCab-m_R,ab,1,0,0,0.0,1.0,0.0,0.0
195279,118139,KCg-m,KCg-m_R,gamma,1,2,10,9.247035993206133,0.0,0.0043277740478515625,0.00336378812789917
195297,118144,KCa'b'-m,KCa'b'-m_R,apbp,0,0,0,0.0,1.0,0.0,0.0
195397,118168,KCab-m,KCab-m_L,ab,2,0,0,0.0,1.0,0.0,0.0
196049,118294,KCab-c,KCab-c_L,ab,1,0,0,0.0,1.0,0.0,0.0
196065,118296,KCab-s,KCab-s_L,ab,1,0,7,6.9867841066534355,0.8268994098515912,0.0004647970199584961,0.00045359134674072266
196228,118317,KCab-c,KCab-c_L,ab,1,0,0,0.0,1.0,0.0,0.0
196369,118341,KCab-s,KCab-s_R,ab,1,0,0,0.0,1.0,0.0,0.0
197319,118494,KCab-m,KCab-m_R,ab,2,0,15,14.988371187647791,0.23406111816871403,-0.013544201850891113,-0.013550400733947754
197363,118506,KCab-p,KCab-p_R,ab,1,0,0,0.0,1.0,0.0,0.0
197895,118583,KCg-m,KCg-m_L,gamma,1,2,81,79.72159276776668,0.1175200212023728,-0.006041884422302246,-0.0074340105056762695
198145,118622,KCab-m,KCab-m_L,ab,1,0,9,8.704348648998932,0.5222997527649762,0.00198972225189209,0.001370072364807129
198408,118657,KCab-c,KCab-c_L,ab,1,0,0,0.0,1.0,0.0,0.0
198431,118662,KCab-s,KCab-s_R,ab,2,0,0,0.0,1.0,0.0,0.0
199291,118805,KCab-c,KCab-c_L,ab,1,0,0,0.0,1.0,0.0,0.0
200482,119008,KCg-m,KCg-m_R,gamma,1,2,25,23.615114826747917,0.0,0.004011988639831543,0.0016112327575683594
200566,119021,KCab-s,KCab-s_L,ab,2,0,38,37.84955807725836,0.8795029556486222,-0.0004336833953857422,-0.0007548332214355469
200684,119039,KCab-s,KCab-s_R,ab,2,0,0,0.0,1.0,0.0,0.0
200908,119073,KCa'b'-ap2,KCa'b'-ap2_R,apbp,0,0,7,6.985443251117582,0.815338274034191,0.0,0.0
201756,119199,KCab-s,KCab-s_L,ab,1,0,2,2.0,0.841042048219642,-0.00033086538314819336,-0.00033086538314819336
202242,119274,KCg-m,KCg-m_L,gamma,1,2,57,56.095613002480306,0.06686189827616262,-0.009218990802764893,-0.010490357875823975
202642,119331,KCab-c,KCab-c_L,ab,1,0,0,0.0,1.0,0.0,0.0
203037,119395,KCab-c,KCab-c_L,ab,2,0,56,55.33222948654908,0.5117057159349008,-0.025247693061828613,-0.02707064151763916
203543,119462,KCa'b'-m,KCa'b'-m_R,apbp,1,0,0,0.0,1.0,0.0,0.0
205250,119696,KCab-m,KCab-m_L,ab,1,0,0,0.0,1.0,0.0,0.0
205480,119734,KCab-c,KCab-c_L,ab,2,0,0,0.0,1.0,0.0,0.0
205561,119752,KCab-c,KCab-c_L,ab,1,0,2,1.996011291696672,0.8934670686785351,-0.004315018653869629,-0.004310667514801025
205908,119805,KCg-m,KCg-m_R,gamma,1,2,17,16.432780424133625,0.0,0.002802610397338867,0.001931905746459961
206188,119836,KCab-s,KCab-s_L,ab,2,0,32,31.257831931876908,0.5893353129632716,0.009577035903930664,0.007161378860473633
206455,119870,KCab-c,KCab-c_L,ab,1,0,9,8.492888641376574,0.404555648746594,0.0031940340995788574,0.002239704132080078
206739,119908,KCg-s4,KCg-s4_L,gamma,2,3,3,2.9593673886660987,0.4346237854203692,0.002991199493408203,0.0030313730239868164
207353,119982,KCab-m,KCab-m_L,ab,2,0,12,11.807241663233434,0.2695931660486642,-0.002063274383544922,-0.00253450870513916
208043,120072,KCab-c,KCab-c_L,ab,1,0,0,0.0,1.0,0.0,0.0
209674,120291,KCab-c,KCab-c_L,ab,1,0,0,0.0,1.0,0.0,0.0
209949,120330,KCab-c,KCab-c_R,ab,1,0,6,5.430689672168714,0.10772112272131643,0.0013053417205810547,-0.00025022029876708984
210440,120395,KCab-s,KCab-s_R,ab,1,0,7,6.994623575742282,0.9277736530626638,-0.0029889345169067383,-0.0029948949813842773
210806,120444,KCab-m,KCab-m_L,ab,1,0,5,4.978596153357898,0.09857639435355679,-0.0062094926834106445,-0.0061855316162109375
211087,120482,KCab-c,KCab-c_L,ab,1,0,0,0.0,1.0,0.0,0.0
211474,120533,KCab-m,KCab-m_R,ab,2,0,0,0.0,1.0,0.0,0.0
212154,120627,KCg-m,KCg-m_R,gamma,1,2,7,6.549324546352251,0.0,-0.004555761814117432,-0.005348563194274902
212767,120688,KCg-m,KCg-m_R,gamma,1,2,104,101.1390652076046,0.0,0.018049657344818115,0.013751685619354248
213934,120819,KCab-m,KCab-m_R,ab,1,0,39,38.14418206733602,0.0,-0.0015373826026916504,-0.0028867721557617188
213996,120829,KCab-p,KCab-p_R,ab,1,0,0,0.0,1.0,0.0,0.0
214044,120835,KCab-m,KCab-m_R,ab,2,0,3,3.0,0.0,0.0013419389724731445,0.0013419389724731445
214511,120897,KCab-c,KCab-c_L,ab,1,0,5,4.95399673522086,0.8475897208904085,0.0012460947036743164,0.0011396408081054688
216580,121141,KCg-d,KCg-d_L,gamma,1,2,0,0.0,1.0,0.0,0.0
218356,121317,KCab-m,KCab-m_R,ab,1,0,18,17.76726446550262,0.0,-0.004758238792419434,-0.0050376057624816895
218942,121378,KCg-m,KCg-m_R,gamma,1,2,24,23.009897320128868,0.0,0.0036019086837768555,0.0021399855613708496
221876,121667,KCg-m,KCg-m_R,gamma,1,2,242,238.19522022248162,0.23966866518482022,-0.01702737808227539,-0.02147495746612549
222128,121685,KCab-c,KCab-c_L,ab,1,0,12,11.901011928182639,0.934029368732967,0.005129814147949219,0.004947185516357422
222130,121686,KCab-s,KCab-s_R,ab,1,0,0,0.0,1.0,0.0,0.0
223880,121851,KCab-m,KCab-m_R,ab,1,0,0,0.0,1.0,0.0,0.0
224662,121921,KCab-c,KCab-c_L,ab,1,0,0,0.0,1.0,0.0,0.0
226379,122043,KCab-s,KCab-s_R,ab,2,0,1,1.0,0.7295512053608292,0.0,0.0
228917,122224,KCab-p,KCab-p_R,ab,1,0,0,0.0,1.0,0.0,0.0
236035,122643,KCg-m,KCg-m_L,gamma,1,2,64,62.80689966335738,0.0,-0.010974705219268799,-0.012253344058990479
237109,122699,KCab-s,KCab-s_R,ab,1,0,0,0.0,1.0,0.0,0.0
237248,122704,KCab-m,KCab-m_L,ab,2,0,7,6.777241005737437,0.5801067533183071,0.003725409507751465,0.0026772022247314453
241948,122920,KCab-s,KCab-s_L,ab,1,0,3,3.0,0.6747475018173952,-0.00270843505859375,-0.00270843505859375
242401,122946,KCab-s,KCab-s_R,ab,2,0,1,1.0,0.9483147115619739,0.0,0.0
243735,122998,KCg-m,KCg-m_R,gamma,1,3,60,57.48823654501832,0.0,0.001961946487426758,-0.0019960403442382812
245271,123057,KCab-s,KCab-s_R,ab,1,0,10,9.801644276357436,0.034137703671048444,-0.005214571952819824,-0.005611836910247803
245416,123060,KCab-c,KCab-c_L,ab,1,0,0,0.0,1.0,0.0,0.0
247098,123131,KCa'b'-m,KCa'b'-m_R,apbp,1,0,0,0.0,1.0,0.0,0.0
248072,123164,KCab-c,KCab-c_L,ab,1,0,0,0.0,1.0,0.0,0.0
248678,123191,KCab-s,KCab-s_R,ab,2,0,7,6.918294609032757,0.820536358537924,0.0062493085861206055,0.0059500932693481445
252837,123327,KCab-c,KCab-c_L,ab,1,0,0,0.0,1.0,0.0,0.0
257083,123447,KCab-m,KCab-m_L,ab,2,0,1,1.0,0.6125436699911848,0.0033321380615234375,0.0033321380615234375
261849,123583,KCab-m,KCab-m_R,ab,1,0,0,0.0,1.0,0.0,0.0
262117,123589,KCab-m,KCab-m_R,ab,1,0,4,3.978121558871472,0.09721022040861027,0.0013206005096435547,0.0013276934623718262
263358,123626,KCab-m,KCab-m_R,ab,1,0,0,0.0,1.0,0.0,0.0
263886,123636,KCab-s,KCab-s_R,ab,1,0,6,5.94066432049711,0.6699877003405362,-0.002370893955230713,-0.0024340152740478516
264746,123647,KCab-m,KCab-m_R,ab,1,0,0,0.0,1.0,0.0,0.0
265747,123668,KCab-c,KCab-c_L,ab,1,0,3,2.938196850910079,0.6259500351929067,-0.0017121434211730957,-0.0017691850662231445
266449,123688,KCab-s,KCab-s_R,ab,2,0,0,0.0,1.0,0.0,0.0
268292,123730,KCab-m,KCab-m_R,ab,1,0,0,0.0,1.0,0.0,0.0
268907,123744,KCab-c,KCab-c_L,ab,1,0,0,0.0,1.0,0.0,0.0
272106,123803,KCab-m,KCab-m_R,ab,1,0,64,63.005307117060894,0.4079778872641058,-0.011297404766082764,-0.01285165548324585
286505,124081,KCab-c,KCab-c_L,ab,1,0,10,9.952077638382955,0.7761010509848326,-0.003799617290496826,-0.003880620002746582
287798,124098,KCab-s,KCab-s_R,ab,1,0,0,0.0,1.0,0.0,0.0
294758,124197,KCab-c,KCab-c_R,ab,1,0,48,47.656546023875734,0.0,-0.00954890251159668,-0.009890973567962646
303093,124326,KCab-s,KCab-s_R,ab,2,0,92,90.88709038299638,0.5753295082365077,-0.011844992637634277,-0.014761567115783691
365046,124890,KCab-s,KCab-s_R,ab,1,0,47,46.734402257164014,0.17400771522716443,0.0014503002166748047,0.001101851463317871
374700,124935,KCab-p,KCab-p_R,ab,1,0,0,0.0,1.0,0.0,0.0
375168,124942,KCab-c,KCab-c_R,ab,1,0,1,1.0,0.8855552164065565,0.0005661249160766602,0.0005661249160766602
500003,125495,KCab-s,KCab-s_R,ab,2,0,0,0.0,1.0,0.0,0.0
500140,125596,KCab-s,KCab-s_R,ab,2,0,1,1.0,0.9324880721996567,0.001918792724609375,0.001918792724609375
500143,125599,KCab-s,KCab-s_R,ab,2,0,0,0.0,1.0,0.0,0.0
500161,125612,KCab-s,KCab-s_R,ab,2,0,0,0.0,1.0,0.0,0.0
513175,126501,KCg-m,KCg-m_L,gamma,1,2,4,3.915258629708849,0.37398125571483076,0.002543151378631592,0.00242006778717041
514004,126956,KCg-m,KCg-m_L,gamma,1,2,0,0.0,1.0,0.0,0.0
514066,126993,KCa'b'-ap2,KCa'b'-ap2_R,apbp,0,0,0,0.0,1.0,0.0,0.0
518333,129507,KCa'b'-ap1,KCa'b'-ap1_R,apbp,1,0,0,0.0,1.0,0.0,0.0
518554,129631,KCab-s,KCab-s_R,ab,2,0,13,12.949876505596524,0.8756297113642301,0.007959604263305664,0.0077724456787109375
518555,129632,KCg-m,KCg-m_R,gamma,1,2,12,11.057720913870872,0.133497598462128,-0.002201676368713379,-0.0037401318550109863
518959,129897,KCab-s,KCab-s_R,ab,1,0,4,3.9516888984481975,0.0,0.0009845495223999023,0.0009369850158691406
519854,130402,KCg-m,KCg-m_R,gamma,1,2,59,56.14017554770897,0.0,-0.0009201765060424805,-0.005081832408905029
519857,130403,KCg-m,KCg-m_R,gamma,1,2,33,32.24958381345013,0.0996475948386532,0.0025255680084228516,0.0011729001998901367
520183,130598,KCab-s,KCab-s_R,ab,1,0,0,0.0,1.0,0.0,0.0
520185,130599,KCa'b'-ap2,KCa'b'-ap2_L,apbp,0,0,0,0.0,1.0,0.0,0.0
520204,130610,KCg-d,KCg-d_R,gamma,1,2,0,0.0,1.0,0.0,0.0
520206,130612,KCg-d,KCg-d_R,gamma,1,2,0,0.0,1.0,0.0,0.0
520823,130950,KCab-s,KCab-s_R,ab,2,0,3,3.0,0.28371776231751283,0.006144881248474121,0.006144881248474121
521384,131209,KCg-m,KCg-m_R,gamma,1,2,60,58.016605701810064,0.0,0.0010727643966674805,-0.0011937618255615234
521781,131411,KCab-s,KCab-s_R,ab,1,0,1,1.0,0.7293988790088898,-0.0017014145851135254,-0.0017014145851135254
522981,131720,KCg-m,KCg-m_L,gamma,1,2,101,98.92779836416004,0.0,-0.007173657417297363,-0.009521245956420898
523057,131767,KCg-m,KCg-m_R,gamma,1,2,20,18.813435858759735,0.2789125578311195,0.00039309263229370117,-0.001347184181213379
523358,131778,KCg-m,KCg-m_R,gamma,1,2,1,1.0,0.0,0.0,0.0
523630,131888,KCg-m,KCg-m_R,gamma,1,2,19,18.491036739265823,0.0,-0.005126297473907471,-0.005878090858459473
524455,132315,KCg-d,KCg-d_L,gamma,1,2,0,0.0,1.0,0.0,0.0
524809,132508,KCg-m,KCg-m_R,gamma,1,3,22,21.155415829436542,0.0,0.0041065216064453125,0.003014862537384033
524851,132533,KCg-m,KCg-m_R,gamma,1,2,78,74.8761052146928,0.0,0.013706088066101074,0.008948445320129395
525305,132767,KCg-m,KCg-m_R,gamma,1,3,73,71.07199505018357,0.0,-0.0020251870155334473,-0.004264652729034424
525662,132920,KCa'b'-m,KCa'b'-m_R,apbp,0,0,3,3.0,0.5790555937589976,0.0,0.0
526670,133315,KCg-m,KCg-m_R,gamma,1,2,37,36.33137316954,0.0,-0.004755258560180664,-0.005230247974395752
526720,133325,KCa'b'-ap2,KCa'b'-ap2_R,apbp,0,0,9,8.95858089776162,0.7507025730145598,0.0,0.0
526724,133326,KCa'b'-ap1,KCa'b'-ap1_R,apbp,2,0,17,16.93924384145562,0.5568442512357635,-0.004429340362548828,-0.004564881324768066
526900,133394,KCg-d,KCg-d_R,gamma,1,2,0,0.0,1.0,0.0,0.0
527209,133526,KCg-m,KCg-m_R,gamma,1,2,7,6.736989610011291,0.003670927789411632,-0.000660240650177002,-0.001045525074005127
527211,133527,KCg-m,KCg-m_R,gamma,1,2,43,41.877320410950766,0.0,-0.010166823863983154,-0.01181650161743164
529039,133774,KCab-c,KCab-c_R,ab,1,0,5,4.843489684695795,0.36847364564608703,-0.002683401107788086,-0.003088533878326416
529041,133775,KCab-s,KCab-s_R,ab,2,0,0,0.0,1.0,0.0,0.0
529371,133933,KCg-m,KCg-m_L,gamma,1,2,0,0.0,1.0,0.0,0.0
529490,133999,KCa'b'-ap1,KCa'b'-ap1_L,apbp,0,0,1,1.0,0.9244586331023777,0.0,0.0
530565,134556,KCa'b'-ap2,KCa'b'-ap2_L,apbp,0,0,0,0.0,1.0,0.0,0.0
531096,134807,KCab-p,KCab-p_L,ab,1,0,0,0.0,1.0,0.0,0.0
531346,134954,KCg-m,KCg-m_L,gamma,1,2,58,57.33410698798456,0.0,-0.011666059494018555,-0.01217573881149292
531428,135004,KCg-d,KCg-d_R,gamma,1,2,0,0.0,1.0,0.0,0.0
532284,135383,KCg-m,KCg-m_L,gamma,1,2,36,35.003603276740385,0.0,-0.00542217493057251,-0.006928086280822754
532287,135384,KCab-s,KCab-s_R,ab,2,0,2,2.0,0.6881848602801883,-0.0013644695281982422,-0.0013644695281982422
532290,135385,KCab-s,KCab-s_R,ab,1,0,16,15.542266509720754,0.34460517951781755,0.006283462047576904,0.005332291126251221
532544,135516,KCg-m,KCg-m_R,gamma,1,2,28,27.067389119364023,0.0,-0.010024964809417725,-0.011115789413452148
533081,135775,KCab-s,KCab-s_R,ab,2,0,3,3.0,0.6415770463443738,0.003793001174926758,0.003793001174926758
533201,135834,KCg-m,KCg-m_R,gamma,1,2,89,87.11597505723437,0.0,0.005619049072265625,0.0032711029052734375
533211,135839,KCab-p,KCab-p_R,ab,1,0,0,0.0,1.0,0.0,0.0
533220,135843,KCg-d,KCg-d_R,gamma,1,2,0,0.0,1.0,0.0,0.0
533345,135903,KCg-d,KCg-d_R,gamma,1,2,0,0.0,1.0,0.0,0.0
533346,135904,KCg-m,KCg-m_R,gamma,1,2,109,106.49857553271647,0.0,-0.02111530303955078,-0.023617565631866455
533371,135913,KCg-m,KCg-m_R,gamma,1,2,47,46.50221151658723,0.0,-0.005622565746307373,-0.005927562713623047
533585,136011,KCg-m,KCg-m_R,gamma,1,2,6,5.756556052981695,0.0,0.00011789798736572266,-0.00029349327087402344
534136,136296,KCa'b'-ap1,KCa'b'-ap1_L,apbp,0,0,4,4.0,0.7236606916294208,0.0,0.0
534428,136451,KCg-m,KCg-m_R,gamma,1,2,183,179.8785202918817,0.0,-0.02432805299758911,-0.02763068675994873
534582,136518,KCg-m,KCg-m_L,gamma,1,2,13,12.749180578967817,0.16479062359973295,-0.001725316047668457,-0.0020393729209899902
534786,136600,KCg-d,KCg-d_R,gamma,1,2,0,0.0,1.0,0.0,0.0
534983,136697,KCab-s,KCab-s_R,ab,2,0,0,0.0,1.0,0.0,0.0
535357,136853,KCg-m,KCg-m_R,gamma,1,2,2,2.0,0.44481769800477056,0.0009455680847167969,0.0009455680847167969
535720,137005,KCg-d,KCg-d_R,gamma,1,2,0,0.0,1.0,0.0,0.0
535795,137032,KCg-d,KCg-d_L,gamma,1,2,0,0.0,1.0,0.0,0.0
535798,137033,KCa'b'-ap1,KCa'b'-ap1_L,apbp,1,0,14,13.96709207565234,0.820197834884586,0.00295180082321167,0.0028995871543884277
536046,137121,KCg-m,KCg-m_L,gamma,1,2,156,152.27539039374975,0.3946908686423173,-0.0037019848823547363,-0.008745014667510986
536289,137201,KCab-s,KCab-s_R,ab,1,0,28,27.419847516228288,0.0,-0.0081939697265625,-0.008996903896331787
536292,137202,KCg-m,KCg-m_R,gamma,1,2,0,0.0,1.0,0.0,0.0
536363,137229,KCg-d,KCg-d_R,gamma,1,2,0,0.0,1.0,0.0,0.0
537061,137456,KCab-s,KCab-s_R,ab,2,0,1,1.0,0.2522255551457849,0.0,0.0
537082,137461,KCg-m,KCg-m_R,gamma,1,2,35,33.56207983040722,0.0,0.00827646255493164,0.00550466775894165
537090,137464,KCg-d,KCg-d_L,gamma,1,2,0,0.0,1.0,0.0,0.0
537099,137467,KCg-m,KCg-m_L,gamma,1,2,0,0.0,1.0,0.0,0.0
537458,137563,KCg-m,KCg-m_L,gamma,1,2,267,264.502793080885,0.6193404426686601,0.009131312370300293,0.006182551383972168
537652,137624,KCg-m,KCg-m_R,gamma,1,2,37,35.47262819098951,0.0,-0.003245532512664795,-0.005464076995849609
537759,137650,KCg-m,KCg-m_R,gamma,1,2,56,53.6669642408514,0.0,0.0036138296127319336,0.0010033249855041504
538096,137763,KCg-m,KCg-m_L,gamma,1,2,43,41.65775780726875,0.2760621541950339,0.009199559688568115,0.00711899995803833
539245,137885,KCg-m,KCg-m_L,gamma,1,2,48,46.56163706074291,0.0,-0.001913607120513916,-0.0038778185844421387
539249,137887,KCg-m,KCg-m_R,gamma,1,2,121,118.53438352344301,0.09631757605421948,0.004228651523590088,0.0009062290191650391
539367,137956,KCa'b'-m,KCa'b'-m_R,apbp,0,0,0,0.0,1.0,0.0,0.0
539381,137965,KCab-s,KCab-s_R,ab,1,0,0,0.0,1.0,0.0,0.0
539583,138032,KCa'b'-ap1,KCa'b'-ap1_L,apbp,0,0,0,0.0,1.0,0.0,0.0
539948,138161,KCg-m,KCg-m_L,gamma,1,2,0,0.0,1.0,0.0,0.0
540535,138314,KCg-m,KCg-m_L,gamma,1,2,27,25.920260557466797,0.11811521929716191,-0.00339430570602417,-0.005333900451660156
541683,138450,KCg-m,KCg-m_R,gamma,1,2,74,71.18833628480486,0.0,-0.007467210292816162,-0.010473132133483887
541716,138458,KCg-m,KCg-m_R,gamma,1,3,10,9.617397048778631,0.0,-0.001783907413482666,-0.0020880699157714844
541882,138532,KCa'b'-ap1,KCa'b'-ap1_R,apbp,0,0,34,33.82494533498346,0.9037644918459218,0.0,0.0
542101,138599,KCa'b'-ap2,KCa'b'-ap2_R,apbp,0,0,0,0.0,1.0,0.0,0.0
542106,138602,KCa'b'-m,KCa'b'-m_R,apbp,1,0,0,0.0,1.0,0.0,0.0
542818,138936,KCg-d,KCg-d_L,gamma,1,2,0,0.0,1.0,0.0,0.0
543037,139041,KCg-m,KCg-m_L,gamma,1,2,3,2.8049470434632267,0.22340225044166157,0.0022002458572387695,0.001771092414855957
543571,139288,KCg-m,KCg-m_L,gamma,1,2,11,10.743500107052292,0.47499618229506546,-0.0004050731658935547,-0.0007681846618652344
543605,139303,KCg-m,KCg-m_R,gamma,1,2,39,37.69189816997525,0.0,-0.017054319381713867,-0.017810702323913574
543682,139318,KCg-m,KCg-m_R,gamma,1,2,0,0.0,1.0,0.0,0.0
543948,139430,KCg-m,KCg-m_R,gamma,1,2,5,4.62260161963402,0.0,-0.0016887187957763672,-0.002052783966064453
544476,139633,KCab-s,KCab-s_R,ab,2,0,0,0.0,1.0,0.0,0.0
544634,139701,KCg-m,KCg-m_L,gamma,1,2,0,0.0,1.0,0.0,0.0
544736,139742,KCg-m,KCg-m_R,gamma,1,2,10,8.973530121250972,0.0,-0.0010142326354980469,-0.0029549598693847656
544813,139772,KCab-m,KCab-m_L,ab,2,0,29,28.471232019952716,0.09405626754885746,-0.005106329917907715,-0.0068062543869018555
545066,139879,KCab-m,KCab-m_R,ab,1,0,106,105.49942517096602,0.7126986146313725,-0.030521690845489502,-0.031190216541290283
545375,139984,KC,KC_L_fragment,other,0,0,4,3.8341872315910694,0.11679661105513856,0.0,0.0
545415,140004,KCab-s,KCab-s_L,ab,2,0,2,2.0,0.9099940496446655,0.003300905227661133,0.003300905227661133
545597,140054,KCa'b'-ap2,KCa'b'-ap2_R,apbp,0,0,2,2.0,0.8026157627135199,0.0,0.0
545674,140075,KCg-m,KCg-m_L,gamma,1,2,172,170.2260625142367,0.0,-0.024442613124847412,-0.02642613649368286
545809,140106,KCab-s,KCab-s_R,ab,1,0,0,0.0,1.0,0.0,0.0
546275,140287,KCab-p,KCab-p_L,ab,1,0,0,0.0,1.0,0.0,0.0
546905,140454,KCab-p,KCab-p_R,ab,1,0,0,0.0,1.0,0.0,0.0
546981,140472,KCg-m,KCg-m_L,gamma,1,2,17,16.289320383028326,0.0,0.005666553974151611,0.004054427146911621
547275,140540,KCg-m,KCg-m_R,gamma,1,2,38,36.24327286274069,0.0,0.003821134567260742,0.0011875033378601074
547276,140541,KCg-m,KCg-m_R,gamma,1,2,6,5.751238035283754,0.0,-0.0018012523651123047,-0.0019979476928710938
547293,140542,KCa'b'-m,KCa'b'-m_R,apbp,0,0,17,16.710317632084926,0.39952578700704855,0.0,0.0
547586,140606,KCab-c,KCab-c_R,ab,1,0,0,0.0,1.0,0.0,0.0
548340,140790,KCab-m,KCab-m_L,ab,1,0,24,23.86693559566458,0.9088206188164466,0.0017129778861999512,0.0015271902084350586
548435,140827,KCa'b'-m,KCa'b'-m_L,apbp,1,0,6,5.997031872622268,0.2910316938646369,-0.0011081099510192871,-0.001106858253479004
548595,140873,KCg-m,KCg-m_L,gamma,1,2,5,4.723130641536155,0.0,-0.0035776495933532715,-0.00424116849899292
548654,140886,KCa'b'-ap2,KCa'b'-ap2_R,apbp,1,0,13,12.942712615452038,0.6459186295173186,-0.0026655197143554688,-0.002734243869781494
549323,141078,KCab-m,KCab-m_L,ab,2,0,3,3.0,0.0,-0.0016970634460449219,-0.0016970634460449219
549344,141090,KCa'b'-ap2,KCa'b'-ap2_R,apbp,1,0,5,4.972825769307558,0.7664316145038551,-0.0022068023681640625,-0.0022478103637695312
550362,141405,KCab-s,KCab-s_R,ab,1,0,0,0.0,1.0,0.0,0.0
550365,141407,KCab-m,KCab-m_L,ab,1,0,2,2.0,0.14044316434314333,0.004180431365966797,0.004180431365966797
550378,141412,KCab-s,KCab-s_L,ab,1,0,2,2.0,0.9554392093429479,-0.0008525848388671875,-0.0008525848388671875
550403,141424,KCab-s,KCab-s_R,ab,1,0,0,0.0,1.0,0.0,0.0
550530,141479,KCab-m,KCab-m_L,ab,1,0,2,2.0,0.5751876693133993,-0.00030857324600219727,-0.00030857324600219727
550557,141488,KCab-c,KCab-c_L,ab,2,0,63,62.36417694262733,0.06302223454907276,-0.010500669479370117,-0.011949419975280762
550598,141501,KCab-s,KCab-s_R,ab,1,0,0,0.0,1.0,0.0,0.0
550671,141527,KCab-c,KCab-c_L,ab,1,0,0,0.0,1.0,0.0,0.0
550753,141576,KCab-m,KCab-m_R,ab,1,0,38,37.66748307460634,0.011700454390293703,-0.0064280033111572266,-0.006907224655151367
550775,141589,KCab-m,KCab-m_R,ab,1,0,0,0.0,1.0,0.0,0.0
550868,141627,KCg-m,KCg-m_R,gamma,1,2,32,30.957247672120246,0.0,0.004814803600311279,0.0029174089431762695
550950,141664,KCab-s,KCab-s_R,ab,2,0,0,0.0,1.0,0.0,0.0
551264,141776,KCab-s,KCab-s_L,ab,1,0,0,0.0,1.0,0.0,0.0
551434,141812,KCa'b'-m,KCa'b'-m_R,apbp,1,0,0,0.0,1.0,0.0,0.0
551436,141813,KCa'b'-ap2,KCa'b'-ap2_R,apbp,1,0,0,0.0,1.0,0.0,0.0
551561,141844,KCab-s,KCab-s_R,ab,2,0,3,3.0,0.6369842404705481,0.0005543231964111328,0.0005543231964111328
551700,141877,KCab-s,KCab-s_L,ab,1,0,0,0.0,1.0,0.0,0.0
552080,141944,KCa'b'-ap2,KCa'b'-ap2_R,apbp,0,0,0,0.0,1.0,0.0,0.0
552118,141954,KCg-m,KCg-m_L,gamma,1,2,114,112.66184974017642,0.0810318962994693,-0.004589438438415527,-0.0059683918952941895
552335,142001,KCab-c,KCab-c_L,ab,0,0,27,26.789411735599998,0.3954705271493229,0.0,0.0
552553,142043,KCab-p,KCab-p_R,ab,1,0,0,0.0,1.0,0.0,0.0
552693,142078,KCg-m,KCg-m_R,gamma,1,2,50,49.22977505765087,0.0,-0.011702895164489746,-0.012814342975616455
552867,142129,KCg-m,KCg-m_R,gamma,1,2,31,29.5165718984893,0.0,0.012791574001312256,0.009940385818481445
553058,142166,KCab-c,KCab-c_L,ab,1,0,0,0.0,1.0,0.0,0.0
553483,142217,KCg-d,KCg-d_L,gamma,1,2,0,0.0,1.0,0.0,0.0
553756,142248,KCa'b'-ap1,KCa'b'-ap1_R,apbp,0,0,0,0.0,1.0,0.0,0.0
556005,142517,KCg-d,KCg-d_L,gamma,1,2,0,0.0,1.0,0.0,0.0
561474,143082,KCa'b'-ap1,KCa'b'-ap1_L,apbp,0,0,0,0.0,1.0,0.0,0.0
562916,143164,KCa'b'-ap1,KCa'b'-ap1_R,apbp,0,0,0,0.0,1.0,0.0,0.0
564952,143273,KCa'b'-m,KCa'b'-m_R,apbp,1,0,0,0.0,1.0,0.0,0.0
566092,143327,KCg-m,KCg-m_R,gamma,1,2,38,36.899830357511085,0.0,0.0031447410583496094,0.0022621750831604004
566095,143328,KCg-m,KCg-m_R,gamma,1,2,48,46.26670603803906,0.0,0.0055724382400512695,0.0027595162391662598
566096,143329,KCg-m,KCg-m_R,gamma,1,3,1,1.0,0.0,-0.0004553794860839844,-0.0004553794860839844
567586,143399,KCa'b'-m,KCa'b'-m_R,apbp,0,0,4,3.91178612075002,0.5055090193730191,0.0,0.0
567978,143407,KCg-m,KCg-m_L,gamma,1,2,72,70.92706300186993,0.0,-0.022864162921905518,-0.023729145526885986
568673,143445,KCab-m,KCab-m_L,ab,1,0,72,70.66265725299057,0.5812746127803586,0.012377619743347168,0.010467469692230225
569213,143475,KCg-m,KCg-m_R,gamma,1,2,66,63.35389484077104,0.0,0.005924522876739502,0.0024866461753845215
569417,143487,KCab-s,KCab-s_R,ab,1,0,7,6.947272201098032,0.8419205868737907,0.0012108683586120605,0.0011197328567504883
569775,143500,KCg-m,KCg-m_R,gamma,1,2,11,10.712064007166543,0.0,-0.0038374662399291992,-0.0040610432624816895
570453,143540,KCa'b'-ap2,KCa'b'-ap2_L,apbp,0,0,0,0.0,1.0,0.0,0.0
570526,143546,KCg-m,KCg-m_L,gamma,1,2,33,32.26190899722288,0.0,-0.006747186183929443,-0.007533609867095947
570566,143549,KCab-m,KCab-m_L,ab,1,0,1,1.0,0.7155880422041692,0.001820206642150879,0.001820206642150879
570938,143563,KCab-m,KCab-m_R,ab,2,0,0,0.0,1.0,0.0,0.0
571903,143600,KCab-p,KCab-p_L,ab,1,0,0,0.0,1.0,0.0,0.0
575249,143653,KCa'b'-ap2,KCa'b'-ap2_R,apbp,1,0,0,0.0,1.0,0.0,0.0
575260,143657,KCab-c,KCab-c_R,ab,1,0,0,0.0,1.0,0.0,0.0
575369,143673,KCab-s,KCab-s_L,ab,2,0,1,1.0,0.9492161305953997,0.0,0.0
579717,143780,KCg-m,KCg-m_R,gamma,1,2,146,143.04495068922952,0.11840771882953086,-0.003023982048034668,-0.006762981414794922
579941,143798,KCab-c,KCab-c_L,ab,1,0,0,0.0,1.0,0.0,0.0
579942,143799,KCab-m,KCab-m_L,ab,1,0,29,28.580068056939396,0.32158021461061004,-0.009279608726501465,-0.009661257266998291
580088,143822,KCab-s,KCab-s_L,ab,1,0,3,3.0,0.8056769002560775,0.002415776252746582,0.002415776252746582
580215,143857,KCg-m,KCg-m_L,gamma,1,2,38,37.08128103924771,0.0,-0.00874781608581543,-0.00992053747177124
580386,143905,KCab-m,KCab-m_L,ab,2,0,7,6.849882495113849,0.0,-0.010121941566467285,-0.010630488395690918
580421,143921,KCa'b'-ap2,KCa'b'-ap2_L,apbp,0,0,0,0.0,1.0,0.0,0.0
580598,143979,KCab-c,KCab-c_L,ab,1,0,1,1.0,0.9310035707023451,-0.0014382600784301758,-0.0014382600784301758
580622,143986,KCg-m,KCg-m_L,gamma,1,2,7,6.635351495817924,0.0,0.0023275017738342285,0.0015258193016052246
580641,143990,KCg-m,KCg-m_L,gamma,1,2,47,44.62356042670646,0.0,0.015404999256134033,0.011201679706573486
580809,144032,KCab-m,KCab-m_L,ab,1,0,19,18.839844666955578,0.8145788509629746,-0.007722973823547363,-0.0078202486038208
581043,144103,KCg-m,KCg-m_L,gamma,1,3,8,7.66509045633565,0.37039196219048487,0.00481724739074707,0.00439143180847168
581228,144150,KCab-c,KCab-c_L,ab,1,0,9,8.789116254735358,0.06380938496275378,0.0015636682510375977,0.0014290809631347656
581328,144178,KCg-m,KCg-m_L,gamma,1,2,2,2.0,0.0,-0.0001590251922607422,-0.0001590251922607422
581393,144199,KCab-m,KCab-m_L,ab,2,0,38,37.177112441805725,0.0,0.008434414863586426,0.005682468414306641
583848,144228,KCg-m,KCg-m_R,gamma,1,2,111,108.77977913392697,0.0,-0.003336012363433838,-0.006328225135803223
583851,144229,KCa'b'-ap2,KCa'b'-ap2_R,apbp,0,0,0,0.0,1.0,0.0,0.0
583883,144231,KCg-m,KCg-m_R,gamma,1,2,5,5.0,0.0,-0.0006791949272155762,-0.0006791949272155762
591438,144303,KCg-m,KCg-m_R,gamma,1,2,16,15.23916732808145,0.13120005719970668,0.0014718174934387207,0.0005664825439453125
901937,160573,KCab-p,KCab-p_L,ab,1,0,0,0.0,1.0,0.0,0.0
915829,163971,KCab-m,KCab-m_L,ab,1,0,5,4.872590606624923,0.21182851521009524,-0.0021371841430664062,-0.0024775266647338867
915893,163972,KCab-p,KCab-p_L,ab,1,0,0,0.0,1.0,0.0,0.0
918516,164021,KCab-s,KCab-s_R,ab,1,0,19,18.783758300111412,0.7401414632117456,0.008049547672271729,0.007727265357971191
919290,164044,KCab-c,KCab-c_L,ab,1,0,14,13.976715300700503,0.7082186417574361,-0.009433090686798096,-0.009445428848266602
923406,164135,KCab-s,KCab-s_R,ab,1,0,15,14.510003147454025,0.0,-0.0024499893188476562,-0.0034319162368774414
945591,164834,KCab-m,KCab-m_L,ab,1,0,5,4.801070052756469,0.12483509711562718,0.0042945146560668945,0.0039288997650146484
946152,164843,KCab-s,KCab-s_R,ab,2,0,0,0.0,1.0,0.0,0.0
953362,164901,KCab-m,KCab-m_L,ab,2,0,0,0.0,1.0,0.0,0.0
